id;date_scraped;week_num;year;postal_code;ciqual_text_to_search;found_nutriments;origin;id_product;position;category;subcategory;second_subcategory;title_category_main_page;title_in_page_product;product_name;alcohol_grades;quantity;quantity_units;price;price_units;pvp;ingredients;bar_code;is_new_arrival;previous_pvp;nutriscore;planetscore;ciqual_text;ciqual_id;nom_nutrient;quantitat_nutrient;unitat_mesura_nutrient;certification_name
1;2026-07-27 13:06:30;31;2026;43812;Almond-flavored pistachio bonbon ice cream with pistachio sauce Hacendado Frozen food Ice cream Chocolates;1;España;21604;1;Congelados;Helados;Bombones;Productos del momento;Elige el tuyo, ¡disfruta!;Helado bombón pistacho Hacendado sabor almendra con salsa de pistacho;;0.54;l;8.52;€/l;4.60;leche desnatada reconstituida, azúcar, aceite refinado de girasol, grasas vegetales (coco y palma), granillo de pistacho (4,5%), lactosa y proteínas de la leche, leche entera en polvo, suero de leche, grasa vegetal (coco), pasta de almendra (2,9%), pasta de pistacho (2,6%), jarabe de glucosa y fructosa, cacao desgrasado en polvo, sal, emulgentes (lecitinas (soja), monoglicéridos y diglicéridos de ácidos grasos), estabilizantes (goma garrofín, goma guar, carragenanos), extracto de espirulina, colorante (e 161b) y aroma. puede contener trazas de otros frutos de cáscara.;8402001045264;0;;;;Ice cream, stick, chocolate-coated;39503;Energia (kcal);379.0;kcal;Gluten-free
1;2026-07-27 13:06:30;31;2026;43812;Almond-flavored pistachio bonbon ice cream with pistachio sauce Hacendado Frozen food Ice cream Chocolates;1;España;21604;1;Congelados;Helados;Bombones;Productos del momento;Elige el tuyo, ¡disfruta!;Helado bombón pistacho Hacendado sabor almendra con salsa de pistacho;;0.54;l;8.52;€/l;4.60;leche desnatada reconstituida, azúcar, aceite refinado de girasol, grasas vegetales (coco y palma), granillo de pistacho (4,5%), lactosa y proteínas de la leche, leche entera en polvo, suero de leche, grasa vegetal (coco), pasta de almendra (2,9%), pasta de pistacho (2,6%), jarabe de glucosa y fructosa, cacao desgrasado en polvo, sal, emulgentes (lecitinas (soja), monoglicéridos y diglicéridos de ácidos grasos), estabilizantes (goma garrofín, goma guar, carragenanos), extracto de espirulina, colorante (e 161b) y aroma. puede contener trazas de otros frutos de cáscara.;8402001045264;0;;;;Ice cream, stick, chocolate-coated;39503;Energia (kJ);1580.0;kJ;Gluten-free
1;2026-07-27 13:06:30;31;2026;43812;Almond-flavored pistachio bonbon ice cream with pistachio sauce Hacendado Frozen food Ice cream Chocolates;1;España;21604;1;Congelados;Helados;Bombones;Productos del momento;Elige el tuyo, ¡disfruta!;Helado bombón pistacho Hacendado sabor almendra con salsa de pistacho;;0.54;l;8.52;€/l;4.60;leche desnatada reconstituida, azúcar, aceite refinado de girasol, grasas vegetales (coco y palma), granillo de pistacho (4,5%), lactosa y proteínas de la leche, leche entera en polvo, suero de leche, grasa vegetal (coco), pasta de almendra (2,9%), pasta de pistacho (2,6%), jarabe de glucosa y fructosa, cacao desgrasado en polvo, sal, emulgentes (lecitinas (soja), monoglicéridos y diglicéridos de ácidos grasos), estabilizantes (goma garrofín, goma guar, carragenanos), extracto de espirulina, colorante (e 161b) y aroma. puede contener trazas de otros frutos de cáscara.;8402001045264;0;;;;Ice cream, stick, chocolate-coated;39503;greixos_totals_g;24.8;g;Gluten-free
1;2026-07-27 13:06:30;31;2026;43812;Almond-flavored pistachio bonbon ice cream with pistachio sauce Hacendado Frozen food Ice cream Chocolates;1;España;21604;1;Congelados;Helados;Bombones;Productos del momento;Elige el tuyo, ¡disfruta!;Helado bombón pistacho Hacendado sabor almendra con salsa de pistacho;;0.54;l;8.52;€/l;4.60;leche desnatada reconstituida, azúcar, aceite refinado de girasol, grasas vegetales (coco y palma), granillo de pistacho (4,5%), lactosa y proteínas de la leche, leche entera en polvo, suero de leche, grasa vegetal (coco), pasta de almendra (2,9%), pasta de pistacho (2,6%), jarabe de glucosa y fructosa, cacao desgrasado en polvo, sal, emulgentes (lecitinas (soja), monoglicéridos y diglicéridos de ácidos grasos), estabilizantes (goma garrofín, goma guar, carragenanos), extracto de espirulina, colorante (e 161b) y aroma. puede contener trazas de otros frutos de cáscara.;8402001045264;0;;;;Ice cream, stick, chocolate-coated;39503;greixos_saturats_g;9.0;g;Gluten-free
1;2026-07-27 13:06:30;31;2026;43812;Almond-flavored pistachio bonbon ice cream with pistachio sauce Hacendado Frozen food Ice cream Chocolates;1;España;21604;1;Congelados;Helados;Bombones;Productos del momento;Elige el tuyo, ¡disfruta!;Helado bombón pistacho Hacendado sabor almendra con salsa de pistacho;;0.54;l;8.52;€/l;4.60;leche desnatada reconstituida, azúcar, aceite refinado de girasol, grasas vegetales (coco y palma), granillo de pistacho (4,5%), lactosa y proteínas de la leche, leche entera en polvo, suero de leche, grasa vegetal (coco), pasta de almendra (2,9%), pasta de pistacho (2,6%), jarabe de glucosa y fructosa, cacao desgrasado en polvo, sal, emulgentes (lecitinas (soja), monoglicéridos y diglicéridos de ácidos grasos), estabilizantes (goma garrofín, goma guar, carragenanos), extracto de espirulina, colorante (e 161b) y aroma. puede contener trazas de otros frutos de cáscara.;8402001045264;0;;;;Ice cream, stick, chocolate-coated;39503;greixos_monoinsaturats_g;7.2;g;Gluten-free
1;2026-07-27 13:06:30;31;2026;43812;Almond-flavored pistachio bonbon ice cream with pistachio sauce Hacendado Frozen food Ice cream Chocolates;1;España;21604;1;Congelados;Helados;Bombones;Productos del momento;Elige el tuyo, ¡disfruta!;Helado bombón pistacho Hacendado sabor almendra con salsa de pistacho;;0.54;l;8.52;€/l;4.60;leche desnatada reconstituida, azúcar, aceite refinado de girasol, grasas vegetales (coco y palma), granillo de pistacho (4,5%), lactosa y proteínas de la leche, leche entera en polvo, suero de leche, grasa vegetal (coco), pasta de almendra (2,9%), pasta de pistacho (2,6%), jarabe de glucosa y fructosa, cacao desgrasado en polvo, sal, emulgentes (lecitinas (soja), monoglicéridos y diglicéridos de ácidos grasos), estabilizantes (goma garrofín, goma guar, carragenanos), extracto de espirulina, colorante (e 161b) y aroma. puede contener trazas de otros frutos de cáscara.;8402001045264;0;;;;Ice cream, stick, chocolate-coated;39503;greixos_poliinsaturats_g;7.6;g;Gluten-free
1;2026-07-27 13:06:30;31;2026;43812;Almond-flavored pistachio bonbon ice cream with pistachio sauce Hacendado Frozen food Ice cream Chocolates;1;España;21604;1;Congelados;Helados;Bombones;Productos del momento;Elige el tuyo, ¡disfruta!;Helado bombón pistacho Hacendado sabor almendra con salsa de pistacho;;0.54;l;8.52;€/l;4.60;leche desnatada reconstituida, azúcar, aceite refinado de girasol, grasas vegetales (coco y palma), granillo de pistacho (4,5%), lactosa y proteínas de la leche, leche entera en polvo, suero de leche, grasa vegetal (coco), pasta de almendra (2,9%), pasta de pistacho (2,6%), jarabe de glucosa y fructosa, cacao desgrasado en polvo, sal, emulgentes (lecitinas (soja), monoglicéridos y diglicéridos de ácidos grasos), estabilizantes (goma garrofín, goma guar, carragenanos), extracto de espirulina, colorante (e 161b) y aroma. puede contener trazas de otros frutos de cáscara.;8402001045264;0;;;;Ice cream, stick, chocolate-coated;39503;hidrats_carboni_g;33.3;g;Gluten-free
1;2026-07-27 13:06:30;31;2026;43812;Almond-flavored pistachio bonbon ice cream with pistachio sauce Hacendado Frozen food Ice cream Chocolates;1;España;21604;1;Congelados;Helados;Bombones;Productos del momento;Elige el tuyo, ¡disfruta!;Helado bombón pistacho Hacendado sabor almendra con salsa de pistacho;;0.54;l;8.52;€/l;4.60;leche desnatada reconstituida, azúcar, aceite refinado de girasol, grasas vegetales (coco y palma), granillo de pistacho (4,5%), lactosa y proteínas de la leche, leche entera en polvo, suero de leche, grasa vegetal (coco), pasta de almendra (2,9%), pasta de pistacho (2,6%), jarabe de glucosa y fructosa, cacao desgrasado en polvo, sal, emulgentes (lecitinas (soja), monoglicéridos y diglicéridos de ácidos grasos), estabilizantes (goma garrofín, goma guar, carragenanos), extracto de espirulina, colorante (e 161b) y aroma. puede contener trazas de otros frutos de cáscara.;8402001045264;0;;;;Ice cream, stick, chocolate-coated;39503;sucres_g;32.4;g;Gluten-free
1;2026-07-27 13:06:30;31;2026;43812;Almond-flavored pistachio bonbon ice cream with pistachio sauce Hacendado Frozen food Ice cream Chocolates;1;España;21604;1;Congelados;Helados;Bombones;Productos del momento;Elige el tuyo, ¡disfruta!;Helado bombón pistacho Hacendado sabor almendra con salsa de pistacho;;0.54;l;8.52;€/l;4.60;leche desnatada reconstituida, azúcar, aceite refinado de girasol, grasas vegetales (coco y palma), granillo de pistacho (4,5%), lactosa y proteínas de la leche, leche entera en polvo, suero de leche, grasa vegetal (coco), pasta de almendra (2,9%), pasta de pistacho (2,6%), jarabe de glucosa y fructosa, cacao desgrasado en polvo, sal, emulgentes (lecitinas (soja), monoglicéridos y diglicéridos de ácidos grasos), estabilizantes (goma garrofín, goma guar, carragenanos), extracto de espirulina, colorante (e 161b) y aroma. puede contener trazas de otros frutos de cáscara.;8402001045264;0;;;;Ice cream, stick, chocolate-coated;39503;fibra_g;1.2;g;Gluten-free
1;2026-07-27 13:06:30;31;2026;43812;Almond-flavored pistachio bonbon ice cream with pistachio sauce Hacendado Frozen food Ice cream Chocolates;1;España;21604;1;Congelados;Helados;Bombones;Productos del momento;Elige el tuyo, ¡disfruta!;Helado bombón pistacho Hacendado sabor almendra con salsa de pistacho;;0.54;l;8.52;€/l;4.60;leche desnatada reconstituida, azúcar, aceite refinado de girasol, grasas vegetales (coco y palma), granillo de pistacho (4,5%), lactosa y proteínas de la leche, leche entera en polvo, suero de leche, grasa vegetal (coco), pasta de almendra (2,9%), pasta de pistacho (2,6%), jarabe de glucosa y fructosa, cacao desgrasado en polvo, sal, emulgentes (lecitinas (soja), monoglicéridos y diglicéridos de ácidos grasos), estabilizantes (goma garrofín, goma guar, carragenanos), extracto de espirulina, colorante (e 161b) y aroma. puede contener trazas de otros frutos de cáscara.;8402001045264;0;;;;Ice cream, stick, chocolate-coated;39503;proteines_g;5.2;g;Gluten-free
1;2026-07-27 13:06:30;31;2026;43812;Almond-flavored pistachio bonbon ice cream with pistachio sauce Hacendado Frozen food Ice cream Chocolates;1;España;21604;1;Congelados;Helados;Bombones;Productos del momento;Elige el tuyo, ¡disfruta!;Helado bombón pistacho Hacendado sabor almendra con salsa de pistacho;;0.54;l;8.52;€/l;4.60;leche desnatada reconstituida, azúcar, aceite refinado de girasol, grasas vegetales (coco y palma), granillo de pistacho (4,5%), lactosa y proteínas de la leche, leche entera en polvo, suero de leche, grasa vegetal (coco), pasta de almendra (2,9%), pasta de pistacho (2,6%), jarabe de glucosa y fructosa, cacao desgrasado en polvo, sal, emulgentes (lecitinas (soja), monoglicéridos y diglicéridos de ácidos grasos), estabilizantes (goma garrofín, goma guar, carragenanos), extracto de espirulina, colorante (e 161b) y aroma. puede contener trazas de otros frutos de cáscara.;8402001045264;0;;;;Ice cream, stick, chocolate-coated;39503;sal_g;0.26;g;Gluten-free
2;2026-07-27 13:06:30;31;2026;43812;Golden pecan ice cream vainilla with pecan pieces, sweet maple sauce and caramel sauce Hacendado Frozen food Ice cream Tubs;1;España;21578;2;Congelados;Helados;Tarrinas;Productos del momento;Elige el tuyo, ¡disfruta!;Helado golden pecan Hacendado sabor vainilla con trozos de nueces de pecán, salsa dulce de arce y caramelo;;0.5;l;6.50;€/l;3.25;helado crema sabor a vainilla con trozos de nueces de pecán caramelizadas (10%), salsa dulce de arce (7%) y salsa de caramelo (7%)ingredientes: leche desnatada reconstituida, leche entera, azúcar, mantequilla (leche), trozos de nueces de pecán (4,8%), leche desnatada en polvo, agua, jarabe de glucosa, jarabe de glucosa y fructosa, yema de huevo, leche desnatada condensada, jarabe de azúcar invertido, extracto de vainilla bourbon, sirope de arce (0,3%), emulgente (monoglicéridos y diglicéridos de ácidos grasos), almidón modificado, estabilizantes (goma garrofin, goma guar, carragenanos), sal, jarabe de azúcar caramelizado, colorante (caramelo natural), correctores de acidez (fosfatos de sodio, ácido cítrico), aromas, espesante (goma xantana). trazas de otros frutos de cáscara.;8402001047299;0;;;;Ice cream, in box;39515;Energia (kcal);258.0;kcal;Gluten-free
2;2026-07-27 13:06:30;31;2026;43812;Golden pecan ice cream vainilla with pecan pieces, sweet maple sauce and caramel sauce Hacendado Frozen food Ice cream Tubs;1;España;21578;2;Congelados;Helados;Tarrinas;Productos del momento;Elige el tuyo, ¡disfruta!;Helado golden pecan Hacendado sabor vainilla con trozos de nueces de pecán, salsa dulce de arce y caramelo;;0.5;l;6.50;€/l;3.25;helado crema sabor a vainilla con trozos de nueces de pecán caramelizadas (10%), salsa dulce de arce (7%) y salsa de caramelo (7%)ingredientes: leche desnatada reconstituida, leche entera, azúcar, mantequilla (leche), trozos de nueces de pecán (4,8%), leche desnatada en polvo, agua, jarabe de glucosa, jarabe de glucosa y fructosa, yema de huevo, leche desnatada condensada, jarabe de azúcar invertido, extracto de vainilla bourbon, sirope de arce (0,3%), emulgente (monoglicéridos y diglicéridos de ácidos grasos), almidón modificado, estabilizantes (goma garrofin, goma guar, carragenanos), sal, jarabe de azúcar caramelizado, colorante (caramelo natural), correctores de acidez (fosfatos de sodio, ácido cítrico), aromas, espesante (goma xantana). trazas de otros frutos de cáscara.;8402001047299;0;;;;Ice cream, in box;39515;Energia (kJ);1079.0;kJ;Gluten-free
2;2026-07-27 13:06:30;31;2026;43812;Golden pecan ice cream vainilla with pecan pieces, sweet maple sauce and caramel sauce Hacendado Frozen food Ice cream Tubs;1;España;21578;2;Congelados;Helados;Tarrinas;Productos del momento;Elige el tuyo, ¡disfruta!;Helado golden pecan Hacendado sabor vainilla con trozos de nueces de pecán, salsa dulce de arce y caramelo;;0.5;l;6.50;€/l;3.25;helado crema sabor a vainilla con trozos de nueces de pecán caramelizadas (10%), salsa dulce de arce (7%) y salsa de caramelo (7%)ingredientes: leche desnatada reconstituida, leche entera, azúcar, mantequilla (leche), trozos de nueces de pecán (4,8%), leche desnatada en polvo, agua, jarabe de glucosa, jarabe de glucosa y fructosa, yema de huevo, leche desnatada condensada, jarabe de azúcar invertido, extracto de vainilla bourbon, sirope de arce (0,3%), emulgente (monoglicéridos y diglicéridos de ácidos grasos), almidón modificado, estabilizantes (goma garrofin, goma guar, carragenanos), sal, jarabe de azúcar caramelizado, colorante (caramelo natural), correctores de acidez (fosfatos de sodio, ácido cítrico), aromas, espesante (goma xantana). trazas de otros frutos de cáscara.;8402001047299;0;;;;Ice cream, in box;39515;greixos_totals_g;14.0;g;Gluten-free
2;2026-07-27 13:06:30;31;2026;43812;Golden pecan ice cream vainilla with pecan pieces, sweet maple sauce and caramel sauce Hacendado Frozen food Ice cream Tubs;1;España;21578;2;Congelados;Helados;Tarrinas;Productos del momento;Elige el tuyo, ¡disfruta!;Helado golden pecan Hacendado sabor vainilla con trozos de nueces de pecán, salsa dulce de arce y caramelo;;0.5;l;6.50;€/l;3.25;helado crema sabor a vainilla con trozos de nueces de pecán caramelizadas (10%), salsa dulce de arce (7%) y salsa de caramelo (7%)ingredientes: leche desnatada reconstituida, leche entera, azúcar, mantequilla (leche), trozos de nueces de pecán (4,8%), leche desnatada en polvo, agua, jarabe de glucosa, jarabe de glucosa y fructosa, yema de huevo, leche desnatada condensada, jarabe de azúcar invertido, extracto de vainilla bourbon, sirope de arce (0,3%), emulgente (monoglicéridos y diglicéridos de ácidos grasos), almidón modificado, estabilizantes (goma garrofin, goma guar, carragenanos), sal, jarabe de azúcar caramelizado, colorante (caramelo natural), correctores de acidez (fosfatos de sodio, ácido cítrico), aromas, espesante (goma xantana). trazas de otros frutos de cáscara.;8402001047299;0;;;;Ice cream, in box;39515;greixos_saturats_g;6.8;g;Gluten-free
2;2026-07-27 13:06:30;31;2026;43812;Golden pecan ice cream vainilla with pecan pieces, sweet maple sauce and caramel sauce Hacendado Frozen food Ice cream Tubs;1;España;21578;2;Congelados;Helados;Tarrinas;Productos del momento;Elige el tuyo, ¡disfruta!;Helado golden pecan Hacendado sabor vainilla con trozos de nueces de pecán, salsa dulce de arce y caramelo;;0.5;l;6.50;€/l;3.25;helado crema sabor a vainilla con trozos de nueces de pecán caramelizadas (10%), salsa dulce de arce (7%) y salsa de caramelo (7%)ingredientes: leche desnatada reconstituida, leche entera, azúcar, mantequilla (leche), trozos de nueces de pecán (4,8%), leche desnatada en polvo, agua, jarabe de glucosa, jarabe de glucosa y fructosa, yema de huevo, leche desnatada condensada, jarabe de azúcar invertido, extracto de vainilla bourbon, sirope de arce (0,3%), emulgente (monoglicéridos y diglicéridos de ácidos grasos), almidón modificado, estabilizantes (goma garrofin, goma guar, carragenanos), sal, jarabe de azúcar caramelizado, colorante (caramelo natural), correctores de acidez (fosfatos de sodio, ácido cítrico), aromas, espesante (goma xantana). trazas de otros frutos de cáscara.;8402001047299;0;;;;Ice cream, in box;39515;hidrats_carboni_g;29.0;g;Gluten-free
2;2026-07-27 13:06:30;31;2026;43812;Golden pecan ice cream vainilla with pecan pieces, sweet maple sauce and caramel sauce Hacendado Frozen food Ice cream Tubs;1;España;21578;2;Congelados;Helados;Tarrinas;Productos del momento;Elige el tuyo, ¡disfruta!;Helado golden pecan Hacendado sabor vainilla con trozos de nueces de pecán, salsa dulce de arce y caramelo;;0.5;l;6.50;€/l;3.25;helado crema sabor a vainilla con trozos de nueces de pecán caramelizadas (10%), salsa dulce de arce (7%) y salsa de caramelo (7%)ingredientes: leche desnatada reconstituida, leche entera, azúcar, mantequilla (leche), trozos de nueces de pecán (4,8%), leche desnatada en polvo, agua, jarabe de glucosa, jarabe de glucosa y fructosa, yema de huevo, leche desnatada condensada, jarabe de azúcar invertido, extracto de vainilla bourbon, sirope de arce (0,3%), emulgente (monoglicéridos y diglicéridos de ácidos grasos), almidón modificado, estabilizantes (goma garrofin, goma guar, carragenanos), sal, jarabe de azúcar caramelizado, colorante (caramelo natural), correctores de acidez (fosfatos de sodio, ácido cítrico), aromas, espesante (goma xantana). trazas de otros frutos de cáscara.;8402001047299;0;;;;Ice cream, in box;39515;sucres_g;28.0;g;Gluten-free
2;2026-07-27 13:06:30;31;2026;43812;Golden pecan ice cream vainilla with pecan pieces, sweet maple sauce and caramel sauce Hacendado Frozen food Ice cream Tubs;1;España;21578;2;Congelados;Helados;Tarrinas;Productos del momento;Elige el tuyo, ¡disfruta!;Helado golden pecan Hacendado sabor vainilla con trozos de nueces de pecán, salsa dulce de arce y caramelo;;0.5;l;6.50;€/l;3.25;helado crema sabor a vainilla con trozos de nueces de pecán caramelizadas (10%), salsa dulce de arce (7%) y salsa de caramelo (7%)ingredientes: leche desnatada reconstituida, leche entera, azúcar, mantequilla (leche), trozos de nueces de pecán (4,8%), leche desnatada en polvo, agua, jarabe de glucosa, jarabe de glucosa y fructosa, yema de huevo, leche desnatada condensada, jarabe de azúcar invertido, extracto de vainilla bourbon, sirope de arce (0,3%), emulgente (monoglicéridos y diglicéridos de ácidos grasos), almidón modificado, estabilizantes (goma garrofin, goma guar, carragenanos), sal, jarabe de azúcar caramelizado, colorante (caramelo natural), correctores de acidez (fosfatos de sodio, ácido cítrico), aromas, espesante (goma xantana). trazas de otros frutos de cáscara.;8402001047299;0;;;;Ice cream, in box;39515;proteines_g;4.0;g;Gluten-free
2;2026-07-27 13:06:30;31;2026;43812;Golden pecan ice cream vainilla with pecan pieces, sweet maple sauce and caramel sauce Hacendado Frozen food Ice cream Tubs;1;España;21578;2;Congelados;Helados;Tarrinas;Productos del momento;Elige el tuyo, ¡disfruta!;Helado golden pecan Hacendado sabor vainilla con trozos de nueces de pecán, salsa dulce de arce y caramelo;;0.5;l;6.50;€/l;3.25;helado crema sabor a vainilla con trozos de nueces de pecán caramelizadas (10%), salsa dulce de arce (7%) y salsa de caramelo (7%)ingredientes: leche desnatada reconstituida, leche entera, azúcar, mantequilla (leche), trozos de nueces de pecán (4,8%), leche desnatada en polvo, agua, jarabe de glucosa, jarabe de glucosa y fructosa, yema de huevo, leche desnatada condensada, jarabe de azúcar invertido, extracto de vainilla bourbon, sirope de arce (0,3%), emulgente (monoglicéridos y diglicéridos de ácidos grasos), almidón modificado, estabilizantes (goma garrofin, goma guar, carragenanos), sal, jarabe de azúcar caramelizado, colorante (caramelo natural), correctores de acidez (fosfatos de sodio, ácido cítrico), aromas, espesante (goma xantana). trazas de otros frutos de cáscara.;8402001047299;0;;;;Ice cream, in box;39515;sal_g;0.26;g;Gluten-free
3;2026-07-27 13:06:30;31;2026;43812;Iced lemon Hacendado Frozen food Ice cream Slushies and frozen ice creams;1;España;64705;3;Congelados;Helados;Granizados y helados de hielo;Productos del momento;Elige el tuyo, ¡disfruta!;Granizado de limón Hacendado;;1.2;l;2.25;€/l;2.70;granizado de limón. ingredientes: agua, azúcar, zumo de limón 14,5%, corteza de limón (0,1%), aroma de limón y colorante (curcumina).;8480000647054;0;;;;Ice cream, in box;39515;Energia (kcal);82.0;kcal;Gluten-free
3;2026-07-27 13:06:30;31;2026;43812;Iced lemon Hacendado Frozen food Ice cream Slushies and frozen ice creams;1;España;64705;3;Congelados;Helados;Granizados y helados de hielo;Productos del momento;Elige el tuyo, ¡disfruta!;Granizado de limón Hacendado;;1.2;l;2.25;€/l;2.70;granizado de limón. ingredientes: agua, azúcar, zumo de limón 14,5%, corteza de limón (0,1%), aroma de limón y colorante (curcumina).;8480000647054;0;;;;Ice cream, in box;39515;Energia (kJ);349.0;kJ;Gluten-free
3;2026-07-27 13:06:30;31;2026;43812;Iced lemon Hacendado Frozen food Ice cream Slushies and frozen ice creams;1;España;64705;3;Congelados;Helados;Granizados y helados de hielo;Productos del momento;Elige el tuyo, ¡disfruta!;Granizado de limón Hacendado;;1.2;l;2.25;€/l;2.70;granizado de limón. ingredientes: agua, azúcar, zumo de limón 14,5%, corteza de limón (0,1%), aroma de limón y colorante (curcumina).;8480000647054;0;;;;Ice cream, in box;39515;greixos_totals_g;0.1;g;Gluten-free
3;2026-07-27 13:06:30;31;2026;43812;Iced lemon Hacendado Frozen food Ice cream Slushies and frozen ice creams;1;España;64705;3;Congelados;Helados;Granizados y helados de hielo;Productos del momento;Elige el tuyo, ¡disfruta!;Granizado de limón Hacendado;;1.2;l;2.25;€/l;2.70;granizado de limón. ingredientes: agua, azúcar, zumo de limón 14,5%, corteza de limón (0,1%), aroma de limón y colorante (curcumina).;8480000647054;0;;;;Ice cream, in box;39515;greixos_saturats_g;0.0;g;Gluten-free
3;2026-07-27 13:06:30;31;2026;43812;Iced lemon Hacendado Frozen food Ice cream Slushies and frozen ice creams;1;España;64705;3;Congelados;Helados;Granizados y helados de hielo;Productos del momento;Elige el tuyo, ¡disfruta!;Granizado de limón Hacendado;;1.2;l;2.25;€/l;2.70;granizado de limón. ingredientes: agua, azúcar, zumo de limón 14,5%, corteza de limón (0,1%), aroma de limón y colorante (curcumina).;8480000647054;0;;;;Ice cream, in box;39515;hidrats_carboni_g;20.0;g;Gluten-free
3;2026-07-27 13:06:30;31;2026;43812;Iced lemon Hacendado Frozen food Ice cream Slushies and frozen ice creams;1;España;64705;3;Congelados;Helados;Granizados y helados de hielo;Productos del momento;Elige el tuyo, ¡disfruta!;Granizado de limón Hacendado;;1.2;l;2.25;€/l;2.70;granizado de limón. ingredientes: agua, azúcar, zumo de limón 14,5%, corteza de limón (0,1%), aroma de limón y colorante (curcumina).;8480000647054;0;;;;Ice cream, in box;39515;sucres_g;19.0;g;Gluten-free
3;2026-07-27 13:06:30;31;2026;43812;Iced lemon Hacendado Frozen food Ice cream Slushies and frozen ice creams;1;España;64705;3;Congelados;Helados;Granizados y helados de hielo;Productos del momento;Elige el tuyo, ¡disfruta!;Granizado de limón Hacendado;;1.2;l;2.25;€/l;2.70;granizado de limón. ingredientes: agua, azúcar, zumo de limón 14,5%, corteza de limón (0,1%), aroma de limón y colorante (curcumina).;8480000647054;0;;;;Ice cream, in box;39515;proteines_g;0.1;g;Gluten-free
3;2026-07-27 13:06:30;31;2026;43812;Iced lemon Hacendado Frozen food Ice cream Slushies and frozen ice creams;1;España;64705;3;Congelados;Helados;Granizados y helados de hielo;Productos del momento;Elige el tuyo, ¡disfruta!;Granizado de limón Hacendado;;1.2;l;2.25;€/l;2.70;granizado de limón. ingredientes: agua, azúcar, zumo de limón 14,5%, corteza de limón (0,1%), aroma de limón y colorante (curcumina).;8480000647054;0;;;;Ice cream, in box;39515;sal_g;0.04;g;Gluten-free
4;2026-07-27 13:06:30;31;2026;43812;Iced coffee Hacendado Frozen food Ice cream Slushies and frozen ice creams;1;España;64128;4;Congelados;Helados;Granizados y helados de hielo;Productos del momento;Elige el tuyo, ¡disfruta!;Granizado de café Hacendado;;1.2;l;2.63;€/l;3.15;granizado de café. ingredientes:agua, café (37%) (café molido de tueste natural (8%)), azúcar, café soluble (0,9%), caramelo y colorante (e-150d).;8480000641281;0;;;;;;Energia (kcal);73.0;kcal;Gluten-free
4;2026-07-27 13:06:30;31;2026;43812;Iced coffee Hacendado Frozen food Ice cream Slushies and frozen ice creams;1;España;64128;4;Congelados;Helados;Granizados y helados de hielo;Productos del momento;Elige el tuyo, ¡disfruta!;Granizado de café Hacendado;;1.2;l;2.63;€/l;3.15;granizado de café. ingredientes:agua, café (37%) (café molido de tueste natural (8%)), azúcar, café soluble (0,9%), caramelo y colorante (e-150d).;8480000641281;0;;;;;;Energia (kJ);309.0;kJ;Gluten-free
4;2026-07-27 13:06:30;31;2026;43812;Iced coffee Hacendado Frozen food Ice cream Slushies and frozen ice creams;1;España;64128;4;Congelados;Helados;Granizados y helados de hielo;Productos del momento;Elige el tuyo, ¡disfruta!;Granizado de café Hacendado;;1.2;l;2.63;€/l;3.15;granizado de café. ingredientes:agua, café (37%) (café molido de tueste natural (8%)), azúcar, café soluble (0,9%), caramelo y colorante (e-150d).;8480000641281;0;;;;;;greixos_totals_g;0.2;g;Gluten-free
4;2026-07-27 13:06:30;31;2026;43812;Iced coffee Hacendado Frozen food Ice cream Slushies and frozen ice creams;1;España;64128;4;Congelados;Helados;Granizados y helados de hielo;Productos del momento;Elige el tuyo, ¡disfruta!;Granizado de café Hacendado;;1.2;l;2.63;€/l;3.15;granizado de café. ingredientes:agua, café (37%) (café molido de tueste natural (8%)), azúcar, café soluble (0,9%), caramelo y colorante (e-150d).;8480000641281;0;;;;;;greixos_saturats_g;0.1;g;Gluten-free
4;2026-07-27 13:06:30;31;2026;43812;Iced coffee Hacendado Frozen food Ice cream Slushies and frozen ice creams;1;España;64128;4;Congelados;Helados;Granizados y helados de hielo;Productos del momento;Elige el tuyo, ¡disfruta!;Granizado de café Hacendado;;1.2;l;2.63;€/l;3.15;granizado de café. ingredientes:agua, café (37%) (café molido de tueste natural (8%)), azúcar, café soluble (0,9%), caramelo y colorante (e-150d).;8480000641281;0;;;;;;hidrats_carboni_g;17.0;g;Gluten-free
4;2026-07-27 13:06:30;31;2026;43812;Iced coffee Hacendado Frozen food Ice cream Slushies and frozen ice creams;1;España;64128;4;Congelados;Helados;Granizados y helados de hielo;Productos del momento;Elige el tuyo, ¡disfruta!;Granizado de café Hacendado;;1.2;l;2.63;€/l;3.15;granizado de café. ingredientes:agua, café (37%) (café molido de tueste natural (8%)), azúcar, café soluble (0,9%), caramelo y colorante (e-150d).;8480000641281;0;;;;;;sucres_g;17.0;g;Gluten-free
4;2026-07-27 13:06:30;31;2026;43812;Iced coffee Hacendado Frozen food Ice cream Slushies and frozen ice creams;1;España;64128;4;Congelados;Helados;Granizados y helados de hielo;Productos del momento;Elige el tuyo, ¡disfruta!;Granizado de café Hacendado;;1.2;l;2.63;€/l;3.15;granizado de café. ingredientes:agua, café (37%) (café molido de tueste natural (8%)), azúcar, café soluble (0,9%), caramelo y colorante (e-150d).;8480000641281;0;;;;;;proteines_g;0.4;g;Gluten-free
4;2026-07-27 13:06:30;31;2026;43812;Iced coffee Hacendado Frozen food Ice cream Slushies and frozen ice creams;1;España;64128;4;Congelados;Helados;Granizados y helados de hielo;Productos del momento;Elige el tuyo, ¡disfruta!;Granizado de café Hacendado;;1.2;l;2.63;€/l;3.15;granizado de café. ingredientes:agua, café (37%) (café molido de tueste natural (8%)), azúcar, café soluble (0,9%), caramelo y colorante (e-150d).;8480000641281;0;;;;;;sal_g;0.04;g;Gluten-free
5;2026-07-27 13:06:30;31;2026;43812;Stracciatella ice cream with chocolate syrup Hacendado Frozen food Ice cream Tubs;1;España;52562;5;Congelados;Helados;Tarrinas;Productos del momento;Elige el tuyo, ¡disfruta!;Helado stracciatella Hacendado con sirope de chocolate;;0.95;l;3.42;€/l;3.25;leche desnatada reconstituida, sirope de chocolate (16,5%) (azúcar, jarabe de glucosa, agua, leche condensada desnatada (leche desnatada, azúcar), cacao desgrasado (5,9%), grasa de coco, mantequilla (leche), corrector de acidez (citratos de sodio), emulgente (monoglicéridos y diglicéridos de ácidos grasos), sal, espesante (carragenanos), extracto de vainilla), azúcar, jarabe de glucosa y fructosa, trocitos sabor a chocolate (5%) (azúcar, cacao desgrasado, grasa de coco, grasa de coco totalmente hidrogenada, emulgente (lecitina (soja)), sal, aroma), nata (4,7%) (leche), grasa de coco, escamas de chocolate (2,5%) (azúcar, pasta de cacao, manteca de cacao, emulgente (lecitina (soja)), aroma natural de vainilla), leche desnatada en polvo, lactosa y proteínas de la leche, emulgente (monoglicéridos y diglicéridos de ácidos grasos), estabilizantes (goma garrofín, goma guar, carragenanos), aromas. trazas de frutos de cáscara.;8402001010170;0;;;;Ice cream, in box;39515;Energia (kcal);243.0;kcal;Gluten-free
5;2026-07-27 13:06:30;31;2026;43812;Stracciatella ice cream with chocolate syrup Hacendado Frozen food Ice cream Tubs;1;España;52562;5;Congelados;Helados;Tarrinas;Productos del momento;Elige el tuyo, ¡disfruta!;Helado stracciatella Hacendado con sirope de chocolate;;0.95;l;3.42;€/l;3.25;leche desnatada reconstituida, sirope de chocolate (16,5%) (azúcar, jarabe de glucosa, agua, leche condensada desnatada (leche desnatada, azúcar), cacao desgrasado (5,9%), grasa de coco, mantequilla (leche), corrector de acidez (citratos de sodio), emulgente (monoglicéridos y diglicéridos de ácidos grasos), sal, espesante (carragenanos), extracto de vainilla), azúcar, jarabe de glucosa y fructosa, trocitos sabor a chocolate (5%) (azúcar, cacao desgrasado, grasa de coco, grasa de coco totalmente hidrogenada, emulgente (lecitina (soja)), sal, aroma), nata (4,7%) (leche), grasa de coco, escamas de chocolate (2,5%) (azúcar, pasta de cacao, manteca de cacao, emulgente (lecitina (soja)), aroma natural de vainilla), leche desnatada en polvo, lactosa y proteínas de la leche, emulgente (monoglicéridos y diglicéridos de ácidos grasos), estabilizantes (goma garrofín, goma guar, carragenanos), aromas. trazas de frutos de cáscara.;8402001010170;0;;;;Ice cream, in box;39515;Energia (kJ);1018.0;kJ;Gluten-free
5;2026-07-27 13:06:30;31;2026;43812;Stracciatella ice cream with chocolate syrup Hacendado Frozen food Ice cream Tubs;1;España;52562;5;Congelados;Helados;Tarrinas;Productos del momento;Elige el tuyo, ¡disfruta!;Helado stracciatella Hacendado con sirope de chocolate;;0.95;l;3.42;€/l;3.25;leche desnatada reconstituida, sirope de chocolate (16,5%) (azúcar, jarabe de glucosa, agua, leche condensada desnatada (leche desnatada, azúcar), cacao desgrasado (5,9%), grasa de coco, mantequilla (leche), corrector de acidez (citratos de sodio), emulgente (monoglicéridos y diglicéridos de ácidos grasos), sal, espesante (carragenanos), extracto de vainilla), azúcar, jarabe de glucosa y fructosa, trocitos sabor a chocolate (5%) (azúcar, cacao desgrasado, grasa de coco, grasa de coco totalmente hidrogenada, emulgente (lecitina (soja)), sal, aroma), nata (4,7%) (leche), grasa de coco, escamas de chocolate (2,5%) (azúcar, pasta de cacao, manteca de cacao, emulgente (lecitina (soja)), aroma natural de vainilla), leche desnatada en polvo, lactosa y proteínas de la leche, emulgente (monoglicéridos y diglicéridos de ácidos grasos), estabilizantes (goma garrofín, goma guar, carragenanos), aromas. trazas de frutos de cáscara.;8402001010170;0;;;;Ice cream, in box;39515;greixos_totals_g;10.0;g;Gluten-free
5;2026-07-27 13:06:30;31;2026;43812;Stracciatella ice cream with chocolate syrup Hacendado Frozen food Ice cream Tubs;1;España;52562;5;Congelados;Helados;Tarrinas;Productos del momento;Elige el tuyo, ¡disfruta!;Helado stracciatella Hacendado con sirope de chocolate;;0.95;l;3.42;€/l;3.25;leche desnatada reconstituida, sirope de chocolate (16,5%) (azúcar, jarabe de glucosa, agua, leche condensada desnatada (leche desnatada, azúcar), cacao desgrasado (5,9%), grasa de coco, mantequilla (leche), corrector de acidez (citratos de sodio), emulgente (monoglicéridos y diglicéridos de ácidos grasos), sal, espesante (carragenanos), extracto de vainilla), azúcar, jarabe de glucosa y fructosa, trocitos sabor a chocolate (5%) (azúcar, cacao desgrasado, grasa de coco, grasa de coco totalmente hidrogenada, emulgente (lecitina (soja)), sal, aroma), nata (4,7%) (leche), grasa de coco, escamas de chocolate (2,5%) (azúcar, pasta de cacao, manteca de cacao, emulgente (lecitina (soja)), aroma natural de vainilla), leche desnatada en polvo, lactosa y proteínas de la leche, emulgente (monoglicéridos y diglicéridos de ácidos grasos), estabilizantes (goma garrofín, goma guar, carragenanos), aromas. trazas de frutos de cáscara.;8402001010170;0;;;;Ice cream, in box;39515;greixos_saturats_g;8.5;g;Gluten-free
5;2026-07-27 13:06:30;31;2026;43812;Stracciatella ice cream with chocolate syrup Hacendado Frozen food Ice cream Tubs;1;España;52562;5;Congelados;Helados;Tarrinas;Productos del momento;Elige el tuyo, ¡disfruta!;Helado stracciatella Hacendado con sirope de chocolate;;0.95;l;3.42;€/l;3.25;leche desnatada reconstituida, sirope de chocolate (16,5%) (azúcar, jarabe de glucosa, agua, leche condensada desnatada (leche desnatada, azúcar), cacao desgrasado (5,9%), grasa de coco, mantequilla (leche), corrector de acidez (citratos de sodio), emulgente (monoglicéridos y diglicéridos de ácidos grasos), sal, espesante (carragenanos), extracto de vainilla), azúcar, jarabe de glucosa y fructosa, trocitos sabor a chocolate (5%) (azúcar, cacao desgrasado, grasa de coco, grasa de coco totalmente hidrogenada, emulgente (lecitina (soja)), sal, aroma), nata (4,7%) (leche), grasa de coco, escamas de chocolate (2,5%) (azúcar, pasta de cacao, manteca de cacao, emulgente (lecitina (soja)), aroma natural de vainilla), leche desnatada en polvo, lactosa y proteínas de la leche, emulgente (monoglicéridos y diglicéridos de ácidos grasos), estabilizantes (goma garrofín, goma guar, carragenanos), aromas. trazas de frutos de cáscara.;8402001010170;0;;;;Ice cream, in box;39515;hidrats_carboni_g;34.0;g;Gluten-free
5;2026-07-27 13:06:30;31;2026;43812;Stracciatella ice cream with chocolate syrup Hacendado Frozen food Ice cream Tubs;1;España;52562;5;Congelados;Helados;Tarrinas;Productos del momento;Elige el tuyo, ¡disfruta!;Helado stracciatella Hacendado con sirope de chocolate;;0.95;l;3.42;€/l;3.25;leche desnatada reconstituida, sirope de chocolate (16,5%) (azúcar, jarabe de glucosa, agua, leche condensada desnatada (leche desnatada, azúcar), cacao desgrasado (5,9%), grasa de coco, mantequilla (leche), corrector de acidez (citratos de sodio), emulgente (monoglicéridos y diglicéridos de ácidos grasos), sal, espesante (carragenanos), extracto de vainilla), azúcar, jarabe de glucosa y fructosa, trocitos sabor a chocolate (5%) (azúcar, cacao desgrasado, grasa de coco, grasa de coco totalmente hidrogenada, emulgente (lecitina (soja)), sal, aroma), nata (4,7%) (leche), grasa de coco, escamas de chocolate (2,5%) (azúcar, pasta de cacao, manteca de cacao, emulgente (lecitina (soja)), aroma natural de vainilla), leche desnatada en polvo, lactosa y proteínas de la leche, emulgente (monoglicéridos y diglicéridos de ácidos grasos), estabilizantes (goma garrofín, goma guar, carragenanos), aromas. trazas de frutos de cáscara.;8402001010170;0;;;;Ice cream, in box;39515;sucres_g;31.0;g;Gluten-free
5;2026-07-27 13:06:30;31;2026;43812;Stracciatella ice cream with chocolate syrup Hacendado Frozen food Ice cream Tubs;1;España;52562;5;Congelados;Helados;Tarrinas;Productos del momento;Elige el tuyo, ¡disfruta!;Helado stracciatella Hacendado con sirope de chocolate;;0.95;l;3.42;€/l;3.25;leche desnatada reconstituida, sirope de chocolate (16,5%) (azúcar, jarabe de glucosa, agua, leche condensada desnatada (leche desnatada, azúcar), cacao desgrasado (5,9%), grasa de coco, mantequilla (leche), corrector de acidez (citratos de sodio), emulgente (monoglicéridos y diglicéridos de ácidos grasos), sal, espesante (carragenanos), extracto de vainilla), azúcar, jarabe de glucosa y fructosa, trocitos sabor a chocolate (5%) (azúcar, cacao desgrasado, grasa de coco, grasa de coco totalmente hidrogenada, emulgente (lecitina (soja)), sal, aroma), nata (4,7%) (leche), grasa de coco, escamas de chocolate (2,5%) (azúcar, pasta de cacao, manteca de cacao, emulgente (lecitina (soja)), aroma natural de vainilla), leche desnatada en polvo, lactosa y proteínas de la leche, emulgente (monoglicéridos y diglicéridos de ácidos grasos), estabilizantes (goma garrofín, goma guar, carragenanos), aromas. trazas de frutos de cáscara.;8402001010170;0;;;;Ice cream, in box;39515;proteines_g;3.4;g;Gluten-free
5;2026-07-27 13:06:30;31;2026;43812;Stracciatella ice cream with chocolate syrup Hacendado Frozen food Ice cream Tubs;1;España;52562;5;Congelados;Helados;Tarrinas;Productos del momento;Elige el tuyo, ¡disfruta!;Helado stracciatella Hacendado con sirope de chocolate;;0.95;l;3.42;€/l;3.25;leche desnatada reconstituida, sirope de chocolate (16,5%) (azúcar, jarabe de glucosa, agua, leche condensada desnatada (leche desnatada, azúcar), cacao desgrasado (5,9%), grasa de coco, mantequilla (leche), corrector de acidez (citratos de sodio), emulgente (monoglicéridos y diglicéridos de ácidos grasos), sal, espesante (carragenanos), extracto de vainilla), azúcar, jarabe de glucosa y fructosa, trocitos sabor a chocolate (5%) (azúcar, cacao desgrasado, grasa de coco, grasa de coco totalmente hidrogenada, emulgente (lecitina (soja)), sal, aroma), nata (4,7%) (leche), grasa de coco, escamas de chocolate (2,5%) (azúcar, pasta de cacao, manteca de cacao, emulgente (lecitina (soja)), aroma natural de vainilla), leche desnatada en polvo, lactosa y proteínas de la leche, emulgente (monoglicéridos y diglicéridos de ácidos grasos), estabilizantes (goma garrofín, goma guar, carragenanos), aromas. trazas de frutos de cáscara.;8402001010170;0;;;;Ice cream, in box;39515;sal_g;0.19;g;Gluten-free
6;2026-07-27 13:06:30;31;2026;43812;Mini creamy ice cream cone Hacendado Frozen food Ice cream Biscuit cones;1;España;64246;6;Congelados;Helados;Cucuruchos;Productos del momento;Elige el tuyo, ¡disfruta!;Mini helado cucurucho sabor nata Hacendado;;0.444;l;7.43;€/l;3.30;leche desnatada reconstituida, barquillo (24,3%) (harina de trigo (gluten), azúcar, contiene grasa vegetal de coco y/o aceite refinado de girasol, emulgente: lecitina de soja, sal y caramelo natural, trazas de mostaza), chocolate con mantequilla (13,3%) (azúcar, pasta de cacao, manteca de cacao, mantequilla anhidra (derivado lácteo), emulgente: lecitina de soja, aroma y aroma natural y trazas de frutos de cáscara), azúcar, cobertura especial de chocolate (6,6%) (grasa vegetal de coco y palma, azúcar, pasta de cacao, manteca de cacao, emulgente: lecitina de soja, aroma natural y trazas de leche y frutos de cáscara), grasa vegetal de coco y palma, lactosa y proteínas de la leche, jarabe de glucosa y fructosa, almendra tostada troceada (1.8%), emulgente (monoglicéridos y diglicéridos de ácidos grasos), estabilizantes (goma garrofín, goma guar, carragenanos) y aroma de nata.;8480000642462;0;;;;Ice cream, cone, mini;39522;Energia (kcal);352.0;kcal;No certificat
6;2026-07-27 13:06:30;31;2026;43812;Mini creamy ice cream cone Hacendado Frozen food Ice cream Biscuit cones;1;España;64246;6;Congelados;Helados;Cucuruchos;Productos del momento;Elige el tuyo, ¡disfruta!;Mini helado cucurucho sabor nata Hacendado;;0.444;l;7.43;€/l;3.30;leche desnatada reconstituida, barquillo (24,3%) (harina de trigo (gluten), azúcar, contiene grasa vegetal de coco y/o aceite refinado de girasol, emulgente: lecitina de soja, sal y caramelo natural, trazas de mostaza), chocolate con mantequilla (13,3%) (azúcar, pasta de cacao, manteca de cacao, mantequilla anhidra (derivado lácteo), emulgente: lecitina de soja, aroma y aroma natural y trazas de frutos de cáscara), azúcar, cobertura especial de chocolate (6,6%) (grasa vegetal de coco y palma, azúcar, pasta de cacao, manteca de cacao, emulgente: lecitina de soja, aroma natural y trazas de leche y frutos de cáscara), grasa vegetal de coco y palma, lactosa y proteínas de la leche, jarabe de glucosa y fructosa, almendra tostada troceada (1.8%), emulgente (monoglicéridos y diglicéridos de ácidos grasos), estabilizantes (goma garrofín, goma guar, carragenanos) y aroma de nata.;8480000642462;0;;;;Ice cream, cone, mini;39522;Energia (kJ);1471.0;kJ;No certificat
6;2026-07-27 13:06:30;31;2026;43812;Mini creamy ice cream cone Hacendado Frozen food Ice cream Biscuit cones;1;España;64246;6;Congelados;Helados;Cucuruchos;Productos del momento;Elige el tuyo, ¡disfruta!;Mini helado cucurucho sabor nata Hacendado;;0.444;l;7.43;€/l;3.30;leche desnatada reconstituida, barquillo (24,3%) (harina de trigo (gluten), azúcar, contiene grasa vegetal de coco y/o aceite refinado de girasol, emulgente: lecitina de soja, sal y caramelo natural, trazas de mostaza), chocolate con mantequilla (13,3%) (azúcar, pasta de cacao, manteca de cacao, mantequilla anhidra (derivado lácteo), emulgente: lecitina de soja, aroma y aroma natural y trazas de frutos de cáscara), azúcar, cobertura especial de chocolate (6,6%) (grasa vegetal de coco y palma, azúcar, pasta de cacao, manteca de cacao, emulgente: lecitina de soja, aroma natural y trazas de leche y frutos de cáscara), grasa vegetal de coco y palma, lactosa y proteínas de la leche, jarabe de glucosa y fructosa, almendra tostada troceada (1.8%), emulgente (monoglicéridos y diglicéridos de ácidos grasos), estabilizantes (goma garrofín, goma guar, carragenanos) y aroma de nata.;8480000642462;0;;;;Ice cream, cone, mini;39522;greixos_totals_g;18.6;g;No certificat
6;2026-07-27 13:06:30;31;2026;43812;Mini creamy ice cream cone Hacendado Frozen food Ice cream Biscuit cones;1;España;64246;6;Congelados;Helados;Cucuruchos;Productos del momento;Elige el tuyo, ¡disfruta!;Mini helado cucurucho sabor nata Hacendado;;0.444;l;7.43;€/l;3.30;leche desnatada reconstituida, barquillo (24,3%) (harina de trigo (gluten), azúcar, contiene grasa vegetal de coco y/o aceite refinado de girasol, emulgente: lecitina de soja, sal y caramelo natural, trazas de mostaza), chocolate con mantequilla (13,3%) (azúcar, pasta de cacao, manteca de cacao, mantequilla anhidra (derivado lácteo), emulgente: lecitina de soja, aroma y aroma natural y trazas de frutos de cáscara), azúcar, cobertura especial de chocolate (6,6%) (grasa vegetal de coco y palma, azúcar, pasta de cacao, manteca de cacao, emulgente: lecitina de soja, aroma natural y trazas de leche y frutos de cáscara), grasa vegetal de coco y palma, lactosa y proteínas de la leche, jarabe de glucosa y fructosa, almendra tostada troceada (1.8%), emulgente (monoglicéridos y diglicéridos de ácidos grasos), estabilizantes (goma garrofín, goma guar, carragenanos) y aroma de nata.;8480000642462;0;;;;Ice cream, cone, mini;39522;greixos_saturats_g;11.1;g;No certificat
6;2026-07-27 13:06:30;31;2026;43812;Mini creamy ice cream cone Hacendado Frozen food Ice cream Biscuit cones;1;España;64246;6;Congelados;Helados;Cucuruchos;Productos del momento;Elige el tuyo, ¡disfruta!;Mini helado cucurucho sabor nata Hacendado;;0.444;l;7.43;€/l;3.30;leche desnatada reconstituida, barquillo (24,3%) (harina de trigo (gluten), azúcar, contiene grasa vegetal de coco y/o aceite refinado de girasol, emulgente: lecitina de soja, sal y caramelo natural, trazas de mostaza), chocolate con mantequilla (13,3%) (azúcar, pasta de cacao, manteca de cacao, mantequilla anhidra (derivado lácteo), emulgente: lecitina de soja, aroma y aroma natural y trazas de frutos de cáscara), azúcar, cobertura especial de chocolate (6,6%) (grasa vegetal de coco y palma, azúcar, pasta de cacao, manteca de cacao, emulgente: lecitina de soja, aroma natural y trazas de leche y frutos de cáscara), grasa vegetal de coco y palma, lactosa y proteínas de la leche, jarabe de glucosa y fructosa, almendra tostada troceada (1.8%), emulgente (monoglicéridos y diglicéridos de ácidos grasos), estabilizantes (goma garrofín, goma guar, carragenanos) y aroma de nata.;8480000642462;0;;;;Ice cream, cone, mini;39522;greixos_monoinsaturats_g;5.8;g;No certificat
6;2026-07-27 13:06:30;31;2026;43812;Mini creamy ice cream cone Hacendado Frozen food Ice cream Biscuit cones;1;España;64246;6;Congelados;Helados;Cucuruchos;Productos del momento;Elige el tuyo, ¡disfruta!;Mini helado cucurucho sabor nata Hacendado;;0.444;l;7.43;€/l;3.30;leche desnatada reconstituida, barquillo (24,3%) (harina de trigo (gluten), azúcar, contiene grasa vegetal de coco y/o aceite refinado de girasol, emulgente: lecitina de soja, sal y caramelo natural, trazas de mostaza), chocolate con mantequilla (13,3%) (azúcar, pasta de cacao, manteca de cacao, mantequilla anhidra (derivado lácteo), emulgente: lecitina de soja, aroma y aroma natural y trazas de frutos de cáscara), azúcar, cobertura especial de chocolate (6,6%) (grasa vegetal de coco y palma, azúcar, pasta de cacao, manteca de cacao, emulgente: lecitina de soja, aroma natural y trazas de leche y frutos de cáscara), grasa vegetal de coco y palma, lactosa y proteínas de la leche, jarabe de glucosa y fructosa, almendra tostada troceada (1.8%), emulgente (monoglicéridos y diglicéridos de ácidos grasos), estabilizantes (goma garrofín, goma guar, carragenanos) y aroma de nata.;8480000642462;0;;;;Ice cream, cone, mini;39522;greixos_poliinsaturats_g;1.2;g;No certificat
6;2026-07-27 13:06:30;31;2026;43812;Mini creamy ice cream cone Hacendado Frozen food Ice cream Biscuit cones;1;España;64246;6;Congelados;Helados;Cucuruchos;Productos del momento;Elige el tuyo, ¡disfruta!;Mini helado cucurucho sabor nata Hacendado;;0.444;l;7.43;€/l;3.30;leche desnatada reconstituida, barquillo (24,3%) (harina de trigo (gluten), azúcar, contiene grasa vegetal de coco y/o aceite refinado de girasol, emulgente: lecitina de soja, sal y caramelo natural, trazas de mostaza), chocolate con mantequilla (13,3%) (azúcar, pasta de cacao, manteca de cacao, mantequilla anhidra (derivado lácteo), emulgente: lecitina de soja, aroma y aroma natural y trazas de frutos de cáscara), azúcar, cobertura especial de chocolate (6,6%) (grasa vegetal de coco y palma, azúcar, pasta de cacao, manteca de cacao, emulgente: lecitina de soja, aroma natural y trazas de leche y frutos de cáscara), grasa vegetal de coco y palma, lactosa y proteínas de la leche, jarabe de glucosa y fructosa, almendra tostada troceada (1.8%), emulgente (monoglicéridos y diglicéridos de ácidos grasos), estabilizantes (goma garrofín, goma guar, carragenanos) y aroma de nata.;8480000642462;0;;;;Ice cream, cone, mini;39522;hidrats_carboni_g;40.3;g;No certificat
6;2026-07-27 13:06:30;31;2026;43812;Mini creamy ice cream cone Hacendado Frozen food Ice cream Biscuit cones;1;España;64246;6;Congelados;Helados;Cucuruchos;Productos del momento;Elige el tuyo, ¡disfruta!;Mini helado cucurucho sabor nata Hacendado;;0.444;l;7.43;€/l;3.30;leche desnatada reconstituida, barquillo (24,3%) (harina de trigo (gluten), azúcar, contiene grasa vegetal de coco y/o aceite refinado de girasol, emulgente: lecitina de soja, sal y caramelo natural, trazas de mostaza), chocolate con mantequilla (13,3%) (azúcar, pasta de cacao, manteca de cacao, mantequilla anhidra (derivado lácteo), emulgente: lecitina de soja, aroma y aroma natural y trazas de frutos de cáscara), azúcar, cobertura especial de chocolate (6,6%) (grasa vegetal de coco y palma, azúcar, pasta de cacao, manteca de cacao, emulgente: lecitina de soja, aroma natural y trazas de leche y frutos de cáscara), grasa vegetal de coco y palma, lactosa y proteínas de la leche, jarabe de glucosa y fructosa, almendra tostada troceada (1.8%), emulgente (monoglicéridos y diglicéridos de ácidos grasos), estabilizantes (goma garrofín, goma guar, carragenanos) y aroma de nata.;8480000642462;0;;;;Ice cream, cone, mini;39522;sucres_g;25.4;g;No certificat
6;2026-07-27 13:06:30;31;2026;43812;Mini creamy ice cream cone Hacendado Frozen food Ice cream Biscuit cones;1;España;64246;6;Congelados;Helados;Cucuruchos;Productos del momento;Elige el tuyo, ¡disfruta!;Mini helado cucurucho sabor nata Hacendado;;0.444;l;7.43;€/l;3.30;leche desnatada reconstituida, barquillo (24,3%) (harina de trigo (gluten), azúcar, contiene grasa vegetal de coco y/o aceite refinado de girasol, emulgente: lecitina de soja, sal y caramelo natural, trazas de mostaza), chocolate con mantequilla (13,3%) (azúcar, pasta de cacao, manteca de cacao, mantequilla anhidra (derivado lácteo), emulgente: lecitina de soja, aroma y aroma natural y trazas de frutos de cáscara), azúcar, cobertura especial de chocolate (6,6%) (grasa vegetal de coco y palma, azúcar, pasta de cacao, manteca de cacao, emulgente: lecitina de soja, aroma natural y trazas de leche y frutos de cáscara), grasa vegetal de coco y palma, lactosa y proteínas de la leche, jarabe de glucosa y fructosa, almendra tostada troceada (1.8%), emulgente (monoglicéridos y diglicéridos de ácidos grasos), estabilizantes (goma garrofín, goma guar, carragenanos) y aroma de nata.;8480000642462;0;;;;Ice cream, cone, mini;39522;fibra_g;2.3;g;No certificat
6;2026-07-27 13:06:30;31;2026;43812;Mini creamy ice cream cone Hacendado Frozen food Ice cream Biscuit cones;1;España;64246;6;Congelados;Helados;Cucuruchos;Productos del momento;Elige el tuyo, ¡disfruta!;Mini helado cucurucho sabor nata Hacendado;;0.444;l;7.43;€/l;3.30;leche desnatada reconstituida, barquillo (24,3%) (harina de trigo (gluten), azúcar, contiene grasa vegetal de coco y/o aceite refinado de girasol, emulgente: lecitina de soja, sal y caramelo natural, trazas de mostaza), chocolate con mantequilla (13,3%) (azúcar, pasta de cacao, manteca de cacao, mantequilla anhidra (derivado lácteo), emulgente: lecitina de soja, aroma y aroma natural y trazas de frutos de cáscara), azúcar, cobertura especial de chocolate (6,6%) (grasa vegetal de coco y palma, azúcar, pasta de cacao, manteca de cacao, emulgente: lecitina de soja, aroma natural y trazas de leche y frutos de cáscara), grasa vegetal de coco y palma, lactosa y proteínas de la leche, jarabe de glucosa y fructosa, almendra tostada troceada (1.8%), emulgente (monoglicéridos y diglicéridos de ácidos grasos), estabilizantes (goma garrofín, goma guar, carragenanos) y aroma de nata.;8480000642462;0;;;;Ice cream, cone, mini;39522;proteines_g;4.7;g;No certificat
6;2026-07-27 13:06:30;31;2026;43812;Mini creamy ice cream cone Hacendado Frozen food Ice cream Biscuit cones;1;España;64246;6;Congelados;Helados;Cucuruchos;Productos del momento;Elige el tuyo, ¡disfruta!;Mini helado cucurucho sabor nata Hacendado;;0.444;l;7.43;€/l;3.30;leche desnatada reconstituida, barquillo (24,3%) (harina de trigo (gluten), azúcar, contiene grasa vegetal de coco y/o aceite refinado de girasol, emulgente: lecitina de soja, sal y caramelo natural, trazas de mostaza), chocolate con mantequilla (13,3%) (azúcar, pasta de cacao, manteca de cacao, mantequilla anhidra (derivado lácteo), emulgente: lecitina de soja, aroma y aroma natural y trazas de frutos de cáscara), azúcar, cobertura especial de chocolate (6,6%) (grasa vegetal de coco y palma, azúcar, pasta de cacao, manteca de cacao, emulgente: lecitina de soja, aroma natural y trazas de leche y frutos de cáscara), grasa vegetal de coco y palma, lactosa y proteínas de la leche, jarabe de glucosa y fructosa, almendra tostada troceada (1.8%), emulgente (monoglicéridos y diglicéridos de ácidos grasos), estabilizantes (goma garrofín, goma guar, carragenanos) y aroma de nata.;8480000642462;0;;;;Ice cream, cone, mini;39522;sal_g;0.07;g;No certificat
7;2026-07-27 13:06:30;31;2026;43812;Vanilla-flavored white chocolate ice cream Hacendado Frozen food Ice cream Chocolates;1;España;64249;7;Congelados;Helados;Bombones;Productos del momento;Elige el tuyo, ¡disfruta!;Helado bombón blanco Hacendado sabor vainilla;;0.72;l;4.44;€/l;3.20;leche desnatada reconstituida, chocolate blanco (25.5%) (azúcar, manteca de cacao, leche entera en polvo, mantequilla anhidra (derivado lácteo), aceite vegetal de coco, grasa vegetal de palma, emulgente: lecitina de soja (e 322), aroma de vainilla y trazas de frutos de cáscara), azúcar, grasa vegetal de coco y palma, agua, lactosa y proteínas de la leche, jarabe de glucosa y fructosa, vainas de vainilla, emulgente (monoglicéridos y diglicéridos de ácidos grasos), estabilizantes (goma garrofín, goma guar y carragenanos), colorante (-caroteno) y aroma natural de vainilla.;8480000642493;0;;;;Ice cream, stick, chocolate-coated;39503;Energia (kcal);309.0;kcal;Gluten-free
7;2026-07-27 13:06:30;31;2026;43812;Vanilla-flavored white chocolate ice cream Hacendado Frozen food Ice cream Chocolates;1;España;64249;7;Congelados;Helados;Bombones;Productos del momento;Elige el tuyo, ¡disfruta!;Helado bombón blanco Hacendado sabor vainilla;;0.72;l;4.44;€/l;3.20;leche desnatada reconstituida, chocolate blanco (25.5%) (azúcar, manteca de cacao, leche entera en polvo, mantequilla anhidra (derivado lácteo), aceite vegetal de coco, grasa vegetal de palma, emulgente: lecitina de soja (e 322), aroma de vainilla y trazas de frutos de cáscara), azúcar, grasa vegetal de coco y palma, agua, lactosa y proteínas de la leche, jarabe de glucosa y fructosa, vainas de vainilla, emulgente (monoglicéridos y diglicéridos de ácidos grasos), estabilizantes (goma garrofín, goma guar y carragenanos), colorante (-caroteno) y aroma natural de vainilla.;8480000642493;0;;;;Ice cream, stick, chocolate-coated;39503;Energia (kJ);1289.0;kJ;Gluten-free
7;2026-07-27 13:06:30;31;2026;43812;Vanilla-flavored white chocolate ice cream Hacendado Frozen food Ice cream Chocolates;1;España;64249;7;Congelados;Helados;Bombones;Productos del momento;Elige el tuyo, ¡disfruta!;Helado bombón blanco Hacendado sabor vainilla;;0.72;l;4.44;€/l;3.20;leche desnatada reconstituida, chocolate blanco (25.5%) (azúcar, manteca de cacao, leche entera en polvo, mantequilla anhidra (derivado lácteo), aceite vegetal de coco, grasa vegetal de palma, emulgente: lecitina de soja (e 322), aroma de vainilla y trazas de frutos de cáscara), azúcar, grasa vegetal de coco y palma, agua, lactosa y proteínas de la leche, jarabe de glucosa y fructosa, vainas de vainilla, emulgente (monoglicéridos y diglicéridos de ácidos grasos), estabilizantes (goma garrofín, goma guar y carragenanos), colorante (-caroteno) y aroma natural de vainilla.;8480000642493;0;;;;Ice cream, stick, chocolate-coated;39503;greixos_totals_g;19.2;g;Gluten-free
7;2026-07-27 13:06:30;31;2026;43812;Vanilla-flavored white chocolate ice cream Hacendado Frozen food Ice cream Chocolates;1;España;64249;7;Congelados;Helados;Bombones;Productos del momento;Elige el tuyo, ¡disfruta!;Helado bombón blanco Hacendado sabor vainilla;;0.72;l;4.44;€/l;3.20;leche desnatada reconstituida, chocolate blanco (25.5%) (azúcar, manteca de cacao, leche entera en polvo, mantequilla anhidra (derivado lácteo), aceite vegetal de coco, grasa vegetal de palma, emulgente: lecitina de soja (e 322), aroma de vainilla y trazas de frutos de cáscara), azúcar, grasa vegetal de coco y palma, agua, lactosa y proteínas de la leche, jarabe de glucosa y fructosa, vainas de vainilla, emulgente (monoglicéridos y diglicéridos de ácidos grasos), estabilizantes (goma garrofín, goma guar y carragenanos), colorante (-caroteno) y aroma natural de vainilla.;8480000642493;0;;;;Ice cream, stick, chocolate-coated;39503;greixos_saturats_g;13.3;g;Gluten-free
7;2026-07-27 13:06:30;31;2026;43812;Vanilla-flavored white chocolate ice cream Hacendado Frozen food Ice cream Chocolates;1;España;64249;7;Congelados;Helados;Bombones;Productos del momento;Elige el tuyo, ¡disfruta!;Helado bombón blanco Hacendado sabor vainilla;;0.72;l;4.44;€/l;3.20;leche desnatada reconstituida, chocolate blanco (25.5%) (azúcar, manteca de cacao, leche entera en polvo, mantequilla anhidra (derivado lácteo), aceite vegetal de coco, grasa vegetal de palma, emulgente: lecitina de soja (e 322), aroma de vainilla y trazas de frutos de cáscara), azúcar, grasa vegetal de coco y palma, agua, lactosa y proteínas de la leche, jarabe de glucosa y fructosa, vainas de vainilla, emulgente (monoglicéridos y diglicéridos de ácidos grasos), estabilizantes (goma garrofín, goma guar y carragenanos), colorante (-caroteno) y aroma natural de vainilla.;8480000642493;0;;;;Ice cream, stick, chocolate-coated;39503;greixos_monoinsaturats_g;5.1;g;Gluten-free
7;2026-07-27 13:06:30;31;2026;43812;Vanilla-flavored white chocolate ice cream Hacendado Frozen food Ice cream Chocolates;1;España;64249;7;Congelados;Helados;Bombones;Productos del momento;Elige el tuyo, ¡disfruta!;Helado bombón blanco Hacendado sabor vainilla;;0.72;l;4.44;€/l;3.20;leche desnatada reconstituida, chocolate blanco (25.5%) (azúcar, manteca de cacao, leche entera en polvo, mantequilla anhidra (derivado lácteo), aceite vegetal de coco, grasa vegetal de palma, emulgente: lecitina de soja (e 322), aroma de vainilla y trazas de frutos de cáscara), azúcar, grasa vegetal de coco y palma, agua, lactosa y proteínas de la leche, jarabe de glucosa y fructosa, vainas de vainilla, emulgente (monoglicéridos y diglicéridos de ácidos grasos), estabilizantes (goma garrofín, goma guar y carragenanos), colorante (-caroteno) y aroma natural de vainilla.;8480000642493;0;;;;Ice cream, stick, chocolate-coated;39503;greixos_poliinsaturats_g;0.8;g;Gluten-free
7;2026-07-27 13:06:30;31;2026;43812;Vanilla-flavored white chocolate ice cream Hacendado Frozen food Ice cream Chocolates;1;España;64249;7;Congelados;Helados;Bombones;Productos del momento;Elige el tuyo, ¡disfruta!;Helado bombón blanco Hacendado sabor vainilla;;0.72;l;4.44;€/l;3.20;leche desnatada reconstituida, chocolate blanco (25.5%) (azúcar, manteca de cacao, leche entera en polvo, mantequilla anhidra (derivado lácteo), aceite vegetal de coco, grasa vegetal de palma, emulgente: lecitina de soja (e 322), aroma de vainilla y trazas de frutos de cáscara), azúcar, grasa vegetal de coco y palma, agua, lactosa y proteínas de la leche, jarabe de glucosa y fructosa, vainas de vainilla, emulgente (monoglicéridos y diglicéridos de ácidos grasos), estabilizantes (goma garrofín, goma guar y carragenanos), colorante (-caroteno) y aroma natural de vainilla.;8480000642493;0;;;;Ice cream, stick, chocolate-coated;39503;hidrats_carboni_g;30.6;g;Gluten-free
7;2026-07-27 13:06:30;31;2026;43812;Vanilla-flavored white chocolate ice cream Hacendado Frozen food Ice cream Chocolates;1;España;64249;7;Congelados;Helados;Bombones;Productos del momento;Elige el tuyo, ¡disfruta!;Helado bombón blanco Hacendado sabor vainilla;;0.72;l;4.44;€/l;3.20;leche desnatada reconstituida, chocolate blanco (25.5%) (azúcar, manteca de cacao, leche entera en polvo, mantequilla anhidra (derivado lácteo), aceite vegetal de coco, grasa vegetal de palma, emulgente: lecitina de soja (e 322), aroma de vainilla y trazas de frutos de cáscara), azúcar, grasa vegetal de coco y palma, agua, lactosa y proteínas de la leche, jarabe de glucosa y fructosa, vainas de vainilla, emulgente (monoglicéridos y diglicéridos de ácidos grasos), estabilizantes (goma garrofín, goma guar y carragenanos), colorante (-caroteno) y aroma natural de vainilla.;8480000642493;0;;;;Ice cream, stick, chocolate-coated;39503;sucres_g;30.6;g;Gluten-free
7;2026-07-27 13:06:30;31;2026;43812;Vanilla-flavored white chocolate ice cream Hacendado Frozen food Ice cream Chocolates;1;España;64249;7;Congelados;Helados;Bombones;Productos del momento;Elige el tuyo, ¡disfruta!;Helado bombón blanco Hacendado sabor vainilla;;0.72;l;4.44;€/l;3.20;leche desnatada reconstituida, chocolate blanco (25.5%) (azúcar, manteca de cacao, leche entera en polvo, mantequilla anhidra (derivado lácteo), aceite vegetal de coco, grasa vegetal de palma, emulgente: lecitina de soja (e 322), aroma de vainilla y trazas de frutos de cáscara), azúcar, grasa vegetal de coco y palma, agua, lactosa y proteínas de la leche, jarabe de glucosa y fructosa, vainas de vainilla, emulgente (monoglicéridos y diglicéridos de ácidos grasos), estabilizantes (goma garrofín, goma guar y carragenanos), colorante (-caroteno) y aroma natural de vainilla.;8480000642493;0;;;;Ice cream, stick, chocolate-coated;39503;fibra_g;0.2;g;Gluten-free
7;2026-07-27 13:06:30;31;2026;43812;Vanilla-flavored white chocolate ice cream Hacendado Frozen food Ice cream Chocolates;1;España;64249;7;Congelados;Helados;Bombones;Productos del momento;Elige el tuyo, ¡disfruta!;Helado bombón blanco Hacendado sabor vainilla;;0.72;l;4.44;€/l;3.20;leche desnatada reconstituida, chocolate blanco (25.5%) (azúcar, manteca de cacao, leche entera en polvo, mantequilla anhidra (derivado lácteo), aceite vegetal de coco, grasa vegetal de palma, emulgente: lecitina de soja (e 322), aroma de vainilla y trazas de frutos de cáscara), azúcar, grasa vegetal de coco y palma, agua, lactosa y proteínas de la leche, jarabe de glucosa y fructosa, vainas de vainilla, emulgente (monoglicéridos y diglicéridos de ácidos grasos), estabilizantes (goma garrofín, goma guar y carragenanos), colorante (-caroteno) y aroma natural de vainilla.;8480000642493;0;;;;Ice cream, stick, chocolate-coated;39503;proteines_g;3.4;g;Gluten-free
7;2026-07-27 13:06:30;31;2026;43812;Vanilla-flavored white chocolate ice cream Hacendado Frozen food Ice cream Chocolates;1;España;64249;7;Congelados;Helados;Bombones;Productos del momento;Elige el tuyo, ¡disfruta!;Helado bombón blanco Hacendado sabor vainilla;;0.72;l;4.44;€/l;3.20;leche desnatada reconstituida, chocolate blanco (25.5%) (azúcar, manteca de cacao, leche entera en polvo, mantequilla anhidra (derivado lácteo), aceite vegetal de coco, grasa vegetal de palma, emulgente: lecitina de soja (e 322), aroma de vainilla y trazas de frutos de cáscara), azúcar, grasa vegetal de coco y palma, agua, lactosa y proteínas de la leche, jarabe de glucosa y fructosa, vainas de vainilla, emulgente (monoglicéridos y diglicéridos de ácidos grasos), estabilizantes (goma garrofín, goma guar y carragenanos), colorante (-caroteno) y aroma natural de vainilla.;8480000642493;0;;;;Ice cream, stick, chocolate-coated;39503;sal_g;0.12;g;Gluten-free
8;2026-07-27 13:06:31;31;2026;43812;Vanilla-flavored almond chocolate ice cream Hacendado Frozen food Ice cream Chocolates;1;España;64000;8;Congelados;Helados;Bombones;Productos del momento;Elige el tuyo, ¡disfruta!;Helado bombón almendrado Hacendado sabor vainilla;;0.72;l;3.75;€/l;2.70;leche desnatada reconstituida, azúcar, grasa vegetal de coco y palma, aceite vegetal de coco, almendra tostada (6%), manteca de cacao, lactosa y proteínas de la leche, jarabe de glucosa y fructosa, leche entera en polvo, pasta de cacao, leche desnatada en polvo, mantequilla anhidra (derivado lácteo), vainas de vainilla, emulgentes (monoglicéridos y diglicéridos de ácidos grasos, lecitina de soja y e 476), estabilizantes (goma garrofín, goma guar y carragenanos), colorante (-caroteno), aroma natural de vainilla y aroma. contiene trazas de frutos de cáscara;8480000640000;0;2.90;;;Ice cream, stick, chocolate-coated;39503;Energia (kcal);324.0;kcal;Gluten-free
8;2026-07-27 13:06:31;31;2026;43812;Vanilla-flavored almond chocolate ice cream Hacendado Frozen food Ice cream Chocolates;1;España;64000;8;Congelados;Helados;Bombones;Productos del momento;Elige el tuyo, ¡disfruta!;Helado bombón almendrado Hacendado sabor vainilla;;0.72;l;3.75;€/l;2.70;leche desnatada reconstituida, azúcar, grasa vegetal de coco y palma, aceite vegetal de coco, almendra tostada (6%), manteca de cacao, lactosa y proteínas de la leche, jarabe de glucosa y fructosa, leche entera en polvo, pasta de cacao, leche desnatada en polvo, mantequilla anhidra (derivado lácteo), vainas de vainilla, emulgentes (monoglicéridos y diglicéridos de ácidos grasos, lecitina de soja y e 476), estabilizantes (goma garrofín, goma guar y carragenanos), colorante (-caroteno), aroma natural de vainilla y aroma. contiene trazas de frutos de cáscara;8480000640000;0;2.90;;;Ice cream, stick, chocolate-coated;39503;Energia (kJ);1352.0;kJ;Gluten-free
8;2026-07-27 13:06:31;31;2026;43812;Vanilla-flavored almond chocolate ice cream Hacendado Frozen food Ice cream Chocolates;1;España;64000;8;Congelados;Helados;Bombones;Productos del momento;Elige el tuyo, ¡disfruta!;Helado bombón almendrado Hacendado sabor vainilla;;0.72;l;3.75;€/l;2.70;leche desnatada reconstituida, azúcar, grasa vegetal de coco y palma, aceite vegetal de coco, almendra tostada (6%), manteca de cacao, lactosa y proteínas de la leche, jarabe de glucosa y fructosa, leche entera en polvo, pasta de cacao, leche desnatada en polvo, mantequilla anhidra (derivado lácteo), vainas de vainilla, emulgentes (monoglicéridos y diglicéridos de ácidos grasos, lecitina de soja y e 476), estabilizantes (goma garrofín, goma guar y carragenanos), colorante (-caroteno), aroma natural de vainilla y aroma. contiene trazas de frutos de cáscara;8480000640000;0;2.90;;;Ice cream, stick, chocolate-coated;39503;greixos_totals_g;19.8;g;Gluten-free
8;2026-07-27 13:06:31;31;2026;43812;Vanilla-flavored almond chocolate ice cream Hacendado Frozen food Ice cream Chocolates;1;España;64000;8;Congelados;Helados;Bombones;Productos del momento;Elige el tuyo, ¡disfruta!;Helado bombón almendrado Hacendado sabor vainilla;;0.72;l;3.75;€/l;2.70;leche desnatada reconstituida, azúcar, grasa vegetal de coco y palma, aceite vegetal de coco, almendra tostada (6%), manteca de cacao, lactosa y proteínas de la leche, jarabe de glucosa y fructosa, leche entera en polvo, pasta de cacao, leche desnatada en polvo, mantequilla anhidra (derivado lácteo), vainas de vainilla, emulgentes (monoglicéridos y diglicéridos de ácidos grasos, lecitina de soja y e 476), estabilizantes (goma garrofín, goma guar y carragenanos), colorante (-caroteno), aroma natural de vainilla y aroma. contiene trazas de frutos de cáscara;8480000640000;0;2.90;;;Ice cream, stick, chocolate-coated;39503;greixos_saturats_g;11.3;g;Gluten-free
8;2026-07-27 13:06:31;31;2026;43812;Vanilla-flavored almond chocolate ice cream Hacendado Frozen food Ice cream Chocolates;1;España;64000;8;Congelados;Helados;Bombones;Productos del momento;Elige el tuyo, ¡disfruta!;Helado bombón almendrado Hacendado sabor vainilla;;0.72;l;3.75;€/l;2.70;leche desnatada reconstituida, azúcar, grasa vegetal de coco y palma, aceite vegetal de coco, almendra tostada (6%), manteca de cacao, lactosa y proteínas de la leche, jarabe de glucosa y fructosa, leche entera en polvo, pasta de cacao, leche desnatada en polvo, mantequilla anhidra (derivado lácteo), vainas de vainilla, emulgentes (monoglicéridos y diglicéridos de ácidos grasos, lecitina de soja y e 476), estabilizantes (goma garrofín, goma guar y carragenanos), colorante (-caroteno), aroma natural de vainilla y aroma. contiene trazas de frutos de cáscara;8480000640000;0;2.90;;;Ice cream, stick, chocolate-coated;39503;greixos_monoinsaturats_g;6.1;g;Gluten-free
8;2026-07-27 13:06:31;31;2026;43812;Vanilla-flavored almond chocolate ice cream Hacendado Frozen food Ice cream Chocolates;1;España;64000;8;Congelados;Helados;Bombones;Productos del momento;Elige el tuyo, ¡disfruta!;Helado bombón almendrado Hacendado sabor vainilla;;0.72;l;3.75;€/l;2.70;leche desnatada reconstituida, azúcar, grasa vegetal de coco y palma, aceite vegetal de coco, almendra tostada (6%), manteca de cacao, lactosa y proteínas de la leche, jarabe de glucosa y fructosa, leche entera en polvo, pasta de cacao, leche desnatada en polvo, mantequilla anhidra (derivado lácteo), vainas de vainilla, emulgentes (monoglicéridos y diglicéridos de ácidos grasos, lecitina de soja y e 476), estabilizantes (goma garrofín, goma guar y carragenanos), colorante (-caroteno), aroma natural de vainilla y aroma. contiene trazas de frutos de cáscara;8480000640000;0;2.90;;;Ice cream, stick, chocolate-coated;39503;greixos_poliinsaturats_g;1.5;g;Gluten-free
8;2026-07-27 13:06:31;31;2026;43812;Vanilla-flavored almond chocolate ice cream Hacendado Frozen food Ice cream Chocolates;1;España;64000;8;Congelados;Helados;Bombones;Productos del momento;Elige el tuyo, ¡disfruta!;Helado bombón almendrado Hacendado sabor vainilla;;0.72;l;3.75;€/l;2.70;leche desnatada reconstituida, azúcar, grasa vegetal de coco y palma, aceite vegetal de coco, almendra tostada (6%), manteca de cacao, lactosa y proteínas de la leche, jarabe de glucosa y fructosa, leche entera en polvo, pasta de cacao, leche desnatada en polvo, mantequilla anhidra (derivado lácteo), vainas de vainilla, emulgentes (monoglicéridos y diglicéridos de ácidos grasos, lecitina de soja y e 476), estabilizantes (goma garrofín, goma guar y carragenanos), colorante (-caroteno), aroma natural de vainilla y aroma. contiene trazas de frutos de cáscara;8480000640000;0;2.90;;;Ice cream, stick, chocolate-coated;39503;hidrats_carboni_g;31.2;g;Gluten-free
8;2026-07-27 13:06:31;31;2026;43812;Vanilla-flavored almond chocolate ice cream Hacendado Frozen food Ice cream Chocolates;1;España;64000;8;Congelados;Helados;Bombones;Productos del momento;Elige el tuyo, ¡disfruta!;Helado bombón almendrado Hacendado sabor vainilla;;0.72;l;3.75;€/l;2.70;leche desnatada reconstituida, azúcar, grasa vegetal de coco y palma, aceite vegetal de coco, almendra tostada (6%), manteca de cacao, lactosa y proteínas de la leche, jarabe de glucosa y fructosa, leche entera en polvo, pasta de cacao, leche desnatada en polvo, mantequilla anhidra (derivado lácteo), vainas de vainilla, emulgentes (monoglicéridos y diglicéridos de ácidos grasos, lecitina de soja y e 476), estabilizantes (goma garrofín, goma guar y carragenanos), colorante (-caroteno), aroma natural de vainilla y aroma. contiene trazas de frutos de cáscara;8480000640000;0;2.90;;;Ice cream, stick, chocolate-coated;39503;sucres_g;30.9;g;Gluten-free
8;2026-07-27 13:06:31;31;2026;43812;Vanilla-flavored almond chocolate ice cream Hacendado Frozen food Ice cream Chocolates;1;España;64000;8;Congelados;Helados;Bombones;Productos del momento;Elige el tuyo, ¡disfruta!;Helado bombón almendrado Hacendado sabor vainilla;;0.72;l;3.75;€/l;2.70;leche desnatada reconstituida, azúcar, grasa vegetal de coco y palma, aceite vegetal de coco, almendra tostada (6%), manteca de cacao, lactosa y proteínas de la leche, jarabe de glucosa y fructosa, leche entera en polvo, pasta de cacao, leche desnatada en polvo, mantequilla anhidra (derivado lácteo), vainas de vainilla, emulgentes (monoglicéridos y diglicéridos de ácidos grasos, lecitina de soja y e 476), estabilizantes (goma garrofín, goma guar y carragenanos), colorante (-caroteno), aroma natural de vainilla y aroma. contiene trazas de frutos de cáscara;8480000640000;0;2.90;;;Ice cream, stick, chocolate-coated;39503;fibra_g;1.1;g;Gluten-free
8;2026-07-27 13:06:31;31;2026;43812;Vanilla-flavored almond chocolate ice cream Hacendado Frozen food Ice cream Chocolates;1;España;64000;8;Congelados;Helados;Bombones;Productos del momento;Elige el tuyo, ¡disfruta!;Helado bombón almendrado Hacendado sabor vainilla;;0.72;l;3.75;€/l;2.70;leche desnatada reconstituida, azúcar, grasa vegetal de coco y palma, aceite vegetal de coco, almendra tostada (6%), manteca de cacao, lactosa y proteínas de la leche, jarabe de glucosa y fructosa, leche entera en polvo, pasta de cacao, leche desnatada en polvo, mantequilla anhidra (derivado lácteo), vainas de vainilla, emulgentes (monoglicéridos y diglicéridos de ácidos grasos, lecitina de soja y e 476), estabilizantes (goma garrofín, goma guar y carragenanos), colorante (-caroteno), aroma natural de vainilla y aroma. contiene trazas de frutos de cáscara;8480000640000;0;2.90;;;Ice cream, stick, chocolate-coated;39503;proteines_g;4.7;g;Gluten-free
8;2026-07-27 13:06:31;31;2026;43812;Vanilla-flavored almond chocolate ice cream Hacendado Frozen food Ice cream Chocolates;1;España;64000;8;Congelados;Helados;Bombones;Productos del momento;Elige el tuyo, ¡disfruta!;Helado bombón almendrado Hacendado sabor vainilla;;0.72;l;3.75;€/l;2.70;leche desnatada reconstituida, azúcar, grasa vegetal de coco y palma, aceite vegetal de coco, almendra tostada (6%), manteca de cacao, lactosa y proteínas de la leche, jarabe de glucosa y fructosa, leche entera en polvo, pasta de cacao, leche desnatada en polvo, mantequilla anhidra (derivado lácteo), vainas de vainilla, emulgentes (monoglicéridos y diglicéridos de ácidos grasos, lecitina de soja y e 476), estabilizantes (goma garrofín, goma guar y carragenanos), colorante (-caroteno), aroma natural de vainilla y aroma. contiene trazas de frutos de cáscara;8480000640000;0;2.90;;;Ice cream, stick, chocolate-coated;39503;sal_g;0.11;g;Gluten-free
9;2026-07-27 13:06:31;31;2026;43812;Assorted mini ice cream bonbons Hacendado Frozen food Ice cream Chocolates;1;España;64001;9;Congelados;Helados;Bombones;Productos del momento;Elige el tuyo, ¡disfruta!;Mini helado bombón surtido Hacendado;;0.684;l;4.39;€/l;3.00;leche desnatada reconstituida, cobertura de chocolate (26,8%) (chocolate con leche, chocolate blanco y chocolate con mantequilla (derivado lácteo)), azúcar, grasa vegetal de coco y palma, agua, lactosa y proteínas de la leche, jarabe de glucosa y fructosa, almendra tostada (1%), vainas de vainilla, emulgente (monoglicéridos y diglicéridos de ácidos grasos), estabilizantes (goma garrofín, goma guar, goma tara y carragenanos), colorante (b-caroteno) y aroma natural de vainilla. ingredientes coberturas de chocolate: chocolate con leche: azúcar, manteca de cacao, leche entera en polvo, pasta de cacao, leche desnatada en polvo, aceite vegetal de coco, mantequilla anhidra (derivado lácteo), suero de leche, emulgentes: lecitina de soja y (e 476), aroma de vainilla y trazas de frutos de cáscara. chocolate blanco: azúcar, manteca de cacao, leche entera en polvo, mantequilla anhidra (derivado lácteo), aceite vegetal de coco y palma, emulgente: lecitina de soja, aroma de vainilla y trazas de frutos de cáscara. chocolate con mantequilla: azúcar, pasta de cacao, manteca de cacao, mantequilla concentrada (derivado lácteo), emulgente: lecitina de soja, aromas y trazas de frutos de cáscara. sin gluten.;8402001009259;0;;;;Ice cream, stick, chocolate-coated;39503;Energia (kcal);310.0;kcal;Gluten-free
9;2026-07-27 13:06:31;31;2026;43812;Assorted mini ice cream bonbons Hacendado Frozen food Ice cream Chocolates;1;España;64001;9;Congelados;Helados;Bombones;Productos del momento;Elige el tuyo, ¡disfruta!;Mini helado bombón surtido Hacendado;;0.684;l;4.39;€/l;3.00;leche desnatada reconstituida, cobertura de chocolate (26,8%) (chocolate con leche, chocolate blanco y chocolate con mantequilla (derivado lácteo)), azúcar, grasa vegetal de coco y palma, agua, lactosa y proteínas de la leche, jarabe de glucosa y fructosa, almendra tostada (1%), vainas de vainilla, emulgente (monoglicéridos y diglicéridos de ácidos grasos), estabilizantes (goma garrofín, goma guar, goma tara y carragenanos), colorante (b-caroteno) y aroma natural de vainilla. ingredientes coberturas de chocolate: chocolate con leche: azúcar, manteca de cacao, leche entera en polvo, pasta de cacao, leche desnatada en polvo, aceite vegetal de coco, mantequilla anhidra (derivado lácteo), suero de leche, emulgentes: lecitina de soja y (e 476), aroma de vainilla y trazas de frutos de cáscara. chocolate blanco: azúcar, manteca de cacao, leche entera en polvo, mantequilla anhidra (derivado lácteo), aceite vegetal de coco y palma, emulgente: lecitina de soja, aroma de vainilla y trazas de frutos de cáscara. chocolate con mantequilla: azúcar, pasta de cacao, manteca de cacao, mantequilla concentrada (derivado lácteo), emulgente: lecitina de soja, aromas y trazas de frutos de cáscara. sin gluten.;8402001009259;0;;;;Ice cream, stick, chocolate-coated;39503;Energia (kJ);1294.0;kJ;Gluten-free
9;2026-07-27 13:06:31;31;2026;43812;Assorted mini ice cream bonbons Hacendado Frozen food Ice cream Chocolates;1;España;64001;9;Congelados;Helados;Bombones;Productos del momento;Elige el tuyo, ¡disfruta!;Mini helado bombón surtido Hacendado;;0.684;l;4.39;€/l;3.00;leche desnatada reconstituida, cobertura de chocolate (26,8%) (chocolate con leche, chocolate blanco y chocolate con mantequilla (derivado lácteo)), azúcar, grasa vegetal de coco y palma, agua, lactosa y proteínas de la leche, jarabe de glucosa y fructosa, almendra tostada (1%), vainas de vainilla, emulgente (monoglicéridos y diglicéridos de ácidos grasos), estabilizantes (goma garrofín, goma guar, goma tara y carragenanos), colorante (b-caroteno) y aroma natural de vainilla. ingredientes coberturas de chocolate: chocolate con leche: azúcar, manteca de cacao, leche entera en polvo, pasta de cacao, leche desnatada en polvo, aceite vegetal de coco, mantequilla anhidra (derivado lácteo), suero de leche, emulgentes: lecitina de soja y (e 476), aroma de vainilla y trazas de frutos de cáscara. chocolate blanco: azúcar, manteca de cacao, leche entera en polvo, mantequilla anhidra (derivado lácteo), aceite vegetal de coco y palma, emulgente: lecitina de soja, aroma de vainilla y trazas de frutos de cáscara. chocolate con mantequilla: azúcar, pasta de cacao, manteca de cacao, mantequilla concentrada (derivado lácteo), emulgente: lecitina de soja, aromas y trazas de frutos de cáscara. sin gluten.;8402001009259;0;;;;Ice cream, stick, chocolate-coated;39503;greixos_totals_g;19.0;g;Gluten-free
9;2026-07-27 13:06:31;31;2026;43812;Assorted mini ice cream bonbons Hacendado Frozen food Ice cream Chocolates;1;España;64001;9;Congelados;Helados;Bombones;Productos del momento;Elige el tuyo, ¡disfruta!;Mini helado bombón surtido Hacendado;;0.684;l;4.39;€/l;3.00;leche desnatada reconstituida, cobertura de chocolate (26,8%) (chocolate con leche, chocolate blanco y chocolate con mantequilla (derivado lácteo)), azúcar, grasa vegetal de coco y palma, agua, lactosa y proteínas de la leche, jarabe de glucosa y fructosa, almendra tostada (1%), vainas de vainilla, emulgente (monoglicéridos y diglicéridos de ácidos grasos), estabilizantes (goma garrofín, goma guar, goma tara y carragenanos), colorante (b-caroteno) y aroma natural de vainilla. ingredientes coberturas de chocolate: chocolate con leche: azúcar, manteca de cacao, leche entera en polvo, pasta de cacao, leche desnatada en polvo, aceite vegetal de coco, mantequilla anhidra (derivado lácteo), suero de leche, emulgentes: lecitina de soja y (e 476), aroma de vainilla y trazas de frutos de cáscara. chocolate blanco: azúcar, manteca de cacao, leche entera en polvo, mantequilla anhidra (derivado lácteo), aceite vegetal de coco y palma, emulgente: lecitina de soja, aroma de vainilla y trazas de frutos de cáscara. chocolate con mantequilla: azúcar, pasta de cacao, manteca de cacao, mantequilla concentrada (derivado lácteo), emulgente: lecitina de soja, aromas y trazas de frutos de cáscara. sin gluten.;8402001009259;0;;;;Ice cream, stick, chocolate-coated;39503;greixos_saturats_g;12.8;g;Gluten-free
9;2026-07-27 13:06:31;31;2026;43812;Assorted mini ice cream bonbons Hacendado Frozen food Ice cream Chocolates;1;España;64001;9;Congelados;Helados;Bombones;Productos del momento;Elige el tuyo, ¡disfruta!;Mini helado bombón surtido Hacendado;;0.684;l;4.39;€/l;3.00;leche desnatada reconstituida, cobertura de chocolate (26,8%) (chocolate con leche, chocolate blanco y chocolate con mantequilla (derivado lácteo)), azúcar, grasa vegetal de coco y palma, agua, lactosa y proteínas de la leche, jarabe de glucosa y fructosa, almendra tostada (1%), vainas de vainilla, emulgente (monoglicéridos y diglicéridos de ácidos grasos), estabilizantes (goma garrofín, goma guar, goma tara y carragenanos), colorante (b-caroteno) y aroma natural de vainilla. ingredientes coberturas de chocolate: chocolate con leche: azúcar, manteca de cacao, leche entera en polvo, pasta de cacao, leche desnatada en polvo, aceite vegetal de coco, mantequilla anhidra (derivado lácteo), suero de leche, emulgentes: lecitina de soja y (e 476), aroma de vainilla y trazas de frutos de cáscara. chocolate blanco: azúcar, manteca de cacao, leche entera en polvo, mantequilla anhidra (derivado lácteo), aceite vegetal de coco y palma, emulgente: lecitina de soja, aroma de vainilla y trazas de frutos de cáscara. chocolate con mantequilla: azúcar, pasta de cacao, manteca de cacao, mantequilla concentrada (derivado lácteo), emulgente: lecitina de soja, aromas y trazas de frutos de cáscara. sin gluten.;8402001009259;0;;;;Ice cream, stick, chocolate-coated;39503;greixos_monoinsaturats_g;4.3;g;Gluten-free
9;2026-07-27 13:06:31;31;2026;43812;Assorted mini ice cream bonbons Hacendado Frozen food Ice cream Chocolates;1;España;64001;9;Congelados;Helados;Bombones;Productos del momento;Elige el tuyo, ¡disfruta!;Mini helado bombón surtido Hacendado;;0.684;l;4.39;€/l;3.00;leche desnatada reconstituida, cobertura de chocolate (26,8%) (chocolate con leche, chocolate blanco y chocolate con mantequilla (derivado lácteo)), azúcar, grasa vegetal de coco y palma, agua, lactosa y proteínas de la leche, jarabe de glucosa y fructosa, almendra tostada (1%), vainas de vainilla, emulgente (monoglicéridos y diglicéridos de ácidos grasos), estabilizantes (goma garrofín, goma guar, goma tara y carragenanos), colorante (b-caroteno) y aroma natural de vainilla. ingredientes coberturas de chocolate: chocolate con leche: azúcar, manteca de cacao, leche entera en polvo, pasta de cacao, leche desnatada en polvo, aceite vegetal de coco, mantequilla anhidra (derivado lácteo), suero de leche, emulgentes: lecitina de soja y (e 476), aroma de vainilla y trazas de frutos de cáscara. chocolate blanco: azúcar, manteca de cacao, leche entera en polvo, mantequilla anhidra (derivado lácteo), aceite vegetal de coco y palma, emulgente: lecitina de soja, aroma de vainilla y trazas de frutos de cáscara. chocolate con mantequilla: azúcar, pasta de cacao, manteca de cacao, mantequilla concentrada (derivado lácteo), emulgente: lecitina de soja, aromas y trazas de frutos de cáscara. sin gluten.;8402001009259;0;;;;Ice cream, stick, chocolate-coated;39503;greixos_poliinsaturats_g;0.8;g;Gluten-free
9;2026-07-27 13:06:31;31;2026;43812;Assorted mini ice cream bonbons Hacendado Frozen food Ice cream Chocolates;1;España;64001;9;Congelados;Helados;Bombones;Productos del momento;Elige el tuyo, ¡disfruta!;Mini helado bombón surtido Hacendado;;0.684;l;4.39;€/l;3.00;leche desnatada reconstituida, cobertura de chocolate (26,8%) (chocolate con leche, chocolate blanco y chocolate con mantequilla (derivado lácteo)), azúcar, grasa vegetal de coco y palma, agua, lactosa y proteínas de la leche, jarabe de glucosa y fructosa, almendra tostada (1%), vainas de vainilla, emulgente (monoglicéridos y diglicéridos de ácidos grasos), estabilizantes (goma garrofín, goma guar, goma tara y carragenanos), colorante (b-caroteno) y aroma natural de vainilla. ingredientes coberturas de chocolate: chocolate con leche: azúcar, manteca de cacao, leche entera en polvo, pasta de cacao, leche desnatada en polvo, aceite vegetal de coco, mantequilla anhidra (derivado lácteo), suero de leche, emulgentes: lecitina de soja y (e 476), aroma de vainilla y trazas de frutos de cáscara. chocolate blanco: azúcar, manteca de cacao, leche entera en polvo, mantequilla anhidra (derivado lácteo), aceite vegetal de coco y palma, emulgente: lecitina de soja, aroma de vainilla y trazas de frutos de cáscara. chocolate con mantequilla: azúcar, pasta de cacao, manteca de cacao, mantequilla concentrada (derivado lácteo), emulgente: lecitina de soja, aromas y trazas de frutos de cáscara. sin gluten.;8402001009259;0;;;;Ice cream, stick, chocolate-coated;39503;hidrats_carboni_g;30.8;g;Gluten-free
9;2026-07-27 13:06:31;31;2026;43812;Assorted mini ice cream bonbons Hacendado Frozen food Ice cream Chocolates;1;España;64001;9;Congelados;Helados;Bombones;Productos del momento;Elige el tuyo, ¡disfruta!;Mini helado bombón surtido Hacendado;;0.684;l;4.39;€/l;3.00;leche desnatada reconstituida, cobertura de chocolate (26,8%) (chocolate con leche, chocolate blanco y chocolate con mantequilla (derivado lácteo)), azúcar, grasa vegetal de coco y palma, agua, lactosa y proteínas de la leche, jarabe de glucosa y fructosa, almendra tostada (1%), vainas de vainilla, emulgente (monoglicéridos y diglicéridos de ácidos grasos), estabilizantes (goma garrofín, goma guar, goma tara y carragenanos), colorante (b-caroteno) y aroma natural de vainilla. ingredientes coberturas de chocolate: chocolate con leche: azúcar, manteca de cacao, leche entera en polvo, pasta de cacao, leche desnatada en polvo, aceite vegetal de coco, mantequilla anhidra (derivado lácteo), suero de leche, emulgentes: lecitina de soja y (e 476), aroma de vainilla y trazas de frutos de cáscara. chocolate blanco: azúcar, manteca de cacao, leche entera en polvo, mantequilla anhidra (derivado lácteo), aceite vegetal de coco y palma, emulgente: lecitina de soja, aroma de vainilla y trazas de frutos de cáscara. chocolate con mantequilla: azúcar, pasta de cacao, manteca de cacao, mantequilla concentrada (derivado lácteo), emulgente: lecitina de soja, aromas y trazas de frutos de cáscara. sin gluten.;8402001009259;0;;;;Ice cream, stick, chocolate-coated;39503;sucres_g;30.4;g;Gluten-free
9;2026-07-27 13:06:31;31;2026;43812;Assorted mini ice cream bonbons Hacendado Frozen food Ice cream Chocolates;1;España;64001;9;Congelados;Helados;Bombones;Productos del momento;Elige el tuyo, ¡disfruta!;Mini helado bombón surtido Hacendado;;0.684;l;4.39;€/l;3.00;leche desnatada reconstituida, cobertura de chocolate (26,8%) (chocolate con leche, chocolate blanco y chocolate con mantequilla (derivado lácteo)), azúcar, grasa vegetal de coco y palma, agua, lactosa y proteínas de la leche, jarabe de glucosa y fructosa, almendra tostada (1%), vainas de vainilla, emulgente (monoglicéridos y diglicéridos de ácidos grasos), estabilizantes (goma garrofín, goma guar, goma tara y carragenanos), colorante (b-caroteno) y aroma natural de vainilla. ingredientes coberturas de chocolate: chocolate con leche: azúcar, manteca de cacao, leche entera en polvo, pasta de cacao, leche desnatada en polvo, aceite vegetal de coco, mantequilla anhidra (derivado lácteo), suero de leche, emulgentes: lecitina de soja y (e 476), aroma de vainilla y trazas de frutos de cáscara. chocolate blanco: azúcar, manteca de cacao, leche entera en polvo, mantequilla anhidra (derivado lácteo), aceite vegetal de coco y palma, emulgente: lecitina de soja, aroma de vainilla y trazas de frutos de cáscara. chocolate con mantequilla: azúcar, pasta de cacao, manteca de cacao, mantequilla concentrada (derivado lácteo), emulgente: lecitina de soja, aromas y trazas de frutos de cáscara. sin gluten.;8402001009259;0;;;;Ice cream, stick, chocolate-coated;39503;fibra_g;0.8;g;Gluten-free
9;2026-07-27 13:06:31;31;2026;43812;Assorted mini ice cream bonbons Hacendado Frozen food Ice cream Chocolates;1;España;64001;9;Congelados;Helados;Bombones;Productos del momento;Elige el tuyo, ¡disfruta!;Mini helado bombón surtido Hacendado;;0.684;l;4.39;€/l;3.00;leche desnatada reconstituida, cobertura de chocolate (26,8%) (chocolate con leche, chocolate blanco y chocolate con mantequilla (derivado lácteo)), azúcar, grasa vegetal de coco y palma, agua, lactosa y proteínas de la leche, jarabe de glucosa y fructosa, almendra tostada (1%), vainas de vainilla, emulgente (monoglicéridos y diglicéridos de ácidos grasos), estabilizantes (goma garrofín, goma guar, goma tara y carragenanos), colorante (b-caroteno) y aroma natural de vainilla. ingredientes coberturas de chocolate: chocolate con leche: azúcar, manteca de cacao, leche entera en polvo, pasta de cacao, leche desnatada en polvo, aceite vegetal de coco, mantequilla anhidra (derivado lácteo), suero de leche, emulgentes: lecitina de soja y (e 476), aroma de vainilla y trazas de frutos de cáscara. chocolate blanco: azúcar, manteca de cacao, leche entera en polvo, mantequilla anhidra (derivado lácteo), aceite vegetal de coco y palma, emulgente: lecitina de soja, aroma de vainilla y trazas de frutos de cáscara. chocolate con mantequilla: azúcar, pasta de cacao, manteca de cacao, mantequilla concentrada (derivado lácteo), emulgente: lecitina de soja, aromas y trazas de frutos de cáscara. sin gluten.;8402001009259;0;;;;Ice cream, stick, chocolate-coated;39503;proteines_g;3.9;g;Gluten-free
9;2026-07-27 13:06:31;31;2026;43812;Assorted mini ice cream bonbons Hacendado Frozen food Ice cream Chocolates;1;España;64001;9;Congelados;Helados;Bombones;Productos del momento;Elige el tuyo, ¡disfruta!;Mini helado bombón surtido Hacendado;;0.684;l;4.39;€/l;3.00;leche desnatada reconstituida, cobertura de chocolate (26,8%) (chocolate con leche, chocolate blanco y chocolate con mantequilla (derivado lácteo)), azúcar, grasa vegetal de coco y palma, agua, lactosa y proteínas de la leche, jarabe de glucosa y fructosa, almendra tostada (1%), vainas de vainilla, emulgente (monoglicéridos y diglicéridos de ácidos grasos), estabilizantes (goma garrofín, goma guar, goma tara y carragenanos), colorante (b-caroteno) y aroma natural de vainilla. ingredientes coberturas de chocolate: chocolate con leche: azúcar, manteca de cacao, leche entera en polvo, pasta de cacao, leche desnatada en polvo, aceite vegetal de coco, mantequilla anhidra (derivado lácteo), suero de leche, emulgentes: lecitina de soja y (e 476), aroma de vainilla y trazas de frutos de cáscara. chocolate blanco: azúcar, manteca de cacao, leche entera en polvo, mantequilla anhidra (derivado lácteo), aceite vegetal de coco y palma, emulgente: lecitina de soja, aroma de vainilla y trazas de frutos de cáscara. chocolate con mantequilla: azúcar, pasta de cacao, manteca de cacao, mantequilla concentrada (derivado lácteo), emulgente: lecitina de soja, aromas y trazas de frutos de cáscara. sin gluten.;8402001009259;0;;;;Ice cream, stick, chocolate-coated;39503;sal_g;0.1;g;Gluten-free
10;2026-07-27 13:06:31;31;2026;43812;Chocolate chip chocolate ice cream Hacendado Frozen food Ice cream Tubs;1;España;64400;10;Congelados;Helados;Tarrinas;Productos del momento;Elige el tuyo, ¡disfruta!;Helado de chocolate Hacendado con trocitos sabor chocolate;;1.0;l;3.20;€/l;3.20;helado de crema de  chocolate con trocitos sabor chocolate. helado de crema de chocolate (93%). ingredientes: leche desnatada  reconstituida, jarabe de glucosa y fructosa, mantequilla (leche),  azúcar, lactosa y proteínas de leche, cacao desgrasado, manteca  de cacao, yema de huevo, chocolate (contiene lecitina de soja),  emulgente (monoglicéridos y diglicéridos de ácidos grasos), estabilizantes  (goma garrofín, alginato sódico, goma guar, carragenanos). sólidos de cacao: 7,8%. trocitos sabor chocolate (7%). ingredientes: azúcar,  cacao desgrasado, grasa de coco, grasa de coco totalmente  hidrogenada, emulgente (lecitina de soja),  sal, aroma. trazas de frutos de cáscara.;8480000644008;0;;;;Ice cream, in box;39515;Energia (kcal);292.0;kcal;Gluten-free
10;2026-07-27 13:06:31;31;2026;43812;Chocolate chip chocolate ice cream Hacendado Frozen food Ice cream Tubs;1;España;64400;10;Congelados;Helados;Tarrinas;Productos del momento;Elige el tuyo, ¡disfruta!;Helado de chocolate Hacendado con trocitos sabor chocolate;;1.0;l;3.20;€/l;3.20;helado de crema de  chocolate con trocitos sabor chocolate. helado de crema de chocolate (93%). ingredientes: leche desnatada  reconstituida, jarabe de glucosa y fructosa, mantequilla (leche),  azúcar, lactosa y proteínas de leche, cacao desgrasado, manteca  de cacao, yema de huevo, chocolate (contiene lecitina de soja),  emulgente (monoglicéridos y diglicéridos de ácidos grasos), estabilizantes  (goma garrofín, alginato sódico, goma guar, carragenanos). sólidos de cacao: 7,8%. trocitos sabor chocolate (7%). ingredientes: azúcar,  cacao desgrasado, grasa de coco, grasa de coco totalmente  hidrogenada, emulgente (lecitina de soja),  sal, aroma. trazas de frutos de cáscara.;8480000644008;0;;;;Ice cream, in box;39515;Energia (kJ);1218.0;kJ;Gluten-free
10;2026-07-27 13:06:31;31;2026;43812;Chocolate chip chocolate ice cream Hacendado Frozen food Ice cream Tubs;1;España;64400;10;Congelados;Helados;Tarrinas;Productos del momento;Elige el tuyo, ¡disfruta!;Helado de chocolate Hacendado con trocitos sabor chocolate;;1.0;l;3.20;€/l;3.20;helado de crema de  chocolate con trocitos sabor chocolate. helado de crema de chocolate (93%). ingredientes: leche desnatada  reconstituida, jarabe de glucosa y fructosa, mantequilla (leche),  azúcar, lactosa y proteínas de leche, cacao desgrasado, manteca  de cacao, yema de huevo, chocolate (contiene lecitina de soja),  emulgente (monoglicéridos y diglicéridos de ácidos grasos), estabilizantes  (goma garrofín, alginato sódico, goma guar, carragenanos). sólidos de cacao: 7,8%. trocitos sabor chocolate (7%). ingredientes: azúcar,  cacao desgrasado, grasa de coco, grasa de coco totalmente  hidrogenada, emulgente (lecitina de soja),  sal, aroma. trazas de frutos de cáscara.;8480000644008;0;;;;Ice cream, in box;39515;greixos_totals_g;17.0;g;Gluten-free
10;2026-07-27 13:06:31;31;2026;43812;Chocolate chip chocolate ice cream Hacendado Frozen food Ice cream Tubs;1;España;64400;10;Congelados;Helados;Tarrinas;Productos del momento;Elige el tuyo, ¡disfruta!;Helado de chocolate Hacendado con trocitos sabor chocolate;;1.0;l;3.20;€/l;3.20;helado de crema de  chocolate con trocitos sabor chocolate. helado de crema de chocolate (93%). ingredientes: leche desnatada  reconstituida, jarabe de glucosa y fructosa, mantequilla (leche),  azúcar, lactosa y proteínas de leche, cacao desgrasado, manteca  de cacao, yema de huevo, chocolate (contiene lecitina de soja),  emulgente (monoglicéridos y diglicéridos de ácidos grasos), estabilizantes  (goma garrofín, alginato sódico, goma guar, carragenanos). sólidos de cacao: 7,8%. trocitos sabor chocolate (7%). ingredientes: azúcar,  cacao desgrasado, grasa de coco, grasa de coco totalmente  hidrogenada, emulgente (lecitina de soja),  sal, aroma. trazas de frutos de cáscara.;8480000644008;0;;;;Ice cream, in box;39515;greixos_saturats_g;12.0;g;Gluten-free
10;2026-07-27 13:06:31;31;2026;43812;Chocolate chip chocolate ice cream Hacendado Frozen food Ice cream Tubs;1;España;64400;10;Congelados;Helados;Tarrinas;Productos del momento;Elige el tuyo, ¡disfruta!;Helado de chocolate Hacendado con trocitos sabor chocolate;;1.0;l;3.20;€/l;3.20;helado de crema de  chocolate con trocitos sabor chocolate. helado de crema de chocolate (93%). ingredientes: leche desnatada  reconstituida, jarabe de glucosa y fructosa, mantequilla (leche),  azúcar, lactosa y proteínas de leche, cacao desgrasado, manteca  de cacao, yema de huevo, chocolate (contiene lecitina de soja),  emulgente (monoglicéridos y diglicéridos de ácidos grasos), estabilizantes  (goma garrofín, alginato sódico, goma guar, carragenanos). sólidos de cacao: 7,8%. trocitos sabor chocolate (7%). ingredientes: azúcar,  cacao desgrasado, grasa de coco, grasa de coco totalmente  hidrogenada, emulgente (lecitina de soja),  sal, aroma. trazas de frutos de cáscara.;8480000644008;0;;;;Ice cream, in box;39515;hidrats_carboni_g;29.0;g;Gluten-free
10;2026-07-27 13:06:31;31;2026;43812;Chocolate chip chocolate ice cream Hacendado Frozen food Ice cream Tubs;1;España;64400;10;Congelados;Helados;Tarrinas;Productos del momento;Elige el tuyo, ¡disfruta!;Helado de chocolate Hacendado con trocitos sabor chocolate;;1.0;l;3.20;€/l;3.20;helado de crema de  chocolate con trocitos sabor chocolate. helado de crema de chocolate (93%). ingredientes: leche desnatada  reconstituida, jarabe de glucosa y fructosa, mantequilla (leche),  azúcar, lactosa y proteínas de leche, cacao desgrasado, manteca  de cacao, yema de huevo, chocolate (contiene lecitina de soja),  emulgente (monoglicéridos y diglicéridos de ácidos grasos), estabilizantes  (goma garrofín, alginato sódico, goma guar, carragenanos). sólidos de cacao: 7,8%. trocitos sabor chocolate (7%). ingredientes: azúcar,  cacao desgrasado, grasa de coco, grasa de coco totalmente  hidrogenada, emulgente (lecitina de soja),  sal, aroma. trazas de frutos de cáscara.;8480000644008;0;;;;Ice cream, in box;39515;sucres_g;27.0;g;Gluten-free
10;2026-07-27 13:06:31;31;2026;43812;Chocolate chip chocolate ice cream Hacendado Frozen food Ice cream Tubs;1;España;64400;10;Congelados;Helados;Tarrinas;Productos del momento;Elige el tuyo, ¡disfruta!;Helado de chocolate Hacendado con trocitos sabor chocolate;;1.0;l;3.20;€/l;3.20;helado de crema de  chocolate con trocitos sabor chocolate. helado de crema de chocolate (93%). ingredientes: leche desnatada  reconstituida, jarabe de glucosa y fructosa, mantequilla (leche),  azúcar, lactosa y proteínas de leche, cacao desgrasado, manteca  de cacao, yema de huevo, chocolate (contiene lecitina de soja),  emulgente (monoglicéridos y diglicéridos de ácidos grasos), estabilizantes  (goma garrofín, alginato sódico, goma guar, carragenanos). sólidos de cacao: 7,8%. trocitos sabor chocolate (7%). ingredientes: azúcar,  cacao desgrasado, grasa de coco, grasa de coco totalmente  hidrogenada, emulgente (lecitina de soja),  sal, aroma. trazas de frutos de cáscara.;8480000644008;0;;;;Ice cream, in box;39515;fibra_g;2.2;g;Gluten-free
10;2026-07-27 13:06:31;31;2026;43812;Chocolate chip chocolate ice cream Hacendado Frozen food Ice cream Tubs;1;España;64400;10;Congelados;Helados;Tarrinas;Productos del momento;Elige el tuyo, ¡disfruta!;Helado de chocolate Hacendado con trocitos sabor chocolate;;1.0;l;3.20;€/l;3.20;helado de crema de  chocolate con trocitos sabor chocolate. helado de crema de chocolate (93%). ingredientes: leche desnatada  reconstituida, jarabe de glucosa y fructosa, mantequilla (leche),  azúcar, lactosa y proteínas de leche, cacao desgrasado, manteca  de cacao, yema de huevo, chocolate (contiene lecitina de soja),  emulgente (monoglicéridos y diglicéridos de ácidos grasos), estabilizantes  (goma garrofín, alginato sódico, goma guar, carragenanos). sólidos de cacao: 7,8%. trocitos sabor chocolate (7%). ingredientes: azúcar,  cacao desgrasado, grasa de coco, grasa de coco totalmente  hidrogenada, emulgente (lecitina de soja),  sal, aroma. trazas de frutos de cáscara.;8480000644008;0;;;;Ice cream, in box;39515;proteines_g;4.6;g;Gluten-free
10;2026-07-27 13:06:31;31;2026;43812;Chocolate chip chocolate ice cream Hacendado Frozen food Ice cream Tubs;1;España;64400;10;Congelados;Helados;Tarrinas;Productos del momento;Elige el tuyo, ¡disfruta!;Helado de chocolate Hacendado con trocitos sabor chocolate;;1.0;l;3.20;€/l;3.20;helado de crema de  chocolate con trocitos sabor chocolate. helado de crema de chocolate (93%). ingredientes: leche desnatada  reconstituida, jarabe de glucosa y fructosa, mantequilla (leche),  azúcar, lactosa y proteínas de leche, cacao desgrasado, manteca  de cacao, yema de huevo, chocolate (contiene lecitina de soja),  emulgente (monoglicéridos y diglicéridos de ácidos grasos), estabilizantes  (goma garrofín, alginato sódico, goma guar, carragenanos). sólidos de cacao: 7,8%. trocitos sabor chocolate (7%). ingredientes: azúcar,  cacao desgrasado, grasa de coco, grasa de coco totalmente  hidrogenada, emulgente (lecitina de soja),  sal, aroma. trazas de frutos de cáscara.;8480000644008;0;;;;Ice cream, in box;39515;sal_g;0.19;g;Gluten-free
11;2026-07-27 13:06:31;31;2026;43812;Dochi ice cream flavored grandma’s cake with hazelnut sauce Hacendado Frozen food Ice cream Other Ice Creams;1;España;21605;11;Congelados;Helados;Otros Helados;Productos del momento;Elige el tuyo, ¡disfruta!;Helado Dochi sabor tarta de la abuela Hacendado con salsa de avellana;;0.216;l;13.89;€/l;3.00;leche desnatada reconstituida, azúcar, harina de trigo (gluten), agua, margarina vegetal (grasa vegetal (coco), agua, aceite refinado de colza, emulgente (monoglicéridos y diglicéridos de ácidos grasos), sal, acidulante (e 330), aroma natural), grasas vegetales (coco y palma), jarabe de azúcar invertido, aceite refinado de girasol, jarabe de glucosa y fructosa, leche desnatada en polvo, lactosa y proteínas de la leche, almidón pregelatinizado, cacao desgrasado en polvo, pasta de avellana (0,65%), suero de leche, sal, aceite vegetal (coco), jarabe de glucosa, vainas de vainilla, emulgentes (lecitinas de girasol, monoglicéridos y diglicéridos de ácidos grasos), estabilizantes (goma garrofín, goma guar, goma tara, carragenanos), gasificantes (carbonatos de amonio, carbonatos de sodio), antioxidante (metabisulfito sódico), espesante (e 1422), colorantes (caramelo natural, ?-caroteno), aromas, aroma natural y aroma natural de vainilla. puede contener trazas de huevo, soja, mostaza y otros frutos de cáscara.;8402001045257;0;;;;Ice cream or sorbet or ice pop, any flavour (average);39500;Energia (kcal);321.0;kcal;No certificat
11;2026-07-27 13:06:31;31;2026;43812;Dochi ice cream flavored grandma’s cake with hazelnut sauce Hacendado Frozen food Ice cream Other Ice Creams;1;España;21605;11;Congelados;Helados;Otros Helados;Productos del momento;Elige el tuyo, ¡disfruta!;Helado Dochi sabor tarta de la abuela Hacendado con salsa de avellana;;0.216;l;13.89;€/l;3.00;leche desnatada reconstituida, azúcar, harina de trigo (gluten), agua, margarina vegetal (grasa vegetal (coco), agua, aceite refinado de colza, emulgente (monoglicéridos y diglicéridos de ácidos grasos), sal, acidulante (e 330), aroma natural), grasas vegetales (coco y palma), jarabe de azúcar invertido, aceite refinado de girasol, jarabe de glucosa y fructosa, leche desnatada en polvo, lactosa y proteínas de la leche, almidón pregelatinizado, cacao desgrasado en polvo, pasta de avellana (0,65%), suero de leche, sal, aceite vegetal (coco), jarabe de glucosa, vainas de vainilla, emulgentes (lecitinas de girasol, monoglicéridos y diglicéridos de ácidos grasos), estabilizantes (goma garrofín, goma guar, goma tara, carragenanos), gasificantes (carbonatos de amonio, carbonatos de sodio), antioxidante (metabisulfito sódico), espesante (e 1422), colorantes (caramelo natural, ?-caroteno), aromas, aroma natural y aroma natural de vainilla. puede contener trazas de huevo, soja, mostaza y otros frutos de cáscara.;8402001045257;0;;;;Ice cream or sorbet or ice pop, any flavour (average);39500;Energia (kJ);1346.0;kJ;No certificat
11;2026-07-27 13:06:31;31;2026;43812;Dochi ice cream flavored grandma’s cake with hazelnut sauce Hacendado Frozen food Ice cream Other Ice Creams;1;España;21605;11;Congelados;Helados;Otros Helados;Productos del momento;Elige el tuyo, ¡disfruta!;Helado Dochi sabor tarta de la abuela Hacendado con salsa de avellana;;0.216;l;13.89;€/l;3.00;leche desnatada reconstituida, azúcar, harina de trigo (gluten), agua, margarina vegetal (grasa vegetal (coco), agua, aceite refinado de colza, emulgente (monoglicéridos y diglicéridos de ácidos grasos), sal, acidulante (e 330), aroma natural), grasas vegetales (coco y palma), jarabe de azúcar invertido, aceite refinado de girasol, jarabe de glucosa y fructosa, leche desnatada en polvo, lactosa y proteínas de la leche, almidón pregelatinizado, cacao desgrasado en polvo, pasta de avellana (0,65%), suero de leche, sal, aceite vegetal (coco), jarabe de glucosa, vainas de vainilla, emulgentes (lecitinas de girasol, monoglicéridos y diglicéridos de ácidos grasos), estabilizantes (goma garrofín, goma guar, goma tara, carragenanos), gasificantes (carbonatos de amonio, carbonatos de sodio), antioxidante (metabisulfito sódico), espesante (e 1422), colorantes (caramelo natural, ?-caroteno), aromas, aroma natural y aroma natural de vainilla. puede contener trazas de huevo, soja, mostaza y otros frutos de cáscara.;8402001045257;0;;;;Ice cream or sorbet or ice pop, any flavour (average);39500;greixos_totals_g;14.6;g;No certificat
11;2026-07-27 13:06:31;31;2026;43812;Dochi ice cream flavored grandma’s cake with hazelnut sauce Hacendado Frozen food Ice cream Other Ice Creams;1;España;21605;11;Congelados;Helados;Otros Helados;Productos del momento;Elige el tuyo, ¡disfruta!;Helado Dochi sabor tarta de la abuela Hacendado con salsa de avellana;;0.216;l;13.89;€/l;3.00;leche desnatada reconstituida, azúcar, harina de trigo (gluten), agua, margarina vegetal (grasa vegetal (coco), agua, aceite refinado de colza, emulgente (monoglicéridos y diglicéridos de ácidos grasos), sal, acidulante (e 330), aroma natural), grasas vegetales (coco y palma), jarabe de azúcar invertido, aceite refinado de girasol, jarabe de glucosa y fructosa, leche desnatada en polvo, lactosa y proteínas de la leche, almidón pregelatinizado, cacao desgrasado en polvo, pasta de avellana (0,65%), suero de leche, sal, aceite vegetal (coco), jarabe de glucosa, vainas de vainilla, emulgentes (lecitinas de girasol, monoglicéridos y diglicéridos de ácidos grasos), estabilizantes (goma garrofín, goma guar, goma tara, carragenanos), gasificantes (carbonatos de amonio, carbonatos de sodio), antioxidante (metabisulfito sódico), espesante (e 1422), colorantes (caramelo natural, ?-caroteno), aromas, aroma natural y aroma natural de vainilla. puede contener trazas de huevo, soja, mostaza y otros frutos de cáscara.;8402001045257;0;;;;Ice cream or sorbet or ice pop, any flavour (average);39500;greixos_saturats_g;8.6;g;No certificat
11;2026-07-27 13:06:31;31;2026;43812;Dochi ice cream flavored grandma’s cake with hazelnut sauce Hacendado Frozen food Ice cream Other Ice Creams;1;España;21605;11;Congelados;Helados;Otros Helados;Productos del momento;Elige el tuyo, ¡disfruta!;Helado Dochi sabor tarta de la abuela Hacendado con salsa de avellana;;0.216;l;13.89;€/l;3.00;leche desnatada reconstituida, azúcar, harina de trigo (gluten), agua, margarina vegetal (grasa vegetal (coco), agua, aceite refinado de colza, emulgente (monoglicéridos y diglicéridos de ácidos grasos), sal, acidulante (e 330), aroma natural), grasas vegetales (coco y palma), jarabe de azúcar invertido, aceite refinado de girasol, jarabe de glucosa y fructosa, leche desnatada en polvo, lactosa y proteínas de la leche, almidón pregelatinizado, cacao desgrasado en polvo, pasta de avellana (0,65%), suero de leche, sal, aceite vegetal (coco), jarabe de glucosa, vainas de vainilla, emulgentes (lecitinas de girasol, monoglicéridos y diglicéridos de ácidos grasos), estabilizantes (goma garrofín, goma guar, goma tara, carragenanos), gasificantes (carbonatos de amonio, carbonatos de sodio), antioxidante (metabisulfito sódico), espesante (e 1422), colorantes (caramelo natural, ?-caroteno), aromas, aroma natural y aroma natural de vainilla. puede contener trazas de huevo, soja, mostaza y otros frutos de cáscara.;8402001045257;0;;;;Ice cream or sorbet or ice pop, any flavour (average);39500;greixos_monoinsaturats_g;3.6;g;No certificat
11;2026-07-27 13:06:31;31;2026;43812;Dochi ice cream flavored grandma’s cake with hazelnut sauce Hacendado Frozen food Ice cream Other Ice Creams;1;España;21605;11;Congelados;Helados;Otros Helados;Productos del momento;Elige el tuyo, ¡disfruta!;Helado Dochi sabor tarta de la abuela Hacendado con salsa de avellana;;0.216;l;13.89;€/l;3.00;leche desnatada reconstituida, azúcar, harina de trigo (gluten), agua, margarina vegetal (grasa vegetal (coco), agua, aceite refinado de colza, emulgente (monoglicéridos y diglicéridos de ácidos grasos), sal, acidulante (e 330), aroma natural), grasas vegetales (coco y palma), jarabe de azúcar invertido, aceite refinado de girasol, jarabe de glucosa y fructosa, leche desnatada en polvo, lactosa y proteínas de la leche, almidón pregelatinizado, cacao desgrasado en polvo, pasta de avellana (0,65%), suero de leche, sal, aceite vegetal (coco), jarabe de glucosa, vainas de vainilla, emulgentes (lecitinas de girasol, monoglicéridos y diglicéridos de ácidos grasos), estabilizantes (goma garrofín, goma guar, goma tara, carragenanos), gasificantes (carbonatos de amonio, carbonatos de sodio), antioxidante (metabisulfito sódico), espesante (e 1422), colorantes (caramelo natural, ?-caroteno), aromas, aroma natural y aroma natural de vainilla. puede contener trazas de huevo, soja, mostaza y otros frutos de cáscara.;8402001045257;0;;;;Ice cream or sorbet or ice pop, any flavour (average);39500;greixos_poliinsaturats_g;2.3;g;No certificat
11;2026-07-27 13:06:31;31;2026;43812;Dochi ice cream flavored grandma’s cake with hazelnut sauce Hacendado Frozen food Ice cream Other Ice Creams;1;España;21605;11;Congelados;Helados;Otros Helados;Productos del momento;Elige el tuyo, ¡disfruta!;Helado Dochi sabor tarta de la abuela Hacendado con salsa de avellana;;0.216;l;13.89;€/l;3.00;leche desnatada reconstituida, azúcar, harina de trigo (gluten), agua, margarina vegetal (grasa vegetal (coco), agua, aceite refinado de colza, emulgente (monoglicéridos y diglicéridos de ácidos grasos), sal, acidulante (e 330), aroma natural), grasas vegetales (coco y palma), jarabe de azúcar invertido, aceite refinado de girasol, jarabe de glucosa y fructosa, leche desnatada en polvo, lactosa y proteínas de la leche, almidón pregelatinizado, cacao desgrasado en polvo, pasta de avellana (0,65%), suero de leche, sal, aceite vegetal (coco), jarabe de glucosa, vainas de vainilla, emulgentes (lecitinas de girasol, monoglicéridos y diglicéridos de ácidos grasos), estabilizantes (goma garrofín, goma guar, goma tara, carragenanos), gasificantes (carbonatos de amonio, carbonatos de sodio), antioxidante (metabisulfito sódico), espesante (e 1422), colorantes (caramelo natural, ?-caroteno), aromas, aroma natural y aroma natural de vainilla. puede contener trazas de huevo, soja, mostaza y otros frutos de cáscara.;8402001045257;0;;;;Ice cream or sorbet or ice pop, any flavour (average);39500;hidrats_carboni_g;43.0;g;No certificat
11;2026-07-27 13:06:31;31;2026;43812;Dochi ice cream flavored grandma’s cake with hazelnut sauce Hacendado Frozen food Ice cream Other Ice Creams;1;España;21605;11;Congelados;Helados;Otros Helados;Productos del momento;Elige el tuyo, ¡disfruta!;Helado Dochi sabor tarta de la abuela Hacendado con salsa de avellana;;0.216;l;13.89;€/l;3.00;leche desnatada reconstituida, azúcar, harina de trigo (gluten), agua, margarina vegetal (grasa vegetal (coco), agua, aceite refinado de colza, emulgente (monoglicéridos y diglicéridos de ácidos grasos), sal, acidulante (e 330), aroma natural), grasas vegetales (coco y palma), jarabe de azúcar invertido, aceite refinado de girasol, jarabe de glucosa y fructosa, leche desnatada en polvo, lactosa y proteínas de la leche, almidón pregelatinizado, cacao desgrasado en polvo, pasta de avellana (0,65%), suero de leche, sal, aceite vegetal (coco), jarabe de glucosa, vainas de vainilla, emulgentes (lecitinas de girasol, monoglicéridos y diglicéridos de ácidos grasos), estabilizantes (goma garrofín, goma guar, goma tara, carragenanos), gasificantes (carbonatos de amonio, carbonatos de sodio), antioxidante (metabisulfito sódico), espesante (e 1422), colorantes (caramelo natural, ?-caroteno), aromas, aroma natural y aroma natural de vainilla. puede contener trazas de huevo, soja, mostaza y otros frutos de cáscara.;8402001045257;0;;;;Ice cream or sorbet or ice pop, any flavour (average);39500;sucres_g;29.7;g;No certificat
11;2026-07-27 13:06:31;31;2026;43812;Dochi ice cream flavored grandma’s cake with hazelnut sauce Hacendado Frozen food Ice cream Other Ice Creams;1;España;21605;11;Congelados;Helados;Otros Helados;Productos del momento;Elige el tuyo, ¡disfruta!;Helado Dochi sabor tarta de la abuela Hacendado con salsa de avellana;;0.216;l;13.89;€/l;3.00;leche desnatada reconstituida, azúcar, harina de trigo (gluten), agua, margarina vegetal (grasa vegetal (coco), agua, aceite refinado de colza, emulgente (monoglicéridos y diglicéridos de ácidos grasos), sal, acidulante (e 330), aroma natural), grasas vegetales (coco y palma), jarabe de azúcar invertido, aceite refinado de girasol, jarabe de glucosa y fructosa, leche desnatada en polvo, lactosa y proteínas de la leche, almidón pregelatinizado, cacao desgrasado en polvo, pasta de avellana (0,65%), suero de leche, sal, aceite vegetal (coco), jarabe de glucosa, vainas de vainilla, emulgentes (lecitinas de girasol, monoglicéridos y diglicéridos de ácidos grasos), estabilizantes (goma garrofín, goma guar, goma tara, carragenanos), gasificantes (carbonatos de amonio, carbonatos de sodio), antioxidante (metabisulfito sódico), espesante (e 1422), colorantes (caramelo natural, ?-caroteno), aromas, aroma natural y aroma natural de vainilla. puede contener trazas de huevo, soja, mostaza y otros frutos de cáscara.;8402001045257;0;;;;Ice cream or sorbet or ice pop, any flavour (average);39500;fibra_g;0.9;g;No certificat
11;2026-07-27 13:06:31;31;2026;43812;Dochi ice cream flavored grandma’s cake with hazelnut sauce Hacendado Frozen food Ice cream Other Ice Creams;1;España;21605;11;Congelados;Helados;Otros Helados;Productos del momento;Elige el tuyo, ¡disfruta!;Helado Dochi sabor tarta de la abuela Hacendado con salsa de avellana;;0.216;l;13.89;€/l;3.00;leche desnatada reconstituida, azúcar, harina de trigo (gluten), agua, margarina vegetal (grasa vegetal (coco), agua, aceite refinado de colza, emulgente (monoglicéridos y diglicéridos de ácidos grasos), sal, acidulante (e 330), aroma natural), grasas vegetales (coco y palma), jarabe de azúcar invertido, aceite refinado de girasol, jarabe de glucosa y fructosa, leche desnatada en polvo, lactosa y proteínas de la leche, almidón pregelatinizado, cacao desgrasado en polvo, pasta de avellana (0,65%), suero de leche, sal, aceite vegetal (coco), jarabe de glucosa, vainas de vainilla, emulgentes (lecitinas de girasol, monoglicéridos y diglicéridos de ácidos grasos), estabilizantes (goma garrofín, goma guar, goma tara, carragenanos), gasificantes (carbonatos de amonio, carbonatos de sodio), antioxidante (metabisulfito sódico), espesante (e 1422), colorantes (caramelo natural, ?-caroteno), aromas, aroma natural y aroma natural de vainilla. puede contener trazas de huevo, soja, mostaza y otros frutos de cáscara.;8402001045257;0;;;;Ice cream or sorbet or ice pop, any flavour (average);39500;proteines_g;4.0;g;No certificat
11;2026-07-27 13:06:31;31;2026;43812;Dochi ice cream flavored grandma’s cake with hazelnut sauce Hacendado Frozen food Ice cream Other Ice Creams;1;España;21605;11;Congelados;Helados;Otros Helados;Productos del momento;Elige el tuyo, ¡disfruta!;Helado Dochi sabor tarta de la abuela Hacendado con salsa de avellana;;0.216;l;13.89;€/l;3.00;leche desnatada reconstituida, azúcar, harina de trigo (gluten), agua, margarina vegetal (grasa vegetal (coco), agua, aceite refinado de colza, emulgente (monoglicéridos y diglicéridos de ácidos grasos), sal, acidulante (e 330), aroma natural), grasas vegetales (coco y palma), jarabe de azúcar invertido, aceite refinado de girasol, jarabe de glucosa y fructosa, leche desnatada en polvo, lactosa y proteínas de la leche, almidón pregelatinizado, cacao desgrasado en polvo, pasta de avellana (0,65%), suero de leche, sal, aceite vegetal (coco), jarabe de glucosa, vainas de vainilla, emulgentes (lecitinas de girasol, monoglicéridos y diglicéridos de ácidos grasos), estabilizantes (goma garrofín, goma guar, goma tara, carragenanos), gasificantes (carbonatos de amonio, carbonatos de sodio), antioxidante (metabisulfito sódico), espesante (e 1422), colorantes (caramelo natural, ?-caroteno), aromas, aroma natural y aroma natural de vainilla. puede contener trazas de huevo, soja, mostaza y otros frutos de cáscara.;8402001045257;0;;;;Ice cream or sorbet or ice pop, any flavour (average);39500;sal_g;0.27;g;No certificat
12;2026-07-27 13:06:31;31;2026;43812;Peanut flavor ice cream bar with salted caramel sauce Hacendado Frozen food Ice cream Other Ice Creams;1;España;23280;12;Congelados;Helados;Otros Helados;Productos del momento;Elige el tuyo, ¡disfruta!;Helado barrita sabor cacahuete Hacendado con salsa de caramelo salado;;0.3;l;11.00;€/l;3.30;"leche desnatada en polvo reconstituida; azúcar; cacahuete salado (10%) (cacahuete, aceite de girasol, sal); manteca de cacao; jarabe de glucosa; pasta de cacao; leche entera en polvo; grasa de coco; agua; mantequilla concentrada (leche); leche desnatada en polvo; leche condensada entera; pasta de cacahuete (1,8%); lactosa; dextrosa; emulgentes: e 471, e 322, e 476; almidón modificado; cacao en polvo desgrasado; azúcar caramelizado; estabilizantes: e 410, e 412, e 415, e 440, e 407; sal; colorante: e 160a; aroma natural. puede contener trazas frutos de cáscara,  huevo y soja.";8402001018787;0;;;;Ice cream bar, chocolate;31035;Energia (kcal);354.0;kcal;Gluten-free
12;2026-07-27 13:06:31;31;2026;43812;Peanut flavor ice cream bar with salted caramel sauce Hacendado Frozen food Ice cream Other Ice Creams;1;España;23280;12;Congelados;Helados;Otros Helados;Productos del momento;Elige el tuyo, ¡disfruta!;Helado barrita sabor cacahuete Hacendado con salsa de caramelo salado;;0.3;l;11.00;€/l;3.30;"leche desnatada en polvo reconstituida; azúcar; cacahuete salado (10%) (cacahuete, aceite de girasol, sal); manteca de cacao; jarabe de glucosa; pasta de cacao; leche entera en polvo; grasa de coco; agua; mantequilla concentrada (leche); leche desnatada en polvo; leche condensada entera; pasta de cacahuete (1,8%); lactosa; dextrosa; emulgentes: e 471, e 322, e 476; almidón modificado; cacao en polvo desgrasado; azúcar caramelizado; estabilizantes: e 410, e 412, e 415, e 440, e 407; sal; colorante: e 160a; aroma natural. puede contener trazas frutos de cáscara,  huevo y soja.";8402001018787;0;;;;Ice cream bar, chocolate;31035;Energia (kJ);1479.0;kJ;Gluten-free
12;2026-07-27 13:06:31;31;2026;43812;Peanut flavor ice cream bar with salted caramel sauce Hacendado Frozen food Ice cream Other Ice Creams;1;España;23280;12;Congelados;Helados;Otros Helados;Productos del momento;Elige el tuyo, ¡disfruta!;Helado barrita sabor cacahuete Hacendado con salsa de caramelo salado;;0.3;l;11.00;€/l;3.30;"leche desnatada en polvo reconstituida; azúcar; cacahuete salado (10%) (cacahuete, aceite de girasol, sal); manteca de cacao; jarabe de glucosa; pasta de cacao; leche entera en polvo; grasa de coco; agua; mantequilla concentrada (leche); leche desnatada en polvo; leche condensada entera; pasta de cacahuete (1,8%); lactosa; dextrosa; emulgentes: e 471, e 322, e 476; almidón modificado; cacao en polvo desgrasado; azúcar caramelizado; estabilizantes: e 410, e 412, e 415, e 440, e 407; sal; colorante: e 160a; aroma natural. puede contener trazas frutos de cáscara,  huevo y soja.";8402001018787;0;;;;Ice cream bar, chocolate;31035;greixos_totals_g;21.0;g;Gluten-free
12;2026-07-27 13:06:31;31;2026;43812;Peanut flavor ice cream bar with salted caramel sauce Hacendado Frozen food Ice cream Other Ice Creams;1;España;23280;12;Congelados;Helados;Otros Helados;Productos del momento;Elige el tuyo, ¡disfruta!;Helado barrita sabor cacahuete Hacendado con salsa de caramelo salado;;0.3;l;11.00;€/l;3.30;"leche desnatada en polvo reconstituida; azúcar; cacahuete salado (10%) (cacahuete, aceite de girasol, sal); manteca de cacao; jarabe de glucosa; pasta de cacao; leche entera en polvo; grasa de coco; agua; mantequilla concentrada (leche); leche desnatada en polvo; leche condensada entera; pasta de cacahuete (1,8%); lactosa; dextrosa; emulgentes: e 471, e 322, e 476; almidón modificado; cacao en polvo desgrasado; azúcar caramelizado; estabilizantes: e 410, e 412, e 415, e 440, e 407; sal; colorante: e 160a; aroma natural. puede contener trazas frutos de cáscara,  huevo y soja.";8402001018787;0;;;;Ice cream bar, chocolate;31035;greixos_saturats_g;11.0;g;Gluten-free
12;2026-07-27 13:06:31;31;2026;43812;Peanut flavor ice cream bar with salted caramel sauce Hacendado Frozen food Ice cream Other Ice Creams;1;España;23280;12;Congelados;Helados;Otros Helados;Productos del momento;Elige el tuyo, ¡disfruta!;Helado barrita sabor cacahuete Hacendado con salsa de caramelo salado;;0.3;l;11.00;€/l;3.30;"leche desnatada en polvo reconstituida; azúcar; cacahuete salado (10%) (cacahuete, aceite de girasol, sal); manteca de cacao; jarabe de glucosa; pasta de cacao; leche entera en polvo; grasa de coco; agua; mantequilla concentrada (leche); leche desnatada en polvo; leche condensada entera; pasta de cacahuete (1,8%); lactosa; dextrosa; emulgentes: e 471, e 322, e 476; almidón modificado; cacao en polvo desgrasado; azúcar caramelizado; estabilizantes: e 410, e 412, e 415, e 440, e 407; sal; colorante: e 160a; aroma natural. puede contener trazas frutos de cáscara,  huevo y soja.";8402001018787;0;;;;Ice cream bar, chocolate;31035;hidrats_carboni_g;34.0;g;Gluten-free
12;2026-07-27 13:06:31;31;2026;43812;Peanut flavor ice cream bar with salted caramel sauce Hacendado Frozen food Ice cream Other Ice Creams;1;España;23280;12;Congelados;Helados;Otros Helados;Productos del momento;Elige el tuyo, ¡disfruta!;Helado barrita sabor cacahuete Hacendado con salsa de caramelo salado;;0.3;l;11.00;€/l;3.30;"leche desnatada en polvo reconstituida; azúcar; cacahuete salado (10%) (cacahuete, aceite de girasol, sal); manteca de cacao; jarabe de glucosa; pasta de cacao; leche entera en polvo; grasa de coco; agua; mantequilla concentrada (leche); leche desnatada en polvo; leche condensada entera; pasta de cacahuete (1,8%); lactosa; dextrosa; emulgentes: e 471, e 322, e 476; almidón modificado; cacao en polvo desgrasado; azúcar caramelizado; estabilizantes: e 410, e 412, e 415, e 440, e 407; sal; colorante: e 160a; aroma natural. puede contener trazas frutos de cáscara,  huevo y soja.";8402001018787;0;;;;Ice cream bar, chocolate;31035;sucres_g;29.0;g;Gluten-free
12;2026-07-27 13:06:31;31;2026;43812;Peanut flavor ice cream bar with salted caramel sauce Hacendado Frozen food Ice cream Other Ice Creams;1;España;23280;12;Congelados;Helados;Otros Helados;Productos del momento;Elige el tuyo, ¡disfruta!;Helado barrita sabor cacahuete Hacendado con salsa de caramelo salado;;0.3;l;11.00;€/l;3.30;"leche desnatada en polvo reconstituida; azúcar; cacahuete salado (10%) (cacahuete, aceite de girasol, sal); manteca de cacao; jarabe de glucosa; pasta de cacao; leche entera en polvo; grasa de coco; agua; mantequilla concentrada (leche); leche desnatada en polvo; leche condensada entera; pasta de cacahuete (1,8%); lactosa; dextrosa; emulgentes: e 471, e 322, e 476; almidón modificado; cacao en polvo desgrasado; azúcar caramelizado; estabilizantes: e 410, e 412, e 415, e 440, e 407; sal; colorante: e 160a; aroma natural. puede contener trazas frutos de cáscara,  huevo y soja.";8402001018787;0;;;;Ice cream bar, chocolate;31035;fibra_g;1.6;g;Gluten-free
12;2026-07-27 13:06:31;31;2026;43812;Peanut flavor ice cream bar with salted caramel sauce Hacendado Frozen food Ice cream Other Ice Creams;1;España;23280;12;Congelados;Helados;Otros Helados;Productos del momento;Elige el tuyo, ¡disfruta!;Helado barrita sabor cacahuete Hacendado con salsa de caramelo salado;;0.3;l;11.00;€/l;3.30;"leche desnatada en polvo reconstituida; azúcar; cacahuete salado (10%) (cacahuete, aceite de girasol, sal); manteca de cacao; jarabe de glucosa; pasta de cacao; leche entera en polvo; grasa de coco; agua; mantequilla concentrada (leche); leche desnatada en polvo; leche condensada entera; pasta de cacahuete (1,8%); lactosa; dextrosa; emulgentes: e 471, e 322, e 476; almidón modificado; cacao en polvo desgrasado; azúcar caramelizado; estabilizantes: e 410, e 412, e 415, e 440, e 407; sal; colorante: e 160a; aroma natural. puede contener trazas frutos de cáscara,  huevo y soja.";8402001018787;0;;;;Ice cream bar, chocolate;31035;proteines_g;6.5;g;Gluten-free
12;2026-07-27 13:06:31;31;2026;43812;Peanut flavor ice cream bar with salted caramel sauce Hacendado Frozen food Ice cream Other Ice Creams;1;España;23280;12;Congelados;Helados;Otros Helados;Productos del momento;Elige el tuyo, ¡disfruta!;Helado barrita sabor cacahuete Hacendado con salsa de caramelo salado;;0.3;l;11.00;€/l;3.30;"leche desnatada en polvo reconstituida; azúcar; cacahuete salado (10%) (cacahuete, aceite de girasol, sal); manteca de cacao; jarabe de glucosa; pasta de cacao; leche entera en polvo; grasa de coco; agua; mantequilla concentrada (leche); leche desnatada en polvo; leche condensada entera; pasta de cacahuete (1,8%); lactosa; dextrosa; emulgentes: e 471, e 322, e 476; almidón modificado; cacao en polvo desgrasado; azúcar caramelizado; estabilizantes: e 410, e 412, e 415, e 440, e 407; sal; colorante: e 160a; aroma natural. puede contener trazas frutos de cáscara,  huevo y soja.";8402001018787;0;;;;Ice cream bar, chocolate;31035;sal_g;0.35;g;Gluten-free
13;2026-07-27 13:06:31;31;2026;43812;Mini triple-chocolate plant-based ice cream made with cashews Hacendado Frozen food Ice cream Chocolates;1;Italia;23851;13;Congelados;Helados;Bombones;Productos del momento;Elige el tuyo, ¡disfruta!;Mini helado bombón vegetal triple chocolate Hacendado a base de anacardos;;0.326;l;10.31;€/l;3.30;bebida de anacardos (33%)(agua, pasta de anacardos (0,6%)), chocolate (26%)(pasta de cacao, azúcar, jarabe de glucosa, anacardos tostados y picados (5%), maltodextrina, agua, chocolate negro en polvo (1,6%), cacao magro, dextrosa, estabilizantes: mono y diglicéridos de ácido grasos  alginato de sodio  harina de semillas de algarroba  goma guar, proteína de guisante, aromas, sal. puede contener otros frutos de cáscara.;8006040610089;0;;;;Ice cream, stick, chocolate-coated;39503;Energia (kcal);354.0;kcal;Plant-based
13;2026-07-27 13:06:31;31;2026;43812;Mini triple-chocolate plant-based ice cream made with cashews Hacendado Frozen food Ice cream Chocolates;1;Italia;23851;13;Congelados;Helados;Bombones;Productos del momento;Elige el tuyo, ¡disfruta!;Mini helado bombón vegetal triple chocolate Hacendado a base de anacardos;;0.326;l;10.31;€/l;3.30;bebida de anacardos (33%)(agua, pasta de anacardos (0,6%)), chocolate (26%)(pasta de cacao, azúcar, jarabe de glucosa, anacardos tostados y picados (5%), maltodextrina, agua, chocolate negro en polvo (1,6%), cacao magro, dextrosa, estabilizantes: mono y diglicéridos de ácido grasos  alginato de sodio  harina de semillas de algarroba  goma guar, proteína de guisante, aromas, sal. puede contener otros frutos de cáscara.;8006040610089;0;;;;Ice cream, stick, chocolate-coated;39503;Energia (kJ);1476.0;kJ;Plant-based
13;2026-07-27 13:06:31;31;2026;43812;Mini triple-chocolate plant-based ice cream made with cashews Hacendado Frozen food Ice cream Chocolates;1;Italia;23851;13;Congelados;Helados;Bombones;Productos del momento;Elige el tuyo, ¡disfruta!;Mini helado bombón vegetal triple chocolate Hacendado a base de anacardos;;0.326;l;10.31;€/l;3.30;bebida de anacardos (33%)(agua, pasta de anacardos (0,6%)), chocolate (26%)(pasta de cacao, azúcar, jarabe de glucosa, anacardos tostados y picados (5%), maltodextrina, agua, chocolate negro en polvo (1,6%), cacao magro, dextrosa, estabilizantes: mono y diglicéridos de ácido grasos  alginato de sodio  harina de semillas de algarroba  goma guar, proteína de guisante, aromas, sal. puede contener otros frutos de cáscara.;8006040610089;0;;;;Ice cream, stick, chocolate-coated;39503;greixos_totals_g;23.0;g;Plant-based
13;2026-07-27 13:06:31;31;2026;43812;Mini triple-chocolate plant-based ice cream made with cashews Hacendado Frozen food Ice cream Chocolates;1;Italia;23851;13;Congelados;Helados;Bombones;Productos del momento;Elige el tuyo, ¡disfruta!;Mini helado bombón vegetal triple chocolate Hacendado a base de anacardos;;0.326;l;10.31;€/l;3.30;bebida de anacardos (33%)(agua, pasta de anacardos (0,6%)), chocolate (26%)(pasta de cacao, azúcar, jarabe de glucosa, anacardos tostados y picados (5%), maltodextrina, agua, chocolate negro en polvo (1,6%), cacao magro, dextrosa, estabilizantes: mono y diglicéridos de ácido grasos  alginato de sodio  harina de semillas de algarroba  goma guar, proteína de guisante, aromas, sal. puede contener otros frutos de cáscara.;8006040610089;0;;;;Ice cream, stick, chocolate-coated;39503;greixos_saturats_g;16.0;g;Plant-based
13;2026-07-27 13:06:31;31;2026;43812;Mini triple-chocolate plant-based ice cream made with cashews Hacendado Frozen food Ice cream Chocolates;1;Italia;23851;13;Congelados;Helados;Bombones;Productos del momento;Elige el tuyo, ¡disfruta!;Mini helado bombón vegetal triple chocolate Hacendado a base de anacardos;;0.326;l;10.31;€/l;3.30;bebida de anacardos (33%)(agua, pasta de anacardos (0,6%)), chocolate (26%)(pasta de cacao, azúcar, jarabe de glucosa, anacardos tostados y picados (5%), maltodextrina, agua, chocolate negro en polvo (1,6%), cacao magro, dextrosa, estabilizantes: mono y diglicéridos de ácido grasos  alginato de sodio  harina de semillas de algarroba  goma guar, proteína de guisante, aromas, sal. puede contener otros frutos de cáscara.;8006040610089;0;;;;Ice cream, stick, chocolate-coated;39503;hidrats_carboni_g;32.0;g;Plant-based
13;2026-07-27 13:06:31;31;2026;43812;Mini triple-chocolate plant-based ice cream made with cashews Hacendado Frozen food Ice cream Chocolates;1;Italia;23851;13;Congelados;Helados;Bombones;Productos del momento;Elige el tuyo, ¡disfruta!;Mini helado bombón vegetal triple chocolate Hacendado a base de anacardos;;0.326;l;10.31;€/l;3.30;bebida de anacardos (33%)(agua, pasta de anacardos (0,6%)), chocolate (26%)(pasta de cacao, azúcar, jarabe de glucosa, anacardos tostados y picados (5%), maltodextrina, agua, chocolate negro en polvo (1,6%), cacao magro, dextrosa, estabilizantes: mono y diglicéridos de ácido grasos  alginato de sodio  harina de semillas de algarroba  goma guar, proteína de guisante, aromas, sal. puede contener otros frutos de cáscara.;8006040610089;0;;;;Ice cream, stick, chocolate-coated;39503;sucres_g;28.0;g;Plant-based
13;2026-07-27 13:06:31;31;2026;43812;Mini triple-chocolate plant-based ice cream made with cashews Hacendado Frozen food Ice cream Chocolates;1;Italia;23851;13;Congelados;Helados;Bombones;Productos del momento;Elige el tuyo, ¡disfruta!;Mini helado bombón vegetal triple chocolate Hacendado a base de anacardos;;0.326;l;10.31;€/l;3.30;bebida de anacardos (33%)(agua, pasta de anacardos (0,6%)), chocolate (26%)(pasta de cacao, azúcar, jarabe de glucosa, anacardos tostados y picados (5%), maltodextrina, agua, chocolate negro en polvo (1,6%), cacao magro, dextrosa, estabilizantes: mono y diglicéridos de ácido grasos  alginato de sodio  harina de semillas de algarroba  goma guar, proteína de guisante, aromas, sal. puede contener otros frutos de cáscara.;8006040610089;0;;;;Ice cream, stick, chocolate-coated;39503;fibra_g;3.3;g;Plant-based
13;2026-07-27 13:06:31;31;2026;43812;Mini triple-chocolate plant-based ice cream made with cashews Hacendado Frozen food Ice cream Chocolates;1;Italia;23851;13;Congelados;Helados;Bombones;Productos del momento;Elige el tuyo, ¡disfruta!;Mini helado bombón vegetal triple chocolate Hacendado a base de anacardos;;0.326;l;10.31;€/l;3.30;bebida de anacardos (33%)(agua, pasta de anacardos (0,6%)), chocolate (26%)(pasta de cacao, azúcar, jarabe de glucosa, anacardos tostados y picados (5%), maltodextrina, agua, chocolate negro en polvo (1,6%), cacao magro, dextrosa, estabilizantes: mono y diglicéridos de ácido grasos  alginato de sodio  harina de semillas de algarroba  goma guar, proteína de guisante, aromas, sal. puede contener otros frutos de cáscara.;8006040610089;0;;;;Ice cream, stick, chocolate-coated;39503;proteines_g;3.2;g;Plant-based
13;2026-07-27 13:06:31;31;2026;43812;Mini triple-chocolate plant-based ice cream made with cashews Hacendado Frozen food Ice cream Chocolates;1;Italia;23851;13;Congelados;Helados;Bombones;Productos del momento;Elige el tuyo, ¡disfruta!;Mini helado bombón vegetal triple chocolate Hacendado a base de anacardos;;0.326;l;10.31;€/l;3.30;bebida de anacardos (33%)(agua, pasta de anacardos (0,6%)), chocolate (26%)(pasta de cacao, azúcar, jarabe de glucosa, anacardos tostados y picados (5%), maltodextrina, agua, chocolate negro en polvo (1,6%), cacao magro, dextrosa, estabilizantes: mono y diglicéridos de ácido grasos  alginato de sodio  harina de semillas de algarroba  goma guar, proteína de guisante, aromas, sal. puede contener otros frutos de cáscara.;8006040610089;0;;;;Ice cream, stick, chocolate-coated;39503;sal_g;0.08;g;Plant-based
14;2026-07-27 13:06:31;31;2026;43812;Boom mini chocolate ice cream toasted milk flavor Hacendado Frozen food Ice cream Chocolates;1;España;22452;14;Congelados;Helados;Bombones;Productos del momento;Elige el tuyo, ¡disfruta!;Mini helado bombón Boom Hacendado sabor leche tostada;;0.48;l;6.25;€/l;3.00;leche desnatada reconstituida, cobertura especial blanca con avellana (36,5%) (azúcar, aceite refinado de girasol, leche enter en polvo, grasa vegetal de coco, pasta de avellana (10%), suero de leche, manteca de cacao, emulgente (lecitina de soja) y aromas, trazas de frutos de cáscara), azúcar, grasa vegetal de coco y palma, galleta troceada (5%) (harina de trigo (gluten),azúcar, aceite vegetal de coco, emulgente (lecitina de soja), sal, y colorante (caramelo natural), trazas de mostaza), lactosa y proteínas de la leche, jarabe de glucosa y fructosa, preparado concentrado de leche tostada (mantequilla concentrada, leche desnatada y suero de leche dulce en polvo), emulgente (monodiglicéridos y diglicéridos de ácidos grasos), estabilizantes (goma de garrofín, goma guar y carragenanos).;8480000224521;0;;;;Ice cream, stick, chocolate-coated;39503;Energia (kcal);360.0;kcal;No certificat
14;2026-07-27 13:06:31;31;2026;43812;Boom mini chocolate ice cream toasted milk flavor Hacendado Frozen food Ice cream Chocolates;1;España;22452;14;Congelados;Helados;Bombones;Productos del momento;Elige el tuyo, ¡disfruta!;Mini helado bombón Boom Hacendado sabor leche tostada;;0.48;l;6.25;€/l;3.00;leche desnatada reconstituida, cobertura especial blanca con avellana (36,5%) (azúcar, aceite refinado de girasol, leche enter en polvo, grasa vegetal de coco, pasta de avellana (10%), suero de leche, manteca de cacao, emulgente (lecitina de soja) y aromas, trazas de frutos de cáscara), azúcar, grasa vegetal de coco y palma, galleta troceada (5%) (harina de trigo (gluten),azúcar, aceite vegetal de coco, emulgente (lecitina de soja), sal, y colorante (caramelo natural), trazas de mostaza), lactosa y proteínas de la leche, jarabe de glucosa y fructosa, preparado concentrado de leche tostada (mantequilla concentrada, leche desnatada y suero de leche dulce en polvo), emulgente (monodiglicéridos y diglicéridos de ácidos grasos), estabilizantes (goma de garrofín, goma guar y carragenanos).;8480000224521;0;;;;Ice cream, stick, chocolate-coated;39503;Energia (kJ);1501.0;kJ;No certificat
14;2026-07-27 13:06:31;31;2026;43812;Boom mini chocolate ice cream toasted milk flavor Hacendado Frozen food Ice cream Chocolates;1;España;22452;14;Congelados;Helados;Bombones;Productos del momento;Elige el tuyo, ¡disfruta!;Mini helado bombón Boom Hacendado sabor leche tostada;;0.48;l;6.25;€/l;3.00;leche desnatada reconstituida, cobertura especial blanca con avellana (36,5%) (azúcar, aceite refinado de girasol, leche enter en polvo, grasa vegetal de coco, pasta de avellana (10%), suero de leche, manteca de cacao, emulgente (lecitina de soja) y aromas, trazas de frutos de cáscara), azúcar, grasa vegetal de coco y palma, galleta troceada (5%) (harina de trigo (gluten),azúcar, aceite vegetal de coco, emulgente (lecitina de soja), sal, y colorante (caramelo natural), trazas de mostaza), lactosa y proteínas de la leche, jarabe de glucosa y fructosa, preparado concentrado de leche tostada (mantequilla concentrada, leche desnatada y suero de leche dulce en polvo), emulgente (monodiglicéridos y diglicéridos de ácidos grasos), estabilizantes (goma de garrofín, goma guar y carragenanos).;8480000224521;0;;;;Ice cream, stick, chocolate-coated;39503;greixos_totals_g;22.4;g;No certificat
14;2026-07-27 13:06:31;31;2026;43812;Boom mini chocolate ice cream toasted milk flavor Hacendado Frozen food Ice cream Chocolates;1;España;22452;14;Congelados;Helados;Bombones;Productos del momento;Elige el tuyo, ¡disfruta!;Mini helado bombón Boom Hacendado sabor leche tostada;;0.48;l;6.25;€/l;3.00;leche desnatada reconstituida, cobertura especial blanca con avellana (36,5%) (azúcar, aceite refinado de girasol, leche enter en polvo, grasa vegetal de coco, pasta de avellana (10%), suero de leche, manteca de cacao, emulgente (lecitina de soja) y aromas, trazas de frutos de cáscara), azúcar, grasa vegetal de coco y palma, galleta troceada (5%) (harina de trigo (gluten),azúcar, aceite vegetal de coco, emulgente (lecitina de soja), sal, y colorante (caramelo natural), trazas de mostaza), lactosa y proteínas de la leche, jarabe de glucosa y fructosa, preparado concentrado de leche tostada (mantequilla concentrada, leche desnatada y suero de leche dulce en polvo), emulgente (monodiglicéridos y diglicéridos de ácidos grasos), estabilizantes (goma de garrofín, goma guar y carragenanos).;8480000224521;0;;;;Ice cream, stick, chocolate-coated;39503;greixos_saturats_g;10.3;g;No certificat
14;2026-07-27 13:06:31;31;2026;43812;Boom mini chocolate ice cream toasted milk flavor Hacendado Frozen food Ice cream Chocolates;1;España;22452;14;Congelados;Helados;Bombones;Productos del momento;Elige el tuyo, ¡disfruta!;Mini helado bombón Boom Hacendado sabor leche tostada;;0.48;l;6.25;€/l;3.00;leche desnatada reconstituida, cobertura especial blanca con avellana (36,5%) (azúcar, aceite refinado de girasol, leche enter en polvo, grasa vegetal de coco, pasta de avellana (10%), suero de leche, manteca de cacao, emulgente (lecitina de soja) y aromas, trazas de frutos de cáscara), azúcar, grasa vegetal de coco y palma, galleta troceada (5%) (harina de trigo (gluten),azúcar, aceite vegetal de coco, emulgente (lecitina de soja), sal, y colorante (caramelo natural), trazas de mostaza), lactosa y proteínas de la leche, jarabe de glucosa y fructosa, preparado concentrado de leche tostada (mantequilla concentrada, leche desnatada y suero de leche dulce en polvo), emulgente (monodiglicéridos y diglicéridos de ácidos grasos), estabilizantes (goma de garrofín, goma guar y carragenanos).;8480000224521;0;;;;Ice cream, stick, chocolate-coated;39503;greixos_monoinsaturats_g;5.2;g;No certificat
14;2026-07-27 13:06:31;31;2026;43812;Boom mini chocolate ice cream toasted milk flavor Hacendado Frozen food Ice cream Chocolates;1;España;22452;14;Congelados;Helados;Bombones;Productos del momento;Elige el tuyo, ¡disfruta!;Mini helado bombón Boom Hacendado sabor leche tostada;;0.48;l;6.25;€/l;3.00;leche desnatada reconstituida, cobertura especial blanca con avellana (36,5%) (azúcar, aceite refinado de girasol, leche enter en polvo, grasa vegetal de coco, pasta de avellana (10%), suero de leche, manteca de cacao, emulgente (lecitina de soja) y aromas, trazas de frutos de cáscara), azúcar, grasa vegetal de coco y palma, galleta troceada (5%) (harina de trigo (gluten),azúcar, aceite vegetal de coco, emulgente (lecitina de soja), sal, y colorante (caramelo natural), trazas de mostaza), lactosa y proteínas de la leche, jarabe de glucosa y fructosa, preparado concentrado de leche tostada (mantequilla concentrada, leche desnatada y suero de leche dulce en polvo), emulgente (monodiglicéridos y diglicéridos de ácidos grasos), estabilizantes (goma de garrofín, goma guar y carragenanos).;8480000224521;0;;;;Ice cream, stick, chocolate-coated;39503;greixos_poliinsaturats_g;5.9;g;No certificat
14;2026-07-27 13:06:31;31;2026;43812;Boom mini chocolate ice cream toasted milk flavor Hacendado Frozen food Ice cream Chocolates;1;España;22452;14;Congelados;Helados;Bombones;Productos del momento;Elige el tuyo, ¡disfruta!;Mini helado bombón Boom Hacendado sabor leche tostada;;0.48;l;6.25;€/l;3.00;leche desnatada reconstituida, cobertura especial blanca con avellana (36,5%) (azúcar, aceite refinado de girasol, leche enter en polvo, grasa vegetal de coco, pasta de avellana (10%), suero de leche, manteca de cacao, emulgente (lecitina de soja) y aromas, trazas de frutos de cáscara), azúcar, grasa vegetal de coco y palma, galleta troceada (5%) (harina de trigo (gluten),azúcar, aceite vegetal de coco, emulgente (lecitina de soja), sal, y colorante (caramelo natural), trazas de mostaza), lactosa y proteínas de la leche, jarabe de glucosa y fructosa, preparado concentrado de leche tostada (mantequilla concentrada, leche desnatada y suero de leche dulce en polvo), emulgente (monodiglicéridos y diglicéridos de ácidos grasos), estabilizantes (goma de garrofín, goma guar y carragenanos).;8480000224521;0;;;;Ice cream, stick, chocolate-coated;39503;hidrats_carboni_g;35.3;g;No certificat
14;2026-07-27 13:06:31;31;2026;43812;Boom mini chocolate ice cream toasted milk flavor Hacendado Frozen food Ice cream Chocolates;1;España;22452;14;Congelados;Helados;Bombones;Productos del momento;Elige el tuyo, ¡disfruta!;Mini helado bombón Boom Hacendado sabor leche tostada;;0.48;l;6.25;€/l;3.00;leche desnatada reconstituida, cobertura especial blanca con avellana (36,5%) (azúcar, aceite refinado de girasol, leche enter en polvo, grasa vegetal de coco, pasta de avellana (10%), suero de leche, manteca de cacao, emulgente (lecitina de soja) y aromas, trazas de frutos de cáscara), azúcar, grasa vegetal de coco y palma, galleta troceada (5%) (harina de trigo (gluten),azúcar, aceite vegetal de coco, emulgente (lecitina de soja), sal, y colorante (caramelo natural), trazas de mostaza), lactosa y proteínas de la leche, jarabe de glucosa y fructosa, preparado concentrado de leche tostada (mantequilla concentrada, leche desnatada y suero de leche dulce en polvo), emulgente (monodiglicéridos y diglicéridos de ácidos grasos), estabilizantes (goma de garrofín, goma guar y carragenanos).;8480000224521;0;;;;Ice cream, stick, chocolate-coated;39503;sucres_g;32.5;g;No certificat
14;2026-07-27 13:06:31;31;2026;43812;Boom mini chocolate ice cream toasted milk flavor Hacendado Frozen food Ice cream Chocolates;1;España;22452;14;Congelados;Helados;Bombones;Productos del momento;Elige el tuyo, ¡disfruta!;Mini helado bombón Boom Hacendado sabor leche tostada;;0.48;l;6.25;€/l;3.00;leche desnatada reconstituida, cobertura especial blanca con avellana (36,5%) (azúcar, aceite refinado de girasol, leche enter en polvo, grasa vegetal de coco, pasta de avellana (10%), suero de leche, manteca de cacao, emulgente (lecitina de soja) y aromas, trazas de frutos de cáscara), azúcar, grasa vegetal de coco y palma, galleta troceada (5%) (harina de trigo (gluten),azúcar, aceite vegetal de coco, emulgente (lecitina de soja), sal, y colorante (caramelo natural), trazas de mostaza), lactosa y proteínas de la leche, jarabe de glucosa y fructosa, preparado concentrado de leche tostada (mantequilla concentrada, leche desnatada y suero de leche dulce en polvo), emulgente (monodiglicéridos y diglicéridos de ácidos grasos), estabilizantes (goma de garrofín, goma guar y carragenanos).;8480000224521;0;;;;Ice cream, stick, chocolate-coated;39503;fibra_g;0.6;g;No certificat
14;2026-07-27 13:06:31;31;2026;43812;Boom mini chocolate ice cream toasted milk flavor Hacendado Frozen food Ice cream Chocolates;1;España;22452;14;Congelados;Helados;Bombones;Productos del momento;Elige el tuyo, ¡disfruta!;Mini helado bombón Boom Hacendado sabor leche tostada;;0.48;l;6.25;€/l;3.00;leche desnatada reconstituida, cobertura especial blanca con avellana (36,5%) (azúcar, aceite refinado de girasol, leche enter en polvo, grasa vegetal de coco, pasta de avellana (10%), suero de leche, manteca de cacao, emulgente (lecitina de soja) y aromas, trazas de frutos de cáscara), azúcar, grasa vegetal de coco y palma, galleta troceada (5%) (harina de trigo (gluten),azúcar, aceite vegetal de coco, emulgente (lecitina de soja), sal, y colorante (caramelo natural), trazas de mostaza), lactosa y proteínas de la leche, jarabe de glucosa y fructosa, preparado concentrado de leche tostada (mantequilla concentrada, leche desnatada y suero de leche dulce en polvo), emulgente (monodiglicéridos y diglicéridos de ácidos grasos), estabilizantes (goma de garrofín, goma guar y carragenanos).;8480000224521;0;;;;Ice cream, stick, chocolate-coated;39503;proteines_g;4.0;g;No certificat
14;2026-07-27 13:06:31;31;2026;43812;Boom mini chocolate ice cream toasted milk flavor Hacendado Frozen food Ice cream Chocolates;1;España;22452;14;Congelados;Helados;Bombones;Productos del momento;Elige el tuyo, ¡disfruta!;Mini helado bombón Boom Hacendado sabor leche tostada;;0.48;l;6.25;€/l;3.00;leche desnatada reconstituida, cobertura especial blanca con avellana (36,5%) (azúcar, aceite refinado de girasol, leche enter en polvo, grasa vegetal de coco, pasta de avellana (10%), suero de leche, manteca de cacao, emulgente (lecitina de soja) y aromas, trazas de frutos de cáscara), azúcar, grasa vegetal de coco y palma, galleta troceada (5%) (harina de trigo (gluten),azúcar, aceite vegetal de coco, emulgente (lecitina de soja), sal, y colorante (caramelo natural), trazas de mostaza), lactosa y proteínas de la leche, jarabe de glucosa y fructosa, preparado concentrado de leche tostada (mantequilla concentrada, leche desnatada y suero de leche dulce en polvo), emulgente (monodiglicéridos y diglicéridos de ácidos grasos), estabilizantes (goma de garrofín, goma guar y carragenanos).;8480000224521;0;;;;Ice cream, stick, chocolate-coated;39503;sal_g;0.17;g;No certificat
15;2026-07-27 13:06:31;31;2026;43812;Mini sandwich ice cream choco cream Hacendado Frozen food Ice cream Sandwiches;1;España;35534;15;Congelados;Helados;Sándwiches;Productos del momento;Elige el tuyo, ¡disfruta!;Mini helado sándwich choco cream Hacendado;;0.51;l;5.88;€/l;3.00;leche desnatada reconstituida, azúcar, harina de trigo (gluten), agua, chocolate en polvo (7%), grasas vegetales (coco y palma), aceite refinado de girasol, aceite vegetal (karité), lactosa y proteínas de la leche, cacao desgrasado en polvo (2,4%), jarabe de glucosa y fructosa, leche desnatada en polvo, aceite vegetal (coco), grasa vegetal (palma), pasta de avellana (1,5%), jarabe de glucosa, suero de leche en polvo, gasificante (carbonato ácido de sodio, carbonato ácido de amonio), extracto de malta de cebada (gluten), sal, emulgentes (lecitina de girasol, lecitina de soja y monoglicéridos y diglicéridos de ácidos grasos), estabilizantes (goma garrofín, goma guar, carragenanos), aroma natural y aromas. puede contener trazas de mostaza y otros frutos de cáscara.;8402001008269;0;;;;Ice cream bar, chocolate;31035;Energia (kcal);345.0;kcal;No certificat
15;2026-07-27 13:06:31;31;2026;43812;Mini sandwich ice cream choco cream Hacendado Frozen food Ice cream Sandwiches;1;España;35534;15;Congelados;Helados;Sándwiches;Productos del momento;Elige el tuyo, ¡disfruta!;Mini helado sándwich choco cream Hacendado;;0.51;l;5.88;€/l;3.00;leche desnatada reconstituida, azúcar, harina de trigo (gluten), agua, chocolate en polvo (7%), grasas vegetales (coco y palma), aceite refinado de girasol, aceite vegetal (karité), lactosa y proteínas de la leche, cacao desgrasado en polvo (2,4%), jarabe de glucosa y fructosa, leche desnatada en polvo, aceite vegetal (coco), grasa vegetal (palma), pasta de avellana (1,5%), jarabe de glucosa, suero de leche en polvo, gasificante (carbonato ácido de sodio, carbonato ácido de amonio), extracto de malta de cebada (gluten), sal, emulgentes (lecitina de girasol, lecitina de soja y monoglicéridos y diglicéridos de ácidos grasos), estabilizantes (goma garrofín, goma guar, carragenanos), aroma natural y aromas. puede contener trazas de mostaza y otros frutos de cáscara.;8402001008269;0;;;;Ice cream bar, chocolate;31035;Energia (kJ);1444.0;kJ;No certificat
15;2026-07-27 13:06:31;31;2026;43812;Mini sandwich ice cream choco cream Hacendado Frozen food Ice cream Sandwiches;1;España;35534;15;Congelados;Helados;Sándwiches;Productos del momento;Elige el tuyo, ¡disfruta!;Mini helado sándwich choco cream Hacendado;;0.51;l;5.88;€/l;3.00;leche desnatada reconstituida, azúcar, harina de trigo (gluten), agua, chocolate en polvo (7%), grasas vegetales (coco y palma), aceite refinado de girasol, aceite vegetal (karité), lactosa y proteínas de la leche, cacao desgrasado en polvo (2,4%), jarabe de glucosa y fructosa, leche desnatada en polvo, aceite vegetal (coco), grasa vegetal (palma), pasta de avellana (1,5%), jarabe de glucosa, suero de leche en polvo, gasificante (carbonato ácido de sodio, carbonato ácido de amonio), extracto de malta de cebada (gluten), sal, emulgentes (lecitina de girasol, lecitina de soja y monoglicéridos y diglicéridos de ácidos grasos), estabilizantes (goma garrofín, goma guar, carragenanos), aroma natural y aromas. puede contener trazas de mostaza y otros frutos de cáscara.;8402001008269;0;;;;Ice cream bar, chocolate;31035;greixos_totals_g;18.3;g;No certificat
15;2026-07-27 13:06:31;31;2026;43812;Mini sandwich ice cream choco cream Hacendado Frozen food Ice cream Sandwiches;1;España;35534;15;Congelados;Helados;Sándwiches;Productos del momento;Elige el tuyo, ¡disfruta!;Mini helado sándwich choco cream Hacendado;;0.51;l;5.88;€/l;3.00;leche desnatada reconstituida, azúcar, harina de trigo (gluten), agua, chocolate en polvo (7%), grasas vegetales (coco y palma), aceite refinado de girasol, aceite vegetal (karité), lactosa y proteínas de la leche, cacao desgrasado en polvo (2,4%), jarabe de glucosa y fructosa, leche desnatada en polvo, aceite vegetal (coco), grasa vegetal (palma), pasta de avellana (1,5%), jarabe de glucosa, suero de leche en polvo, gasificante (carbonato ácido de sodio, carbonato ácido de amonio), extracto de malta de cebada (gluten), sal, emulgentes (lecitina de girasol, lecitina de soja y monoglicéridos y diglicéridos de ácidos grasos), estabilizantes (goma garrofín, goma guar, carragenanos), aroma natural y aromas. puede contener trazas de mostaza y otros frutos de cáscara.;8402001008269;0;;;;Ice cream bar, chocolate;31035;greixos_saturats_g;9.2;g;No certificat
15;2026-07-27 13:06:31;31;2026;43812;Mini sandwich ice cream choco cream Hacendado Frozen food Ice cream Sandwiches;1;España;35534;15;Congelados;Helados;Sándwiches;Productos del momento;Elige el tuyo, ¡disfruta!;Mini helado sándwich choco cream Hacendado;;0.51;l;5.88;€/l;3.00;leche desnatada reconstituida, azúcar, harina de trigo (gluten), agua, chocolate en polvo (7%), grasas vegetales (coco y palma), aceite refinado de girasol, aceite vegetal (karité), lactosa y proteínas de la leche, cacao desgrasado en polvo (2,4%), jarabe de glucosa y fructosa, leche desnatada en polvo, aceite vegetal (coco), grasa vegetal (palma), pasta de avellana (1,5%), jarabe de glucosa, suero de leche en polvo, gasificante (carbonato ácido de sodio, carbonato ácido de amonio), extracto de malta de cebada (gluten), sal, emulgentes (lecitina de girasol, lecitina de soja y monoglicéridos y diglicéridos de ácidos grasos), estabilizantes (goma garrofín, goma guar, carragenanos), aroma natural y aromas. puede contener trazas de mostaza y otros frutos de cáscara.;8402001008269;0;;;;Ice cream bar, chocolate;31035;greixos_monoinsaturats_g;5.5;g;No certificat
15;2026-07-27 13:06:31;31;2026;43812;Mini sandwich ice cream choco cream Hacendado Frozen food Ice cream Sandwiches;1;España;35534;15;Congelados;Helados;Sándwiches;Productos del momento;Elige el tuyo, ¡disfruta!;Mini helado sándwich choco cream Hacendado;;0.51;l;5.88;€/l;3.00;leche desnatada reconstituida, azúcar, harina de trigo (gluten), agua, chocolate en polvo (7%), grasas vegetales (coco y palma), aceite refinado de girasol, aceite vegetal (karité), lactosa y proteínas de la leche, cacao desgrasado en polvo (2,4%), jarabe de glucosa y fructosa, leche desnatada en polvo, aceite vegetal (coco), grasa vegetal (palma), pasta de avellana (1,5%), jarabe de glucosa, suero de leche en polvo, gasificante (carbonato ácido de sodio, carbonato ácido de amonio), extracto de malta de cebada (gluten), sal, emulgentes (lecitina de girasol, lecitina de soja y monoglicéridos y diglicéridos de ácidos grasos), estabilizantes (goma garrofín, goma guar, carragenanos), aroma natural y aromas. puede contener trazas de mostaza y otros frutos de cáscara.;8402001008269;0;;;;Ice cream bar, chocolate;31035;greixos_poliinsaturats_g;3.1;g;No certificat
15;2026-07-27 13:06:31;31;2026;43812;Mini sandwich ice cream choco cream Hacendado Frozen food Ice cream Sandwiches;1;España;35534;15;Congelados;Helados;Sándwiches;Productos del momento;Elige el tuyo, ¡disfruta!;Mini helado sándwich choco cream Hacendado;;0.51;l;5.88;€/l;3.00;leche desnatada reconstituida, azúcar, harina de trigo (gluten), agua, chocolate en polvo (7%), grasas vegetales (coco y palma), aceite refinado de girasol, aceite vegetal (karité), lactosa y proteínas de la leche, cacao desgrasado en polvo (2,4%), jarabe de glucosa y fructosa, leche desnatada en polvo, aceite vegetal (coco), grasa vegetal (palma), pasta de avellana (1,5%), jarabe de glucosa, suero de leche en polvo, gasificante (carbonato ácido de sodio, carbonato ácido de amonio), extracto de malta de cebada (gluten), sal, emulgentes (lecitina de girasol, lecitina de soja y monoglicéridos y diglicéridos de ácidos grasos), estabilizantes (goma garrofín, goma guar, carragenanos), aroma natural y aromas. puede contener trazas de mostaza y otros frutos de cáscara.;8402001008269;0;;;;Ice cream bar, chocolate;31035;hidrats_carboni_g;39.2;g;No certificat
15;2026-07-27 13:06:31;31;2026;43812;Mini sandwich ice cream choco cream Hacendado Frozen food Ice cream Sandwiches;1;España;35534;15;Congelados;Helados;Sándwiches;Productos del momento;Elige el tuyo, ¡disfruta!;Mini helado sándwich choco cream Hacendado;;0.51;l;5.88;€/l;3.00;leche desnatada reconstituida, azúcar, harina de trigo (gluten), agua, chocolate en polvo (7%), grasas vegetales (coco y palma), aceite refinado de girasol, aceite vegetal (karité), lactosa y proteínas de la leche, cacao desgrasado en polvo (2,4%), jarabe de glucosa y fructosa, leche desnatada en polvo, aceite vegetal (coco), grasa vegetal (palma), pasta de avellana (1,5%), jarabe de glucosa, suero de leche en polvo, gasificante (carbonato ácido de sodio, carbonato ácido de amonio), extracto de malta de cebada (gluten), sal, emulgentes (lecitina de girasol, lecitina de soja y monoglicéridos y diglicéridos de ácidos grasos), estabilizantes (goma garrofín, goma guar, carragenanos), aroma natural y aromas. puede contener trazas de mostaza y otros frutos de cáscara.;8402001008269;0;;;;Ice cream bar, chocolate;31035;sucres_g;22.9;g;No certificat
15;2026-07-27 13:06:31;31;2026;43812;Mini sandwich ice cream choco cream Hacendado Frozen food Ice cream Sandwiches;1;España;35534;15;Congelados;Helados;Sándwiches;Productos del momento;Elige el tuyo, ¡disfruta!;Mini helado sándwich choco cream Hacendado;;0.51;l;5.88;€/l;3.00;leche desnatada reconstituida, azúcar, harina de trigo (gluten), agua, chocolate en polvo (7%), grasas vegetales (coco y palma), aceite refinado de girasol, aceite vegetal (karité), lactosa y proteínas de la leche, cacao desgrasado en polvo (2,4%), jarabe de glucosa y fructosa, leche desnatada en polvo, aceite vegetal (coco), grasa vegetal (palma), pasta de avellana (1,5%), jarabe de glucosa, suero de leche en polvo, gasificante (carbonato ácido de sodio, carbonato ácido de amonio), extracto de malta de cebada (gluten), sal, emulgentes (lecitina de girasol, lecitina de soja y monoglicéridos y diglicéridos de ácidos grasos), estabilizantes (goma garrofín, goma guar, carragenanos), aroma natural y aromas. puede contener trazas de mostaza y otros frutos de cáscara.;8402001008269;0;;;;Ice cream bar, chocolate;31035;fibra_g;2.4;g;No certificat
15;2026-07-27 13:06:31;31;2026;43812;Mini sandwich ice cream choco cream Hacendado Frozen food Ice cream Sandwiches;1;España;35534;15;Congelados;Helados;Sándwiches;Productos del momento;Elige el tuyo, ¡disfruta!;Mini helado sándwich choco cream Hacendado;;0.51;l;5.88;€/l;3.00;leche desnatada reconstituida, azúcar, harina de trigo (gluten), agua, chocolate en polvo (7%), grasas vegetales (coco y palma), aceite refinado de girasol, aceite vegetal (karité), lactosa y proteínas de la leche, cacao desgrasado en polvo (2,4%), jarabe de glucosa y fructosa, leche desnatada en polvo, aceite vegetal (coco), grasa vegetal (palma), pasta de avellana (1,5%), jarabe de glucosa, suero de leche en polvo, gasificante (carbonato ácido de sodio, carbonato ácido de amonio), extracto de malta de cebada (gluten), sal, emulgentes (lecitina de girasol, lecitina de soja y monoglicéridos y diglicéridos de ácidos grasos), estabilizantes (goma garrofín, goma guar, carragenanos), aroma natural y aromas. puede contener trazas de mostaza y otros frutos de cáscara.;8402001008269;0;;;;Ice cream bar, chocolate;31035;proteines_g;4.7;g;No certificat
15;2026-07-27 13:06:31;31;2026;43812;Mini sandwich ice cream choco cream Hacendado Frozen food Ice cream Sandwiches;1;España;35534;15;Congelados;Helados;Sándwiches;Productos del momento;Elige el tuyo, ¡disfruta!;Mini helado sándwich choco cream Hacendado;;0.51;l;5.88;€/l;3.00;leche desnatada reconstituida, azúcar, harina de trigo (gluten), agua, chocolate en polvo (7%), grasas vegetales (coco y palma), aceite refinado de girasol, aceite vegetal (karité), lactosa y proteínas de la leche, cacao desgrasado en polvo (2,4%), jarabe de glucosa y fructosa, leche desnatada en polvo, aceite vegetal (coco), grasa vegetal (palma), pasta de avellana (1,5%), jarabe de glucosa, suero de leche en polvo, gasificante (carbonato ácido de sodio, carbonato ácido de amonio), extracto de malta de cebada (gluten), sal, emulgentes (lecitina de girasol, lecitina de soja y monoglicéridos y diglicéridos de ácidos grasos), estabilizantes (goma garrofín, goma guar, carragenanos), aroma natural y aromas. puede contener trazas de mostaza y otros frutos de cáscara.;8402001008269;0;;;;Ice cream bar, chocolate;31035;sal_g;0.25;g;No certificat
16;2026-07-27 13:06:31;31;2026;43812;Mini pistachio-flavored plant-based ice cream made with cashews Hacendado Frozen food Ice cream Chocolates;1;Italia;23850;16;Congelados;Helados;Bombones;Productos del momento;Elige el tuyo, ¡disfruta!;Mini helado bombón vegetal pistacho Hacendado a base de anacardos;;0.326;l;10.31;€/l;3.30;bebida de anacardos (34%)(agua, pasta de anacardos (0,3%)), chocolate (26%)(pasta de cacao, azúcar, manteca de cacao, emulsionante: lecitina de soja, aroma natural de vainilla), aceite de coco, azúcar, jarabe de glucosa, crema de pistacho (5%)( azúcar, aceite de girasol, pistachos (12%), inulina, aceite de coco, emulsionante: lecitina de girasol, sal, colorante: clorofila, aroma), pistachos y anacardos tostados y picados (4%), pasta de pistacho (2,3%), maltodextrina, dextrosa, colorantes: caramelo natural  complejos cúpricos de clorofilinas, estabilizantes: mono y diglicéridos de ácidos grasos  alginato de sodio  harina de semillas de algarroba  goma guar, proteína de guisante, aroma, sal. puede contener otros frutos de cáscara.;8006040610072;0;;;;Ice cream, stick, chocolate-coated;39503;Energia (kcal);364.0;kcal;Gluten-free
16;2026-07-27 13:06:31;31;2026;43812;Mini pistachio-flavored plant-based ice cream made with cashews Hacendado Frozen food Ice cream Chocolates;1;Italia;23850;16;Congelados;Helados;Bombones;Productos del momento;Elige el tuyo, ¡disfruta!;Mini helado bombón vegetal pistacho Hacendado a base de anacardos;;0.326;l;10.31;€/l;3.30;bebida de anacardos (34%)(agua, pasta de anacardos (0,3%)), chocolate (26%)(pasta de cacao, azúcar, manteca de cacao, emulsionante: lecitina de soja, aroma natural de vainilla), aceite de coco, azúcar, jarabe de glucosa, crema de pistacho (5%)( azúcar, aceite de girasol, pistachos (12%), inulina, aceite de coco, emulsionante: lecitina de girasol, sal, colorante: clorofila, aroma), pistachos y anacardos tostados y picados (4%), pasta de pistacho (2,3%), maltodextrina, dextrosa, colorantes: caramelo natural  complejos cúpricos de clorofilinas, estabilizantes: mono y diglicéridos de ácidos grasos  alginato de sodio  harina de semillas de algarroba  goma guar, proteína de guisante, aroma, sal. puede contener otros frutos de cáscara.;8006040610072;0;;;;Ice cream, stick, chocolate-coated;39503;Energia (kcal);364.0;kcal;Plant-based
16;2026-07-27 13:06:31;31;2026;43812;Mini pistachio-flavored plant-based ice cream made with cashews Hacendado Frozen food Ice cream Chocolates;1;Italia;23850;16;Congelados;Helados;Bombones;Productos del momento;Elige el tuyo, ¡disfruta!;Mini helado bombón vegetal pistacho Hacendado a base de anacardos;;0.326;l;10.31;€/l;3.30;bebida de anacardos (34%)(agua, pasta de anacardos (0,3%)), chocolate (26%)(pasta de cacao, azúcar, manteca de cacao, emulsionante: lecitina de soja, aroma natural de vainilla), aceite de coco, azúcar, jarabe de glucosa, crema de pistacho (5%)( azúcar, aceite de girasol, pistachos (12%), inulina, aceite de coco, emulsionante: lecitina de girasol, sal, colorante: clorofila, aroma), pistachos y anacardos tostados y picados (4%), pasta de pistacho (2,3%), maltodextrina, dextrosa, colorantes: caramelo natural  complejos cúpricos de clorofilinas, estabilizantes: mono y diglicéridos de ácidos grasos  alginato de sodio  harina de semillas de algarroba  goma guar, proteína de guisante, aroma, sal. puede contener otros frutos de cáscara.;8006040610072;0;;;;Ice cream, stick, chocolate-coated;39503;Energia (kJ);1514.0;kJ;Gluten-free
16;2026-07-27 13:06:31;31;2026;43812;Mini pistachio-flavored plant-based ice cream made with cashews Hacendado Frozen food Ice cream Chocolates;1;Italia;23850;16;Congelados;Helados;Bombones;Productos del momento;Elige el tuyo, ¡disfruta!;Mini helado bombón vegetal pistacho Hacendado a base de anacardos;;0.326;l;10.31;€/l;3.30;bebida de anacardos (34%)(agua, pasta de anacardos (0,3%)), chocolate (26%)(pasta de cacao, azúcar, manteca de cacao, emulsionante: lecitina de soja, aroma natural de vainilla), aceite de coco, azúcar, jarabe de glucosa, crema de pistacho (5%)( azúcar, aceite de girasol, pistachos (12%), inulina, aceite de coco, emulsionante: lecitina de girasol, sal, colorante: clorofila, aroma), pistachos y anacardos tostados y picados (4%), pasta de pistacho (2,3%), maltodextrina, dextrosa, colorantes: caramelo natural  complejos cúpricos de clorofilinas, estabilizantes: mono y diglicéridos de ácidos grasos  alginato de sodio  harina de semillas de algarroba  goma guar, proteína de guisante, aroma, sal. puede contener otros frutos de cáscara.;8006040610072;0;;;;Ice cream, stick, chocolate-coated;39503;Energia (kJ);1514.0;kJ;Plant-based
16;2026-07-27 13:06:31;31;2026;43812;Mini pistachio-flavored plant-based ice cream made with cashews Hacendado Frozen food Ice cream Chocolates;1;Italia;23850;16;Congelados;Helados;Bombones;Productos del momento;Elige el tuyo, ¡disfruta!;Mini helado bombón vegetal pistacho Hacendado a base de anacardos;;0.326;l;10.31;€/l;3.30;bebida de anacardos (34%)(agua, pasta de anacardos (0,3%)), chocolate (26%)(pasta de cacao, azúcar, manteca de cacao, emulsionante: lecitina de soja, aroma natural de vainilla), aceite de coco, azúcar, jarabe de glucosa, crema de pistacho (5%)( azúcar, aceite de girasol, pistachos (12%), inulina, aceite de coco, emulsionante: lecitina de girasol, sal, colorante: clorofila, aroma), pistachos y anacardos tostados y picados (4%), pasta de pistacho (2,3%), maltodextrina, dextrosa, colorantes: caramelo natural  complejos cúpricos de clorofilinas, estabilizantes: mono y diglicéridos de ácidos grasos  alginato de sodio  harina de semillas de algarroba  goma guar, proteína de guisante, aroma, sal. puede contener otros frutos de cáscara.;8006040610072;0;;;;Ice cream, stick, chocolate-coated;39503;greixos_totals_g;24.0;g;Gluten-free
16;2026-07-27 13:06:31;31;2026;43812;Mini pistachio-flavored plant-based ice cream made with cashews Hacendado Frozen food Ice cream Chocolates;1;Italia;23850;16;Congelados;Helados;Bombones;Productos del momento;Elige el tuyo, ¡disfruta!;Mini helado bombón vegetal pistacho Hacendado a base de anacardos;;0.326;l;10.31;€/l;3.30;bebida de anacardos (34%)(agua, pasta de anacardos (0,3%)), chocolate (26%)(pasta de cacao, azúcar, manteca de cacao, emulsionante: lecitina de soja, aroma natural de vainilla), aceite de coco, azúcar, jarabe de glucosa, crema de pistacho (5%)( azúcar, aceite de girasol, pistachos (12%), inulina, aceite de coco, emulsionante: lecitina de girasol, sal, colorante: clorofila, aroma), pistachos y anacardos tostados y picados (4%), pasta de pistacho (2,3%), maltodextrina, dextrosa, colorantes: caramelo natural  complejos cúpricos de clorofilinas, estabilizantes: mono y diglicéridos de ácidos grasos  alginato de sodio  harina de semillas de algarroba  goma guar, proteína de guisante, aroma, sal. puede contener otros frutos de cáscara.;8006040610072;0;;;;Ice cream, stick, chocolate-coated;39503;greixos_totals_g;24.0;g;Plant-based
16;2026-07-27 13:06:31;31;2026;43812;Mini pistachio-flavored plant-based ice cream made with cashews Hacendado Frozen food Ice cream Chocolates;1;Italia;23850;16;Congelados;Helados;Bombones;Productos del momento;Elige el tuyo, ¡disfruta!;Mini helado bombón vegetal pistacho Hacendado a base de anacardos;;0.326;l;10.31;€/l;3.30;bebida de anacardos (34%)(agua, pasta de anacardos (0,3%)), chocolate (26%)(pasta de cacao, azúcar, manteca de cacao, emulsionante: lecitina de soja, aroma natural de vainilla), aceite de coco, azúcar, jarabe de glucosa, crema de pistacho (5%)( azúcar, aceite de girasol, pistachos (12%), inulina, aceite de coco, emulsionante: lecitina de girasol, sal, colorante: clorofila, aroma), pistachos y anacardos tostados y picados (4%), pasta de pistacho (2,3%), maltodextrina, dextrosa, colorantes: caramelo natural  complejos cúpricos de clorofilinas, estabilizantes: mono y diglicéridos de ácidos grasos  alginato de sodio  harina de semillas de algarroba  goma guar, proteína de guisante, aroma, sal. puede contener otros frutos de cáscara.;8006040610072;0;;;;Ice cream, stick, chocolate-coated;39503;greixos_saturats_g;16.0;g;Gluten-free
16;2026-07-27 13:06:31;31;2026;43812;Mini pistachio-flavored plant-based ice cream made with cashews Hacendado Frozen food Ice cream Chocolates;1;Italia;23850;16;Congelados;Helados;Bombones;Productos del momento;Elige el tuyo, ¡disfruta!;Mini helado bombón vegetal pistacho Hacendado a base de anacardos;;0.326;l;10.31;€/l;3.30;bebida de anacardos (34%)(agua, pasta de anacardos (0,3%)), chocolate (26%)(pasta de cacao, azúcar, manteca de cacao, emulsionante: lecitina de soja, aroma natural de vainilla), aceite de coco, azúcar, jarabe de glucosa, crema de pistacho (5%)( azúcar, aceite de girasol, pistachos (12%), inulina, aceite de coco, emulsionante: lecitina de girasol, sal, colorante: clorofila, aroma), pistachos y anacardos tostados y picados (4%), pasta de pistacho (2,3%), maltodextrina, dextrosa, colorantes: caramelo natural  complejos cúpricos de clorofilinas, estabilizantes: mono y diglicéridos de ácidos grasos  alginato de sodio  harina de semillas de algarroba  goma guar, proteína de guisante, aroma, sal. puede contener otros frutos de cáscara.;8006040610072;0;;;;Ice cream, stick, chocolate-coated;39503;greixos_saturats_g;16.0;g;Plant-based
16;2026-07-27 13:06:31;31;2026;43812;Mini pistachio-flavored plant-based ice cream made with cashews Hacendado Frozen food Ice cream Chocolates;1;Italia;23850;16;Congelados;Helados;Bombones;Productos del momento;Elige el tuyo, ¡disfruta!;Mini helado bombón vegetal pistacho Hacendado a base de anacardos;;0.326;l;10.31;€/l;3.30;bebida de anacardos (34%)(agua, pasta de anacardos (0,3%)), chocolate (26%)(pasta de cacao, azúcar, manteca de cacao, emulsionante: lecitina de soja, aroma natural de vainilla), aceite de coco, azúcar, jarabe de glucosa, crema de pistacho (5%)( azúcar, aceite de girasol, pistachos (12%), inulina, aceite de coco, emulsionante: lecitina de girasol, sal, colorante: clorofila, aroma), pistachos y anacardos tostados y picados (4%), pasta de pistacho (2,3%), maltodextrina, dextrosa, colorantes: caramelo natural  complejos cúpricos de clorofilinas, estabilizantes: mono y diglicéridos de ácidos grasos  alginato de sodio  harina de semillas de algarroba  goma guar, proteína de guisante, aroma, sal. puede contener otros frutos de cáscara.;8006040610072;0;;;;Ice cream, stick, chocolate-coated;39503;hidrats_carboni_g;32.0;g;Gluten-free
16;2026-07-27 13:06:31;31;2026;43812;Mini pistachio-flavored plant-based ice cream made with cashews Hacendado Frozen food Ice cream Chocolates;1;Italia;23850;16;Congelados;Helados;Bombones;Productos del momento;Elige el tuyo, ¡disfruta!;Mini helado bombón vegetal pistacho Hacendado a base de anacardos;;0.326;l;10.31;€/l;3.30;bebida de anacardos (34%)(agua, pasta de anacardos (0,3%)), chocolate (26%)(pasta de cacao, azúcar, manteca de cacao, emulsionante: lecitina de soja, aroma natural de vainilla), aceite de coco, azúcar, jarabe de glucosa, crema de pistacho (5%)( azúcar, aceite de girasol, pistachos (12%), inulina, aceite de coco, emulsionante: lecitina de girasol, sal, colorante: clorofila, aroma), pistachos y anacardos tostados y picados (4%), pasta de pistacho (2,3%), maltodextrina, dextrosa, colorantes: caramelo natural  complejos cúpricos de clorofilinas, estabilizantes: mono y diglicéridos de ácidos grasos  alginato de sodio  harina de semillas de algarroba  goma guar, proteína de guisante, aroma, sal. puede contener otros frutos de cáscara.;8006040610072;0;;;;Ice cream, stick, chocolate-coated;39503;hidrats_carboni_g;32.0;g;Plant-based
16;2026-07-27 13:06:31;31;2026;43812;Mini pistachio-flavored plant-based ice cream made with cashews Hacendado Frozen food Ice cream Chocolates;1;Italia;23850;16;Congelados;Helados;Bombones;Productos del momento;Elige el tuyo, ¡disfruta!;Mini helado bombón vegetal pistacho Hacendado a base de anacardos;;0.326;l;10.31;€/l;3.30;bebida de anacardos (34%)(agua, pasta de anacardos (0,3%)), chocolate (26%)(pasta de cacao, azúcar, manteca de cacao, emulsionante: lecitina de soja, aroma natural de vainilla), aceite de coco, azúcar, jarabe de glucosa, crema de pistacho (5%)( azúcar, aceite de girasol, pistachos (12%), inulina, aceite de coco, emulsionante: lecitina de girasol, sal, colorante: clorofila, aroma), pistachos y anacardos tostados y picados (4%), pasta de pistacho (2,3%), maltodextrina, dextrosa, colorantes: caramelo natural  complejos cúpricos de clorofilinas, estabilizantes: mono y diglicéridos de ácidos grasos  alginato de sodio  harina de semillas de algarroba  goma guar, proteína de guisante, aroma, sal. puede contener otros frutos de cáscara.;8006040610072;0;;;;Ice cream, stick, chocolate-coated;39503;sucres_g;29.0;g;Gluten-free
16;2026-07-27 13:06:31;31;2026;43812;Mini pistachio-flavored plant-based ice cream made with cashews Hacendado Frozen food Ice cream Chocolates;1;Italia;23850;16;Congelados;Helados;Bombones;Productos del momento;Elige el tuyo, ¡disfruta!;Mini helado bombón vegetal pistacho Hacendado a base de anacardos;;0.326;l;10.31;€/l;3.30;bebida de anacardos (34%)(agua, pasta de anacardos (0,3%)), chocolate (26%)(pasta de cacao, azúcar, manteca de cacao, emulsionante: lecitina de soja, aroma natural de vainilla), aceite de coco, azúcar, jarabe de glucosa, crema de pistacho (5%)( azúcar, aceite de girasol, pistachos (12%), inulina, aceite de coco, emulsionante: lecitina de girasol, sal, colorante: clorofila, aroma), pistachos y anacardos tostados y picados (4%), pasta de pistacho (2,3%), maltodextrina, dextrosa, colorantes: caramelo natural  complejos cúpricos de clorofilinas, estabilizantes: mono y diglicéridos de ácidos grasos  alginato de sodio  harina de semillas de algarroba  goma guar, proteína de guisante, aroma, sal. puede contener otros frutos de cáscara.;8006040610072;0;;;;Ice cream, stick, chocolate-coated;39503;sucres_g;29.0;g;Plant-based
16;2026-07-27 13:06:31;31;2026;43812;Mini pistachio-flavored plant-based ice cream made with cashews Hacendado Frozen food Ice cream Chocolates;1;Italia;23850;16;Congelados;Helados;Bombones;Productos del momento;Elige el tuyo, ¡disfruta!;Mini helado bombón vegetal pistacho Hacendado a base de anacardos;;0.326;l;10.31;€/l;3.30;bebida de anacardos (34%)(agua, pasta de anacardos (0,3%)), chocolate (26%)(pasta de cacao, azúcar, manteca de cacao, emulsionante: lecitina de soja, aroma natural de vainilla), aceite de coco, azúcar, jarabe de glucosa, crema de pistacho (5%)( azúcar, aceite de girasol, pistachos (12%), inulina, aceite de coco, emulsionante: lecitina de girasol, sal, colorante: clorofila, aroma), pistachos y anacardos tostados y picados (4%), pasta de pistacho (2,3%), maltodextrina, dextrosa, colorantes: caramelo natural  complejos cúpricos de clorofilinas, estabilizantes: mono y diglicéridos de ácidos grasos  alginato de sodio  harina de semillas de algarroba  goma guar, proteína de guisante, aroma, sal. puede contener otros frutos de cáscara.;8006040610072;0;;;;Ice cream, stick, chocolate-coated;39503;fibra_g;3.5;g;Gluten-free
16;2026-07-27 13:06:31;31;2026;43812;Mini pistachio-flavored plant-based ice cream made with cashews Hacendado Frozen food Ice cream Chocolates;1;Italia;23850;16;Congelados;Helados;Bombones;Productos del momento;Elige el tuyo, ¡disfruta!;Mini helado bombón vegetal pistacho Hacendado a base de anacardos;;0.326;l;10.31;€/l;3.30;bebida de anacardos (34%)(agua, pasta de anacardos (0,3%)), chocolate (26%)(pasta de cacao, azúcar, manteca de cacao, emulsionante: lecitina de soja, aroma natural de vainilla), aceite de coco, azúcar, jarabe de glucosa, crema de pistacho (5%)( azúcar, aceite de girasol, pistachos (12%), inulina, aceite de coco, emulsionante: lecitina de girasol, sal, colorante: clorofila, aroma), pistachos y anacardos tostados y picados (4%), pasta de pistacho (2,3%), maltodextrina, dextrosa, colorantes: caramelo natural  complejos cúpricos de clorofilinas, estabilizantes: mono y diglicéridos de ácidos grasos  alginato de sodio  harina de semillas de algarroba  goma guar, proteína de guisante, aroma, sal. puede contener otros frutos de cáscara.;8006040610072;0;;;;Ice cream, stick, chocolate-coated;39503;fibra_g;3.5;g;Plant-based
16;2026-07-27 13:06:31;31;2026;43812;Mini pistachio-flavored plant-based ice cream made with cashews Hacendado Frozen food Ice cream Chocolates;1;Italia;23850;16;Congelados;Helados;Bombones;Productos del momento;Elige el tuyo, ¡disfruta!;Mini helado bombón vegetal pistacho Hacendado a base de anacardos;;0.326;l;10.31;€/l;3.30;bebida de anacardos (34%)(agua, pasta de anacardos (0,3%)), chocolate (26%)(pasta de cacao, azúcar, manteca de cacao, emulsionante: lecitina de soja, aroma natural de vainilla), aceite de coco, azúcar, jarabe de glucosa, crema de pistacho (5%)( azúcar, aceite de girasol, pistachos (12%), inulina, aceite de coco, emulsionante: lecitina de girasol, sal, colorante: clorofila, aroma), pistachos y anacardos tostados y picados (4%), pasta de pistacho (2,3%), maltodextrina, dextrosa, colorantes: caramelo natural  complejos cúpricos de clorofilinas, estabilizantes: mono y diglicéridos de ácidos grasos  alginato de sodio  harina de semillas de algarroba  goma guar, proteína de guisante, aroma, sal. puede contener otros frutos de cáscara.;8006040610072;0;;;;Ice cream, stick, chocolate-coated;39503;proteines_g;3.2;g;Gluten-free
16;2026-07-27 13:06:31;31;2026;43812;Mini pistachio-flavored plant-based ice cream made with cashews Hacendado Frozen food Ice cream Chocolates;1;Italia;23850;16;Congelados;Helados;Bombones;Productos del momento;Elige el tuyo, ¡disfruta!;Mini helado bombón vegetal pistacho Hacendado a base de anacardos;;0.326;l;10.31;€/l;3.30;bebida de anacardos (34%)(agua, pasta de anacardos (0,3%)), chocolate (26%)(pasta de cacao, azúcar, manteca de cacao, emulsionante: lecitina de soja, aroma natural de vainilla), aceite de coco, azúcar, jarabe de glucosa, crema de pistacho (5%)( azúcar, aceite de girasol, pistachos (12%), inulina, aceite de coco, emulsionante: lecitina de girasol, sal, colorante: clorofila, aroma), pistachos y anacardos tostados y picados (4%), pasta de pistacho (2,3%), maltodextrina, dextrosa, colorantes: caramelo natural  complejos cúpricos de clorofilinas, estabilizantes: mono y diglicéridos de ácidos grasos  alginato de sodio  harina de semillas de algarroba  goma guar, proteína de guisante, aroma, sal. puede contener otros frutos de cáscara.;8006040610072;0;;;;Ice cream, stick, chocolate-coated;39503;proteines_g;3.2;g;Plant-based
16;2026-07-27 13:06:31;31;2026;43812;Mini pistachio-flavored plant-based ice cream made with cashews Hacendado Frozen food Ice cream Chocolates;1;Italia;23850;16;Congelados;Helados;Bombones;Productos del momento;Elige el tuyo, ¡disfruta!;Mini helado bombón vegetal pistacho Hacendado a base de anacardos;;0.326;l;10.31;€/l;3.30;bebida de anacardos (34%)(agua, pasta de anacardos (0,3%)), chocolate (26%)(pasta de cacao, azúcar, manteca de cacao, emulsionante: lecitina de soja, aroma natural de vainilla), aceite de coco, azúcar, jarabe de glucosa, crema de pistacho (5%)( azúcar, aceite de girasol, pistachos (12%), inulina, aceite de coco, emulsionante: lecitina de girasol, sal, colorante: clorofila, aroma), pistachos y anacardos tostados y picados (4%), pasta de pistacho (2,3%), maltodextrina, dextrosa, colorantes: caramelo natural  complejos cúpricos de clorofilinas, estabilizantes: mono y diglicéridos de ácidos grasos  alginato de sodio  harina de semillas de algarroba  goma guar, proteína de guisante, aroma, sal. puede contener otros frutos de cáscara.;8006040610072;0;;;;Ice cream, stick, chocolate-coated;39503;sal_g;0.12;g;Gluten-free
16;2026-07-27 13:06:31;31;2026;43812;Mini pistachio-flavored plant-based ice cream made with cashews Hacendado Frozen food Ice cream Chocolates;1;Italia;23850;16;Congelados;Helados;Bombones;Productos del momento;Elige el tuyo, ¡disfruta!;Mini helado bombón vegetal pistacho Hacendado a base de anacardos;;0.326;l;10.31;€/l;3.30;bebida de anacardos (34%)(agua, pasta de anacardos (0,3%)), chocolate (26%)(pasta de cacao, azúcar, manteca de cacao, emulsionante: lecitina de soja, aroma natural de vainilla), aceite de coco, azúcar, jarabe de glucosa, crema de pistacho (5%)( azúcar, aceite de girasol, pistachos (12%), inulina, aceite de coco, emulsionante: lecitina de girasol, sal, colorante: clorofila, aroma), pistachos y anacardos tostados y picados (4%), pasta de pistacho (2,3%), maltodextrina, dextrosa, colorantes: caramelo natural  complejos cúpricos de clorofilinas, estabilizantes: mono y diglicéridos de ácidos grasos  alginato de sodio  harina de semillas de algarroba  goma guar, proteína de guisante, aroma, sal. puede contener otros frutos de cáscara.;8006040610072;0;;;;Ice cream, stick, chocolate-coated;39503;sal_g;0.12;g;Plant-based
17;2026-07-27 13:06:31;31;2026;43812;Super cream-flavored ice cream sandwich Hacendado Frozen food Ice cream Sandwiches;1;España;64200;17;Congelados;Helados;Sándwiches;Productos del momento;Elige el tuyo, ¡disfruta!;Super helado sándwich sabor nata Hacendado;;0.87;l;3.33;€/l;2.90;leche desnatada reconstituida, azúcar, harina de trigo (gluten), grasas vegetales (coco y palma), pasta de cacao, lactosa y proteínas de la leche, jarabe de glucosa y fructosa, manteca de cacao, almendra tostada (1,9%), grasa vegetal (palma), grasa vegetal (coco), jarabe de glucosa, materia grasa láctea anhidra, cacao desgrasado en polvo, leche desnatada en polvo, extracto de malta de cebada (gluten), sal, suero de leche, endurecedor (goma arábiga), emulgentes (lecitinas (soja), (e 472e), monoglicéridos y diglicéridos de ácidos grasos), estabilizantes (goma garrofín, goma guar, carragenanos), gasificantes ((e 503i) y (e 500)), aroma de nata, aromas y aroma natural. puede contener trazas de mostaza y otros frutos de cáscara.;8480000642004;0;;;;Ice cream, in box;39515;Energia (kcal);322.0;kcal;No certificat
17;2026-07-27 13:06:31;31;2026;43812;Super cream-flavored ice cream sandwich Hacendado Frozen food Ice cream Sandwiches;1;España;64200;17;Congelados;Helados;Sándwiches;Productos del momento;Elige el tuyo, ¡disfruta!;Super helado sándwich sabor nata Hacendado;;0.87;l;3.33;€/l;2.90;leche desnatada reconstituida, azúcar, harina de trigo (gluten), grasas vegetales (coco y palma), pasta de cacao, lactosa y proteínas de la leche, jarabe de glucosa y fructosa, manteca de cacao, almendra tostada (1,9%), grasa vegetal (palma), grasa vegetal (coco), jarabe de glucosa, materia grasa láctea anhidra, cacao desgrasado en polvo, leche desnatada en polvo, extracto de malta de cebada (gluten), sal, suero de leche, endurecedor (goma arábiga), emulgentes (lecitinas (soja), (e 472e), monoglicéridos y diglicéridos de ácidos grasos), estabilizantes (goma garrofín, goma guar, carragenanos), gasificantes ((e 503i) y (e 500)), aroma de nata, aromas y aroma natural. puede contener trazas de mostaza y otros frutos de cáscara.;8480000642004;0;;;;Ice cream, in box;39515;Energia (kJ);1346.0;kJ;No certificat
17;2026-07-27 13:06:31;31;2026;43812;Super cream-flavored ice cream sandwich Hacendado Frozen food Ice cream Sandwiches;1;España;64200;17;Congelados;Helados;Sándwiches;Productos del momento;Elige el tuyo, ¡disfruta!;Super helado sándwich sabor nata Hacendado;;0.87;l;3.33;€/l;2.90;leche desnatada reconstituida, azúcar, harina de trigo (gluten), grasas vegetales (coco y palma), pasta de cacao, lactosa y proteínas de la leche, jarabe de glucosa y fructosa, manteca de cacao, almendra tostada (1,9%), grasa vegetal (palma), grasa vegetal (coco), jarabe de glucosa, materia grasa láctea anhidra, cacao desgrasado en polvo, leche desnatada en polvo, extracto de malta de cebada (gluten), sal, suero de leche, endurecedor (goma arábiga), emulgentes (lecitinas (soja), (e 472e), monoglicéridos y diglicéridos de ácidos grasos), estabilizantes (goma garrofín, goma guar, carragenanos), gasificantes ((e 503i) y (e 500)), aroma de nata, aromas y aroma natural. puede contener trazas de mostaza y otros frutos de cáscara.;8480000642004;0;;;;Ice cream, in box;39515;greixos_totals_g;17.0;g;No certificat
17;2026-07-27 13:06:31;31;2026;43812;Super cream-flavored ice cream sandwich Hacendado Frozen food Ice cream Sandwiches;1;España;64200;17;Congelados;Helados;Sándwiches;Productos del momento;Elige el tuyo, ¡disfruta!;Super helado sándwich sabor nata Hacendado;;0.87;l;3.33;€/l;2.90;leche desnatada reconstituida, azúcar, harina de trigo (gluten), grasas vegetales (coco y palma), pasta de cacao, lactosa y proteínas de la leche, jarabe de glucosa y fructosa, manteca de cacao, almendra tostada (1,9%), grasa vegetal (palma), grasa vegetal (coco), jarabe de glucosa, materia grasa láctea anhidra, cacao desgrasado en polvo, leche desnatada en polvo, extracto de malta de cebada (gluten), sal, suero de leche, endurecedor (goma arábiga), emulgentes (lecitinas (soja), (e 472e), monoglicéridos y diglicéridos de ácidos grasos), estabilizantes (goma garrofín, goma guar, carragenanos), gasificantes ((e 503i) y (e 500)), aroma de nata, aromas y aroma natural. puede contener trazas de mostaza y otros frutos de cáscara.;8480000642004;0;;;;Ice cream, in box;39515;greixos_saturats_g;10.9;g;No certificat
17;2026-07-27 13:06:31;31;2026;43812;Super cream-flavored ice cream sandwich Hacendado Frozen food Ice cream Sandwiches;1;España;64200;17;Congelados;Helados;Sándwiches;Productos del momento;Elige el tuyo, ¡disfruta!;Super helado sándwich sabor nata Hacendado;;0.87;l;3.33;€/l;2.90;leche desnatada reconstituida, azúcar, harina de trigo (gluten), grasas vegetales (coco y palma), pasta de cacao, lactosa y proteínas de la leche, jarabe de glucosa y fructosa, manteca de cacao, almendra tostada (1,9%), grasa vegetal (palma), grasa vegetal (coco), jarabe de glucosa, materia grasa láctea anhidra, cacao desgrasado en polvo, leche desnatada en polvo, extracto de malta de cebada (gluten), sal, suero de leche, endurecedor (goma arábiga), emulgentes (lecitinas (soja), (e 472e), monoglicéridos y diglicéridos de ácidos grasos), estabilizantes (goma garrofín, goma guar, carragenanos), gasificantes ((e 503i) y (e 500)), aroma de nata, aromas y aroma natural. puede contener trazas de mostaza y otros frutos de cáscara.;8480000642004;0;;;;Ice cream, in box;39515;greixos_monoinsaturats_g;5.0;g;No certificat
17;2026-07-27 13:06:31;31;2026;43812;Super cream-flavored ice cream sandwich Hacendado Frozen food Ice cream Sandwiches;1;España;64200;17;Congelados;Helados;Sándwiches;Productos del momento;Elige el tuyo, ¡disfruta!;Super helado sándwich sabor nata Hacendado;;0.87;l;3.33;€/l;2.90;leche desnatada reconstituida, azúcar, harina de trigo (gluten), grasas vegetales (coco y palma), pasta de cacao, lactosa y proteínas de la leche, jarabe de glucosa y fructosa, manteca de cacao, almendra tostada (1,9%), grasa vegetal (palma), grasa vegetal (coco), jarabe de glucosa, materia grasa láctea anhidra, cacao desgrasado en polvo, leche desnatada en polvo, extracto de malta de cebada (gluten), sal, suero de leche, endurecedor (goma arábiga), emulgentes (lecitinas (soja), (e 472e), monoglicéridos y diglicéridos de ácidos grasos), estabilizantes (goma garrofín, goma guar, carragenanos), gasificantes ((e 503i) y (e 500)), aroma de nata, aromas y aroma natural. puede contener trazas de mostaza y otros frutos de cáscara.;8480000642004;0;;;;Ice cream, in box;39515;greixos_poliinsaturats_g;1.0;g;No certificat
17;2026-07-27 13:06:31;31;2026;43812;Super cream-flavored ice cream sandwich Hacendado Frozen food Ice cream Sandwiches;1;España;64200;17;Congelados;Helados;Sándwiches;Productos del momento;Elige el tuyo, ¡disfruta!;Super helado sándwich sabor nata Hacendado;;0.87;l;3.33;€/l;2.90;leche desnatada reconstituida, azúcar, harina de trigo (gluten), grasas vegetales (coco y palma), pasta de cacao, lactosa y proteínas de la leche, jarabe de glucosa y fructosa, manteca de cacao, almendra tostada (1,9%), grasa vegetal (palma), grasa vegetal (coco), jarabe de glucosa, materia grasa láctea anhidra, cacao desgrasado en polvo, leche desnatada en polvo, extracto de malta de cebada (gluten), sal, suero de leche, endurecedor (goma arábiga), emulgentes (lecitinas (soja), (e 472e), monoglicéridos y diglicéridos de ácidos grasos), estabilizantes (goma garrofín, goma guar, carragenanos), gasificantes ((e 503i) y (e 500)), aroma de nata, aromas y aroma natural. puede contener trazas de mostaza y otros frutos de cáscara.;8480000642004;0;;;;Ice cream, in box;39515;hidrats_carboni_g;36.4;g;No certificat
17;2026-07-27 13:06:31;31;2026;43812;Super cream-flavored ice cream sandwich Hacendado Frozen food Ice cream Sandwiches;1;España;64200;17;Congelados;Helados;Sándwiches;Productos del momento;Elige el tuyo, ¡disfruta!;Super helado sándwich sabor nata Hacendado;;0.87;l;3.33;€/l;2.90;leche desnatada reconstituida, azúcar, harina de trigo (gluten), grasas vegetales (coco y palma), pasta de cacao, lactosa y proteínas de la leche, jarabe de glucosa y fructosa, manteca de cacao, almendra tostada (1,9%), grasa vegetal (palma), grasa vegetal (coco), jarabe de glucosa, materia grasa láctea anhidra, cacao desgrasado en polvo, leche desnatada en polvo, extracto de malta de cebada (gluten), sal, suero de leche, endurecedor (goma arábiga), emulgentes (lecitinas (soja), (e 472e), monoglicéridos y diglicéridos de ácidos grasos), estabilizantes (goma garrofín, goma guar, carragenanos), gasificantes ((e 503i) y (e 500)), aroma de nata, aromas y aroma natural. puede contener trazas de mostaza y otros frutos de cáscara.;8480000642004;0;;;;Ice cream, in box;39515;sucres_g;28.2;g;No certificat
17;2026-07-27 13:06:31;31;2026;43812;Super cream-flavored ice cream sandwich Hacendado Frozen food Ice cream Sandwiches;1;España;64200;17;Congelados;Helados;Sándwiches;Productos del momento;Elige el tuyo, ¡disfruta!;Super helado sándwich sabor nata Hacendado;;0.87;l;3.33;€/l;2.90;leche desnatada reconstituida, azúcar, harina de trigo (gluten), grasas vegetales (coco y palma), pasta de cacao, lactosa y proteínas de la leche, jarabe de glucosa y fructosa, manteca de cacao, almendra tostada (1,9%), grasa vegetal (palma), grasa vegetal (coco), jarabe de glucosa, materia grasa láctea anhidra, cacao desgrasado en polvo, leche desnatada en polvo, extracto de malta de cebada (gluten), sal, suero de leche, endurecedor (goma arábiga), emulgentes (lecitinas (soja), (e 472e), monoglicéridos y diglicéridos de ácidos grasos), estabilizantes (goma garrofín, goma guar, carragenanos), gasificantes ((e 503i) y (e 500)), aroma de nata, aromas y aroma natural. puede contener trazas de mostaza y otros frutos de cáscara.;8480000642004;0;;;;Ice cream, in box;39515;fibra_g;2.7;g;No certificat
17;2026-07-27 13:06:31;31;2026;43812;Super cream-flavored ice cream sandwich Hacendado Frozen food Ice cream Sandwiches;1;España;64200;17;Congelados;Helados;Sándwiches;Productos del momento;Elige el tuyo, ¡disfruta!;Super helado sándwich sabor nata Hacendado;;0.87;l;3.33;€/l;2.90;leche desnatada reconstituida, azúcar, harina de trigo (gluten), grasas vegetales (coco y palma), pasta de cacao, lactosa y proteínas de la leche, jarabe de glucosa y fructosa, manteca de cacao, almendra tostada (1,9%), grasa vegetal (palma), grasa vegetal (coco), jarabe de glucosa, materia grasa láctea anhidra, cacao desgrasado en polvo, leche desnatada en polvo, extracto de malta de cebada (gluten), sal, suero de leche, endurecedor (goma arábiga), emulgentes (lecitinas (soja), (e 472e), monoglicéridos y diglicéridos de ácidos grasos), estabilizantes (goma garrofín, goma guar, carragenanos), gasificantes ((e 503i) y (e 500)), aroma de nata, aromas y aroma natural. puede contener trazas de mostaza y otros frutos de cáscara.;8480000642004;0;;;;Ice cream, in box;39515;proteines_g;4.4;g;No certificat
17;2026-07-27 13:06:31;31;2026;43812;Super cream-flavored ice cream sandwich Hacendado Frozen food Ice cream Sandwiches;1;España;64200;17;Congelados;Helados;Sándwiches;Productos del momento;Elige el tuyo, ¡disfruta!;Super helado sándwich sabor nata Hacendado;;0.87;l;3.33;€/l;2.90;leche desnatada reconstituida, azúcar, harina de trigo (gluten), grasas vegetales (coco y palma), pasta de cacao, lactosa y proteínas de la leche, jarabe de glucosa y fructosa, manteca de cacao, almendra tostada (1,9%), grasa vegetal (palma), grasa vegetal (coco), jarabe de glucosa, materia grasa láctea anhidra, cacao desgrasado en polvo, leche desnatada en polvo, extracto de malta de cebada (gluten), sal, suero de leche, endurecedor (goma arábiga), emulgentes (lecitinas (soja), (e 472e), monoglicéridos y diglicéridos de ácidos grasos), estabilizantes (goma garrofín, goma guar, carragenanos), gasificantes ((e 503i) y (e 500)), aroma de nata, aromas y aroma natural. puede contener trazas de mostaza y otros frutos de cáscara.;8480000642004;0;;;;Ice cream, in box;39515;sal_g;0.16;g;No certificat
18;2026-07-27 13:06:31;31;2026;43812;Mini vanilla and cookie ice cream sandwich Hacendado Frozen food Ice cream Sandwiches;1;España;64520;18;Congelados;Helados;Sándwiches;Productos del momento;Elige el tuyo, ¡disfruta!;Mini helado sándwich sabor vainilla y cookie Hacendado;;0.51;l;5.88;€/l;3.00;leche desnatada reconstituida, azúcar, harina de trigo (gluten), grasas vegetales (coco y palma), lactosa y proteínas de la leche, manteca de cacao, pasta de cacao, grasa vegetal (palma), gotas de chocolate (2,4%) (azúcar, pasta de cacao, manteca de cacao, emulgentes: lecitinas (soja) vainillina), jarabe de glucosa y fructosa, almendra tostada (2,2%), leche entera en polvo, jarabe de azúcar invertido, grasa vegetal (coco), leche desnatada en polvo, huevo en polvo, materia grasa láctea anhidra, sal, emulgentes (lecitinas (soja), monoglicéridos y diglicéridos de ácidos grasos y (e 476)), estabilizantes (goma garrofín, goma guar, carragenanos), gasificantes ((e503ii) y (e 500ii)), colorantes (-caroteno y caramelo natural), vainilina, aroma y aroma natural de vainilla. puede contener trazas de mostaza y otros frutos de cáscara.;8480000645203;0;;;;Ice cream, in box;39515;Energia (kcal);343.0;kcal;No certificat
18;2026-07-27 13:06:31;31;2026;43812;Mini vanilla and cookie ice cream sandwich Hacendado Frozen food Ice cream Sandwiches;1;España;64520;18;Congelados;Helados;Sándwiches;Productos del momento;Elige el tuyo, ¡disfruta!;Mini helado sándwich sabor vainilla y cookie Hacendado;;0.51;l;5.88;€/l;3.00;leche desnatada reconstituida, azúcar, harina de trigo (gluten), grasas vegetales (coco y palma), lactosa y proteínas de la leche, manteca de cacao, pasta de cacao, grasa vegetal (palma), gotas de chocolate (2,4%) (azúcar, pasta de cacao, manteca de cacao, emulgentes: lecitinas (soja) vainillina), jarabe de glucosa y fructosa, almendra tostada (2,2%), leche entera en polvo, jarabe de azúcar invertido, grasa vegetal (coco), leche desnatada en polvo, huevo en polvo, materia grasa láctea anhidra, sal, emulgentes (lecitinas (soja), monoglicéridos y diglicéridos de ácidos grasos y (e 476)), estabilizantes (goma garrofín, goma guar, carragenanos), gasificantes ((e503ii) y (e 500ii)), colorantes (-caroteno y caramelo natural), vainilina, aroma y aroma natural de vainilla. puede contener trazas de mostaza y otros frutos de cáscara.;8480000645203;0;;;;Ice cream, in box;39515;Energia (kJ);1438.0;kJ;No certificat
18;2026-07-27 13:06:31;31;2026;43812;Mini vanilla and cookie ice cream sandwich Hacendado Frozen food Ice cream Sandwiches;1;España;64520;18;Congelados;Helados;Sándwiches;Productos del momento;Elige el tuyo, ¡disfruta!;Mini helado sándwich sabor vainilla y cookie Hacendado;;0.51;l;5.88;€/l;3.00;leche desnatada reconstituida, azúcar, harina de trigo (gluten), grasas vegetales (coco y palma), lactosa y proteínas de la leche, manteca de cacao, pasta de cacao, grasa vegetal (palma), gotas de chocolate (2,4%) (azúcar, pasta de cacao, manteca de cacao, emulgentes: lecitinas (soja) vainillina), jarabe de glucosa y fructosa, almendra tostada (2,2%), leche entera en polvo, jarabe de azúcar invertido, grasa vegetal (coco), leche desnatada en polvo, huevo en polvo, materia grasa láctea anhidra, sal, emulgentes (lecitinas (soja), monoglicéridos y diglicéridos de ácidos grasos y (e 476)), estabilizantes (goma garrofín, goma guar, carragenanos), gasificantes ((e503ii) y (e 500ii)), colorantes (-caroteno y caramelo natural), vainilina, aroma y aroma natural de vainilla. puede contener trazas de mostaza y otros frutos de cáscara.;8480000645203;0;;;;Ice cream, in box;39515;greixos_totals_g;16.3;g;No certificat
18;2026-07-27 13:06:31;31;2026;43812;Mini vanilla and cookie ice cream sandwich Hacendado Frozen food Ice cream Sandwiches;1;España;64520;18;Congelados;Helados;Sándwiches;Productos del momento;Elige el tuyo, ¡disfruta!;Mini helado sándwich sabor vainilla y cookie Hacendado;;0.51;l;5.88;€/l;3.00;leche desnatada reconstituida, azúcar, harina de trigo (gluten), grasas vegetales (coco y palma), lactosa y proteínas de la leche, manteca de cacao, pasta de cacao, grasa vegetal (palma), gotas de chocolate (2,4%) (azúcar, pasta de cacao, manteca de cacao, emulgentes: lecitinas (soja) vainillina), jarabe de glucosa y fructosa, almendra tostada (2,2%), leche entera en polvo, jarabe de azúcar invertido, grasa vegetal (coco), leche desnatada en polvo, huevo en polvo, materia grasa láctea anhidra, sal, emulgentes (lecitinas (soja), monoglicéridos y diglicéridos de ácidos grasos y (e 476)), estabilizantes (goma garrofín, goma guar, carragenanos), gasificantes ((e503ii) y (e 500ii)), colorantes (-caroteno y caramelo natural), vainilina, aroma y aroma natural de vainilla. puede contener trazas de mostaza y otros frutos de cáscara.;8480000645203;0;;;;Ice cream, in box;39515;greixos_saturats_g;9.9;g;No certificat
18;2026-07-27 13:06:31;31;2026;43812;Mini vanilla and cookie ice cream sandwich Hacendado Frozen food Ice cream Sandwiches;1;España;64520;18;Congelados;Helados;Sándwiches;Productos del momento;Elige el tuyo, ¡disfruta!;Mini helado sándwich sabor vainilla y cookie Hacendado;;0.51;l;5.88;€/l;3.00;leche desnatada reconstituida, azúcar, harina de trigo (gluten), grasas vegetales (coco y palma), lactosa y proteínas de la leche, manteca de cacao, pasta de cacao, grasa vegetal (palma), gotas de chocolate (2,4%) (azúcar, pasta de cacao, manteca de cacao, emulgentes: lecitinas (soja) vainillina), jarabe de glucosa y fructosa, almendra tostada (2,2%), leche entera en polvo, jarabe de azúcar invertido, grasa vegetal (coco), leche desnatada en polvo, huevo en polvo, materia grasa láctea anhidra, sal, emulgentes (lecitinas (soja), monoglicéridos y diglicéridos de ácidos grasos y (e 476)), estabilizantes (goma garrofín, goma guar, carragenanos), gasificantes ((e503ii) y (e 500ii)), colorantes (-caroteno y caramelo natural), vainilina, aroma y aroma natural de vainilla. puede contener trazas de mostaza y otros frutos de cáscara.;8480000645203;0;;;;Ice cream, in box;39515;greixos_monoinsaturats_g;5.2;g;No certificat
18;2026-07-27 13:06:31;31;2026;43812;Mini vanilla and cookie ice cream sandwich Hacendado Frozen food Ice cream Sandwiches;1;España;64520;18;Congelados;Helados;Sándwiches;Productos del momento;Elige el tuyo, ¡disfruta!;Mini helado sándwich sabor vainilla y cookie Hacendado;;0.51;l;5.88;€/l;3.00;leche desnatada reconstituida, azúcar, harina de trigo (gluten), grasas vegetales (coco y palma), lactosa y proteínas de la leche, manteca de cacao, pasta de cacao, grasa vegetal (palma), gotas de chocolate (2,4%) (azúcar, pasta de cacao, manteca de cacao, emulgentes: lecitinas (soja) vainillina), jarabe de glucosa y fructosa, almendra tostada (2,2%), leche entera en polvo, jarabe de azúcar invertido, grasa vegetal (coco), leche desnatada en polvo, huevo en polvo, materia grasa láctea anhidra, sal, emulgentes (lecitinas (soja), monoglicéridos y diglicéridos de ácidos grasos y (e 476)), estabilizantes (goma garrofín, goma guar, carragenanos), gasificantes ((e503ii) y (e 500ii)), colorantes (-caroteno y caramelo natural), vainilina, aroma y aroma natural de vainilla. puede contener trazas de mostaza y otros frutos de cáscara.;8480000645203;0;;;;Ice cream, in box;39515;greixos_poliinsaturats_g;1.2;g;No certificat
18;2026-07-27 13:06:31;31;2026;43812;Mini vanilla and cookie ice cream sandwich Hacendado Frozen food Ice cream Sandwiches;1;España;64520;18;Congelados;Helados;Sándwiches;Productos del momento;Elige el tuyo, ¡disfruta!;Mini helado sándwich sabor vainilla y cookie Hacendado;;0.51;l;5.88;€/l;3.00;leche desnatada reconstituida, azúcar, harina de trigo (gluten), grasas vegetales (coco y palma), lactosa y proteínas de la leche, manteca de cacao, pasta de cacao, grasa vegetal (palma), gotas de chocolate (2,4%) (azúcar, pasta de cacao, manteca de cacao, emulgentes: lecitinas (soja) vainillina), jarabe de glucosa y fructosa, almendra tostada (2,2%), leche entera en polvo, jarabe de azúcar invertido, grasa vegetal (coco), leche desnatada en polvo, huevo en polvo, materia grasa láctea anhidra, sal, emulgentes (lecitinas (soja), monoglicéridos y diglicéridos de ácidos grasos y (e 476)), estabilizantes (goma garrofín, goma guar, carragenanos), gasificantes ((e503ii) y (e 500ii)), colorantes (-caroteno y caramelo natural), vainilina, aroma y aroma natural de vainilla. puede contener trazas de mostaza y otros frutos de cáscara.;8480000645203;0;;;;Ice cream, in box;39515;hidrats_carboni_g;43.1;g;No certificat
18;2026-07-27 13:06:31;31;2026;43812;Mini vanilla and cookie ice cream sandwich Hacendado Frozen food Ice cream Sandwiches;1;España;64520;18;Congelados;Helados;Sándwiches;Productos del momento;Elige el tuyo, ¡disfruta!;Mini helado sándwich sabor vainilla y cookie Hacendado;;0.51;l;5.88;€/l;3.00;leche desnatada reconstituida, azúcar, harina de trigo (gluten), grasas vegetales (coco y palma), lactosa y proteínas de la leche, manteca de cacao, pasta de cacao, grasa vegetal (palma), gotas de chocolate (2,4%) (azúcar, pasta de cacao, manteca de cacao, emulgentes: lecitinas (soja) vainillina), jarabe de glucosa y fructosa, almendra tostada (2,2%), leche entera en polvo, jarabe de azúcar invertido, grasa vegetal (coco), leche desnatada en polvo, huevo en polvo, materia grasa láctea anhidra, sal, emulgentes (lecitinas (soja), monoglicéridos y diglicéridos de ácidos grasos y (e 476)), estabilizantes (goma garrofín, goma guar, carragenanos), gasificantes ((e503ii) y (e 500ii)), colorantes (-caroteno y caramelo natural), vainilina, aroma y aroma natural de vainilla. puede contener trazas de mostaza y otros frutos de cáscara.;8480000645203;0;;;;Ice cream, in box;39515;sucres_g;31.2;g;No certificat
18;2026-07-27 13:06:31;31;2026;43812;Mini vanilla and cookie ice cream sandwich Hacendado Frozen food Ice cream Sandwiches;1;España;64520;18;Congelados;Helados;Sándwiches;Productos del momento;Elige el tuyo, ¡disfruta!;Mini helado sándwich sabor vainilla y cookie Hacendado;;0.51;l;5.88;€/l;3.00;leche desnatada reconstituida, azúcar, harina de trigo (gluten), grasas vegetales (coco y palma), lactosa y proteínas de la leche, manteca de cacao, pasta de cacao, grasa vegetal (palma), gotas de chocolate (2,4%) (azúcar, pasta de cacao, manteca de cacao, emulgentes: lecitinas (soja) vainillina), jarabe de glucosa y fructosa, almendra tostada (2,2%), leche entera en polvo, jarabe de azúcar invertido, grasa vegetal (coco), leche desnatada en polvo, huevo en polvo, materia grasa láctea anhidra, sal, emulgentes (lecitinas (soja), monoglicéridos y diglicéridos de ácidos grasos y (e 476)), estabilizantes (goma garrofín, goma guar, carragenanos), gasificantes ((e503ii) y (e 500ii)), colorantes (-caroteno y caramelo natural), vainilina, aroma y aroma natural de vainilla. puede contener trazas de mostaza y otros frutos de cáscara.;8480000645203;0;;;;Ice cream, in box;39515;fibra_g;1.3;g;No certificat
18;2026-07-27 13:06:31;31;2026;43812;Mini vanilla and cookie ice cream sandwich Hacendado Frozen food Ice cream Sandwiches;1;España;64520;18;Congelados;Helados;Sándwiches;Productos del momento;Elige el tuyo, ¡disfruta!;Mini helado sándwich sabor vainilla y cookie Hacendado;;0.51;l;5.88;€/l;3.00;leche desnatada reconstituida, azúcar, harina de trigo (gluten), grasas vegetales (coco y palma), lactosa y proteínas de la leche, manteca de cacao, pasta de cacao, grasa vegetal (palma), gotas de chocolate (2,4%) (azúcar, pasta de cacao, manteca de cacao, emulgentes: lecitinas (soja) vainillina), jarabe de glucosa y fructosa, almendra tostada (2,2%), leche entera en polvo, jarabe de azúcar invertido, grasa vegetal (coco), leche desnatada en polvo, huevo en polvo, materia grasa láctea anhidra, sal, emulgentes (lecitinas (soja), monoglicéridos y diglicéridos de ácidos grasos y (e 476)), estabilizantes (goma garrofín, goma guar, carragenanos), gasificantes ((e503ii) y (e 500ii)), colorantes (-caroteno y caramelo natural), vainilina, aroma y aroma natural de vainilla. puede contener trazas de mostaza y otros frutos de cáscara.;8480000645203;0;;;;Ice cream, in box;39515;proteines_g;5.3;g;No certificat
18;2026-07-27 13:06:31;31;2026;43812;Mini vanilla and cookie ice cream sandwich Hacendado Frozen food Ice cream Sandwiches;1;España;64520;18;Congelados;Helados;Sándwiches;Productos del momento;Elige el tuyo, ¡disfruta!;Mini helado sándwich sabor vainilla y cookie Hacendado;;0.51;l;5.88;€/l;3.00;leche desnatada reconstituida, azúcar, harina de trigo (gluten), grasas vegetales (coco y palma), lactosa y proteínas de la leche, manteca de cacao, pasta de cacao, grasa vegetal (palma), gotas de chocolate (2,4%) (azúcar, pasta de cacao, manteca de cacao, emulgentes: lecitinas (soja) vainillina), jarabe de glucosa y fructosa, almendra tostada (2,2%), leche entera en polvo, jarabe de azúcar invertido, grasa vegetal (coco), leche desnatada en polvo, huevo en polvo, materia grasa láctea anhidra, sal, emulgentes (lecitinas (soja), monoglicéridos y diglicéridos de ácidos grasos y (e 476)), estabilizantes (goma garrofín, goma guar, carragenanos), gasificantes ((e503ii) y (e 500ii)), colorantes (-caroteno y caramelo natural), vainilina, aroma y aroma natural de vainilla. puede contener trazas de mostaza y otros frutos de cáscara.;8480000645203;0;;;;Ice cream, in box;39515;sal_g;0.31;g;No certificat
19;2026-07-27 13:06:31;31;2026;43812;Mini ice cream sandwich with a cream flavor Hacendado Frozen food Ice cream Sandwiches;1;España;64450;19;Congelados;Helados;Sándwiches;Productos del momento;Elige el tuyo, ¡disfruta!;Mini helado sándwich sabor nata Hacendado;;0.48;l;5.42;€/l;2.60;leche desnatada reconstituida, azúcar, harina de trigo (gluten), grasas vegetales (coco y palma), pasta de cacao, lactosa y proteínas de la leche, jarabe de glucosa y fructosa, almendra tostada (2,5%), grasa vegetal (palma), manteca de cacao, jarabe de glucosa, grasa vegetal (coco), cacao desgrasado en polvo, leche desnatada en polvo, materia grasa láctea anhidra, sal, extracto de malta de cebada (gluten), suero de leche, emulgentes (lecitinas (soja), monoglicéridos y diglicéridos de ácidos grasos), estabilizantes (goma garrofín, goma guar, carragenanos), gasificantes (e 503i) y (e 500), vainillina, aroma natural, aromas y aroma de nata. puede contener trazas de mostaza y otros frutos de cáscara.;8480000644503;0;;;;Ice cream, in box;39515;Energia (kcal);329.0;kcal;No certificat
19;2026-07-27 13:06:31;31;2026;43812;Mini ice cream sandwich with a cream flavor Hacendado Frozen food Ice cream Sandwiches;1;España;64450;19;Congelados;Helados;Sándwiches;Productos del momento;Elige el tuyo, ¡disfruta!;Mini helado sándwich sabor nata Hacendado;;0.48;l;5.42;€/l;2.60;leche desnatada reconstituida, azúcar, harina de trigo (gluten), grasas vegetales (coco y palma), pasta de cacao, lactosa y proteínas de la leche, jarabe de glucosa y fructosa, almendra tostada (2,5%), grasa vegetal (palma), manteca de cacao, jarabe de glucosa, grasa vegetal (coco), cacao desgrasado en polvo, leche desnatada en polvo, materia grasa láctea anhidra, sal, extracto de malta de cebada (gluten), suero de leche, emulgentes (lecitinas (soja), monoglicéridos y diglicéridos de ácidos grasos), estabilizantes (goma garrofín, goma guar, carragenanos), gasificantes (e 503i) y (e 500), vainillina, aroma natural, aromas y aroma de nata. puede contener trazas de mostaza y otros frutos de cáscara.;8480000644503;0;;;;Ice cream, in box;39515;Energia (kJ);1377.0;kJ;No certificat
19;2026-07-27 13:06:31;31;2026;43812;Mini ice cream sandwich with a cream flavor Hacendado Frozen food Ice cream Sandwiches;1;España;64450;19;Congelados;Helados;Sándwiches;Productos del momento;Elige el tuyo, ¡disfruta!;Mini helado sándwich sabor nata Hacendado;;0.48;l;5.42;€/l;2.60;leche desnatada reconstituida, azúcar, harina de trigo (gluten), grasas vegetales (coco y palma), pasta de cacao, lactosa y proteínas de la leche, jarabe de glucosa y fructosa, almendra tostada (2,5%), grasa vegetal (palma), manteca de cacao, jarabe de glucosa, grasa vegetal (coco), cacao desgrasado en polvo, leche desnatada en polvo, materia grasa láctea anhidra, sal, extracto de malta de cebada (gluten), suero de leche, emulgentes (lecitinas (soja), monoglicéridos y diglicéridos de ácidos grasos), estabilizantes (goma garrofín, goma guar, carragenanos), gasificantes (e 503i) y (e 500), vainillina, aroma natural, aromas y aroma de nata. puede contener trazas de mostaza y otros frutos de cáscara.;8480000644503;0;;;;Ice cream, in box;39515;greixos_totals_g;16.6;g;No certificat
19;2026-07-27 13:06:31;31;2026;43812;Mini ice cream sandwich with a cream flavor Hacendado Frozen food Ice cream Sandwiches;1;España;64450;19;Congelados;Helados;Sándwiches;Productos del momento;Elige el tuyo, ¡disfruta!;Mini helado sándwich sabor nata Hacendado;;0.48;l;5.42;€/l;2.60;leche desnatada reconstituida, azúcar, harina de trigo (gluten), grasas vegetales (coco y palma), pasta de cacao, lactosa y proteínas de la leche, jarabe de glucosa y fructosa, almendra tostada (2,5%), grasa vegetal (palma), manteca de cacao, jarabe de glucosa, grasa vegetal (coco), cacao desgrasado en polvo, leche desnatada en polvo, materia grasa láctea anhidra, sal, extracto de malta de cebada (gluten), suero de leche, emulgentes (lecitinas (soja), monoglicéridos y diglicéridos de ácidos grasos), estabilizantes (goma garrofín, goma guar, carragenanos), gasificantes (e 503i) y (e 500), vainillina, aroma natural, aromas y aroma de nata. puede contener trazas de mostaza y otros frutos de cáscara.;8480000644503;0;;;;Ice cream, in box;39515;greixos_saturats_g;10.2;g;No certificat
19;2026-07-27 13:06:31;31;2026;43812;Mini ice cream sandwich with a cream flavor Hacendado Frozen food Ice cream Sandwiches;1;España;64450;19;Congelados;Helados;Sándwiches;Productos del momento;Elige el tuyo, ¡disfruta!;Mini helado sándwich sabor nata Hacendado;;0.48;l;5.42;€/l;2.60;leche desnatada reconstituida, azúcar, harina de trigo (gluten), grasas vegetales (coco y palma), pasta de cacao, lactosa y proteínas de la leche, jarabe de glucosa y fructosa, almendra tostada (2,5%), grasa vegetal (palma), manteca de cacao, jarabe de glucosa, grasa vegetal (coco), cacao desgrasado en polvo, leche desnatada en polvo, materia grasa láctea anhidra, sal, extracto de malta de cebada (gluten), suero de leche, emulgentes (lecitinas (soja), monoglicéridos y diglicéridos de ácidos grasos), estabilizantes (goma garrofín, goma guar, carragenanos), gasificantes (e 503i) y (e 500), vainillina, aroma natural, aromas y aroma de nata. puede contener trazas de mostaza y otros frutos de cáscara.;8480000644503;0;;;;Ice cream, in box;39515;greixos_monoinsaturats_g;5.2;g;No certificat
19;2026-07-27 13:06:31;31;2026;43812;Mini ice cream sandwich with a cream flavor Hacendado Frozen food Ice cream Sandwiches;1;España;64450;19;Congelados;Helados;Sándwiches;Productos del momento;Elige el tuyo, ¡disfruta!;Mini helado sándwich sabor nata Hacendado;;0.48;l;5.42;€/l;2.60;leche desnatada reconstituida, azúcar, harina de trigo (gluten), grasas vegetales (coco y palma), pasta de cacao, lactosa y proteínas de la leche, jarabe de glucosa y fructosa, almendra tostada (2,5%), grasa vegetal (palma), manteca de cacao, jarabe de glucosa, grasa vegetal (coco), cacao desgrasado en polvo, leche desnatada en polvo, materia grasa láctea anhidra, sal, extracto de malta de cebada (gluten), suero de leche, emulgentes (lecitinas (soja), monoglicéridos y diglicéridos de ácidos grasos), estabilizantes (goma garrofín, goma guar, carragenanos), gasificantes (e 503i) y (e 500), vainillina, aroma natural, aromas y aroma de nata. puede contener trazas de mostaza y otros frutos de cáscara.;8480000644503;0;;;;Ice cream, in box;39515;greixos_poliinsaturats_g;1.2;g;No certificat
19;2026-07-27 13:06:31;31;2026;43812;Mini ice cream sandwich with a cream flavor Hacendado Frozen food Ice cream Sandwiches;1;España;64450;19;Congelados;Helados;Sándwiches;Productos del momento;Elige el tuyo, ¡disfruta!;Mini helado sándwich sabor nata Hacendado;;0.48;l;5.42;€/l;2.60;leche desnatada reconstituida, azúcar, harina de trigo (gluten), grasas vegetales (coco y palma), pasta de cacao, lactosa y proteínas de la leche, jarabe de glucosa y fructosa, almendra tostada (2,5%), grasa vegetal (palma), manteca de cacao, jarabe de glucosa, grasa vegetal (coco), cacao desgrasado en polvo, leche desnatada en polvo, materia grasa láctea anhidra, sal, extracto de malta de cebada (gluten), suero de leche, emulgentes (lecitinas (soja), monoglicéridos y diglicéridos de ácidos grasos), estabilizantes (goma garrofín, goma guar, carragenanos), gasificantes (e 503i) y (e 500), vainillina, aroma natural, aromas y aroma de nata. puede contener trazas de mostaza y otros frutos de cáscara.;8480000644503;0;;;;Ice cream, in box;39515;hidrats_carboni_g;39.0;g;No certificat
19;2026-07-27 13:06:31;31;2026;43812;Mini ice cream sandwich with a cream flavor Hacendado Frozen food Ice cream Sandwiches;1;España;64450;19;Congelados;Helados;Sándwiches;Productos del momento;Elige el tuyo, ¡disfruta!;Mini helado sándwich sabor nata Hacendado;;0.48;l;5.42;€/l;2.60;leche desnatada reconstituida, azúcar, harina de trigo (gluten), grasas vegetales (coco y palma), pasta de cacao, lactosa y proteínas de la leche, jarabe de glucosa y fructosa, almendra tostada (2,5%), grasa vegetal (palma), manteca de cacao, jarabe de glucosa, grasa vegetal (coco), cacao desgrasado en polvo, leche desnatada en polvo, materia grasa láctea anhidra, sal, extracto de malta de cebada (gluten), suero de leche, emulgentes (lecitinas (soja), monoglicéridos y diglicéridos de ácidos grasos), estabilizantes (goma garrofín, goma guar, carragenanos), gasificantes (e 503i) y (e 500), vainillina, aroma natural, aromas y aroma de nata. puede contener trazas de mostaza y otros frutos de cáscara.;8480000644503;0;;;;Ice cream, in box;39515;sucres_g;28.0;g;No certificat
19;2026-07-27 13:06:31;31;2026;43812;Mini ice cream sandwich with a cream flavor Hacendado Frozen food Ice cream Sandwiches;1;España;64450;19;Congelados;Helados;Sándwiches;Productos del momento;Elige el tuyo, ¡disfruta!;Mini helado sándwich sabor nata Hacendado;;0.48;l;5.42;€/l;2.60;leche desnatada reconstituida, azúcar, harina de trigo (gluten), grasas vegetales (coco y palma), pasta de cacao, lactosa y proteínas de la leche, jarabe de glucosa y fructosa, almendra tostada (2,5%), grasa vegetal (palma), manteca de cacao, jarabe de glucosa, grasa vegetal (coco), cacao desgrasado en polvo, leche desnatada en polvo, materia grasa láctea anhidra, sal, extracto de malta de cebada (gluten), suero de leche, emulgentes (lecitinas (soja), monoglicéridos y diglicéridos de ácidos grasos), estabilizantes (goma garrofín, goma guar, carragenanos), gasificantes (e 503i) y (e 500), vainillina, aroma natural, aromas y aroma de nata. puede contener trazas de mostaza y otros frutos de cáscara.;8480000644503;0;;;;Ice cream, in box;39515;fibra_g;2.4;g;No certificat
19;2026-07-27 13:06:31;31;2026;43812;Mini ice cream sandwich with a cream flavor Hacendado Frozen food Ice cream Sandwiches;1;España;64450;19;Congelados;Helados;Sándwiches;Productos del momento;Elige el tuyo, ¡disfruta!;Mini helado sándwich sabor nata Hacendado;;0.48;l;5.42;€/l;2.60;leche desnatada reconstituida, azúcar, harina de trigo (gluten), grasas vegetales (coco y palma), pasta de cacao, lactosa y proteínas de la leche, jarabe de glucosa y fructosa, almendra tostada (2,5%), grasa vegetal (palma), manteca de cacao, jarabe de glucosa, grasa vegetal (coco), cacao desgrasado en polvo, leche desnatada en polvo, materia grasa láctea anhidra, sal, extracto de malta de cebada (gluten), suero de leche, emulgentes (lecitinas (soja), monoglicéridos y diglicéridos de ácidos grasos), estabilizantes (goma garrofín, goma guar, carragenanos), gasificantes (e 503i) y (e 500), vainillina, aroma natural, aromas y aroma de nata. puede contener trazas de mostaza y otros frutos de cáscara.;8480000644503;0;;;;Ice cream, in box;39515;proteines_g;4.7;g;No certificat
19;2026-07-27 13:06:31;31;2026;43812;Mini ice cream sandwich with a cream flavor Hacendado Frozen food Ice cream Sandwiches;1;España;64450;19;Congelados;Helados;Sándwiches;Productos del momento;Elige el tuyo, ¡disfruta!;Mini helado sándwich sabor nata Hacendado;;0.48;l;5.42;€/l;2.60;leche desnatada reconstituida, azúcar, harina de trigo (gluten), grasas vegetales (coco y palma), pasta de cacao, lactosa y proteínas de la leche, jarabe de glucosa y fructosa, almendra tostada (2,5%), grasa vegetal (palma), manteca de cacao, jarabe de glucosa, grasa vegetal (coco), cacao desgrasado en polvo, leche desnatada en polvo, materia grasa láctea anhidra, sal, extracto de malta de cebada (gluten), suero de leche, emulgentes (lecitinas (soja), monoglicéridos y diglicéridos de ácidos grasos), estabilizantes (goma garrofín, goma guar, carragenanos), gasificantes (e 503i) y (e 500), vainillina, aroma natural, aromas y aroma de nata. puede contener trazas de mostaza y otros frutos de cáscara.;8480000644503;0;;;;Ice cream, in box;39515;sal_g;0.23;g;No certificat
20;2026-07-27 13:06:31;31;2026;43812;Cream-flavored ice cream sandwich with no added sugar Hacendado Frozen food Ice cream Sandwiches;1;España;64147;20;Congelados;Helados;Sándwiches;Productos del momento;Elige el tuyo, ¡disfruta!;Helado sándwich sabor nata Hacendado sin azúcares añadidos;;0.8;l;3.75;€/l;3.00;helado sabor a nata y galleta (con edulcorantes). ingredientes: leche desnatada reconstituida, galletas (con edulcorantes) (31%) (harina de trigo, edulcorantes (maltitoles), grasa de palma, leche desnatada en polvo, gluten de trigo, gasificantes (carbonatos de amonio, carbonatos de sodio), sal, aroma, antioxidante (metabisulfito sódico), emulgente (lecitinas (girasol), edulcorantes (maltitoles, eritritol, sucralosa), fibra alimentaria soluble, leche desnatada en polvo, grasas vegetales (coco, palma), agente de carga (polidextrosa), emulgentes (ésteres de propano-1,2-diol de ácidos grasos, monoglicéridos y diglicéridos de ácidos grasos), gelatina, aroma natural de leche, estabilizantes (goma garrofín, goma guar), aromas, colorante (riboflavina). trazas de soja y mostaza.;8480000641472;0;;;;Ice cream, in box;39515;Energia (kcal);216.0;kcal;No added sugar
20;2026-07-27 13:06:31;31;2026;43812;Cream-flavored ice cream sandwich with no added sugar Hacendado Frozen food Ice cream Sandwiches;1;España;64147;20;Congelados;Helados;Sándwiches;Productos del momento;Elige el tuyo, ¡disfruta!;Helado sándwich sabor nata Hacendado sin azúcares añadidos;;0.8;l;3.75;€/l;3.00;helado sabor a nata y galleta (con edulcorantes). ingredientes: leche desnatada reconstituida, galletas (con edulcorantes) (31%) (harina de trigo, edulcorantes (maltitoles), grasa de palma, leche desnatada en polvo, gluten de trigo, gasificantes (carbonatos de amonio, carbonatos de sodio), sal, aroma, antioxidante (metabisulfito sódico), emulgente (lecitinas (girasol), edulcorantes (maltitoles, eritritol, sucralosa), fibra alimentaria soluble, leche desnatada en polvo, grasas vegetales (coco, palma), agente de carga (polidextrosa), emulgentes (ésteres de propano-1,2-diol de ácidos grasos, monoglicéridos y diglicéridos de ácidos grasos), gelatina, aroma natural de leche, estabilizantes (goma garrofín, goma guar), aromas, colorante (riboflavina). trazas de soja y mostaza.;8480000641472;0;;;;Ice cream, in box;39515;Energia (kJ);903.0;kJ;No added sugar
20;2026-07-27 13:06:31;31;2026;43812;Cream-flavored ice cream sandwich with no added sugar Hacendado Frozen food Ice cream Sandwiches;1;España;64147;20;Congelados;Helados;Sándwiches;Productos del momento;Elige el tuyo, ¡disfruta!;Helado sándwich sabor nata Hacendado sin azúcares añadidos;;0.8;l;3.75;€/l;3.00;helado sabor a nata y galleta (con edulcorantes). ingredientes: leche desnatada reconstituida, galletas (con edulcorantes) (31%) (harina de trigo, edulcorantes (maltitoles), grasa de palma, leche desnatada en polvo, gluten de trigo, gasificantes (carbonatos de amonio, carbonatos de sodio), sal, aroma, antioxidante (metabisulfito sódico), emulgente (lecitinas (girasol), edulcorantes (maltitoles, eritritol, sucralosa), fibra alimentaria soluble, leche desnatada en polvo, grasas vegetales (coco, palma), agente de carga (polidextrosa), emulgentes (ésteres de propano-1,2-diol de ácidos grasos, monoglicéridos y diglicéridos de ácidos grasos), gelatina, aroma natural de leche, estabilizantes (goma garrofín, goma guar), aromas, colorante (riboflavina). trazas de soja y mostaza.;8480000641472;0;;;;Ice cream, in box;39515;greixos_totals_g;6.4;g;No added sugar
20;2026-07-27 13:06:31;31;2026;43812;Cream-flavored ice cream sandwich with no added sugar Hacendado Frozen food Ice cream Sandwiches;1;España;64147;20;Congelados;Helados;Sándwiches;Productos del momento;Elige el tuyo, ¡disfruta!;Helado sándwich sabor nata Hacendado sin azúcares añadidos;;0.8;l;3.75;€/l;3.00;helado sabor a nata y galleta (con edulcorantes). ingredientes: leche desnatada reconstituida, galletas (con edulcorantes) (31%) (harina de trigo, edulcorantes (maltitoles), grasa de palma, leche desnatada en polvo, gluten de trigo, gasificantes (carbonatos de amonio, carbonatos de sodio), sal, aroma, antioxidante (metabisulfito sódico), emulgente (lecitinas (girasol), edulcorantes (maltitoles, eritritol, sucralosa), fibra alimentaria soluble, leche desnatada en polvo, grasas vegetales (coco, palma), agente de carga (polidextrosa), emulgentes (ésteres de propano-1,2-diol de ácidos grasos, monoglicéridos y diglicéridos de ácidos grasos), gelatina, aroma natural de leche, estabilizantes (goma garrofín, goma guar), aromas, colorante (riboflavina). trazas de soja y mostaza.;8480000641472;0;;;;Ice cream, in box;39515;greixos_saturats_g;4.0;g;No added sugar
20;2026-07-27 13:06:31;31;2026;43812;Cream-flavored ice cream sandwich with no added sugar Hacendado Frozen food Ice cream Sandwiches;1;España;64147;20;Congelados;Helados;Sándwiches;Productos del momento;Elige el tuyo, ¡disfruta!;Helado sándwich sabor nata Hacendado sin azúcares añadidos;;0.8;l;3.75;€/l;3.00;helado sabor a nata y galleta (con edulcorantes). ingredientes: leche desnatada reconstituida, galletas (con edulcorantes) (31%) (harina de trigo, edulcorantes (maltitoles), grasa de palma, leche desnatada en polvo, gluten de trigo, gasificantes (carbonatos de amonio, carbonatos de sodio), sal, aroma, antioxidante (metabisulfito sódico), emulgente (lecitinas (girasol), edulcorantes (maltitoles, eritritol, sucralosa), fibra alimentaria soluble, leche desnatada en polvo, grasas vegetales (coco, palma), agente de carga (polidextrosa), emulgentes (ésteres de propano-1,2-diol de ácidos grasos, monoglicéridos y diglicéridos de ácidos grasos), gelatina, aroma natural de leche, estabilizantes (goma garrofín, goma guar), aromas, colorante (riboflavina). trazas de soja y mostaza.;8480000641472;0;;;;Ice cream, in box;39515;hidrats_carboni_g;39.0;g;No added sugar
20;2026-07-27 13:06:31;31;2026;43812;Cream-flavored ice cream sandwich with no added sugar Hacendado Frozen food Ice cream Sandwiches;1;España;64147;20;Congelados;Helados;Sándwiches;Productos del momento;Elige el tuyo, ¡disfruta!;Helado sándwich sabor nata Hacendado sin azúcares añadidos;;0.8;l;3.75;€/l;3.00;helado sabor a nata y galleta (con edulcorantes). ingredientes: leche desnatada reconstituida, galletas (con edulcorantes) (31%) (harina de trigo, edulcorantes (maltitoles), grasa de palma, leche desnatada en polvo, gluten de trigo, gasificantes (carbonatos de amonio, carbonatos de sodio), sal, aroma, antioxidante (metabisulfito sódico), emulgente (lecitinas (girasol), edulcorantes (maltitoles, eritritol, sucralosa), fibra alimentaria soluble, leche desnatada en polvo, grasas vegetales (coco, palma), agente de carga (polidextrosa), emulgentes (ésteres de propano-1,2-diol de ácidos grasos, monoglicéridos y diglicéridos de ácidos grasos), gelatina, aroma natural de leche, estabilizantes (goma garrofín, goma guar), aromas, colorante (riboflavina). trazas de soja y mostaza.;8480000641472;0;;;;Ice cream, in box;39515;sucres_g;5.0;g;No added sugar
20;2026-07-27 13:06:31;31;2026;43812;Cream-flavored ice cream sandwich with no added sugar Hacendado Frozen food Ice cream Sandwiches;1;España;64147;20;Congelados;Helados;Sándwiches;Productos del momento;Elige el tuyo, ¡disfruta!;Helado sándwich sabor nata Hacendado sin azúcares añadidos;;0.8;l;3.75;€/l;3.00;helado sabor a nata y galleta (con edulcorantes). ingredientes: leche desnatada reconstituida, galletas (con edulcorantes) (31%) (harina de trigo, edulcorantes (maltitoles), grasa de palma, leche desnatada en polvo, gluten de trigo, gasificantes (carbonatos de amonio, carbonatos de sodio), sal, aroma, antioxidante (metabisulfito sódico), emulgente (lecitinas (girasol), edulcorantes (maltitoles, eritritol, sucralosa), fibra alimentaria soluble, leche desnatada en polvo, grasas vegetales (coco, palma), agente de carga (polidextrosa), emulgentes (ésteres de propano-1,2-diol de ácidos grasos, monoglicéridos y diglicéridos de ácidos grasos), gelatina, aroma natural de leche, estabilizantes (goma garrofín, goma guar), aromas, colorante (riboflavina). trazas de soja y mostaza.;8480000641472;0;;;;Ice cream, in box;39515;fibra_g;6.1;g;No added sugar
20;2026-07-27 13:06:31;31;2026;43812;Cream-flavored ice cream sandwich with no added sugar Hacendado Frozen food Ice cream Sandwiches;1;España;64147;20;Congelados;Helados;Sándwiches;Productos del momento;Elige el tuyo, ¡disfruta!;Helado sándwich sabor nata Hacendado sin azúcares añadidos;;0.8;l;3.75;€/l;3.00;helado sabor a nata y galleta (con edulcorantes). ingredientes: leche desnatada reconstituida, galletas (con edulcorantes) (31%) (harina de trigo, edulcorantes (maltitoles), grasa de palma, leche desnatada en polvo, gluten de trigo, gasificantes (carbonatos de amonio, carbonatos de sodio), sal, aroma, antioxidante (metabisulfito sódico), emulgente (lecitinas (girasol), edulcorantes (maltitoles, eritritol, sucralosa), fibra alimentaria soluble, leche desnatada en polvo, grasas vegetales (coco, palma), agente de carga (polidextrosa), emulgentes (ésteres de propano-1,2-diol de ácidos grasos, monoglicéridos y diglicéridos de ácidos grasos), gelatina, aroma natural de leche, estabilizantes (goma garrofín, goma guar), aromas, colorante (riboflavina). trazas de soja y mostaza.;8480000641472;0;;;;Ice cream, in box;39515;proteines_g;5.3;g;No added sugar
20;2026-07-27 13:06:31;31;2026;43812;Cream-flavored ice cream sandwich with no added sugar Hacendado Frozen food Ice cream Sandwiches;1;España;64147;20;Congelados;Helados;Sándwiches;Productos del momento;Elige el tuyo, ¡disfruta!;Helado sándwich sabor nata Hacendado sin azúcares añadidos;;0.8;l;3.75;€/l;3.00;helado sabor a nata y galleta (con edulcorantes). ingredientes: leche desnatada reconstituida, galletas (con edulcorantes) (31%) (harina de trigo, edulcorantes (maltitoles), grasa de palma, leche desnatada en polvo, gluten de trigo, gasificantes (carbonatos de amonio, carbonatos de sodio), sal, aroma, antioxidante (metabisulfito sódico), emulgente (lecitinas (girasol), edulcorantes (maltitoles, eritritol, sucralosa), fibra alimentaria soluble, leche desnatada en polvo, grasas vegetales (coco, palma), agente de carga (polidextrosa), emulgentes (ésteres de propano-1,2-diol de ácidos grasos, monoglicéridos y diglicéridos de ácidos grasos), gelatina, aroma natural de leche, estabilizantes (goma garrofín, goma guar), aromas, colorante (riboflavina). trazas de soja y mostaza.;8480000641472;0;;;;Ice cream, in box;39515;sal_g;0.38;g;No added sugar
21;2026-07-27 13:06:31;31;2026;43812;Cream-flavored ice cream sandwich Hacendado Frozen food Ice cream Sandwiches;1;España;64146;21;Congelados;Helados;Sándwiches;Productos del momento;Elige el tuyo, ¡disfruta!;Helado sándwich sabor nata Hacendado;;0.8;l;2.88;€/l;2.30;(es)helado sabor a nata (67%).ingredientes: leche desnatada reconstituida, azúcar, agua,  grasas vegetales (coco, palma), lactosa y proteínas de la leche, jarabe de glucosa y fructosa, emulgente (monoglicéridos y diglicéridos de ácidos grasos), estabilizantes (goma garrofín, goma guar, carragenanos, ) y aroma. galletas (33%). ingredientes: harina de trigo, azúcar, grasa de palma, jarabe de glucosa, gasificantes (carbonatos de sodio, carbonatos de amonio), sal, colorante (e150c), aroma, antioxidante (metabisulfito sódico), emulgente (lecitina de girasol). trazas de soja y mostaza. (pt)gelado com sabor a nata e bolachas. gelado com sabor a nata (67%). ingredientes: leite magro reconstituído, açúcar, água, gorduras vegetais (coco, palma), lactose e proteínas do leite, xarope de glicose e frutose, emulsionante (mono e diglicéridos de ácidos gordos), estabilizadores (goma de alfarroba, goma de guar, carragenina), aroma. bolachas (33%). ingredientes: farinha de trigo, açúcar, gordura de palma, xarope de glicose, levedantes (carbonatos de sódio, carbonatos de amónio), sal, corante (e 150c), aroma, antioxidante (metabissulfito de sódio), emulsionante (lecitinas (girassol)). vestígios de soja e mostarda.;8480000641465;0;;;;Ice cream, in box;39515;Energia (kcal);276.0;kcal;No certificat
21;2026-07-27 13:06:31;31;2026;43812;Cream-flavored ice cream sandwich Hacendado Frozen food Ice cream Sandwiches;1;España;64146;21;Congelados;Helados;Sándwiches;Productos del momento;Elige el tuyo, ¡disfruta!;Helado sándwich sabor nata Hacendado;;0.8;l;2.88;€/l;2.30;(es)helado sabor a nata (67%).ingredientes: leche desnatada reconstituida, azúcar, agua,  grasas vegetales (coco, palma), lactosa y proteínas de la leche, jarabe de glucosa y fructosa, emulgente (monoglicéridos y diglicéridos de ácidos grasos), estabilizantes (goma garrofín, goma guar, carragenanos, ) y aroma. galletas (33%). ingredientes: harina de trigo, azúcar, grasa de palma, jarabe de glucosa, gasificantes (carbonatos de sodio, carbonatos de amonio), sal, colorante (e150c), aroma, antioxidante (metabisulfito sódico), emulgente (lecitina de girasol). trazas de soja y mostaza. (pt)gelado com sabor a nata e bolachas. gelado com sabor a nata (67%). ingredientes: leite magro reconstituído, açúcar, água, gorduras vegetais (coco, palma), lactose e proteínas do leite, xarope de glicose e frutose, emulsionante (mono e diglicéridos de ácidos gordos), estabilizadores (goma de alfarroba, goma de guar, carragenina), aroma. bolachas (33%). ingredientes: farinha de trigo, açúcar, gordura de palma, xarope de glicose, levedantes (carbonatos de sódio, carbonatos de amónio), sal, corante (e 150c), aroma, antioxidante (metabissulfito de sódio), emulsionante (lecitinas (girassol)). vestígios de soja e mostarda.;8480000641465;0;;;;Ice cream, in box;39515;Energia (kJ);1161.0;kJ;No certificat
21;2026-07-27 13:06:31;31;2026;43812;Cream-flavored ice cream sandwich Hacendado Frozen food Ice cream Sandwiches;1;España;64146;21;Congelados;Helados;Sándwiches;Productos del momento;Elige el tuyo, ¡disfruta!;Helado sándwich sabor nata Hacendado;;0.8;l;2.88;€/l;2.30;(es)helado sabor a nata (67%).ingredientes: leche desnatada reconstituida, azúcar, agua,  grasas vegetales (coco, palma), lactosa y proteínas de la leche, jarabe de glucosa y fructosa, emulgente (monoglicéridos y diglicéridos de ácidos grasos), estabilizantes (goma garrofín, goma guar, carragenanos, ) y aroma. galletas (33%). ingredientes: harina de trigo, azúcar, grasa de palma, jarabe de glucosa, gasificantes (carbonatos de sodio, carbonatos de amonio), sal, colorante (e150c), aroma, antioxidante (metabisulfito sódico), emulgente (lecitina de girasol). trazas de soja y mostaza. (pt)gelado com sabor a nata e bolachas. gelado com sabor a nata (67%). ingredientes: leite magro reconstituído, açúcar, água, gorduras vegetais (coco, palma), lactose e proteínas do leite, xarope de glicose e frutose, emulsionante (mono e diglicéridos de ácidos gordos), estabilizadores (goma de alfarroba, goma de guar, carragenina), aroma. bolachas (33%). ingredientes: farinha de trigo, açúcar, gordura de palma, xarope de glicose, levedantes (carbonatos de sódio, carbonatos de amónio), sal, corante (e 150c), aroma, antioxidante (metabissulfito de sódio), emulsionante (lecitinas (girassol)). vestígios de soja e mostarda.;8480000641465;0;;;;Ice cream, in box;39515;greixos_totals_g;10.0;g;No certificat
21;2026-07-27 13:06:31;31;2026;43812;Cream-flavored ice cream sandwich Hacendado Frozen food Ice cream Sandwiches;1;España;64146;21;Congelados;Helados;Sándwiches;Productos del momento;Elige el tuyo, ¡disfruta!;Helado sándwich sabor nata Hacendado;;0.8;l;2.88;€/l;2.30;(es)helado sabor a nata (67%).ingredientes: leche desnatada reconstituida, azúcar, agua,  grasas vegetales (coco, palma), lactosa y proteínas de la leche, jarabe de glucosa y fructosa, emulgente (monoglicéridos y diglicéridos de ácidos grasos), estabilizantes (goma garrofín, goma guar, carragenanos, ) y aroma. galletas (33%). ingredientes: harina de trigo, azúcar, grasa de palma, jarabe de glucosa, gasificantes (carbonatos de sodio, carbonatos de amonio), sal, colorante (e150c), aroma, antioxidante (metabisulfito sódico), emulgente (lecitina de girasol). trazas de soja y mostaza. (pt)gelado com sabor a nata e bolachas. gelado com sabor a nata (67%). ingredientes: leite magro reconstituído, açúcar, água, gorduras vegetais (coco, palma), lactose e proteínas do leite, xarope de glicose e frutose, emulsionante (mono e diglicéridos de ácidos gordos), estabilizadores (goma de alfarroba, goma de guar, carragenina), aroma. bolachas (33%). ingredientes: farinha de trigo, açúcar, gordura de palma, xarope de glicose, levedantes (carbonatos de sódio, carbonatos de amónio), sal, corante (e 150c), aroma, antioxidante (metabissulfito de sódio), emulsionante (lecitinas (girassol)). vestígios de soja e mostarda.;8480000641465;0;;;;Ice cream, in box;39515;greixos_saturats_g;6.5;g;No certificat
21;2026-07-27 13:06:31;31;2026;43812;Cream-flavored ice cream sandwich Hacendado Frozen food Ice cream Sandwiches;1;España;64146;21;Congelados;Helados;Sándwiches;Productos del momento;Elige el tuyo, ¡disfruta!;Helado sándwich sabor nata Hacendado;;0.8;l;2.88;€/l;2.30;(es)helado sabor a nata (67%).ingredientes: leche desnatada reconstituida, azúcar, agua,  grasas vegetales (coco, palma), lactosa y proteínas de la leche, jarabe de glucosa y fructosa, emulgente (monoglicéridos y diglicéridos de ácidos grasos), estabilizantes (goma garrofín, goma guar, carragenanos, ) y aroma. galletas (33%). ingredientes: harina de trigo, azúcar, grasa de palma, jarabe de glucosa, gasificantes (carbonatos de sodio, carbonatos de amonio), sal, colorante (e150c), aroma, antioxidante (metabisulfito sódico), emulgente (lecitina de girasol). trazas de soja y mostaza. (pt)gelado com sabor a nata e bolachas. gelado com sabor a nata (67%). ingredientes: leite magro reconstituído, açúcar, água, gorduras vegetais (coco, palma), lactose e proteínas do leite, xarope de glicose e frutose, emulsionante (mono e diglicéridos de ácidos gordos), estabilizadores (goma de alfarroba, goma de guar, carragenina), aroma. bolachas (33%). ingredientes: farinha de trigo, açúcar, gordura de palma, xarope de glicose, levedantes (carbonatos de sódio, carbonatos de amónio), sal, corante (e 150c), aroma, antioxidante (metabissulfito de sódio), emulsionante (lecitinas (girassol)). vestígios de soja e mostarda.;8480000641465;0;;;;Ice cream, in box;39515;hidrats_carboni_g;42.0;g;No certificat
21;2026-07-27 13:06:31;31;2026;43812;Cream-flavored ice cream sandwich Hacendado Frozen food Ice cream Sandwiches;1;España;64146;21;Congelados;Helados;Sándwiches;Productos del momento;Elige el tuyo, ¡disfruta!;Helado sándwich sabor nata Hacendado;;0.8;l;2.88;€/l;2.30;(es)helado sabor a nata (67%).ingredientes: leche desnatada reconstituida, azúcar, agua,  grasas vegetales (coco, palma), lactosa y proteínas de la leche, jarabe de glucosa y fructosa, emulgente (monoglicéridos y diglicéridos de ácidos grasos), estabilizantes (goma garrofín, goma guar, carragenanos, ) y aroma. galletas (33%). ingredientes: harina de trigo, azúcar, grasa de palma, jarabe de glucosa, gasificantes (carbonatos de sodio, carbonatos de amonio), sal, colorante (e150c), aroma, antioxidante (metabisulfito sódico), emulgente (lecitina de girasol). trazas de soja y mostaza. (pt)gelado com sabor a nata e bolachas. gelado com sabor a nata (67%). ingredientes: leite magro reconstituído, açúcar, água, gorduras vegetais (coco, palma), lactose e proteínas do leite, xarope de glicose e frutose, emulsionante (mono e diglicéridos de ácidos gordos), estabilizadores (goma de alfarroba, goma de guar, carragenina), aroma. bolachas (33%). ingredientes: farinha de trigo, açúcar, gordura de palma, xarope de glicose, levedantes (carbonatos de sódio, carbonatos de amónio), sal, corante (e 150c), aroma, antioxidante (metabissulfito de sódio), emulsionante (lecitinas (girassol)). vestígios de soja e mostarda.;8480000641465;0;;;;Ice cream, in box;39515;sucres_g;23.0;g;No certificat
21;2026-07-27 13:06:31;31;2026;43812;Cream-flavored ice cream sandwich Hacendado Frozen food Ice cream Sandwiches;1;España;64146;21;Congelados;Helados;Sándwiches;Productos del momento;Elige el tuyo, ¡disfruta!;Helado sándwich sabor nata Hacendado;;0.8;l;2.88;€/l;2.30;(es)helado sabor a nata (67%).ingredientes: leche desnatada reconstituida, azúcar, agua,  grasas vegetales (coco, palma), lactosa y proteínas de la leche, jarabe de glucosa y fructosa, emulgente (monoglicéridos y diglicéridos de ácidos grasos), estabilizantes (goma garrofín, goma guar, carragenanos, ) y aroma. galletas (33%). ingredientes: harina de trigo, azúcar, grasa de palma, jarabe de glucosa, gasificantes (carbonatos de sodio, carbonatos de amonio), sal, colorante (e150c), aroma, antioxidante (metabisulfito sódico), emulgente (lecitina de girasol). trazas de soja y mostaza. (pt)gelado com sabor a nata e bolachas. gelado com sabor a nata (67%). ingredientes: leite magro reconstituído, açúcar, água, gorduras vegetais (coco, palma), lactose e proteínas do leite, xarope de glicose e frutose, emulsionante (mono e diglicéridos de ácidos gordos), estabilizadores (goma de alfarroba, goma de guar, carragenina), aroma. bolachas (33%). ingredientes: farinha de trigo, açúcar, gordura de palma, xarope de glicose, levedantes (carbonatos de sódio, carbonatos de amónio), sal, corante (e 150c), aroma, antioxidante (metabissulfito de sódio), emulsionante (lecitinas (girassol)). vestígios de soja e mostarda.;8480000641465;0;;;;Ice cream, in box;39515;proteines_g;4.1;g;No certificat
21;2026-07-27 13:06:31;31;2026;43812;Cream-flavored ice cream sandwich Hacendado Frozen food Ice cream Sandwiches;1;España;64146;21;Congelados;Helados;Sándwiches;Productos del momento;Elige el tuyo, ¡disfruta!;Helado sándwich sabor nata Hacendado;;0.8;l;2.88;€/l;2.30;(es)helado sabor a nata (67%).ingredientes: leche desnatada reconstituida, azúcar, agua,  grasas vegetales (coco, palma), lactosa y proteínas de la leche, jarabe de glucosa y fructosa, emulgente (monoglicéridos y diglicéridos de ácidos grasos), estabilizantes (goma garrofín, goma guar, carragenanos, ) y aroma. galletas (33%). ingredientes: harina de trigo, azúcar, grasa de palma, jarabe de glucosa, gasificantes (carbonatos de sodio, carbonatos de amonio), sal, colorante (e150c), aroma, antioxidante (metabisulfito sódico), emulgente (lecitina de girasol). trazas de soja y mostaza. (pt)gelado com sabor a nata e bolachas. gelado com sabor a nata (67%). ingredientes: leite magro reconstituído, açúcar, água, gorduras vegetais (coco, palma), lactose e proteínas do leite, xarope de glicose e frutose, emulsionante (mono e diglicéridos de ácidos gordos), estabilizadores (goma de alfarroba, goma de guar, carragenina), aroma. bolachas (33%). ingredientes: farinha de trigo, açúcar, gordura de palma, xarope de glicose, levedantes (carbonatos de sódio, carbonatos de amónio), sal, corante (e 150c), aroma, antioxidante (metabissulfito de sódio), emulsionante (lecitinas (girassol)). vestígios de soja e mostarda.;8480000641465;0;;;;Ice cream, in box;39515;sal_g;0.44;g;No certificat
22;2026-07-27 13:06:32;31;2026;43812;Dochi ice cream cheesecake with raspberry sauce Hacendado Frozen food Ice cream Other Ice Creams;1;España;35955;22;Congelados;Helados;Otros Helados;Productos del momento;Elige el tuyo, ¡disfruta!;Helado Dochi cheesecake Hacendado con salsa de frambuesa;;0.216;l;13.89;€/l;3.00;leche desnatada reconstituida, harina de trigo (gluten), azúcar glass, azúcar, agua, grasas vegetales (coco y palma), margarina vegetal (grasa vegetal (coco), agua, aceite refinado de colza, emulgente (monoglicéridos y diglicéridos de ácidos grasos), sal, acidulante (e 330), conservador (e 200), aroma natural), jarabe de glucosa y fructosa, lactosa y proteínas de la leche, queso blanco pasteurizado con queso azul (2,2%) (leche pasteurizada de vaca, nata, queso azul (8%) (queso roquefort, queso de oveja, agua, sales de fundición: e 339, e 450, e 452), fermentos lácticos, sal, estabilizantes (e 508, e 407a, e 410, e 412) y aroma natural), jarabe de azúcar invertido, almidón pregelatinizado, aceite refinado de girasol, puré de frambuesa (0,9%), leche desnatada en polvo, sal, canela, espesante (e 1422, e 440), gasificante (e 500), acidulante (e 330), emulgente (monoglicéridos y diglicéridos de ácidos grasos), estabilizantes (goma garrofín, goma guar, goma tara, caragenanos), concentrado (zanahoria, cáñamo y arándano) y aromas naturales. contiene trazas de huevo, soja, mostaza y frutos de cáscara.;8402001011696;0;;;;Peach melba (with vanilla ice cream and raspberry sauce);39401;Energia (kcal);304.0;kcal;No certificat
22;2026-07-27 13:06:32;31;2026;43812;Dochi ice cream cheesecake with raspberry sauce Hacendado Frozen food Ice cream Other Ice Creams;1;España;35955;22;Congelados;Helados;Otros Helados;Productos del momento;Elige el tuyo, ¡disfruta!;Helado Dochi cheesecake Hacendado con salsa de frambuesa;;0.216;l;13.89;€/l;3.00;leche desnatada reconstituida, harina de trigo (gluten), azúcar glass, azúcar, agua, grasas vegetales (coco y palma), margarina vegetal (grasa vegetal (coco), agua, aceite refinado de colza, emulgente (monoglicéridos y diglicéridos de ácidos grasos), sal, acidulante (e 330), conservador (e 200), aroma natural), jarabe de glucosa y fructosa, lactosa y proteínas de la leche, queso blanco pasteurizado con queso azul (2,2%) (leche pasteurizada de vaca, nata, queso azul (8%) (queso roquefort, queso de oveja, agua, sales de fundición: e 339, e 450, e 452), fermentos lácticos, sal, estabilizantes (e 508, e 407a, e 410, e 412) y aroma natural), jarabe de azúcar invertido, almidón pregelatinizado, aceite refinado de girasol, puré de frambuesa (0,9%), leche desnatada en polvo, sal, canela, espesante (e 1422, e 440), gasificante (e 500), acidulante (e 330), emulgente (monoglicéridos y diglicéridos de ácidos grasos), estabilizantes (goma garrofín, goma guar, goma tara, caragenanos), concentrado (zanahoria, cáñamo y arándano) y aromas naturales. contiene trazas de huevo, soja, mostaza y frutos de cáscara.;8402001011696;0;;;;Peach melba (with vanilla ice cream and raspberry sauce);39401;Energia (kJ);1275.0;kJ;No certificat
22;2026-07-27 13:06:32;31;2026;43812;Dochi ice cream cheesecake with raspberry sauce Hacendado Frozen food Ice cream Other Ice Creams;1;España;35955;22;Congelados;Helados;Otros Helados;Productos del momento;Elige el tuyo, ¡disfruta!;Helado Dochi cheesecake Hacendado con salsa de frambuesa;;0.216;l;13.89;€/l;3.00;leche desnatada reconstituida, harina de trigo (gluten), azúcar glass, azúcar, agua, grasas vegetales (coco y palma), margarina vegetal (grasa vegetal (coco), agua, aceite refinado de colza, emulgente (monoglicéridos y diglicéridos de ácidos grasos), sal, acidulante (e 330), conservador (e 200), aroma natural), jarabe de glucosa y fructosa, lactosa y proteínas de la leche, queso blanco pasteurizado con queso azul (2,2%) (leche pasteurizada de vaca, nata, queso azul (8%) (queso roquefort, queso de oveja, agua, sales de fundición: e 339, e 450, e 452), fermentos lácticos, sal, estabilizantes (e 508, e 407a, e 410, e 412) y aroma natural), jarabe de azúcar invertido, almidón pregelatinizado, aceite refinado de girasol, puré de frambuesa (0,9%), leche desnatada en polvo, sal, canela, espesante (e 1422, e 440), gasificante (e 500), acidulante (e 330), emulgente (monoglicéridos y diglicéridos de ácidos grasos), estabilizantes (goma garrofín, goma guar, goma tara, caragenanos), concentrado (zanahoria, cáñamo y arándano) y aromas naturales. contiene trazas de huevo, soja, mostaza y frutos de cáscara.;8402001011696;0;;;;Peach melba (with vanilla ice cream and raspberry sauce);39401;greixos_totals_g;13.1;g;No certificat
22;2026-07-27 13:06:32;31;2026;43812;Dochi ice cream cheesecake with raspberry sauce Hacendado Frozen food Ice cream Other Ice Creams;1;España;35955;22;Congelados;Helados;Otros Helados;Productos del momento;Elige el tuyo, ¡disfruta!;Helado Dochi cheesecake Hacendado con salsa de frambuesa;;0.216;l;13.89;€/l;3.00;leche desnatada reconstituida, harina de trigo (gluten), azúcar glass, azúcar, agua, grasas vegetales (coco y palma), margarina vegetal (grasa vegetal (coco), agua, aceite refinado de colza, emulgente (monoglicéridos y diglicéridos de ácidos grasos), sal, acidulante (e 330), conservador (e 200), aroma natural), jarabe de glucosa y fructosa, lactosa y proteínas de la leche, queso blanco pasteurizado con queso azul (2,2%) (leche pasteurizada de vaca, nata, queso azul (8%) (queso roquefort, queso de oveja, agua, sales de fundición: e 339, e 450, e 452), fermentos lácticos, sal, estabilizantes (e 508, e 407a, e 410, e 412) y aroma natural), jarabe de azúcar invertido, almidón pregelatinizado, aceite refinado de girasol, puré de frambuesa (0,9%), leche desnatada en polvo, sal, canela, espesante (e 1422, e 440), gasificante (e 500), acidulante (e 330), emulgente (monoglicéridos y diglicéridos de ácidos grasos), estabilizantes (goma garrofín, goma guar, goma tara, caragenanos), concentrado (zanahoria, cáñamo y arándano) y aromas naturales. contiene trazas de huevo, soja, mostaza y frutos de cáscara.;8402001011696;0;;;;Peach melba (with vanilla ice cream and raspberry sauce);39401;greixos_saturats_g;9.6;g;No certificat
22;2026-07-27 13:06:32;31;2026;43812;Dochi ice cream cheesecake with raspberry sauce Hacendado Frozen food Ice cream Other Ice Creams;1;España;35955;22;Congelados;Helados;Otros Helados;Productos del momento;Elige el tuyo, ¡disfruta!;Helado Dochi cheesecake Hacendado con salsa de frambuesa;;0.216;l;13.89;€/l;3.00;leche desnatada reconstituida, harina de trigo (gluten), azúcar glass, azúcar, agua, grasas vegetales (coco y palma), margarina vegetal (grasa vegetal (coco), agua, aceite refinado de colza, emulgente (monoglicéridos y diglicéridos de ácidos grasos), sal, acidulante (e 330), conservador (e 200), aroma natural), jarabe de glucosa y fructosa, lactosa y proteínas de la leche, queso blanco pasteurizado con queso azul (2,2%) (leche pasteurizada de vaca, nata, queso azul (8%) (queso roquefort, queso de oveja, agua, sales de fundición: e 339, e 450, e 452), fermentos lácticos, sal, estabilizantes (e 508, e 407a, e 410, e 412) y aroma natural), jarabe de azúcar invertido, almidón pregelatinizado, aceite refinado de girasol, puré de frambuesa (0,9%), leche desnatada en polvo, sal, canela, espesante (e 1422, e 440), gasificante (e 500), acidulante (e 330), emulgente (monoglicéridos y diglicéridos de ácidos grasos), estabilizantes (goma garrofín, goma guar, goma tara, caragenanos), concentrado (zanahoria, cáñamo y arándano) y aromas naturales. contiene trazas de huevo, soja, mostaza y frutos de cáscara.;8402001011696;0;;;;Peach melba (with vanilla ice cream and raspberry sauce);39401;greixos_monoinsaturats_g;1.0;g;No certificat
22;2026-07-27 13:06:32;31;2026;43812;Dochi ice cream cheesecake with raspberry sauce Hacendado Frozen food Ice cream Other Ice Creams;1;España;35955;22;Congelados;Helados;Otros Helados;Productos del momento;Elige el tuyo, ¡disfruta!;Helado Dochi cheesecake Hacendado con salsa de frambuesa;;0.216;l;13.89;€/l;3.00;leche desnatada reconstituida, harina de trigo (gluten), azúcar glass, azúcar, agua, grasas vegetales (coco y palma), margarina vegetal (grasa vegetal (coco), agua, aceite refinado de colza, emulgente (monoglicéridos y diglicéridos de ácidos grasos), sal, acidulante (e 330), conservador (e 200), aroma natural), jarabe de glucosa y fructosa, lactosa y proteínas de la leche, queso blanco pasteurizado con queso azul (2,2%) (leche pasteurizada de vaca, nata, queso azul (8%) (queso roquefort, queso de oveja, agua, sales de fundición: e 339, e 450, e 452), fermentos lácticos, sal, estabilizantes (e 508, e 407a, e 410, e 412) y aroma natural), jarabe de azúcar invertido, almidón pregelatinizado, aceite refinado de girasol, puré de frambuesa (0,9%), leche desnatada en polvo, sal, canela, espesante (e 1422, e 440), gasificante (e 500), acidulante (e 330), emulgente (monoglicéridos y diglicéridos de ácidos grasos), estabilizantes (goma garrofín, goma guar, goma tara, caragenanos), concentrado (zanahoria, cáñamo y arándano) y aromas naturales. contiene trazas de huevo, soja, mostaza y frutos de cáscara.;8402001011696;0;;;;Peach melba (with vanilla ice cream and raspberry sauce);39401;greixos_poliinsaturats_g;0.2;g;No certificat
22;2026-07-27 13:06:32;31;2026;43812;Dochi ice cream cheesecake with raspberry sauce Hacendado Frozen food Ice cream Other Ice Creams;1;España;35955;22;Congelados;Helados;Otros Helados;Productos del momento;Elige el tuyo, ¡disfruta!;Helado Dochi cheesecake Hacendado con salsa de frambuesa;;0.216;l;13.89;€/l;3.00;leche desnatada reconstituida, harina de trigo (gluten), azúcar glass, azúcar, agua, grasas vegetales (coco y palma), margarina vegetal (grasa vegetal (coco), agua, aceite refinado de colza, emulgente (monoglicéridos y diglicéridos de ácidos grasos), sal, acidulante (e 330), conservador (e 200), aroma natural), jarabe de glucosa y fructosa, lactosa y proteínas de la leche, queso blanco pasteurizado con queso azul (2,2%) (leche pasteurizada de vaca, nata, queso azul (8%) (queso roquefort, queso de oveja, agua, sales de fundición: e 339, e 450, e 452), fermentos lácticos, sal, estabilizantes (e 508, e 407a, e 410, e 412) y aroma natural), jarabe de azúcar invertido, almidón pregelatinizado, aceite refinado de girasol, puré de frambuesa (0,9%), leche desnatada en polvo, sal, canela, espesante (e 1422, e 440), gasificante (e 500), acidulante (e 330), emulgente (monoglicéridos y diglicéridos de ácidos grasos), estabilizantes (goma garrofín, goma guar, goma tara, caragenanos), concentrado (zanahoria, cáñamo y arándano) y aromas naturales. contiene trazas de huevo, soja, mostaza y frutos de cáscara.;8402001011696;0;;;;Peach melba (with vanilla ice cream and raspberry sauce);39401;hidrats_carboni_g;42.9;g;No certificat
22;2026-07-27 13:06:32;31;2026;43812;Dochi ice cream cheesecake with raspberry sauce Hacendado Frozen food Ice cream Other Ice Creams;1;España;35955;22;Congelados;Helados;Otros Helados;Productos del momento;Elige el tuyo, ¡disfruta!;Helado Dochi cheesecake Hacendado con salsa de frambuesa;;0.216;l;13.89;€/l;3.00;leche desnatada reconstituida, harina de trigo (gluten), azúcar glass, azúcar, agua, grasas vegetales (coco y palma), margarina vegetal (grasa vegetal (coco), agua, aceite refinado de colza, emulgente (monoglicéridos y diglicéridos de ácidos grasos), sal, acidulante (e 330), conservador (e 200), aroma natural), jarabe de glucosa y fructosa, lactosa y proteínas de la leche, queso blanco pasteurizado con queso azul (2,2%) (leche pasteurizada de vaca, nata, queso azul (8%) (queso roquefort, queso de oveja, agua, sales de fundición: e 339, e 450, e 452), fermentos lácticos, sal, estabilizantes (e 508, e 407a, e 410, e 412) y aroma natural), jarabe de azúcar invertido, almidón pregelatinizado, aceite refinado de girasol, puré de frambuesa (0,9%), leche desnatada en polvo, sal, canela, espesante (e 1422, e 440), gasificante (e 500), acidulante (e 330), emulgente (monoglicéridos y diglicéridos de ácidos grasos), estabilizantes (goma garrofín, goma guar, goma tara, caragenanos), concentrado (zanahoria, cáñamo y arándano) y aromas naturales. contiene trazas de huevo, soja, mostaza y frutos de cáscara.;8402001011696;0;;;;Peach melba (with vanilla ice cream and raspberry sauce);39401;sucres_g;30.3;g;No certificat
22;2026-07-27 13:06:32;31;2026;43812;Dochi ice cream cheesecake with raspberry sauce Hacendado Frozen food Ice cream Other Ice Creams;1;España;35955;22;Congelados;Helados;Otros Helados;Productos del momento;Elige el tuyo, ¡disfruta!;Helado Dochi cheesecake Hacendado con salsa de frambuesa;;0.216;l;13.89;€/l;3.00;leche desnatada reconstituida, harina de trigo (gluten), azúcar glass, azúcar, agua, grasas vegetales (coco y palma), margarina vegetal (grasa vegetal (coco), agua, aceite refinado de colza, emulgente (monoglicéridos y diglicéridos de ácidos grasos), sal, acidulante (e 330), conservador (e 200), aroma natural), jarabe de glucosa y fructosa, lactosa y proteínas de la leche, queso blanco pasteurizado con queso azul (2,2%) (leche pasteurizada de vaca, nata, queso azul (8%) (queso roquefort, queso de oveja, agua, sales de fundición: e 339, e 450, e 452), fermentos lácticos, sal, estabilizantes (e 508, e 407a, e 410, e 412) y aroma natural), jarabe de azúcar invertido, almidón pregelatinizado, aceite refinado de girasol, puré de frambuesa (0,9%), leche desnatada en polvo, sal, canela, espesante (e 1422, e 440), gasificante (e 500), acidulante (e 330), emulgente (monoglicéridos y diglicéridos de ácidos grasos), estabilizantes (goma garrofín, goma guar, goma tara, caragenanos), concentrado (zanahoria, cáñamo y arándano) y aromas naturales. contiene trazas de huevo, soja, mostaza y frutos de cáscara.;8402001011696;0;;;;Peach melba (with vanilla ice cream and raspberry sauce);39401;fibra_g;0.3;g;No certificat
22;2026-07-27 13:06:32;31;2026;43812;Dochi ice cream cheesecake with raspberry sauce Hacendado Frozen food Ice cream Other Ice Creams;1;España;35955;22;Congelados;Helados;Otros Helados;Productos del momento;Elige el tuyo, ¡disfruta!;Helado Dochi cheesecake Hacendado con salsa de frambuesa;;0.216;l;13.89;€/l;3.00;leche desnatada reconstituida, harina de trigo (gluten), azúcar glass, azúcar, agua, grasas vegetales (coco y palma), margarina vegetal (grasa vegetal (coco), agua, aceite refinado de colza, emulgente (monoglicéridos y diglicéridos de ácidos grasos), sal, acidulante (e 330), conservador (e 200), aroma natural), jarabe de glucosa y fructosa, lactosa y proteínas de la leche, queso blanco pasteurizado con queso azul (2,2%) (leche pasteurizada de vaca, nata, queso azul (8%) (queso roquefort, queso de oveja, agua, sales de fundición: e 339, e 450, e 452), fermentos lácticos, sal, estabilizantes (e 508, e 407a, e 410, e 412) y aroma natural), jarabe de azúcar invertido, almidón pregelatinizado, aceite refinado de girasol, puré de frambuesa (0,9%), leche desnatada en polvo, sal, canela, espesante (e 1422, e 440), gasificante (e 500), acidulante (e 330), emulgente (monoglicéridos y diglicéridos de ácidos grasos), estabilizantes (goma garrofín, goma guar, goma tara, caragenanos), concentrado (zanahoria, cáñamo y arándano) y aromas naturales. contiene trazas de huevo, soja, mostaza y frutos de cáscara.;8402001011696;0;;;;Peach melba (with vanilla ice cream and raspberry sauce);39401;proteines_g;3.4;g;No certificat
22;2026-07-27 13:06:32;31;2026;43812;Dochi ice cream cheesecake with raspberry sauce Hacendado Frozen food Ice cream Other Ice Creams;1;España;35955;22;Congelados;Helados;Otros Helados;Productos del momento;Elige el tuyo, ¡disfruta!;Helado Dochi cheesecake Hacendado con salsa de frambuesa;;0.216;l;13.89;€/l;3.00;leche desnatada reconstituida, harina de trigo (gluten), azúcar glass, azúcar, agua, grasas vegetales (coco y palma), margarina vegetal (grasa vegetal (coco), agua, aceite refinado de colza, emulgente (monoglicéridos y diglicéridos de ácidos grasos), sal, acidulante (e 330), conservador (e 200), aroma natural), jarabe de glucosa y fructosa, lactosa y proteínas de la leche, queso blanco pasteurizado con queso azul (2,2%) (leche pasteurizada de vaca, nata, queso azul (8%) (queso roquefort, queso de oveja, agua, sales de fundición: e 339, e 450, e 452), fermentos lácticos, sal, estabilizantes (e 508, e 407a, e 410, e 412) y aroma natural), jarabe de azúcar invertido, almidón pregelatinizado, aceite refinado de girasol, puré de frambuesa (0,9%), leche desnatada en polvo, sal, canela, espesante (e 1422, e 440), gasificante (e 500), acidulante (e 330), emulgente (monoglicéridos y diglicéridos de ácidos grasos), estabilizantes (goma garrofín, goma guar, goma tara, caragenanos), concentrado (zanahoria, cáñamo y arándano) y aromas naturales. contiene trazas de huevo, soja, mostaza y frutos de cáscara.;8402001011696;0;;;;Peach melba (with vanilla ice cream and raspberry sauce);39401;sal_g;0.38;g;No certificat
23;2026-07-27 13:06:32;31;2026;43812;Mochi ice cream coconut Hacendado Frozen food Ice cream Other Ice Creams;1;España;64491;23;Congelados;Helados;Otros Helados;Productos del momento;Elige el tuyo, ¡disfruta!;Helado Mochi coco Hacendado;;0.216;l;13.43;€/l;2.90;leche desnatada reconstituida, agua, azúcar,harina de arroz, fécula de patata, jarabe de glucosa y fructosa, mantequilla (derivado lácteo), almidón de tapioca, fructosa, leche de coco en polvo (extracto de pulpa de coco, maltodextrina y proteínas de la leche), lactosa y proteínas de la leche, coco rallado (1,8%), trehalosa (*), aceite refinado de girasol, emulgente (monoglicéridos y diglicéridos de ácidos grasos), estabilizantes (goma garrofín, goma guar, goma tara, carragenanos) y aroma. contiene trazas de gluten, huevo, soja, leche y frutos de cáscara. * la trehalosa es una fuente de glucosa. * la trehalosa es una fuente de glucosa.;8480000644916;0;;;;Ice cream, in box;39515;Energia (kcal);250.0;kcal;No certificat
23;2026-07-27 13:06:32;31;2026;43812;Mochi ice cream coconut Hacendado Frozen food Ice cream Other Ice Creams;1;España;64491;23;Congelados;Helados;Otros Helados;Productos del momento;Elige el tuyo, ¡disfruta!;Helado Mochi coco Hacendado;;0.216;l;13.43;€/l;2.90;leche desnatada reconstituida, agua, azúcar,harina de arroz, fécula de patata, jarabe de glucosa y fructosa, mantequilla (derivado lácteo), almidón de tapioca, fructosa, leche de coco en polvo (extracto de pulpa de coco, maltodextrina y proteínas de la leche), lactosa y proteínas de la leche, coco rallado (1,8%), trehalosa (*), aceite refinado de girasol, emulgente (monoglicéridos y diglicéridos de ácidos grasos), estabilizantes (goma garrofín, goma guar, goma tara, carragenanos) y aroma. contiene trazas de gluten, huevo, soja, leche y frutos de cáscara. * la trehalosa es una fuente de glucosa. * la trehalosa es una fuente de glucosa.;8480000644916;0;;;;Ice cream, in box;39515;Energia (kJ);1052.0;kJ;No certificat
23;2026-07-27 13:06:32;31;2026;43812;Mochi ice cream coconut Hacendado Frozen food Ice cream Other Ice Creams;1;España;64491;23;Congelados;Helados;Otros Helados;Productos del momento;Elige el tuyo, ¡disfruta!;Helado Mochi coco Hacendado;;0.216;l;13.43;€/l;2.90;leche desnatada reconstituida, agua, azúcar,harina de arroz, fécula de patata, jarabe de glucosa y fructosa, mantequilla (derivado lácteo), almidón de tapioca, fructosa, leche de coco en polvo (extracto de pulpa de coco, maltodextrina y proteínas de la leche), lactosa y proteínas de la leche, coco rallado (1,8%), trehalosa (*), aceite refinado de girasol, emulgente (monoglicéridos y diglicéridos de ácidos grasos), estabilizantes (goma garrofín, goma guar, goma tara, carragenanos) y aroma. contiene trazas de gluten, huevo, soja, leche y frutos de cáscara. * la trehalosa es una fuente de glucosa. * la trehalosa es una fuente de glucosa.;8480000644916;0;;;;Ice cream, in box;39515;greixos_totals_g;6.3;g;No certificat
23;2026-07-27 13:06:32;31;2026;43812;Mochi ice cream coconut Hacendado Frozen food Ice cream Other Ice Creams;1;España;64491;23;Congelados;Helados;Otros Helados;Productos del momento;Elige el tuyo, ¡disfruta!;Helado Mochi coco Hacendado;;0.216;l;13.43;€/l;2.90;leche desnatada reconstituida, agua, azúcar,harina de arroz, fécula de patata, jarabe de glucosa y fructosa, mantequilla (derivado lácteo), almidón de tapioca, fructosa, leche de coco en polvo (extracto de pulpa de coco, maltodextrina y proteínas de la leche), lactosa y proteínas de la leche, coco rallado (1,8%), trehalosa (*), aceite refinado de girasol, emulgente (monoglicéridos y diglicéridos de ácidos grasos), estabilizantes (goma garrofín, goma guar, goma tara, carragenanos) y aroma. contiene trazas de gluten, huevo, soja, leche y frutos de cáscara. * la trehalosa es una fuente de glucosa. * la trehalosa es una fuente de glucosa.;8480000644916;0;;;;Ice cream, in box;39515;greixos_saturats_g;3.0;g;No certificat
23;2026-07-27 13:06:32;31;2026;43812;Mochi ice cream coconut Hacendado Frozen food Ice cream Other Ice Creams;1;España;64491;23;Congelados;Helados;Otros Helados;Productos del momento;Elige el tuyo, ¡disfruta!;Helado Mochi coco Hacendado;;0.216;l;13.43;€/l;2.90;leche desnatada reconstituida, agua, azúcar,harina de arroz, fécula de patata, jarabe de glucosa y fructosa, mantequilla (derivado lácteo), almidón de tapioca, fructosa, leche de coco en polvo (extracto de pulpa de coco, maltodextrina y proteínas de la leche), lactosa y proteínas de la leche, coco rallado (1,8%), trehalosa (*), aceite refinado de girasol, emulgente (monoglicéridos y diglicéridos de ácidos grasos), estabilizantes (goma garrofín, goma guar, goma tara, carragenanos) y aroma. contiene trazas de gluten, huevo, soja, leche y frutos de cáscara. * la trehalosa es una fuente de glucosa. * la trehalosa es una fuente de glucosa.;8480000644916;0;;;;Ice cream, in box;39515;greixos_monoinsaturats_g;1.1;g;No certificat
23;2026-07-27 13:06:32;31;2026;43812;Mochi ice cream coconut Hacendado Frozen food Ice cream Other Ice Creams;1;España;64491;23;Congelados;Helados;Otros Helados;Productos del momento;Elige el tuyo, ¡disfruta!;Helado Mochi coco Hacendado;;0.216;l;13.43;€/l;2.90;leche desnatada reconstituida, agua, azúcar,harina de arroz, fécula de patata, jarabe de glucosa y fructosa, mantequilla (derivado lácteo), almidón de tapioca, fructosa, leche de coco en polvo (extracto de pulpa de coco, maltodextrina y proteínas de la leche), lactosa y proteínas de la leche, coco rallado (1,8%), trehalosa (*), aceite refinado de girasol, emulgente (monoglicéridos y diglicéridos de ácidos grasos), estabilizantes (goma garrofín, goma guar, goma tara, carragenanos) y aroma. contiene trazas de gluten, huevo, soja, leche y frutos de cáscara. * la trehalosa es una fuente de glucosa. * la trehalosa es una fuente de glucosa.;8480000644916;0;;;;Ice cream, in box;39515;greixos_poliinsaturats_g;0.5;g;No certificat
23;2026-07-27 13:06:32;31;2026;43812;Mochi ice cream coconut Hacendado Frozen food Ice cream Other Ice Creams;1;España;64491;23;Congelados;Helados;Otros Helados;Productos del momento;Elige el tuyo, ¡disfruta!;Helado Mochi coco Hacendado;;0.216;l;13.43;€/l;2.90;leche desnatada reconstituida, agua, azúcar,harina de arroz, fécula de patata, jarabe de glucosa y fructosa, mantequilla (derivado lácteo), almidón de tapioca, fructosa, leche de coco en polvo (extracto de pulpa de coco, maltodextrina y proteínas de la leche), lactosa y proteínas de la leche, coco rallado (1,8%), trehalosa (*), aceite refinado de girasol, emulgente (monoglicéridos y diglicéridos de ácidos grasos), estabilizantes (goma garrofín, goma guar, goma tara, carragenanos) y aroma. contiene trazas de gluten, huevo, soja, leche y frutos de cáscara. * la trehalosa es una fuente de glucosa. * la trehalosa es una fuente de glucosa.;8480000644916;0;;;;Ice cream, in box;39515;hidrats_carboni_g;45.8;g;No certificat
23;2026-07-27 13:06:32;31;2026;43812;Mochi ice cream coconut Hacendado Frozen food Ice cream Other Ice Creams;1;España;64491;23;Congelados;Helados;Otros Helados;Productos del momento;Elige el tuyo, ¡disfruta!;Helado Mochi coco Hacendado;;0.216;l;13.43;€/l;2.90;leche desnatada reconstituida, agua, azúcar,harina de arroz, fécula de patata, jarabe de glucosa y fructosa, mantequilla (derivado lácteo), almidón de tapioca, fructosa, leche de coco en polvo (extracto de pulpa de coco, maltodextrina y proteínas de la leche), lactosa y proteínas de la leche, coco rallado (1,8%), trehalosa (*), aceite refinado de girasol, emulgente (monoglicéridos y diglicéridos de ácidos grasos), estabilizantes (goma garrofín, goma guar, goma tara, carragenanos) y aroma. contiene trazas de gluten, huevo, soja, leche y frutos de cáscara. * la trehalosa es una fuente de glucosa. * la trehalosa es una fuente de glucosa.;8480000644916;0;;;;Ice cream, in box;39515;sucres_g;35.5;g;No certificat
23;2026-07-27 13:06:32;31;2026;43812;Mochi ice cream coconut Hacendado Frozen food Ice cream Other Ice Creams;1;España;64491;23;Congelados;Helados;Otros Helados;Productos del momento;Elige el tuyo, ¡disfruta!;Helado Mochi coco Hacendado;;0.216;l;13.43;€/l;2.90;leche desnatada reconstituida, agua, azúcar,harina de arroz, fécula de patata, jarabe de glucosa y fructosa, mantequilla (derivado lácteo), almidón de tapioca, fructosa, leche de coco en polvo (extracto de pulpa de coco, maltodextrina y proteínas de la leche), lactosa y proteínas de la leche, coco rallado (1,8%), trehalosa (*), aceite refinado de girasol, emulgente (monoglicéridos y diglicéridos de ácidos grasos), estabilizantes (goma garrofín, goma guar, goma tara, carragenanos) y aroma. contiene trazas de gluten, huevo, soja, leche y frutos de cáscara. * la trehalosa es una fuente de glucosa. * la trehalosa es una fuente de glucosa.;8480000644916;0;;;;Ice cream, in box;39515;fibra_g;0.4;g;No certificat
23;2026-07-27 13:06:32;31;2026;43812;Mochi ice cream coconut Hacendado Frozen food Ice cream Other Ice Creams;1;España;64491;23;Congelados;Helados;Otros Helados;Productos del momento;Elige el tuyo, ¡disfruta!;Helado Mochi coco Hacendado;;0.216;l;13.43;€/l;2.90;leche desnatada reconstituida, agua, azúcar,harina de arroz, fécula de patata, jarabe de glucosa y fructosa, mantequilla (derivado lácteo), almidón de tapioca, fructosa, leche de coco en polvo (extracto de pulpa de coco, maltodextrina y proteínas de la leche), lactosa y proteínas de la leche, coco rallado (1,8%), trehalosa (*), aceite refinado de girasol, emulgente (monoglicéridos y diglicéridos de ácidos grasos), estabilizantes (goma garrofín, goma guar, goma tara, carragenanos) y aroma. contiene trazas de gluten, huevo, soja, leche y frutos de cáscara. * la trehalosa es una fuente de glucosa. * la trehalosa es una fuente de glucosa.;8480000644916;0;;;;Ice cream, in box;39515;proteines_g;2.2;g;No certificat
23;2026-07-27 13:06:32;31;2026;43812;Mochi ice cream coconut Hacendado Frozen food Ice cream Other Ice Creams;1;España;64491;23;Congelados;Helados;Otros Helados;Productos del momento;Elige el tuyo, ¡disfruta!;Helado Mochi coco Hacendado;;0.216;l;13.43;€/l;2.90;leche desnatada reconstituida, agua, azúcar,harina de arroz, fécula de patata, jarabe de glucosa y fructosa, mantequilla (derivado lácteo), almidón de tapioca, fructosa, leche de coco en polvo (extracto de pulpa de coco, maltodextrina y proteínas de la leche), lactosa y proteínas de la leche, coco rallado (1,8%), trehalosa (*), aceite refinado de girasol, emulgente (monoglicéridos y diglicéridos de ácidos grasos), estabilizantes (goma garrofín, goma guar, goma tara, carragenanos) y aroma. contiene trazas de gluten, huevo, soja, leche y frutos de cáscara. * la trehalosa es una fuente de glucosa. * la trehalosa es una fuente de glucosa.;8480000644916;0;;;;Ice cream, in box;39515;sal_g;0.08;g;No certificat
24;2026-07-27 13:06:32;31;2026;43812;Mochi ice cream mango Hacendado Frozen food Ice cream Other Ice Creams;1;España;64492;24;Congelados;Helados;Otros Helados;Productos del momento;Elige el tuyo, ¡disfruta!;Helado Mochi mango Hacendado;;0.216;l;13.43;€/l;2.90;agua, azúcar, puré de mango (14%), harina de arroz, fécula de patata, almidón de tapioca, jarabe de glucosa y fructosa, trehalosa(*), aceite refinado de girasol, (emulgente (monoglicéridos y diglicéridos de ácidos grasos), estabilizantes (goma tara, goma garrofín, metilcelulosa, carragenanos, pectina) trazas de leche), acidulante: ácido cítrico, colorante: e 160b (ii) y aroma (trazas de sulfitos). contiene trazas de gluten, huevo, soja, leche y frutos de cáscara. (*) la trehalosa es una fuete de glucosa.;8480000644923;0;;;;Ice cream, in box;39515;Energia (kcal);202.0;kcal;No certificat
24;2026-07-27 13:06:32;31;2026;43812;Mochi ice cream mango Hacendado Frozen food Ice cream Other Ice Creams;1;España;64492;24;Congelados;Helados;Otros Helados;Productos del momento;Elige el tuyo, ¡disfruta!;Helado Mochi mango Hacendado;;0.216;l;13.43;€/l;2.90;agua, azúcar, puré de mango (14%), harina de arroz, fécula de patata, almidón de tapioca, jarabe de glucosa y fructosa, trehalosa(*), aceite refinado de girasol, (emulgente (monoglicéridos y diglicéridos de ácidos grasos), estabilizantes (goma tara, goma garrofín, metilcelulosa, carragenanos, pectina) trazas de leche), acidulante: ácido cítrico, colorante: e 160b (ii) y aroma (trazas de sulfitos). contiene trazas de gluten, huevo, soja, leche y frutos de cáscara. (*) la trehalosa es una fuete de glucosa.;8480000644923;0;;;;Ice cream, in box;39515;Energia (kJ);857.0;kJ;No certificat
24;2026-07-27 13:06:32;31;2026;43812;Mochi ice cream mango Hacendado Frozen food Ice cream Other Ice Creams;1;España;64492;24;Congelados;Helados;Otros Helados;Productos del momento;Elige el tuyo, ¡disfruta!;Helado Mochi mango Hacendado;;0.216;l;13.43;€/l;2.90;agua, azúcar, puré de mango (14%), harina de arroz, fécula de patata, almidón de tapioca, jarabe de glucosa y fructosa, trehalosa(*), aceite refinado de girasol, (emulgente (monoglicéridos y diglicéridos de ácidos grasos), estabilizantes (goma tara, goma garrofín, metilcelulosa, carragenanos, pectina) trazas de leche), acidulante: ácido cítrico, colorante: e 160b (ii) y aroma (trazas de sulfitos). contiene trazas de gluten, huevo, soja, leche y frutos de cáscara. (*) la trehalosa es una fuete de glucosa.;8480000644923;0;;;;Ice cream, in box;39515;greixos_totals_g;1.1;g;No certificat
24;2026-07-27 13:06:32;31;2026;43812;Mochi ice cream mango Hacendado Frozen food Ice cream Other Ice Creams;1;España;64492;24;Congelados;Helados;Otros Helados;Productos del momento;Elige el tuyo, ¡disfruta!;Helado Mochi mango Hacendado;;0.216;l;13.43;€/l;2.90;agua, azúcar, puré de mango (14%), harina de arroz, fécula de patata, almidón de tapioca, jarabe de glucosa y fructosa, trehalosa(*), aceite refinado de girasol, (emulgente (monoglicéridos y diglicéridos de ácidos grasos), estabilizantes (goma tara, goma garrofín, metilcelulosa, carragenanos, pectina) trazas de leche), acidulante: ácido cítrico, colorante: e 160b (ii) y aroma (trazas de sulfitos). contiene trazas de gluten, huevo, soja, leche y frutos de cáscara. (*) la trehalosa es una fuete de glucosa.;8480000644923;0;;;;Ice cream, in box;39515;greixos_saturats_g;0.4;g;No certificat
24;2026-07-27 13:06:32;31;2026;43812;Mochi ice cream mango Hacendado Frozen food Ice cream Other Ice Creams;1;España;64492;24;Congelados;Helados;Otros Helados;Productos del momento;Elige el tuyo, ¡disfruta!;Helado Mochi mango Hacendado;;0.216;l;13.43;€/l;2.90;agua, azúcar, puré de mango (14%), harina de arroz, fécula de patata, almidón de tapioca, jarabe de glucosa y fructosa, trehalosa(*), aceite refinado de girasol, (emulgente (monoglicéridos y diglicéridos de ácidos grasos), estabilizantes (goma tara, goma garrofín, metilcelulosa, carragenanos, pectina) trazas de leche), acidulante: ácido cítrico, colorante: e 160b (ii) y aroma (trazas de sulfitos). contiene trazas de gluten, huevo, soja, leche y frutos de cáscara. (*) la trehalosa es una fuete de glucosa.;8480000644923;0;;;;Ice cream, in box;39515;greixos_monoinsaturats_g;0.3;g;No certificat
24;2026-07-27 13:06:32;31;2026;43812;Mochi ice cream mango Hacendado Frozen food Ice cream Other Ice Creams;1;España;64492;24;Congelados;Helados;Otros Helados;Productos del momento;Elige el tuyo, ¡disfruta!;Helado Mochi mango Hacendado;;0.216;l;13.43;€/l;2.90;agua, azúcar, puré de mango (14%), harina de arroz, fécula de patata, almidón de tapioca, jarabe de glucosa y fructosa, trehalosa(*), aceite refinado de girasol, (emulgente (monoglicéridos y diglicéridos de ácidos grasos), estabilizantes (goma tara, goma garrofín, metilcelulosa, carragenanos, pectina) trazas de leche), acidulante: ácido cítrico, colorante: e 160b (ii) y aroma (trazas de sulfitos). contiene trazas de gluten, huevo, soja, leche y frutos de cáscara. (*) la trehalosa es una fuete de glucosa.;8480000644923;0;;;;Ice cream, in box;39515;greixos_poliinsaturats_g;0.5;g;No certificat
24;2026-07-27 13:06:32;31;2026;43812;Mochi ice cream mango Hacendado Frozen food Ice cream Other Ice Creams;1;España;64492;24;Congelados;Helados;Otros Helados;Productos del momento;Elige el tuyo, ¡disfruta!;Helado Mochi mango Hacendado;;0.216;l;13.43;€/l;2.90;agua, azúcar, puré de mango (14%), harina de arroz, fécula de patata, almidón de tapioca, jarabe de glucosa y fructosa, trehalosa(*), aceite refinado de girasol, (emulgente (monoglicéridos y diglicéridos de ácidos grasos), estabilizantes (goma tara, goma garrofín, metilcelulosa, carragenanos, pectina) trazas de leche), acidulante: ácido cítrico, colorante: e 160b (ii) y aroma (trazas de sulfitos). contiene trazas de gluten, huevo, soja, leche y frutos de cáscara. (*) la trehalosa es una fuete de glucosa.;8480000644923;0;;;;Ice cream, in box;39515;hidrats_carboni_g;47.2;g;No certificat
24;2026-07-27 13:06:32;31;2026;43812;Mochi ice cream mango Hacendado Frozen food Ice cream Other Ice Creams;1;España;64492;24;Congelados;Helados;Otros Helados;Productos del momento;Elige el tuyo, ¡disfruta!;Helado Mochi mango Hacendado;;0.216;l;13.43;€/l;2.90;agua, azúcar, puré de mango (14%), harina de arroz, fécula de patata, almidón de tapioca, jarabe de glucosa y fructosa, trehalosa(*), aceite refinado de girasol, (emulgente (monoglicéridos y diglicéridos de ácidos grasos), estabilizantes (goma tara, goma garrofín, metilcelulosa, carragenanos, pectina) trazas de leche), acidulante: ácido cítrico, colorante: e 160b (ii) y aroma (trazas de sulfitos). contiene trazas de gluten, huevo, soja, leche y frutos de cáscara. (*) la trehalosa es una fuete de glucosa.;8480000644923;0;;;;Ice cream, in box;39515;sucres_g;28.3;g;No certificat
24;2026-07-27 13:06:32;31;2026;43812;Mochi ice cream mango Hacendado Frozen food Ice cream Other Ice Creams;1;España;64492;24;Congelados;Helados;Otros Helados;Productos del momento;Elige el tuyo, ¡disfruta!;Helado Mochi mango Hacendado;;0.216;l;13.43;€/l;2.90;agua, azúcar, puré de mango (14%), harina de arroz, fécula de patata, almidón de tapioca, jarabe de glucosa y fructosa, trehalosa(*), aceite refinado de girasol, (emulgente (monoglicéridos y diglicéridos de ácidos grasos), estabilizantes (goma tara, goma garrofín, metilcelulosa, carragenanos, pectina) trazas de leche), acidulante: ácido cítrico, colorante: e 160b (ii) y aroma (trazas de sulfitos). contiene trazas de gluten, huevo, soja, leche y frutos de cáscara. (*) la trehalosa es una fuete de glucosa.;8480000644923;0;;;;Ice cream, in box;39515;fibra_g;0.5;g;No certificat
24;2026-07-27 13:06:32;31;2026;43812;Mochi ice cream mango Hacendado Frozen food Ice cream Other Ice Creams;1;España;64492;24;Congelados;Helados;Otros Helados;Productos del momento;Elige el tuyo, ¡disfruta!;Helado Mochi mango Hacendado;;0.216;l;13.43;€/l;2.90;agua, azúcar, puré de mango (14%), harina de arroz, fécula de patata, almidón de tapioca, jarabe de glucosa y fructosa, trehalosa(*), aceite refinado de girasol, (emulgente (monoglicéridos y diglicéridos de ácidos grasos), estabilizantes (goma tara, goma garrofín, metilcelulosa, carragenanos, pectina) trazas de leche), acidulante: ácido cítrico, colorante: e 160b (ii) y aroma (trazas de sulfitos). contiene trazas de gluten, huevo, soja, leche y frutos de cáscara. (*) la trehalosa es una fuete de glucosa.;8480000644923;0;;;;Ice cream, in box;39515;proteines_g;0.6;g;No certificat
24;2026-07-27 13:06:32;31;2026;43812;Mochi ice cream mango Hacendado Frozen food Ice cream Other Ice Creams;1;España;64492;24;Congelados;Helados;Otros Helados;Productos del momento;Elige el tuyo, ¡disfruta!;Helado Mochi mango Hacendado;;0.216;l;13.43;€/l;2.90;agua, azúcar, puré de mango (14%), harina de arroz, fécula de patata, almidón de tapioca, jarabe de glucosa y fructosa, trehalosa(*), aceite refinado de girasol, (emulgente (monoglicéridos y diglicéridos de ácidos grasos), estabilizantes (goma tara, goma garrofín, metilcelulosa, carragenanos, pectina) trazas de leche), acidulante: ácido cítrico, colorante: e 160b (ii) y aroma (trazas de sulfitos). contiene trazas de gluten, huevo, soja, leche y frutos de cáscara. (*) la trehalosa es una fuete de glucosa.;8480000644923;0;;;;Ice cream, in box;39515;sal_g;0.03;g;No certificat
25;2026-07-27 13:06:32;31;2026;43812;Assorted mini ice cream bonbons with no added sugar Hacendado Frozen food Ice cream Chocolates;1;España;64102;25;Congelados;Helados;Bombones;Productos del momento;Elige el tuyo, ¡disfruta!;Mini helado bombón surtido Hacendado sin azúcares añadidos;;0.456;l;6.58;€/l;3.00;leche desnatada reconstituida, cobertura especial de chocolate sin azúcares añadidos (32%) (negra, con leche, leche y almendras), edulcorantes (lactitol (leche) y aspartamo), leche desnatada en polvo, grasa vegetal de coco y palma, maltodextrina, emulgente (monoglicéridos y diglicéridos de ácidos grasos), estabilizantes (goma garrofín, goma xantana, goma guar, carragenanos), colorante: colorante natural (e 160b(ii)) y aroma. ingredientes coberturas: 1. chocolate sin azúcares añadidos: edulcorantes: maltitol y acesulfamo k, pasta de cacao, manteca de cacao, grasa vegetal de coco y palma, emulgente: lecitina de soja, aroma: vainillina, trazas de leche y frutos de cáscara. 2. chocolate con leche sin azúcares añadidos: edulcorantes: maltitol y acesulfamo k, manteca de cacao, grasa vegetal de coco y palma, pasta de cacao, leche entera en polvo, leche desnatada en polvo, emulgente: lecitina de soja, aroma: vainillina y trazas de frutos de cáscara. 3. chocolate con leche sin azúcares añadidos y almendra: edulcorantes: maltitol y acesulfamo k, manteca de cacao, grasa vegetal de coco y palma, almendra tostada troceada (4,3%), pasta de cacao, leche entera en polvo, leche desnatada en polvo, emulgente: lecitina de soja, aroma: vainillina y trazas de frutos de cáscara.;8480000641021;0;;;;Ice cream, stick, chocolate-coated;39503;Energia (kcal);267.0;kcal;Gluten-free
25;2026-07-27 13:06:32;31;2026;43812;Assorted mini ice cream bonbons with no added sugar Hacendado Frozen food Ice cream Chocolates;1;España;64102;25;Congelados;Helados;Bombones;Productos del momento;Elige el tuyo, ¡disfruta!;Mini helado bombón surtido Hacendado sin azúcares añadidos;;0.456;l;6.58;€/l;3.00;leche desnatada reconstituida, cobertura especial de chocolate sin azúcares añadidos (32%) (negra, con leche, leche y almendras), edulcorantes (lactitol (leche) y aspartamo), leche desnatada en polvo, grasa vegetal de coco y palma, maltodextrina, emulgente (monoglicéridos y diglicéridos de ácidos grasos), estabilizantes (goma garrofín, goma xantana, goma guar, carragenanos), colorante: colorante natural (e 160b(ii)) y aroma. ingredientes coberturas: 1. chocolate sin azúcares añadidos: edulcorantes: maltitol y acesulfamo k, pasta de cacao, manteca de cacao, grasa vegetal de coco y palma, emulgente: lecitina de soja, aroma: vainillina, trazas de leche y frutos de cáscara. 2. chocolate con leche sin azúcares añadidos: edulcorantes: maltitol y acesulfamo k, manteca de cacao, grasa vegetal de coco y palma, pasta de cacao, leche entera en polvo, leche desnatada en polvo, emulgente: lecitina de soja, aroma: vainillina y trazas de frutos de cáscara. 3. chocolate con leche sin azúcares añadidos y almendra: edulcorantes: maltitol y acesulfamo k, manteca de cacao, grasa vegetal de coco y palma, almendra tostada troceada (4,3%), pasta de cacao, leche entera en polvo, leche desnatada en polvo, emulgente: lecitina de soja, aroma: vainillina y trazas de frutos de cáscara.;8480000641021;0;;;;Ice cream, stick, chocolate-coated;39503;Energia (kcal);267.0;kcal;No added sugar
25;2026-07-27 13:06:32;31;2026;43812;Assorted mini ice cream bonbons with no added sugar Hacendado Frozen food Ice cream Chocolates;1;España;64102;25;Congelados;Helados;Bombones;Productos del momento;Elige el tuyo, ¡disfruta!;Mini helado bombón surtido Hacendado sin azúcares añadidos;;0.456;l;6.58;€/l;3.00;leche desnatada reconstituida, cobertura especial de chocolate sin azúcares añadidos (32%) (negra, con leche, leche y almendras), edulcorantes (lactitol (leche) y aspartamo), leche desnatada en polvo, grasa vegetal de coco y palma, maltodextrina, emulgente (monoglicéridos y diglicéridos de ácidos grasos), estabilizantes (goma garrofín, goma xantana, goma guar, carragenanos), colorante: colorante natural (e 160b(ii)) y aroma. ingredientes coberturas: 1. chocolate sin azúcares añadidos: edulcorantes: maltitol y acesulfamo k, pasta de cacao, manteca de cacao, grasa vegetal de coco y palma, emulgente: lecitina de soja, aroma: vainillina, trazas de leche y frutos de cáscara. 2. chocolate con leche sin azúcares añadidos: edulcorantes: maltitol y acesulfamo k, manteca de cacao, grasa vegetal de coco y palma, pasta de cacao, leche entera en polvo, leche desnatada en polvo, emulgente: lecitina de soja, aroma: vainillina y trazas de frutos de cáscara. 3. chocolate con leche sin azúcares añadidos y almendra: edulcorantes: maltitol y acesulfamo k, manteca de cacao, grasa vegetal de coco y palma, almendra tostada troceada (4,3%), pasta de cacao, leche entera en polvo, leche desnatada en polvo, emulgente: lecitina de soja, aroma: vainillina y trazas de frutos de cáscara.;8480000641021;0;;;;Ice cream, stick, chocolate-coated;39503;Energia (kJ);1108.0;kJ;Gluten-free
25;2026-07-27 13:06:32;31;2026;43812;Assorted mini ice cream bonbons with no added sugar Hacendado Frozen food Ice cream Chocolates;1;España;64102;25;Congelados;Helados;Bombones;Productos del momento;Elige el tuyo, ¡disfruta!;Mini helado bombón surtido Hacendado sin azúcares añadidos;;0.456;l;6.58;€/l;3.00;leche desnatada reconstituida, cobertura especial de chocolate sin azúcares añadidos (32%) (negra, con leche, leche y almendras), edulcorantes (lactitol (leche) y aspartamo), leche desnatada en polvo, grasa vegetal de coco y palma, maltodextrina, emulgente (monoglicéridos y diglicéridos de ácidos grasos), estabilizantes (goma garrofín, goma xantana, goma guar, carragenanos), colorante: colorante natural (e 160b(ii)) y aroma. ingredientes coberturas: 1. chocolate sin azúcares añadidos: edulcorantes: maltitol y acesulfamo k, pasta de cacao, manteca de cacao, grasa vegetal de coco y palma, emulgente: lecitina de soja, aroma: vainillina, trazas de leche y frutos de cáscara. 2. chocolate con leche sin azúcares añadidos: edulcorantes: maltitol y acesulfamo k, manteca de cacao, grasa vegetal de coco y palma, pasta de cacao, leche entera en polvo, leche desnatada en polvo, emulgente: lecitina de soja, aroma: vainillina y trazas de frutos de cáscara. 3. chocolate con leche sin azúcares añadidos y almendra: edulcorantes: maltitol y acesulfamo k, manteca de cacao, grasa vegetal de coco y palma, almendra tostada troceada (4,3%), pasta de cacao, leche entera en polvo, leche desnatada en polvo, emulgente: lecitina de soja, aroma: vainillina y trazas de frutos de cáscara.;8480000641021;0;;;;Ice cream, stick, chocolate-coated;39503;Energia (kJ);1108.0;kJ;No added sugar
25;2026-07-27 13:06:32;31;2026;43812;Assorted mini ice cream bonbons with no added sugar Hacendado Frozen food Ice cream Chocolates;1;España;64102;25;Congelados;Helados;Bombones;Productos del momento;Elige el tuyo, ¡disfruta!;Mini helado bombón surtido Hacendado sin azúcares añadidos;;0.456;l;6.58;€/l;3.00;leche desnatada reconstituida, cobertura especial de chocolate sin azúcares añadidos (32%) (negra, con leche, leche y almendras), edulcorantes (lactitol (leche) y aspartamo), leche desnatada en polvo, grasa vegetal de coco y palma, maltodextrina, emulgente (monoglicéridos y diglicéridos de ácidos grasos), estabilizantes (goma garrofín, goma xantana, goma guar, carragenanos), colorante: colorante natural (e 160b(ii)) y aroma. ingredientes coberturas: 1. chocolate sin azúcares añadidos: edulcorantes: maltitol y acesulfamo k, pasta de cacao, manteca de cacao, grasa vegetal de coco y palma, emulgente: lecitina de soja, aroma: vainillina, trazas de leche y frutos de cáscara. 2. chocolate con leche sin azúcares añadidos: edulcorantes: maltitol y acesulfamo k, manteca de cacao, grasa vegetal de coco y palma, pasta de cacao, leche entera en polvo, leche desnatada en polvo, emulgente: lecitina de soja, aroma: vainillina y trazas de frutos de cáscara. 3. chocolate con leche sin azúcares añadidos y almendra: edulcorantes: maltitol y acesulfamo k, manteca de cacao, grasa vegetal de coco y palma, almendra tostada troceada (4,3%), pasta de cacao, leche entera en polvo, leche desnatada en polvo, emulgente: lecitina de soja, aroma: vainillina y trazas de frutos de cáscara.;8480000641021;0;;;;Ice cream, stick, chocolate-coated;39503;greixos_totals_g;17.3;g;Gluten-free
25;2026-07-27 13:06:32;31;2026;43812;Assorted mini ice cream bonbons with no added sugar Hacendado Frozen food Ice cream Chocolates;1;España;64102;25;Congelados;Helados;Bombones;Productos del momento;Elige el tuyo, ¡disfruta!;Mini helado bombón surtido Hacendado sin azúcares añadidos;;0.456;l;6.58;€/l;3.00;leche desnatada reconstituida, cobertura especial de chocolate sin azúcares añadidos (32%) (negra, con leche, leche y almendras), edulcorantes (lactitol (leche) y aspartamo), leche desnatada en polvo, grasa vegetal de coco y palma, maltodextrina, emulgente (monoglicéridos y diglicéridos de ácidos grasos), estabilizantes (goma garrofín, goma xantana, goma guar, carragenanos), colorante: colorante natural (e 160b(ii)) y aroma. ingredientes coberturas: 1. chocolate sin azúcares añadidos: edulcorantes: maltitol y acesulfamo k, pasta de cacao, manteca de cacao, grasa vegetal de coco y palma, emulgente: lecitina de soja, aroma: vainillina, trazas de leche y frutos de cáscara. 2. chocolate con leche sin azúcares añadidos: edulcorantes: maltitol y acesulfamo k, manteca de cacao, grasa vegetal de coco y palma, pasta de cacao, leche entera en polvo, leche desnatada en polvo, emulgente: lecitina de soja, aroma: vainillina y trazas de frutos de cáscara. 3. chocolate con leche sin azúcares añadidos y almendra: edulcorantes: maltitol y acesulfamo k, manteca de cacao, grasa vegetal de coco y palma, almendra tostada troceada (4,3%), pasta de cacao, leche entera en polvo, leche desnatada en polvo, emulgente: lecitina de soja, aroma: vainillina y trazas de frutos de cáscara.;8480000641021;0;;;;Ice cream, stick, chocolate-coated;39503;greixos_totals_g;17.3;g;No added sugar
25;2026-07-27 13:06:32;31;2026;43812;Assorted mini ice cream bonbons with no added sugar Hacendado Frozen food Ice cream Chocolates;1;España;64102;25;Congelados;Helados;Bombones;Productos del momento;Elige el tuyo, ¡disfruta!;Mini helado bombón surtido Hacendado sin azúcares añadidos;;0.456;l;6.58;€/l;3.00;leche desnatada reconstituida, cobertura especial de chocolate sin azúcares añadidos (32%) (negra, con leche, leche y almendras), edulcorantes (lactitol (leche) y aspartamo), leche desnatada en polvo, grasa vegetal de coco y palma, maltodextrina, emulgente (monoglicéridos y diglicéridos de ácidos grasos), estabilizantes (goma garrofín, goma xantana, goma guar, carragenanos), colorante: colorante natural (e 160b(ii)) y aroma. ingredientes coberturas: 1. chocolate sin azúcares añadidos: edulcorantes: maltitol y acesulfamo k, pasta de cacao, manteca de cacao, grasa vegetal de coco y palma, emulgente: lecitina de soja, aroma: vainillina, trazas de leche y frutos de cáscara. 2. chocolate con leche sin azúcares añadidos: edulcorantes: maltitol y acesulfamo k, manteca de cacao, grasa vegetal de coco y palma, pasta de cacao, leche entera en polvo, leche desnatada en polvo, emulgente: lecitina de soja, aroma: vainillina y trazas de frutos de cáscara. 3. chocolate con leche sin azúcares añadidos y almendra: edulcorantes: maltitol y acesulfamo k, manteca de cacao, grasa vegetal de coco y palma, almendra tostada troceada (4,3%), pasta de cacao, leche entera en polvo, leche desnatada en polvo, emulgente: lecitina de soja, aroma: vainillina y trazas de frutos de cáscara.;8480000641021;0;;;;Ice cream, stick, chocolate-coated;39503;greixos_saturats_g;13.0;g;Gluten-free
25;2026-07-27 13:06:32;31;2026;43812;Assorted mini ice cream bonbons with no added sugar Hacendado Frozen food Ice cream Chocolates;1;España;64102;25;Congelados;Helados;Bombones;Productos del momento;Elige el tuyo, ¡disfruta!;Mini helado bombón surtido Hacendado sin azúcares añadidos;;0.456;l;6.58;€/l;3.00;leche desnatada reconstituida, cobertura especial de chocolate sin azúcares añadidos (32%) (negra, con leche, leche y almendras), edulcorantes (lactitol (leche) y aspartamo), leche desnatada en polvo, grasa vegetal de coco y palma, maltodextrina, emulgente (monoglicéridos y diglicéridos de ácidos grasos), estabilizantes (goma garrofín, goma xantana, goma guar, carragenanos), colorante: colorante natural (e 160b(ii)) y aroma. ingredientes coberturas: 1. chocolate sin azúcares añadidos: edulcorantes: maltitol y acesulfamo k, pasta de cacao, manteca de cacao, grasa vegetal de coco y palma, emulgente: lecitina de soja, aroma: vainillina, trazas de leche y frutos de cáscara. 2. chocolate con leche sin azúcares añadidos: edulcorantes: maltitol y acesulfamo k, manteca de cacao, grasa vegetal de coco y palma, pasta de cacao, leche entera en polvo, leche desnatada en polvo, emulgente: lecitina de soja, aroma: vainillina y trazas de frutos de cáscara. 3. chocolate con leche sin azúcares añadidos y almendra: edulcorantes: maltitol y acesulfamo k, manteca de cacao, grasa vegetal de coco y palma, almendra tostada troceada (4,3%), pasta de cacao, leche entera en polvo, leche desnatada en polvo, emulgente: lecitina de soja, aroma: vainillina y trazas de frutos de cáscara.;8480000641021;0;;;;Ice cream, stick, chocolate-coated;39503;greixos_saturats_g;13.0;g;No added sugar
25;2026-07-27 13:06:32;31;2026;43812;Assorted mini ice cream bonbons with no added sugar Hacendado Frozen food Ice cream Chocolates;1;España;64102;25;Congelados;Helados;Bombones;Productos del momento;Elige el tuyo, ¡disfruta!;Mini helado bombón surtido Hacendado sin azúcares añadidos;;0.456;l;6.58;€/l;3.00;leche desnatada reconstituida, cobertura especial de chocolate sin azúcares añadidos (32%) (negra, con leche, leche y almendras), edulcorantes (lactitol (leche) y aspartamo), leche desnatada en polvo, grasa vegetal de coco y palma, maltodextrina, emulgente (monoglicéridos y diglicéridos de ácidos grasos), estabilizantes (goma garrofín, goma xantana, goma guar, carragenanos), colorante: colorante natural (e 160b(ii)) y aroma. ingredientes coberturas: 1. chocolate sin azúcares añadidos: edulcorantes: maltitol y acesulfamo k, pasta de cacao, manteca de cacao, grasa vegetal de coco y palma, emulgente: lecitina de soja, aroma: vainillina, trazas de leche y frutos de cáscara. 2. chocolate con leche sin azúcares añadidos: edulcorantes: maltitol y acesulfamo k, manteca de cacao, grasa vegetal de coco y palma, pasta de cacao, leche entera en polvo, leche desnatada en polvo, emulgente: lecitina de soja, aroma: vainillina y trazas de frutos de cáscara. 3. chocolate con leche sin azúcares añadidos y almendra: edulcorantes: maltitol y acesulfamo k, manteca de cacao, grasa vegetal de coco y palma, almendra tostada troceada (4,3%), pasta de cacao, leche entera en polvo, leche desnatada en polvo, emulgente: lecitina de soja, aroma: vainillina y trazas de frutos de cáscara.;8480000641021;0;;;;Ice cream, stick, chocolate-coated;39503;greixos_monoinsaturats_g;3.7;g;Gluten-free
25;2026-07-27 13:06:32;31;2026;43812;Assorted mini ice cream bonbons with no added sugar Hacendado Frozen food Ice cream Chocolates;1;España;64102;25;Congelados;Helados;Bombones;Productos del momento;Elige el tuyo, ¡disfruta!;Mini helado bombón surtido Hacendado sin azúcares añadidos;;0.456;l;6.58;€/l;3.00;leche desnatada reconstituida, cobertura especial de chocolate sin azúcares añadidos (32%) (negra, con leche, leche y almendras), edulcorantes (lactitol (leche) y aspartamo), leche desnatada en polvo, grasa vegetal de coco y palma, maltodextrina, emulgente (monoglicéridos y diglicéridos de ácidos grasos), estabilizantes (goma garrofín, goma xantana, goma guar, carragenanos), colorante: colorante natural (e 160b(ii)) y aroma. ingredientes coberturas: 1. chocolate sin azúcares añadidos: edulcorantes: maltitol y acesulfamo k, pasta de cacao, manteca de cacao, grasa vegetal de coco y palma, emulgente: lecitina de soja, aroma: vainillina, trazas de leche y frutos de cáscara. 2. chocolate con leche sin azúcares añadidos: edulcorantes: maltitol y acesulfamo k, manteca de cacao, grasa vegetal de coco y palma, pasta de cacao, leche entera en polvo, leche desnatada en polvo, emulgente: lecitina de soja, aroma: vainillina y trazas de frutos de cáscara. 3. chocolate con leche sin azúcares añadidos y almendra: edulcorantes: maltitol y acesulfamo k, manteca de cacao, grasa vegetal de coco y palma, almendra tostada troceada (4,3%), pasta de cacao, leche entera en polvo, leche desnatada en polvo, emulgente: lecitina de soja, aroma: vainillina y trazas de frutos de cáscara.;8480000641021;0;;;;Ice cream, stick, chocolate-coated;39503;greixos_monoinsaturats_g;3.7;g;No added sugar
25;2026-07-27 13:06:32;31;2026;43812;Assorted mini ice cream bonbons with no added sugar Hacendado Frozen food Ice cream Chocolates;1;España;64102;25;Congelados;Helados;Bombones;Productos del momento;Elige el tuyo, ¡disfruta!;Mini helado bombón surtido Hacendado sin azúcares añadidos;;0.456;l;6.58;€/l;3.00;leche desnatada reconstituida, cobertura especial de chocolate sin azúcares añadidos (32%) (negra, con leche, leche y almendras), edulcorantes (lactitol (leche) y aspartamo), leche desnatada en polvo, grasa vegetal de coco y palma, maltodextrina, emulgente (monoglicéridos y diglicéridos de ácidos grasos), estabilizantes (goma garrofín, goma xantana, goma guar, carragenanos), colorante: colorante natural (e 160b(ii)) y aroma. ingredientes coberturas: 1. chocolate sin azúcares añadidos: edulcorantes: maltitol y acesulfamo k, pasta de cacao, manteca de cacao, grasa vegetal de coco y palma, emulgente: lecitina de soja, aroma: vainillina, trazas de leche y frutos de cáscara. 2. chocolate con leche sin azúcares añadidos: edulcorantes: maltitol y acesulfamo k, manteca de cacao, grasa vegetal de coco y palma, pasta de cacao, leche entera en polvo, leche desnatada en polvo, emulgente: lecitina de soja, aroma: vainillina y trazas de frutos de cáscara. 3. chocolate con leche sin azúcares añadidos y almendra: edulcorantes: maltitol y acesulfamo k, manteca de cacao, grasa vegetal de coco y palma, almendra tostada troceada (4,3%), pasta de cacao, leche entera en polvo, leche desnatada en polvo, emulgente: lecitina de soja, aroma: vainillina y trazas de frutos de cáscara.;8480000641021;0;;;;Ice cream, stick, chocolate-coated;39503;greixos_poliinsaturats_g;0.5;g;Gluten-free
25;2026-07-27 13:06:32;31;2026;43812;Assorted mini ice cream bonbons with no added sugar Hacendado Frozen food Ice cream Chocolates;1;España;64102;25;Congelados;Helados;Bombones;Productos del momento;Elige el tuyo, ¡disfruta!;Mini helado bombón surtido Hacendado sin azúcares añadidos;;0.456;l;6.58;€/l;3.00;leche desnatada reconstituida, cobertura especial de chocolate sin azúcares añadidos (32%) (negra, con leche, leche y almendras), edulcorantes (lactitol (leche) y aspartamo), leche desnatada en polvo, grasa vegetal de coco y palma, maltodextrina, emulgente (monoglicéridos y diglicéridos de ácidos grasos), estabilizantes (goma garrofín, goma xantana, goma guar, carragenanos), colorante: colorante natural (e 160b(ii)) y aroma. ingredientes coberturas: 1. chocolate sin azúcares añadidos: edulcorantes: maltitol y acesulfamo k, pasta de cacao, manteca de cacao, grasa vegetal de coco y palma, emulgente: lecitina de soja, aroma: vainillina, trazas de leche y frutos de cáscara. 2. chocolate con leche sin azúcares añadidos: edulcorantes: maltitol y acesulfamo k, manteca de cacao, grasa vegetal de coco y palma, pasta de cacao, leche entera en polvo, leche desnatada en polvo, emulgente: lecitina de soja, aroma: vainillina y trazas de frutos de cáscara. 3. chocolate con leche sin azúcares añadidos y almendra: edulcorantes: maltitol y acesulfamo k, manteca de cacao, grasa vegetal de coco y palma, almendra tostada troceada (4,3%), pasta de cacao, leche entera en polvo, leche desnatada en polvo, emulgente: lecitina de soja, aroma: vainillina y trazas de frutos de cáscara.;8480000641021;0;;;;Ice cream, stick, chocolate-coated;39503;greixos_poliinsaturats_g;0.5;g;No added sugar
25;2026-07-27 13:06:32;31;2026;43812;Assorted mini ice cream bonbons with no added sugar Hacendado Frozen food Ice cream Chocolates;1;España;64102;25;Congelados;Helados;Bombones;Productos del momento;Elige el tuyo, ¡disfruta!;Mini helado bombón surtido Hacendado sin azúcares añadidos;;0.456;l;6.58;€/l;3.00;leche desnatada reconstituida, cobertura especial de chocolate sin azúcares añadidos (32%) (negra, con leche, leche y almendras), edulcorantes (lactitol (leche) y aspartamo), leche desnatada en polvo, grasa vegetal de coco y palma, maltodextrina, emulgente (monoglicéridos y diglicéridos de ácidos grasos), estabilizantes (goma garrofín, goma xantana, goma guar, carragenanos), colorante: colorante natural (e 160b(ii)) y aroma. ingredientes coberturas: 1. chocolate sin azúcares añadidos: edulcorantes: maltitol y acesulfamo k, pasta de cacao, manteca de cacao, grasa vegetal de coco y palma, emulgente: lecitina de soja, aroma: vainillina, trazas de leche y frutos de cáscara. 2. chocolate con leche sin azúcares añadidos: edulcorantes: maltitol y acesulfamo k, manteca de cacao, grasa vegetal de coco y palma, pasta de cacao, leche entera en polvo, leche desnatada en polvo, emulgente: lecitina de soja, aroma: vainillina y trazas de frutos de cáscara. 3. chocolate con leche sin azúcares añadidos y almendra: edulcorantes: maltitol y acesulfamo k, manteca de cacao, grasa vegetal de coco y palma, almendra tostada troceada (4,3%), pasta de cacao, leche entera en polvo, leche desnatada en polvo, emulgente: lecitina de soja, aroma: vainillina y trazas de frutos de cáscara.;8480000641021;0;;;;Ice cream, stick, chocolate-coated;39503;hidrats_carboni_g;32.0;g;Gluten-free
25;2026-07-27 13:06:32;31;2026;43812;Assorted mini ice cream bonbons with no added sugar Hacendado Frozen food Ice cream Chocolates;1;España;64102;25;Congelados;Helados;Bombones;Productos del momento;Elige el tuyo, ¡disfruta!;Mini helado bombón surtido Hacendado sin azúcares añadidos;;0.456;l;6.58;€/l;3.00;leche desnatada reconstituida, cobertura especial de chocolate sin azúcares añadidos (32%) (negra, con leche, leche y almendras), edulcorantes (lactitol (leche) y aspartamo), leche desnatada en polvo, grasa vegetal de coco y palma, maltodextrina, emulgente (monoglicéridos y diglicéridos de ácidos grasos), estabilizantes (goma garrofín, goma xantana, goma guar, carragenanos), colorante: colorante natural (e 160b(ii)) y aroma. ingredientes coberturas: 1. chocolate sin azúcares añadidos: edulcorantes: maltitol y acesulfamo k, pasta de cacao, manteca de cacao, grasa vegetal de coco y palma, emulgente: lecitina de soja, aroma: vainillina, trazas de leche y frutos de cáscara. 2. chocolate con leche sin azúcares añadidos: edulcorantes: maltitol y acesulfamo k, manteca de cacao, grasa vegetal de coco y palma, pasta de cacao, leche entera en polvo, leche desnatada en polvo, emulgente: lecitina de soja, aroma: vainillina y trazas de frutos de cáscara. 3. chocolate con leche sin azúcares añadidos y almendra: edulcorantes: maltitol y acesulfamo k, manteca de cacao, grasa vegetal de coco y palma, almendra tostada troceada (4,3%), pasta de cacao, leche entera en polvo, leche desnatada en polvo, emulgente: lecitina de soja, aroma: vainillina y trazas de frutos de cáscara.;8480000641021;0;;;;Ice cream, stick, chocolate-coated;39503;hidrats_carboni_g;32.0;g;No added sugar
25;2026-07-27 13:06:32;31;2026;43812;Assorted mini ice cream bonbons with no added sugar Hacendado Frozen food Ice cream Chocolates;1;España;64102;25;Congelados;Helados;Bombones;Productos del momento;Elige el tuyo, ¡disfruta!;Mini helado bombón surtido Hacendado sin azúcares añadidos;;0.456;l;6.58;€/l;3.00;leche desnatada reconstituida, cobertura especial de chocolate sin azúcares añadidos (32%) (negra, con leche, leche y almendras), edulcorantes (lactitol (leche) y aspartamo), leche desnatada en polvo, grasa vegetal de coco y palma, maltodextrina, emulgente (monoglicéridos y diglicéridos de ácidos grasos), estabilizantes (goma garrofín, goma xantana, goma guar, carragenanos), colorante: colorante natural (e 160b(ii)) y aroma. ingredientes coberturas: 1. chocolate sin azúcares añadidos: edulcorantes: maltitol y acesulfamo k, pasta de cacao, manteca de cacao, grasa vegetal de coco y palma, emulgente: lecitina de soja, aroma: vainillina, trazas de leche y frutos de cáscara. 2. chocolate con leche sin azúcares añadidos: edulcorantes: maltitol y acesulfamo k, manteca de cacao, grasa vegetal de coco y palma, pasta de cacao, leche entera en polvo, leche desnatada en polvo, emulgente: lecitina de soja, aroma: vainillina y trazas de frutos de cáscara. 3. chocolate con leche sin azúcares añadidos y almendra: edulcorantes: maltitol y acesulfamo k, manteca de cacao, grasa vegetal de coco y palma, almendra tostada troceada (4,3%), pasta de cacao, leche entera en polvo, leche desnatada en polvo, emulgente: lecitina de soja, aroma: vainillina y trazas de frutos de cáscara.;8480000641021;0;;;;Ice cream, stick, chocolate-coated;39503;sucres_g;4.9;g;Gluten-free
25;2026-07-27 13:06:32;31;2026;43812;Assorted mini ice cream bonbons with no added sugar Hacendado Frozen food Ice cream Chocolates;1;España;64102;25;Congelados;Helados;Bombones;Productos del momento;Elige el tuyo, ¡disfruta!;Mini helado bombón surtido Hacendado sin azúcares añadidos;;0.456;l;6.58;€/l;3.00;leche desnatada reconstituida, cobertura especial de chocolate sin azúcares añadidos (32%) (negra, con leche, leche y almendras), edulcorantes (lactitol (leche) y aspartamo), leche desnatada en polvo, grasa vegetal de coco y palma, maltodextrina, emulgente (monoglicéridos y diglicéridos de ácidos grasos), estabilizantes (goma garrofín, goma xantana, goma guar, carragenanos), colorante: colorante natural (e 160b(ii)) y aroma. ingredientes coberturas: 1. chocolate sin azúcares añadidos: edulcorantes: maltitol y acesulfamo k, pasta de cacao, manteca de cacao, grasa vegetal de coco y palma, emulgente: lecitina de soja, aroma: vainillina, trazas de leche y frutos de cáscara. 2. chocolate con leche sin azúcares añadidos: edulcorantes: maltitol y acesulfamo k, manteca de cacao, grasa vegetal de coco y palma, pasta de cacao, leche entera en polvo, leche desnatada en polvo, emulgente: lecitina de soja, aroma: vainillina y trazas de frutos de cáscara. 3. chocolate con leche sin azúcares añadidos y almendra: edulcorantes: maltitol y acesulfamo k, manteca de cacao, grasa vegetal de coco y palma, almendra tostada troceada (4,3%), pasta de cacao, leche entera en polvo, leche desnatada en polvo, emulgente: lecitina de soja, aroma: vainillina y trazas de frutos de cáscara.;8480000641021;0;;;;Ice cream, stick, chocolate-coated;39503;sucres_g;4.9;g;No added sugar
25;2026-07-27 13:06:32;31;2026;43812;Assorted mini ice cream bonbons with no added sugar Hacendado Frozen food Ice cream Chocolates;1;España;64102;25;Congelados;Helados;Bombones;Productos del momento;Elige el tuyo, ¡disfruta!;Mini helado bombón surtido Hacendado sin azúcares añadidos;;0.456;l;6.58;€/l;3.00;leche desnatada reconstituida, cobertura especial de chocolate sin azúcares añadidos (32%) (negra, con leche, leche y almendras), edulcorantes (lactitol (leche) y aspartamo), leche desnatada en polvo, grasa vegetal de coco y palma, maltodextrina, emulgente (monoglicéridos y diglicéridos de ácidos grasos), estabilizantes (goma garrofín, goma xantana, goma guar, carragenanos), colorante: colorante natural (e 160b(ii)) y aroma. ingredientes coberturas: 1. chocolate sin azúcares añadidos: edulcorantes: maltitol y acesulfamo k, pasta de cacao, manteca de cacao, grasa vegetal de coco y palma, emulgente: lecitina de soja, aroma: vainillina, trazas de leche y frutos de cáscara. 2. chocolate con leche sin azúcares añadidos: edulcorantes: maltitol y acesulfamo k, manteca de cacao, grasa vegetal de coco y palma, pasta de cacao, leche entera en polvo, leche desnatada en polvo, emulgente: lecitina de soja, aroma: vainillina y trazas de frutos de cáscara. 3. chocolate con leche sin azúcares añadidos y almendra: edulcorantes: maltitol y acesulfamo k, manteca de cacao, grasa vegetal de coco y palma, almendra tostada troceada (4,3%), pasta de cacao, leche entera en polvo, leche desnatada en polvo, emulgente: lecitina de soja, aroma: vainillina y trazas de frutos de cáscara.;8480000641021;0;;;;Ice cream, stick, chocolate-coated;39503;fibra_g;1.9;g;Gluten-free
25;2026-07-27 13:06:32;31;2026;43812;Assorted mini ice cream bonbons with no added sugar Hacendado Frozen food Ice cream Chocolates;1;España;64102;25;Congelados;Helados;Bombones;Productos del momento;Elige el tuyo, ¡disfruta!;Mini helado bombón surtido Hacendado sin azúcares añadidos;;0.456;l;6.58;€/l;3.00;leche desnatada reconstituida, cobertura especial de chocolate sin azúcares añadidos (32%) (negra, con leche, leche y almendras), edulcorantes (lactitol (leche) y aspartamo), leche desnatada en polvo, grasa vegetal de coco y palma, maltodextrina, emulgente (monoglicéridos y diglicéridos de ácidos grasos), estabilizantes (goma garrofín, goma xantana, goma guar, carragenanos), colorante: colorante natural (e 160b(ii)) y aroma. ingredientes coberturas: 1. chocolate sin azúcares añadidos: edulcorantes: maltitol y acesulfamo k, pasta de cacao, manteca de cacao, grasa vegetal de coco y palma, emulgente: lecitina de soja, aroma: vainillina, trazas de leche y frutos de cáscara. 2. chocolate con leche sin azúcares añadidos: edulcorantes: maltitol y acesulfamo k, manteca de cacao, grasa vegetal de coco y palma, pasta de cacao, leche entera en polvo, leche desnatada en polvo, emulgente: lecitina de soja, aroma: vainillina y trazas de frutos de cáscara. 3. chocolate con leche sin azúcares añadidos y almendra: edulcorantes: maltitol y acesulfamo k, manteca de cacao, grasa vegetal de coco y palma, almendra tostada troceada (4,3%), pasta de cacao, leche entera en polvo, leche desnatada en polvo, emulgente: lecitina de soja, aroma: vainillina y trazas de frutos de cáscara.;8480000641021;0;;;;Ice cream, stick, chocolate-coated;39503;fibra_g;1.9;g;No added sugar
25;2026-07-27 13:06:32;31;2026;43812;Assorted mini ice cream bonbons with no added sugar Hacendado Frozen food Ice cream Chocolates;1;España;64102;25;Congelados;Helados;Bombones;Productos del momento;Elige el tuyo, ¡disfruta!;Mini helado bombón surtido Hacendado sin azúcares añadidos;;0.456;l;6.58;€/l;3.00;leche desnatada reconstituida, cobertura especial de chocolate sin azúcares añadidos (32%) (negra, con leche, leche y almendras), edulcorantes (lactitol (leche) y aspartamo), leche desnatada en polvo, grasa vegetal de coco y palma, maltodextrina, emulgente (monoglicéridos y diglicéridos de ácidos grasos), estabilizantes (goma garrofín, goma xantana, goma guar, carragenanos), colorante: colorante natural (e 160b(ii)) y aroma. ingredientes coberturas: 1. chocolate sin azúcares añadidos: edulcorantes: maltitol y acesulfamo k, pasta de cacao, manteca de cacao, grasa vegetal de coco y palma, emulgente: lecitina de soja, aroma: vainillina, trazas de leche y frutos de cáscara. 2. chocolate con leche sin azúcares añadidos: edulcorantes: maltitol y acesulfamo k, manteca de cacao, grasa vegetal de coco y palma, pasta de cacao, leche entera en polvo, leche desnatada en polvo, emulgente: lecitina de soja, aroma: vainillina y trazas de frutos de cáscara. 3. chocolate con leche sin azúcares añadidos y almendra: edulcorantes: maltitol y acesulfamo k, manteca de cacao, grasa vegetal de coco y palma, almendra tostada troceada (4,3%), pasta de cacao, leche entera en polvo, leche desnatada en polvo, emulgente: lecitina de soja, aroma: vainillina y trazas de frutos de cáscara.;8480000641021;0;;;;Ice cream, stick, chocolate-coated;39503;proteines_g;4.5;g;Gluten-free
25;2026-07-27 13:06:32;31;2026;43812;Assorted mini ice cream bonbons with no added sugar Hacendado Frozen food Ice cream Chocolates;1;España;64102;25;Congelados;Helados;Bombones;Productos del momento;Elige el tuyo, ¡disfruta!;Mini helado bombón surtido Hacendado sin azúcares añadidos;;0.456;l;6.58;€/l;3.00;leche desnatada reconstituida, cobertura especial de chocolate sin azúcares añadidos (32%) (negra, con leche, leche y almendras), edulcorantes (lactitol (leche) y aspartamo), leche desnatada en polvo, grasa vegetal de coco y palma, maltodextrina, emulgente (monoglicéridos y diglicéridos de ácidos grasos), estabilizantes (goma garrofín, goma xantana, goma guar, carragenanos), colorante: colorante natural (e 160b(ii)) y aroma. ingredientes coberturas: 1. chocolate sin azúcares añadidos: edulcorantes: maltitol y acesulfamo k, pasta de cacao, manteca de cacao, grasa vegetal de coco y palma, emulgente: lecitina de soja, aroma: vainillina, trazas de leche y frutos de cáscara. 2. chocolate con leche sin azúcares añadidos: edulcorantes: maltitol y acesulfamo k, manteca de cacao, grasa vegetal de coco y palma, pasta de cacao, leche entera en polvo, leche desnatada en polvo, emulgente: lecitina de soja, aroma: vainillina y trazas de frutos de cáscara. 3. chocolate con leche sin azúcares añadidos y almendra: edulcorantes: maltitol y acesulfamo k, manteca de cacao, grasa vegetal de coco y palma, almendra tostada troceada (4,3%), pasta de cacao, leche entera en polvo, leche desnatada en polvo, emulgente: lecitina de soja, aroma: vainillina y trazas de frutos de cáscara.;8480000641021;0;;;;Ice cream, stick, chocolate-coated;39503;proteines_g;4.5;g;No added sugar
25;2026-07-27 13:06:32;31;2026;43812;Assorted mini ice cream bonbons with no added sugar Hacendado Frozen food Ice cream Chocolates;1;España;64102;25;Congelados;Helados;Bombones;Productos del momento;Elige el tuyo, ¡disfruta!;Mini helado bombón surtido Hacendado sin azúcares añadidos;;0.456;l;6.58;€/l;3.00;leche desnatada reconstituida, cobertura especial de chocolate sin azúcares añadidos (32%) (negra, con leche, leche y almendras), edulcorantes (lactitol (leche) y aspartamo), leche desnatada en polvo, grasa vegetal de coco y palma, maltodextrina, emulgente (monoglicéridos y diglicéridos de ácidos grasos), estabilizantes (goma garrofín, goma xantana, goma guar, carragenanos), colorante: colorante natural (e 160b(ii)) y aroma. ingredientes coberturas: 1. chocolate sin azúcares añadidos: edulcorantes: maltitol y acesulfamo k, pasta de cacao, manteca de cacao, grasa vegetal de coco y palma, emulgente: lecitina de soja, aroma: vainillina, trazas de leche y frutos de cáscara. 2. chocolate con leche sin azúcares añadidos: edulcorantes: maltitol y acesulfamo k, manteca de cacao, grasa vegetal de coco y palma, pasta de cacao, leche entera en polvo, leche desnatada en polvo, emulgente: lecitina de soja, aroma: vainillina y trazas de frutos de cáscara. 3. chocolate con leche sin azúcares añadidos y almendra: edulcorantes: maltitol y acesulfamo k, manteca de cacao, grasa vegetal de coco y palma, almendra tostada troceada (4,3%), pasta de cacao, leche entera en polvo, leche desnatada en polvo, emulgente: lecitina de soja, aroma: vainillina y trazas de frutos de cáscara.;8480000641021;0;;;;Ice cream, stick, chocolate-coated;39503;sal_g;0.14;g;Gluten-free
25;2026-07-27 13:06:32;31;2026;43812;Assorted mini ice cream bonbons with no added sugar Hacendado Frozen food Ice cream Chocolates;1;España;64102;25;Congelados;Helados;Bombones;Productos del momento;Elige el tuyo, ¡disfruta!;Mini helado bombón surtido Hacendado sin azúcares añadidos;;0.456;l;6.58;€/l;3.00;leche desnatada reconstituida, cobertura especial de chocolate sin azúcares añadidos (32%) (negra, con leche, leche y almendras), edulcorantes (lactitol (leche) y aspartamo), leche desnatada en polvo, grasa vegetal de coco y palma, maltodextrina, emulgente (monoglicéridos y diglicéridos de ácidos grasos), estabilizantes (goma garrofín, goma xantana, goma guar, carragenanos), colorante: colorante natural (e 160b(ii)) y aroma. ingredientes coberturas: 1. chocolate sin azúcares añadidos: edulcorantes: maltitol y acesulfamo k, pasta de cacao, manteca de cacao, grasa vegetal de coco y palma, emulgente: lecitina de soja, aroma: vainillina, trazas de leche y frutos de cáscara. 2. chocolate con leche sin azúcares añadidos: edulcorantes: maltitol y acesulfamo k, manteca de cacao, grasa vegetal de coco y palma, pasta de cacao, leche entera en polvo, leche desnatada en polvo, emulgente: lecitina de soja, aroma: vainillina y trazas de frutos de cáscara. 3. chocolate con leche sin azúcares añadidos y almendra: edulcorantes: maltitol y acesulfamo k, manteca de cacao, grasa vegetal de coco y palma, almendra tostada troceada (4,3%), pasta de cacao, leche entera en polvo, leche desnatada en polvo, emulgente: lecitina de soja, aroma: vainillina y trazas de frutos de cáscara.;8480000641021;0;;;;Ice cream, stick, chocolate-coated;39503;sal_g;0.14;g;No added sugar
26;2026-07-27 13:06:32;31;2026;43812;White mango bonbon ice cream with mango sauce Hacendado Frozen food Ice cream Chocolates;1;España;60690;26;Congelados;Helados;Bombones;Productos del momento;Elige el tuyo, ¡disfruta!;Helado bombón mango blanco Hacendado con salsa de mango;;0.54;l;7.22;€/l;3.90;chocolate blanco (30%) (azúcar, manteca de cacao, leche entera en polvo, mantequilla anhidra (derivado lácteo), aceite vegetal de coco y palma, emulgente: lecitina de soja, aroma de vainilla, trazas de frutos de cáscara), leche desnatada reconstituida (27.6%), salsa de mango y maracuyá (14%) (fruta (60%) (puré de mango, puré de mango concentrado, zumo concentrado de maracuyá), azúcar, agua, almidón, correctores de acidez: ácido cítrico y citratos de sodio, aromas naturales), azúcar, agua, mantequilla (derivado lácteo), trocitos de coco caramelizado (3%) (coco (80%), azúcar), jarabe de glucosa y fructosa, %lactosa% y proteínas de la leche, preparado a base de pulpa de coco en polvo (1,8%) (extracto de pulpa de coco (90%) y proteínas de la leche), coco rallado (1%), emulgente (monoglicéridos y diglicéridos de ácidos grasos), estabilizantes (goma garrofín, goma guar, carragenanos).;8402001019876;0;;;;Ice cream, stick, chocolate-coated;39503;Energia (kcal);340.0;kcal;Gluten-free
26;2026-07-27 13:06:32;31;2026;43812;White mango bonbon ice cream with mango sauce Hacendado Frozen food Ice cream Chocolates;1;España;60690;26;Congelados;Helados;Bombones;Productos del momento;Elige el tuyo, ¡disfruta!;Helado bombón mango blanco Hacendado con salsa de mango;;0.54;l;7.22;€/l;3.90;chocolate blanco (30%) (azúcar, manteca de cacao, leche entera en polvo, mantequilla anhidra (derivado lácteo), aceite vegetal de coco y palma, emulgente: lecitina de soja, aroma de vainilla, trazas de frutos de cáscara), leche desnatada reconstituida (27.6%), salsa de mango y maracuyá (14%) (fruta (60%) (puré de mango, puré de mango concentrado, zumo concentrado de maracuyá), azúcar, agua, almidón, correctores de acidez: ácido cítrico y citratos de sodio, aromas naturales), azúcar, agua, mantequilla (derivado lácteo), trocitos de coco caramelizado (3%) (coco (80%), azúcar), jarabe de glucosa y fructosa, %lactosa% y proteínas de la leche, preparado a base de pulpa de coco en polvo (1,8%) (extracto de pulpa de coco (90%) y proteínas de la leche), coco rallado (1%), emulgente (monoglicéridos y diglicéridos de ácidos grasos), estabilizantes (goma garrofín, goma guar, carragenanos).;8402001019876;0;;;;Ice cream, stick, chocolate-coated;39503;Energia (kJ);1421.0;kJ;Gluten-free
26;2026-07-27 13:06:32;31;2026;43812;White mango bonbon ice cream with mango sauce Hacendado Frozen food Ice cream Chocolates;1;España;60690;26;Congelados;Helados;Bombones;Productos del momento;Elige el tuyo, ¡disfruta!;Helado bombón mango blanco Hacendado con salsa de mango;;0.54;l;7.22;€/l;3.90;chocolate blanco (30%) (azúcar, manteca de cacao, leche entera en polvo, mantequilla anhidra (derivado lácteo), aceite vegetal de coco y palma, emulgente: lecitina de soja, aroma de vainilla, trazas de frutos de cáscara), leche desnatada reconstituida (27.6%), salsa de mango y maracuyá (14%) (fruta (60%) (puré de mango, puré de mango concentrado, zumo concentrado de maracuyá), azúcar, agua, almidón, correctores de acidez: ácido cítrico y citratos de sodio, aromas naturales), azúcar, agua, mantequilla (derivado lácteo), trocitos de coco caramelizado (3%) (coco (80%), azúcar), jarabe de glucosa y fructosa, %lactosa% y proteínas de la leche, preparado a base de pulpa de coco en polvo (1,8%) (extracto de pulpa de coco (90%) y proteínas de la leche), coco rallado (1%), emulgente (monoglicéridos y diglicéridos de ácidos grasos), estabilizantes (goma garrofín, goma guar, carragenanos).;8402001019876;0;;;;Ice cream, stick, chocolate-coated;39503;greixos_totals_g;19.9;g;Gluten-free
26;2026-07-27 13:06:32;31;2026;43812;White mango bonbon ice cream with mango sauce Hacendado Frozen food Ice cream Chocolates;1;España;60690;26;Congelados;Helados;Bombones;Productos del momento;Elige el tuyo, ¡disfruta!;Helado bombón mango blanco Hacendado con salsa de mango;;0.54;l;7.22;€/l;3.90;chocolate blanco (30%) (azúcar, manteca de cacao, leche entera en polvo, mantequilla anhidra (derivado lácteo), aceite vegetal de coco y palma, emulgente: lecitina de soja, aroma de vainilla, trazas de frutos de cáscara), leche desnatada reconstituida (27.6%), salsa de mango y maracuyá (14%) (fruta (60%) (puré de mango, puré de mango concentrado, zumo concentrado de maracuyá), azúcar, agua, almidón, correctores de acidez: ácido cítrico y citratos de sodio, aromas naturales), azúcar, agua, mantequilla (derivado lácteo), trocitos de coco caramelizado (3%) (coco (80%), azúcar), jarabe de glucosa y fructosa, %lactosa% y proteínas de la leche, preparado a base de pulpa de coco en polvo (1,8%) (extracto de pulpa de coco (90%) y proteínas de la leche), coco rallado (1%), emulgente (monoglicéridos y diglicéridos de ácidos grasos), estabilizantes (goma garrofín, goma guar, carragenanos).;8402001019876;0;;;;Ice cream, stick, chocolate-coated;39503;greixos_saturats_g;14.0;g;Gluten-free
26;2026-07-27 13:06:32;31;2026;43812;White mango bonbon ice cream with mango sauce Hacendado Frozen food Ice cream Chocolates;1;España;60690;26;Congelados;Helados;Bombones;Productos del momento;Elige el tuyo, ¡disfruta!;Helado bombón mango blanco Hacendado con salsa de mango;;0.54;l;7.22;€/l;3.90;chocolate blanco (30%) (azúcar, manteca de cacao, leche entera en polvo, mantequilla anhidra (derivado lácteo), aceite vegetal de coco y palma, emulgente: lecitina de soja, aroma de vainilla, trazas de frutos de cáscara), leche desnatada reconstituida (27.6%), salsa de mango y maracuyá (14%) (fruta (60%) (puré de mango, puré de mango concentrado, zumo concentrado de maracuyá), azúcar, agua, almidón, correctores de acidez: ácido cítrico y citratos de sodio, aromas naturales), azúcar, agua, mantequilla (derivado lácteo), trocitos de coco caramelizado (3%) (coco (80%), azúcar), jarabe de glucosa y fructosa, %lactosa% y proteínas de la leche, preparado a base de pulpa de coco en polvo (1,8%) (extracto de pulpa de coco (90%) y proteínas de la leche), coco rallado (1%), emulgente (monoglicéridos y diglicéridos de ácidos grasos), estabilizantes (goma garrofín, goma guar, carragenanos).;8402001019876;0;;;;Ice cream, stick, chocolate-coated;39503;greixos_monoinsaturats_g;5.0;g;Gluten-free
26;2026-07-27 13:06:32;31;2026;43812;White mango bonbon ice cream with mango sauce Hacendado Frozen food Ice cream Chocolates;1;España;60690;26;Congelados;Helados;Bombones;Productos del momento;Elige el tuyo, ¡disfruta!;Helado bombón mango blanco Hacendado con salsa de mango;;0.54;l;7.22;€/l;3.90;chocolate blanco (30%) (azúcar, manteca de cacao, leche entera en polvo, mantequilla anhidra (derivado lácteo), aceite vegetal de coco y palma, emulgente: lecitina de soja, aroma de vainilla, trazas de frutos de cáscara), leche desnatada reconstituida (27.6%), salsa de mango y maracuyá (14%) (fruta (60%) (puré de mango, puré de mango concentrado, zumo concentrado de maracuyá), azúcar, agua, almidón, correctores de acidez: ácido cítrico y citratos de sodio, aromas naturales), azúcar, agua, mantequilla (derivado lácteo), trocitos de coco caramelizado (3%) (coco (80%), azúcar), jarabe de glucosa y fructosa, %lactosa% y proteínas de la leche, preparado a base de pulpa de coco en polvo (1,8%) (extracto de pulpa de coco (90%) y proteínas de la leche), coco rallado (1%), emulgente (monoglicéridos y diglicéridos de ácidos grasos), estabilizantes (goma garrofín, goma guar, carragenanos).;8402001019876;0;;;;Ice cream, stick, chocolate-coated;39503;greixos_poliinsaturats_g;0.7;g;Gluten-free
26;2026-07-27 13:06:32;31;2026;43812;White mango bonbon ice cream with mango sauce Hacendado Frozen food Ice cream Chocolates;1;España;60690;26;Congelados;Helados;Bombones;Productos del momento;Elige el tuyo, ¡disfruta!;Helado bombón mango blanco Hacendado con salsa de mango;;0.54;l;7.22;€/l;3.90;chocolate blanco (30%) (azúcar, manteca de cacao, leche entera en polvo, mantequilla anhidra (derivado lácteo), aceite vegetal de coco y palma, emulgente: lecitina de soja, aroma de vainilla, trazas de frutos de cáscara), leche desnatada reconstituida (27.6%), salsa de mango y maracuyá (14%) (fruta (60%) (puré de mango, puré de mango concentrado, zumo concentrado de maracuyá), azúcar, agua, almidón, correctores de acidez: ácido cítrico y citratos de sodio, aromas naturales), azúcar, agua, mantequilla (derivado lácteo), trocitos de coco caramelizado (3%) (coco (80%), azúcar), jarabe de glucosa y fructosa, %lactosa% y proteínas de la leche, preparado a base de pulpa de coco en polvo (1,8%) (extracto de pulpa de coco (90%) y proteínas de la leche), coco rallado (1%), emulgente (monoglicéridos y diglicéridos de ácidos grasos), estabilizantes (goma garrofín, goma guar, carragenanos).;8402001019876;0;;;;Ice cream, stick, chocolate-coated;39503;hidrats_carboni_g;36.4;g;Gluten-free
26;2026-07-27 13:06:32;31;2026;43812;White mango bonbon ice cream with mango sauce Hacendado Frozen food Ice cream Chocolates;1;España;60690;26;Congelados;Helados;Bombones;Productos del momento;Elige el tuyo, ¡disfruta!;Helado bombón mango blanco Hacendado con salsa de mango;;0.54;l;7.22;€/l;3.90;chocolate blanco (30%) (azúcar, manteca de cacao, leche entera en polvo, mantequilla anhidra (derivado lácteo), aceite vegetal de coco y palma, emulgente: lecitina de soja, aroma de vainilla, trazas de frutos de cáscara), leche desnatada reconstituida (27.6%), salsa de mango y maracuyá (14%) (fruta (60%) (puré de mango, puré de mango concentrado, zumo concentrado de maracuyá), azúcar, agua, almidón, correctores de acidez: ácido cítrico y citratos de sodio, aromas naturales), azúcar, agua, mantequilla (derivado lácteo), trocitos de coco caramelizado (3%) (coco (80%), azúcar), jarabe de glucosa y fructosa, %lactosa% y proteínas de la leche, preparado a base de pulpa de coco en polvo (1,8%) (extracto de pulpa de coco (90%) y proteínas de la leche), coco rallado (1%), emulgente (monoglicéridos y diglicéridos de ácidos grasos), estabilizantes (goma garrofín, goma guar, carragenanos).;8402001019876;0;;;;Ice cream, stick, chocolate-coated;39503;sucres_g;35.1;g;Gluten-free
26;2026-07-27 13:06:32;31;2026;43812;White mango bonbon ice cream with mango sauce Hacendado Frozen food Ice cream Chocolates;1;España;60690;26;Congelados;Helados;Bombones;Productos del momento;Elige el tuyo, ¡disfruta!;Helado bombón mango blanco Hacendado con salsa de mango;;0.54;l;7.22;€/l;3.90;chocolate blanco (30%) (azúcar, manteca de cacao, leche entera en polvo, mantequilla anhidra (derivado lácteo), aceite vegetal de coco y palma, emulgente: lecitina de soja, aroma de vainilla, trazas de frutos de cáscara), leche desnatada reconstituida (27.6%), salsa de mango y maracuyá (14%) (fruta (60%) (puré de mango, puré de mango concentrado, zumo concentrado de maracuyá), azúcar, agua, almidón, correctores de acidez: ácido cítrico y citratos de sodio, aromas naturales), azúcar, agua, mantequilla (derivado lácteo), trocitos de coco caramelizado (3%) (coco (80%), azúcar), jarabe de glucosa y fructosa, %lactosa% y proteínas de la leche, preparado a base de pulpa de coco en polvo (1,8%) (extracto de pulpa de coco (90%) y proteínas de la leche), coco rallado (1%), emulgente (monoglicéridos y diglicéridos de ácidos grasos), estabilizantes (goma garrofín, goma guar, carragenanos).;8402001019876;0;;;;Ice cream, stick, chocolate-coated;39503;fibra_g;1.1;g;Gluten-free
26;2026-07-27 13:06:32;31;2026;43812;White mango bonbon ice cream with mango sauce Hacendado Frozen food Ice cream Chocolates;1;España;60690;26;Congelados;Helados;Bombones;Productos del momento;Elige el tuyo, ¡disfruta!;Helado bombón mango blanco Hacendado con salsa de mango;;0.54;l;7.22;€/l;3.90;chocolate blanco (30%) (azúcar, manteca de cacao, leche entera en polvo, mantequilla anhidra (derivado lácteo), aceite vegetal de coco y palma, emulgente: lecitina de soja, aroma de vainilla, trazas de frutos de cáscara), leche desnatada reconstituida (27.6%), salsa de mango y maracuyá (14%) (fruta (60%) (puré de mango, puré de mango concentrado, zumo concentrado de maracuyá), azúcar, agua, almidón, correctores de acidez: ácido cítrico y citratos de sodio, aromas naturales), azúcar, agua, mantequilla (derivado lácteo), trocitos de coco caramelizado (3%) (coco (80%), azúcar), jarabe de glucosa y fructosa, %lactosa% y proteínas de la leche, preparado a base de pulpa de coco en polvo (1,8%) (extracto de pulpa de coco (90%) y proteínas de la leche), coco rallado (1%), emulgente (monoglicéridos y diglicéridos de ácidos grasos), estabilizantes (goma garrofín, goma guar, carragenanos).;8402001019876;0;;;;Ice cream, stick, chocolate-coated;39503;proteines_g;3.5;g;Gluten-free
26;2026-07-27 13:06:32;31;2026;43812;White mango bonbon ice cream with mango sauce Hacendado Frozen food Ice cream Chocolates;1;España;60690;26;Congelados;Helados;Bombones;Productos del momento;Elige el tuyo, ¡disfruta!;Helado bombón mango blanco Hacendado con salsa de mango;;0.54;l;7.22;€/l;3.90;chocolate blanco (30%) (azúcar, manteca de cacao, leche entera en polvo, mantequilla anhidra (derivado lácteo), aceite vegetal de coco y palma, emulgente: lecitina de soja, aroma de vainilla, trazas de frutos de cáscara), leche desnatada reconstituida (27.6%), salsa de mango y maracuyá (14%) (fruta (60%) (puré de mango, puré de mango concentrado, zumo concentrado de maracuyá), azúcar, agua, almidón, correctores de acidez: ácido cítrico y citratos de sodio, aromas naturales), azúcar, agua, mantequilla (derivado lácteo), trocitos de coco caramelizado (3%) (coco (80%), azúcar), jarabe de glucosa y fructosa, %lactosa% y proteínas de la leche, preparado a base de pulpa de coco en polvo (1,8%) (extracto de pulpa de coco (90%) y proteínas de la leche), coco rallado (1%), emulgente (monoglicéridos y diglicéridos de ácidos grasos), estabilizantes (goma garrofín, goma guar, carragenanos).;8402001019876;0;;;;Ice cream, stick, chocolate-coated;39503;sal_g;0.12;g;Gluten-free
27;2026-07-27 13:06:32;31;2026;43812;Crocan choc vanilla ice cream with a chocolate flavoured flap Hacendado Frozen food Ice cream Chocolates;1;España;64230;27;Congelados;Helados;Bombones;Productos del momento;Elige el tuyo, ¡disfruta!;Helado crocan choc vainilla Hacendado con lengua sabor chocolate;;0.45;l;6.67;€/l;3.00;(es)helado sabor a vainilla con relleno al cacao (14%), recubrimiento sabor a chocolate (24,5%) y trocitos de almendras (2%). ingredientes: leche desnatada reconstituida, azúcar, grasas vegetales (coco, palma), agua, aceite de colza, cacao desgrasado, leche entera en polvo, lactosa y proteínas de la leche, jarabe de glucosa y fructosa, trocitos de almendras tostadas, manteca de cacao, pasta de cacao, emulgentes (monoglicéridos y diglicéridos de ácidos grasos, lecitinas, e 476), estabilizantes (goma garrofín, goma guar, carragenanos), aromas, canela, colorantes (curcumina, norbixina de bija). trazas de soja y otros frutos de cáscara.;8480000642301;0;;;;Ice cream, stick, chocolate-coated;39503;Energia (kcal);388.0;kcal;Gluten-free
27;2026-07-27 13:06:32;31;2026;43812;Crocan choc vanilla ice cream with a chocolate flavoured flap Hacendado Frozen food Ice cream Chocolates;1;España;64230;27;Congelados;Helados;Bombones;Productos del momento;Elige el tuyo, ¡disfruta!;Helado crocan choc vainilla Hacendado con lengua sabor chocolate;;0.45;l;6.67;€/l;3.00;(es)helado sabor a vainilla con relleno al cacao (14%), recubrimiento sabor a chocolate (24,5%) y trocitos de almendras (2%). ingredientes: leche desnatada reconstituida, azúcar, grasas vegetales (coco, palma), agua, aceite de colza, cacao desgrasado, leche entera en polvo, lactosa y proteínas de la leche, jarabe de glucosa y fructosa, trocitos de almendras tostadas, manteca de cacao, pasta de cacao, emulgentes (monoglicéridos y diglicéridos de ácidos grasos, lecitinas, e 476), estabilizantes (goma garrofín, goma guar, carragenanos), aromas, canela, colorantes (curcumina, norbixina de bija). trazas de soja y otros frutos de cáscara.;8480000642301;0;;;;Ice cream, stick, chocolate-coated;39503;Energia (kJ);1612.0;kJ;Gluten-free
27;2026-07-27 13:06:32;31;2026;43812;Crocan choc vanilla ice cream with a chocolate flavoured flap Hacendado Frozen food Ice cream Chocolates;1;España;64230;27;Congelados;Helados;Bombones;Productos del momento;Elige el tuyo, ¡disfruta!;Helado crocan choc vainilla Hacendado con lengua sabor chocolate;;0.45;l;6.67;€/l;3.00;(es)helado sabor a vainilla con relleno al cacao (14%), recubrimiento sabor a chocolate (24,5%) y trocitos de almendras (2%). ingredientes: leche desnatada reconstituida, azúcar, grasas vegetales (coco, palma), agua, aceite de colza, cacao desgrasado, leche entera en polvo, lactosa y proteínas de la leche, jarabe de glucosa y fructosa, trocitos de almendras tostadas, manteca de cacao, pasta de cacao, emulgentes (monoglicéridos y diglicéridos de ácidos grasos, lecitinas, e 476), estabilizantes (goma garrofín, goma guar, carragenanos), aromas, canela, colorantes (curcumina, norbixina de bija). trazas de soja y otros frutos de cáscara.;8480000642301;0;;;;Ice cream, stick, chocolate-coated;39503;greixos_totals_g;29.0;g;Gluten-free
27;2026-07-27 13:06:32;31;2026;43812;Crocan choc vanilla ice cream with a chocolate flavoured flap Hacendado Frozen food Ice cream Chocolates;1;España;64230;27;Congelados;Helados;Bombones;Productos del momento;Elige el tuyo, ¡disfruta!;Helado crocan choc vainilla Hacendado con lengua sabor chocolate;;0.45;l;6.67;€/l;3.00;(es)helado sabor a vainilla con relleno al cacao (14%), recubrimiento sabor a chocolate (24,5%) y trocitos de almendras (2%). ingredientes: leche desnatada reconstituida, azúcar, grasas vegetales (coco, palma), agua, aceite de colza, cacao desgrasado, leche entera en polvo, lactosa y proteínas de la leche, jarabe de glucosa y fructosa, trocitos de almendras tostadas, manteca de cacao, pasta de cacao, emulgentes (monoglicéridos y diglicéridos de ácidos grasos, lecitinas, e 476), estabilizantes (goma garrofín, goma guar, carragenanos), aromas, canela, colorantes (curcumina, norbixina de bija). trazas de soja y otros frutos de cáscara.;8480000642301;0;;;;Ice cream, stick, chocolate-coated;39503;greixos_saturats_g;17.0;g;Gluten-free
27;2026-07-27 13:06:32;31;2026;43812;Crocan choc vanilla ice cream with a chocolate flavoured flap Hacendado Frozen food Ice cream Chocolates;1;España;64230;27;Congelados;Helados;Bombones;Productos del momento;Elige el tuyo, ¡disfruta!;Helado crocan choc vainilla Hacendado con lengua sabor chocolate;;0.45;l;6.67;€/l;3.00;(es)helado sabor a vainilla con relleno al cacao (14%), recubrimiento sabor a chocolate (24,5%) y trocitos de almendras (2%). ingredientes: leche desnatada reconstituida, azúcar, grasas vegetales (coco, palma), agua, aceite de colza, cacao desgrasado, leche entera en polvo, lactosa y proteínas de la leche, jarabe de glucosa y fructosa, trocitos de almendras tostadas, manteca de cacao, pasta de cacao, emulgentes (monoglicéridos y diglicéridos de ácidos grasos, lecitinas, e 476), estabilizantes (goma garrofín, goma guar, carragenanos), aromas, canela, colorantes (curcumina, norbixina de bija). trazas de soja y otros frutos de cáscara.;8480000642301;0;;;;Ice cream, stick, chocolate-coated;39503;hidrats_carboni_g;27.0;g;Gluten-free
27;2026-07-27 13:06:32;31;2026;43812;Crocan choc vanilla ice cream with a chocolate flavoured flap Hacendado Frozen food Ice cream Chocolates;1;España;64230;27;Congelados;Helados;Bombones;Productos del momento;Elige el tuyo, ¡disfruta!;Helado crocan choc vainilla Hacendado con lengua sabor chocolate;;0.45;l;6.67;€/l;3.00;(es)helado sabor a vainilla con relleno al cacao (14%), recubrimiento sabor a chocolate (24,5%) y trocitos de almendras (2%). ingredientes: leche desnatada reconstituida, azúcar, grasas vegetales (coco, palma), agua, aceite de colza, cacao desgrasado, leche entera en polvo, lactosa y proteínas de la leche, jarabe de glucosa y fructosa, trocitos de almendras tostadas, manteca de cacao, pasta de cacao, emulgentes (monoglicéridos y diglicéridos de ácidos grasos, lecitinas, e 476), estabilizantes (goma garrofín, goma guar, carragenanos), aromas, canela, colorantes (curcumina, norbixina de bija). trazas de soja y otros frutos de cáscara.;8480000642301;0;;;;Ice cream, stick, chocolate-coated;39503;sucres_g;26.0;g;Gluten-free
27;2026-07-27 13:06:32;31;2026;43812;Crocan choc vanilla ice cream with a chocolate flavoured flap Hacendado Frozen food Ice cream Chocolates;1;España;64230;27;Congelados;Helados;Bombones;Productos del momento;Elige el tuyo, ¡disfruta!;Helado crocan choc vainilla Hacendado con lengua sabor chocolate;;0.45;l;6.67;€/l;3.00;(es)helado sabor a vainilla con relleno al cacao (14%), recubrimiento sabor a chocolate (24,5%) y trocitos de almendras (2%). ingredientes: leche desnatada reconstituida, azúcar, grasas vegetales (coco, palma), agua, aceite de colza, cacao desgrasado, leche entera en polvo, lactosa y proteínas de la leche, jarabe de glucosa y fructosa, trocitos de almendras tostadas, manteca de cacao, pasta de cacao, emulgentes (monoglicéridos y diglicéridos de ácidos grasos, lecitinas, e 476), estabilizantes (goma garrofín, goma guar, carragenanos), aromas, canela, colorantes (curcumina, norbixina de bija). trazas de soja y otros frutos de cáscara.;8480000642301;0;;;;Ice cream, stick, chocolate-coated;39503;proteines_g;4.2;g;Gluten-free
27;2026-07-27 13:06:32;31;2026;43812;Crocan choc vanilla ice cream with a chocolate flavoured flap Hacendado Frozen food Ice cream Chocolates;1;España;64230;27;Congelados;Helados;Bombones;Productos del momento;Elige el tuyo, ¡disfruta!;Helado crocan choc vainilla Hacendado con lengua sabor chocolate;;0.45;l;6.67;€/l;3.00;(es)helado sabor a vainilla con relleno al cacao (14%), recubrimiento sabor a chocolate (24,5%) y trocitos de almendras (2%). ingredientes: leche desnatada reconstituida, azúcar, grasas vegetales (coco, palma), agua, aceite de colza, cacao desgrasado, leche entera en polvo, lactosa y proteínas de la leche, jarabe de glucosa y fructosa, trocitos de almendras tostadas, manteca de cacao, pasta de cacao, emulgentes (monoglicéridos y diglicéridos de ácidos grasos, lecitinas, e 476), estabilizantes (goma garrofín, goma guar, carragenanos), aromas, canela, colorantes (curcumina, norbixina de bija). trazas de soja y otros frutos de cáscara.;8480000642301;0;;;;Ice cream, stick, chocolate-coated;39503;sal_g;0.13;g;Gluten-free
28;2026-07-27 13:06:32;31;2026;43812;Mini nocciola chocolate ice cream Hacendado Frozen food Ice cream Chocolates;1;España;64499;28;Congelados;Helados;Bombones;Productos del momento;Elige el tuyo, ¡disfruta!;Mini helado bombón sabor nocciola Hacendado;;0.48;l;6.56;€/l;3.15;leche desnatada reconstituida, cobertura de chocolate con leche (25,5%) (azúcar, manteca de cacao, leche entera en polvo, pasta de cacao, leche descremada en polvo, aceite vegetal de coco, materia grasa láctea anhidra, suero lácteo, emulgentes: lecitina de soja y (e 476), aroma, trazas de frutos de cáscara), crema de cacao y avellana (23,5%) (azúcar, aceite refinado de girasol, grasa vegetal de palma, cacao desgrasado en polvo, pasta de avellana, leche desnatada en polvo, emulgentes (lecitina de girasol, (e 492)), aroma, trazas de soja) azúcar, grasa vegetal de coco y palma, lactosa y proteínas de la leche, jarabe de glucosa y fructosa, cacao en polvo, emulgente (monoglicéridos y diglicéridos de ácidos grasos), estabilizantes (goma garrofín, goma guar, carragenanos).;8480000644992;0;;;;Ice cream, stick, chocolate-coated;39503;Energia (kcal);403.0;kcal;Gluten-free
28;2026-07-27 13:06:32;31;2026;43812;Mini nocciola chocolate ice cream Hacendado Frozen food Ice cream Chocolates;1;España;64499;28;Congelados;Helados;Bombones;Productos del momento;Elige el tuyo, ¡disfruta!;Mini helado bombón sabor nocciola Hacendado;;0.48;l;6.56;€/l;3.15;leche desnatada reconstituida, cobertura de chocolate con leche (25,5%) (azúcar, manteca de cacao, leche entera en polvo, pasta de cacao, leche descremada en polvo, aceite vegetal de coco, materia grasa láctea anhidra, suero lácteo, emulgentes: lecitina de soja y (e 476), aroma, trazas de frutos de cáscara), crema de cacao y avellana (23,5%) (azúcar, aceite refinado de girasol, grasa vegetal de palma, cacao desgrasado en polvo, pasta de avellana, leche desnatada en polvo, emulgentes (lecitina de girasol, (e 492)), aroma, trazas de soja) azúcar, grasa vegetal de coco y palma, lactosa y proteínas de la leche, jarabe de glucosa y fructosa, cacao en polvo, emulgente (monoglicéridos y diglicéridos de ácidos grasos), estabilizantes (goma garrofín, goma guar, carragenanos).;8480000644992;0;;;;Ice cream, stick, chocolate-coated;39503;Energia (kJ);1679.0;kJ;Gluten-free
28;2026-07-27 13:06:32;31;2026;43812;Mini nocciola chocolate ice cream Hacendado Frozen food Ice cream Chocolates;1;España;64499;28;Congelados;Helados;Bombones;Productos del momento;Elige el tuyo, ¡disfruta!;Mini helado bombón sabor nocciola Hacendado;;0.48;l;6.56;€/l;3.15;leche desnatada reconstituida, cobertura de chocolate con leche (25,5%) (azúcar, manteca de cacao, leche entera en polvo, pasta de cacao, leche descremada en polvo, aceite vegetal de coco, materia grasa láctea anhidra, suero lácteo, emulgentes: lecitina de soja y (e 476), aroma, trazas de frutos de cáscara), crema de cacao y avellana (23,5%) (azúcar, aceite refinado de girasol, grasa vegetal de palma, cacao desgrasado en polvo, pasta de avellana, leche desnatada en polvo, emulgentes (lecitina de girasol, (e 492)), aroma, trazas de soja) azúcar, grasa vegetal de coco y palma, lactosa y proteínas de la leche, jarabe de glucosa y fructosa, cacao en polvo, emulgente (monoglicéridos y diglicéridos de ácidos grasos), estabilizantes (goma garrofín, goma guar, carragenanos).;8480000644992;0;;;;Ice cream, stick, chocolate-coated;39503;greixos_totals_g;27.1;g;Gluten-free
28;2026-07-27 13:06:32;31;2026;43812;Mini nocciola chocolate ice cream Hacendado Frozen food Ice cream Chocolates;1;España;64499;28;Congelados;Helados;Bombones;Productos del momento;Elige el tuyo, ¡disfruta!;Mini helado bombón sabor nocciola Hacendado;;0.48;l;6.56;€/l;3.15;leche desnatada reconstituida, cobertura de chocolate con leche (25,5%) (azúcar, manteca de cacao, leche entera en polvo, pasta de cacao, leche descremada en polvo, aceite vegetal de coco, materia grasa láctea anhidra, suero lácteo, emulgentes: lecitina de soja y (e 476), aroma, trazas de frutos de cáscara), crema de cacao y avellana (23,5%) (azúcar, aceite refinado de girasol, grasa vegetal de palma, cacao desgrasado en polvo, pasta de avellana, leche desnatada en polvo, emulgentes (lecitina de girasol, (e 492)), aroma, trazas de soja) azúcar, grasa vegetal de coco y palma, lactosa y proteínas de la leche, jarabe de glucosa y fructosa, cacao en polvo, emulgente (monoglicéridos y diglicéridos de ácidos grasos), estabilizantes (goma garrofín, goma guar, carragenanos).;8480000644992;0;;;;Ice cream, stick, chocolate-coated;39503;greixos_saturats_g;13.5;g;Gluten-free
28;2026-07-27 13:06:32;31;2026;43812;Mini nocciola chocolate ice cream Hacendado Frozen food Ice cream Chocolates;1;España;64499;28;Congelados;Helados;Bombones;Productos del momento;Elige el tuyo, ¡disfruta!;Mini helado bombón sabor nocciola Hacendado;;0.48;l;6.56;€/l;3.15;leche desnatada reconstituida, cobertura de chocolate con leche (25,5%) (azúcar, manteca de cacao, leche entera en polvo, pasta de cacao, leche descremada en polvo, aceite vegetal de coco, materia grasa láctea anhidra, suero lácteo, emulgentes: lecitina de soja y (e 476), aroma, trazas de frutos de cáscara), crema de cacao y avellana (23,5%) (azúcar, aceite refinado de girasol, grasa vegetal de palma, cacao desgrasado en polvo, pasta de avellana, leche desnatada en polvo, emulgentes (lecitina de girasol, (e 492)), aroma, trazas de soja) azúcar, grasa vegetal de coco y palma, lactosa y proteínas de la leche, jarabe de glucosa y fructosa, cacao en polvo, emulgente (monoglicéridos y diglicéridos de ácidos grasos), estabilizantes (goma garrofín, goma guar, carragenanos).;8480000644992;0;;;;Ice cream, stick, chocolate-coated;39503;greixos_monoinsaturats_g;7.9;g;Gluten-free
28;2026-07-27 13:06:32;31;2026;43812;Mini nocciola chocolate ice cream Hacendado Frozen food Ice cream Chocolates;1;España;64499;28;Congelados;Helados;Bombones;Productos del momento;Elige el tuyo, ¡disfruta!;Mini helado bombón sabor nocciola Hacendado;;0.48;l;6.56;€/l;3.15;leche desnatada reconstituida, cobertura de chocolate con leche (25,5%) (azúcar, manteca de cacao, leche entera en polvo, pasta de cacao, leche descremada en polvo, aceite vegetal de coco, materia grasa láctea anhidra, suero lácteo, emulgentes: lecitina de soja y (e 476), aroma, trazas de frutos de cáscara), crema de cacao y avellana (23,5%) (azúcar, aceite refinado de girasol, grasa vegetal de palma, cacao desgrasado en polvo, pasta de avellana, leche desnatada en polvo, emulgentes (lecitina de girasol, (e 492)), aroma, trazas de soja) azúcar, grasa vegetal de coco y palma, lactosa y proteínas de la leche, jarabe de glucosa y fructosa, cacao en polvo, emulgente (monoglicéridos y diglicéridos de ácidos grasos), estabilizantes (goma garrofín, goma guar, carragenanos).;8480000644992;0;;;;Ice cream, stick, chocolate-coated;39503;greixos_poliinsaturats_g;5.2;g;Gluten-free
28;2026-07-27 13:06:32;31;2026;43812;Mini nocciola chocolate ice cream Hacendado Frozen food Ice cream Chocolates;1;España;64499;28;Congelados;Helados;Bombones;Productos del momento;Elige el tuyo, ¡disfruta!;Mini helado bombón sabor nocciola Hacendado;;0.48;l;6.56;€/l;3.15;leche desnatada reconstituida, cobertura de chocolate con leche (25,5%) (azúcar, manteca de cacao, leche entera en polvo, pasta de cacao, leche descremada en polvo, aceite vegetal de coco, materia grasa láctea anhidra, suero lácteo, emulgentes: lecitina de soja y (e 476), aroma, trazas de frutos de cáscara), crema de cacao y avellana (23,5%) (azúcar, aceite refinado de girasol, grasa vegetal de palma, cacao desgrasado en polvo, pasta de avellana, leche desnatada en polvo, emulgentes (lecitina de girasol, (e 492)), aroma, trazas de soja) azúcar, grasa vegetal de coco y palma, lactosa y proteínas de la leche, jarabe de glucosa y fructosa, cacao en polvo, emulgente (monoglicéridos y diglicéridos de ácidos grasos), estabilizantes (goma garrofín, goma guar, carragenanos).;8480000644992;0;;;;Ice cream, stick, chocolate-coated;39503;hidrats_carboni_g;35.3;g;Gluten-free
28;2026-07-27 13:06:32;31;2026;43812;Mini nocciola chocolate ice cream Hacendado Frozen food Ice cream Chocolates;1;España;64499;28;Congelados;Helados;Bombones;Productos del momento;Elige el tuyo, ¡disfruta!;Mini helado bombón sabor nocciola Hacendado;;0.48;l;6.56;€/l;3.15;leche desnatada reconstituida, cobertura de chocolate con leche (25,5%) (azúcar, manteca de cacao, leche entera en polvo, pasta de cacao, leche descremada en polvo, aceite vegetal de coco, materia grasa láctea anhidra, suero lácteo, emulgentes: lecitina de soja y (e 476), aroma, trazas de frutos de cáscara), crema de cacao y avellana (23,5%) (azúcar, aceite refinado de girasol, grasa vegetal de palma, cacao desgrasado en polvo, pasta de avellana, leche desnatada en polvo, emulgentes (lecitina de girasol, (e 492)), aroma, trazas de soja) azúcar, grasa vegetal de coco y palma, lactosa y proteínas de la leche, jarabe de glucosa y fructosa, cacao en polvo, emulgente (monoglicéridos y diglicéridos de ácidos grasos), estabilizantes (goma garrofín, goma guar, carragenanos).;8480000644992;0;;;;Ice cream, stick, chocolate-coated;39503;sucres_g;34.5;g;Gluten-free
28;2026-07-27 13:06:32;31;2026;43812;Mini nocciola chocolate ice cream Hacendado Frozen food Ice cream Chocolates;1;España;64499;28;Congelados;Helados;Bombones;Productos del momento;Elige el tuyo, ¡disfruta!;Mini helado bombón sabor nocciola Hacendado;;0.48;l;6.56;€/l;3.15;leche desnatada reconstituida, cobertura de chocolate con leche (25,5%) (azúcar, manteca de cacao, leche entera en polvo, pasta de cacao, leche descremada en polvo, aceite vegetal de coco, materia grasa láctea anhidra, suero lácteo, emulgentes: lecitina de soja y (e 476), aroma, trazas de frutos de cáscara), crema de cacao y avellana (23,5%) (azúcar, aceite refinado de girasol, grasa vegetal de palma, cacao desgrasado en polvo, pasta de avellana, leche desnatada en polvo, emulgentes (lecitina de girasol, (e 492)), aroma, trazas de soja) azúcar, grasa vegetal de coco y palma, lactosa y proteínas de la leche, jarabe de glucosa y fructosa, cacao en polvo, emulgente (monoglicéridos y diglicéridos de ácidos grasos), estabilizantes (goma garrofín, goma guar, carragenanos).;8480000644992;0;;;;Ice cream, stick, chocolate-coated;39503;fibra_g;1.0;g;Gluten-free
28;2026-07-27 13:06:32;31;2026;43812;Mini nocciola chocolate ice cream Hacendado Frozen food Ice cream Chocolates;1;España;64499;28;Congelados;Helados;Bombones;Productos del momento;Elige el tuyo, ¡disfruta!;Mini helado bombón sabor nocciola Hacendado;;0.48;l;6.56;€/l;3.15;leche desnatada reconstituida, cobertura de chocolate con leche (25,5%) (azúcar, manteca de cacao, leche entera en polvo, pasta de cacao, leche descremada en polvo, aceite vegetal de coco, materia grasa láctea anhidra, suero lácteo, emulgentes: lecitina de soja y (e 476), aroma, trazas de frutos de cáscara), crema de cacao y avellana (23,5%) (azúcar, aceite refinado de girasol, grasa vegetal de palma, cacao desgrasado en polvo, pasta de avellana, leche desnatada en polvo, emulgentes (lecitina de girasol, (e 492)), aroma, trazas de soja) azúcar, grasa vegetal de coco y palma, lactosa y proteínas de la leche, jarabe de glucosa y fructosa, cacao en polvo, emulgente (monoglicéridos y diglicéridos de ácidos grasos), estabilizantes (goma garrofín, goma guar, carragenanos).;8480000644992;0;;;;Ice cream, stick, chocolate-coated;39503;proteines_g;4.1;g;Gluten-free
28;2026-07-27 13:06:32;31;2026;43812;Mini nocciola chocolate ice cream Hacendado Frozen food Ice cream Chocolates;1;España;64499;28;Congelados;Helados;Bombones;Productos del momento;Elige el tuyo, ¡disfruta!;Mini helado bombón sabor nocciola Hacendado;;0.48;l;6.56;€/l;3.15;leche desnatada reconstituida, cobertura de chocolate con leche (25,5%) (azúcar, manteca de cacao, leche entera en polvo, pasta de cacao, leche descremada en polvo, aceite vegetal de coco, materia grasa láctea anhidra, suero lácteo, emulgentes: lecitina de soja y (e 476), aroma, trazas de frutos de cáscara), crema de cacao y avellana (23,5%) (azúcar, aceite refinado de girasol, grasa vegetal de palma, cacao desgrasado en polvo, pasta de avellana, leche desnatada en polvo, emulgentes (lecitina de girasol, (e 492)), aroma, trazas de soja) azúcar, grasa vegetal de coco y palma, lactosa y proteínas de la leche, jarabe de glucosa y fructosa, cacao en polvo, emulgente (monoglicéridos y diglicéridos de ácidos grasos), estabilizantes (goma garrofín, goma guar, carragenanos).;8480000644992;0;;;;Ice cream, stick, chocolate-coated;39503;sal_g;0.11;g;Gluten-free
29;2026-07-27 13:06:32;31;2026;43812;Mini vanilla-flavored almond bonbon ice cream Hacendado Frozen food Ice cream Chocolates;1;España;64066;29;Congelados;Helados;Bombones;Productos del momento;Elige el tuyo, ¡disfruta!;Mini helado bombón almendrado Hacendado sabor vainilla;;0.48;l;6.25;€/l;3.00;leche desnatada reconstituida, azúcar, grasa vegetal de coco y palma, aceite vegetal de coco, manteca de cacao, lactosa y proteínas de la leche, almendra tostada (3,8%), jarabe de glucosa y fructosa, leche entera en polvo, pasta de cacao, leche desnatada en polvo, mantequilla anhidra (derivado lácteo), emulgentes (monoglicéridos y diglicéridos de ácidos grasos, lecitina de soja y (e-476)), estabilizantes (goma garrofín, goma guar, goma tara, carragenanos), colorante (-caroteno), aroma natural de vainilla y aroma de vainilla. contiene trazas de frutos de cáscara.;8402001009235;0;;;;Ice cream, stick, chocolate-coated;39503;Energia (kcal);314.0;kcal;Gluten-free
29;2026-07-27 13:06:32;31;2026;43812;Mini vanilla-flavored almond bonbon ice cream Hacendado Frozen food Ice cream Chocolates;1;España;64066;29;Congelados;Helados;Bombones;Productos del momento;Elige el tuyo, ¡disfruta!;Mini helado bombón almendrado Hacendado sabor vainilla;;0.48;l;6.25;€/l;3.00;leche desnatada reconstituida, azúcar, grasa vegetal de coco y palma, aceite vegetal de coco, manteca de cacao, lactosa y proteínas de la leche, almendra tostada (3,8%), jarabe de glucosa y fructosa, leche entera en polvo, pasta de cacao, leche desnatada en polvo, mantequilla anhidra (derivado lácteo), emulgentes (monoglicéridos y diglicéridos de ácidos grasos, lecitina de soja y (e-476)), estabilizantes (goma garrofín, goma guar, goma tara, carragenanos), colorante (-caroteno), aroma natural de vainilla y aroma de vainilla. contiene trazas de frutos de cáscara.;8402001009235;0;;;;Ice cream, stick, chocolate-coated;39503;Energia (kJ);1310.0;kJ;Gluten-free
29;2026-07-27 13:06:32;31;2026;43812;Mini vanilla-flavored almond bonbon ice cream Hacendado Frozen food Ice cream Chocolates;1;España;64066;29;Congelados;Helados;Bombones;Productos del momento;Elige el tuyo, ¡disfruta!;Mini helado bombón almendrado Hacendado sabor vainilla;;0.48;l;6.25;€/l;3.00;leche desnatada reconstituida, azúcar, grasa vegetal de coco y palma, aceite vegetal de coco, manteca de cacao, lactosa y proteínas de la leche, almendra tostada (3,8%), jarabe de glucosa y fructosa, leche entera en polvo, pasta de cacao, leche desnatada en polvo, mantequilla anhidra (derivado lácteo), emulgentes (monoglicéridos y diglicéridos de ácidos grasos, lecitina de soja y (e-476)), estabilizantes (goma garrofín, goma guar, goma tara, carragenanos), colorante (-caroteno), aroma natural de vainilla y aroma de vainilla. contiene trazas de frutos de cáscara.;8402001009235;0;;;;Ice cream, stick, chocolate-coated;39503;greixos_totals_g;18.8;g;Gluten-free
29;2026-07-27 13:06:32;31;2026;43812;Mini vanilla-flavored almond bonbon ice cream Hacendado Frozen food Ice cream Chocolates;1;España;64066;29;Congelados;Helados;Bombones;Productos del momento;Elige el tuyo, ¡disfruta!;Mini helado bombón almendrado Hacendado sabor vainilla;;0.48;l;6.25;€/l;3.00;leche desnatada reconstituida, azúcar, grasa vegetal de coco y palma, aceite vegetal de coco, manteca de cacao, lactosa y proteínas de la leche, almendra tostada (3,8%), jarabe de glucosa y fructosa, leche entera en polvo, pasta de cacao, leche desnatada en polvo, mantequilla anhidra (derivado lácteo), emulgentes (monoglicéridos y diglicéridos de ácidos grasos, lecitina de soja y (e-476)), estabilizantes (goma garrofín, goma guar, goma tara, carragenanos), colorante (-caroteno), aroma natural de vainilla y aroma de vainilla. contiene trazas de frutos de cáscara.;8402001009235;0;;;;Ice cream, stick, chocolate-coated;39503;greixos_saturats_g;11.9;g;Gluten-free
29;2026-07-27 13:06:32;31;2026;43812;Mini vanilla-flavored almond bonbon ice cream Hacendado Frozen food Ice cream Chocolates;1;España;64066;29;Congelados;Helados;Bombones;Productos del momento;Elige el tuyo, ¡disfruta!;Mini helado bombón almendrado Hacendado sabor vainilla;;0.48;l;6.25;€/l;3.00;leche desnatada reconstituida, azúcar, grasa vegetal de coco y palma, aceite vegetal de coco, manteca de cacao, lactosa y proteínas de la leche, almendra tostada (3,8%), jarabe de glucosa y fructosa, leche entera en polvo, pasta de cacao, leche desnatada en polvo, mantequilla anhidra (derivado lácteo), emulgentes (monoglicéridos y diglicéridos de ácidos grasos, lecitina de soja y (e-476)), estabilizantes (goma garrofín, goma guar, goma tara, carragenanos), colorante (-caroteno), aroma natural de vainilla y aroma de vainilla. contiene trazas de frutos de cáscara.;8402001009235;0;;;;Ice cream, stick, chocolate-coated;39503;greixos_monoinsaturats_g;5.7;g;Gluten-free
29;2026-07-27 13:06:32;31;2026;43812;Mini vanilla-flavored almond bonbon ice cream Hacendado Frozen food Ice cream Chocolates;1;España;64066;29;Congelados;Helados;Bombones;Productos del momento;Elige el tuyo, ¡disfruta!;Mini helado bombón almendrado Hacendado sabor vainilla;;0.48;l;6.25;€/l;3.00;leche desnatada reconstituida, azúcar, grasa vegetal de coco y palma, aceite vegetal de coco, manteca de cacao, lactosa y proteínas de la leche, almendra tostada (3,8%), jarabe de glucosa y fructosa, leche entera en polvo, pasta de cacao, leche desnatada en polvo, mantequilla anhidra (derivado lácteo), emulgentes (monoglicéridos y diglicéridos de ácidos grasos, lecitina de soja y (e-476)), estabilizantes (goma garrofín, goma guar, goma tara, carragenanos), colorante (-caroteno), aroma natural de vainilla y aroma de vainilla. contiene trazas de frutos de cáscara.;8402001009235;0;;;;Ice cream, stick, chocolate-coated;39503;greixos_poliinsaturats_g;1.2;g;Gluten-free
29;2026-07-27 13:06:32;31;2026;43812;Mini vanilla-flavored almond bonbon ice cream Hacendado Frozen food Ice cream Chocolates;1;España;64066;29;Congelados;Helados;Bombones;Productos del momento;Elige el tuyo, ¡disfruta!;Mini helado bombón almendrado Hacendado sabor vainilla;;0.48;l;6.25;€/l;3.00;leche desnatada reconstituida, azúcar, grasa vegetal de coco y palma, aceite vegetal de coco, manteca de cacao, lactosa y proteínas de la leche, almendra tostada (3,8%), jarabe de glucosa y fructosa, leche entera en polvo, pasta de cacao, leche desnatada en polvo, mantequilla anhidra (derivado lácteo), emulgentes (monoglicéridos y diglicéridos de ácidos grasos, lecitina de soja y (e-476)), estabilizantes (goma garrofín, goma guar, goma tara, carragenanos), colorante (-caroteno), aroma natural de vainilla y aroma de vainilla. contiene trazas de frutos de cáscara.;8402001009235;0;;;;Ice cream, stick, chocolate-coated;39503;hidrats_carboni_g;31.1;g;Gluten-free
29;2026-07-27 13:06:32;31;2026;43812;Mini vanilla-flavored almond bonbon ice cream Hacendado Frozen food Ice cream Chocolates;1;España;64066;29;Congelados;Helados;Bombones;Productos del momento;Elige el tuyo, ¡disfruta!;Mini helado bombón almendrado Hacendado sabor vainilla;;0.48;l;6.25;€/l;3.00;leche desnatada reconstituida, azúcar, grasa vegetal de coco y palma, aceite vegetal de coco, manteca de cacao, lactosa y proteínas de la leche, almendra tostada (3,8%), jarabe de glucosa y fructosa, leche entera en polvo, pasta de cacao, leche desnatada en polvo, mantequilla anhidra (derivado lácteo), emulgentes (monoglicéridos y diglicéridos de ácidos grasos, lecitina de soja y (e-476)), estabilizantes (goma garrofín, goma guar, goma tara, carragenanos), colorante (-caroteno), aroma natural de vainilla y aroma de vainilla. contiene trazas de frutos de cáscara.;8402001009235;0;;;;Ice cream, stick, chocolate-coated;39503;sucres_g;30.6;g;Gluten-free
29;2026-07-27 13:06:32;31;2026;43812;Mini vanilla-flavored almond bonbon ice cream Hacendado Frozen food Ice cream Chocolates;1;España;64066;29;Congelados;Helados;Bombones;Productos del momento;Elige el tuyo, ¡disfruta!;Mini helado bombón almendrado Hacendado sabor vainilla;;0.48;l;6.25;€/l;3.00;leche desnatada reconstituida, azúcar, grasa vegetal de coco y palma, aceite vegetal de coco, manteca de cacao, lactosa y proteínas de la leche, almendra tostada (3,8%), jarabe de glucosa y fructosa, leche entera en polvo, pasta de cacao, leche desnatada en polvo, mantequilla anhidra (derivado lácteo), emulgentes (monoglicéridos y diglicéridos de ácidos grasos, lecitina de soja y (e-476)), estabilizantes (goma garrofín, goma guar, goma tara, carragenanos), colorante (-caroteno), aroma natural de vainilla y aroma de vainilla. contiene trazas de frutos de cáscara.;8402001009235;0;;;;Ice cream, stick, chocolate-coated;39503;fibra_g;0.8;g;Gluten-free
29;2026-07-27 13:06:32;31;2026;43812;Mini vanilla-flavored almond bonbon ice cream Hacendado Frozen food Ice cream Chocolates;1;España;64066;29;Congelados;Helados;Bombones;Productos del momento;Elige el tuyo, ¡disfruta!;Mini helado bombón almendrado Hacendado sabor vainilla;;0.48;l;6.25;€/l;3.00;leche desnatada reconstituida, azúcar, grasa vegetal de coco y palma, aceite vegetal de coco, manteca de cacao, lactosa y proteínas de la leche, almendra tostada (3,8%), jarabe de glucosa y fructosa, leche entera en polvo, pasta de cacao, leche desnatada en polvo, mantequilla anhidra (derivado lácteo), emulgentes (monoglicéridos y diglicéridos de ácidos grasos, lecitina de soja y (e-476)), estabilizantes (goma garrofín, goma guar, goma tara, carragenanos), colorante (-caroteno), aroma natural de vainilla y aroma de vainilla. contiene trazas de frutos de cáscara.;8402001009235;0;;;;Ice cream, stick, chocolate-coated;39503;proteines_g;4.6;g;Gluten-free
29;2026-07-27 13:06:32;31;2026;43812;Mini vanilla-flavored almond bonbon ice cream Hacendado Frozen food Ice cream Chocolates;1;España;64066;29;Congelados;Helados;Bombones;Productos del momento;Elige el tuyo, ¡disfruta!;Mini helado bombón almendrado Hacendado sabor vainilla;;0.48;l;6.25;€/l;3.00;leche desnatada reconstituida, azúcar, grasa vegetal de coco y palma, aceite vegetal de coco, manteca de cacao, lactosa y proteínas de la leche, almendra tostada (3,8%), jarabe de glucosa y fructosa, leche entera en polvo, pasta de cacao, leche desnatada en polvo, mantequilla anhidra (derivado lácteo), emulgentes (monoglicéridos y diglicéridos de ácidos grasos, lecitina de soja y (e-476)), estabilizantes (goma garrofín, goma guar, goma tara, carragenanos), colorante (-caroteno), aroma natural de vainilla y aroma de vainilla. contiene trazas de frutos de cáscara.;8402001009235;0;;;;Ice cream, stick, chocolate-coated;39503;sal_g;0.1;g;Gluten-free
30;2026-07-27 13:06:32;31;2026;43812;Dark chocolate bonbon ice cream with a creamy flavor Hacendado Frozen food Ice cream Chocolates;1;España;64248;30;Congelados;Helados;Bombones;Productos del momento;Elige el tuyo, ¡disfruta!;Helado bombón negro sabor nata Hacendado;;0.72;l;4.44;€/l;3.20;leche desnatada reconstituida, cobertura de chocolate con mantequilla (27%) (azúcar, pasta de cacao, manteca de cacao, mantequilla anhidra (derivado lácteo), emulgente:lecitina de soja, aroma y trazas de frutos de cáscara), azúcar, grasa vegetal de coco y palma, agua, lactosa y proteínas de la leche, jarabe de glucosa y fructosa, emulgente (mono-diglicéridos de ácidos grasos), estabilizantes (gomas de garrofín y guar, carragenanos) y aroma de nata.;8480000642486;0;;;;Ice cream, stick, chocolate-coated;39503;Energia (kcal);314.0;kcal;Gluten-free
30;2026-07-27 13:06:32;31;2026;43812;Dark chocolate bonbon ice cream with a creamy flavor Hacendado Frozen food Ice cream Chocolates;1;España;64248;30;Congelados;Helados;Bombones;Productos del momento;Elige el tuyo, ¡disfruta!;Helado bombón negro sabor nata Hacendado;;0.72;l;4.44;€/l;3.20;leche desnatada reconstituida, cobertura de chocolate con mantequilla (27%) (azúcar, pasta de cacao, manteca de cacao, mantequilla anhidra (derivado lácteo), emulgente:lecitina de soja, aroma y trazas de frutos de cáscara), azúcar, grasa vegetal de coco y palma, agua, lactosa y proteínas de la leche, jarabe de glucosa y fructosa, emulgente (mono-diglicéridos de ácidos grasos), estabilizantes (gomas de garrofín y guar, carragenanos) y aroma de nata.;8480000642486;0;;;;Ice cream, stick, chocolate-coated;39503;Energia (kJ);1309.0;kJ;Gluten-free
30;2026-07-27 13:06:32;31;2026;43812;Dark chocolate bonbon ice cream with a creamy flavor Hacendado Frozen food Ice cream Chocolates;1;España;64248;30;Congelados;Helados;Bombones;Productos del momento;Elige el tuyo, ¡disfruta!;Helado bombón negro sabor nata Hacendado;;0.72;l;4.44;€/l;3.20;leche desnatada reconstituida, cobertura de chocolate con mantequilla (27%) (azúcar, pasta de cacao, manteca de cacao, mantequilla anhidra (derivado lácteo), emulgente:lecitina de soja, aroma y trazas de frutos de cáscara), azúcar, grasa vegetal de coco y palma, agua, lactosa y proteínas de la leche, jarabe de glucosa y fructosa, emulgente (mono-diglicéridos de ácidos grasos), estabilizantes (gomas de garrofín y guar, carragenanos) y aroma de nata.;8480000642486;0;;;;Ice cream, stick, chocolate-coated;39503;greixos_totals_g;20.0;g;Gluten-free
30;2026-07-27 13:06:32;31;2026;43812;Dark chocolate bonbon ice cream with a creamy flavor Hacendado Frozen food Ice cream Chocolates;1;España;64248;30;Congelados;Helados;Bombones;Productos del momento;Elige el tuyo, ¡disfruta!;Helado bombón negro sabor nata Hacendado;;0.72;l;4.44;€/l;3.20;leche desnatada reconstituida, cobertura de chocolate con mantequilla (27%) (azúcar, pasta de cacao, manteca de cacao, mantequilla anhidra (derivado lácteo), emulgente:lecitina de soja, aroma y trazas de frutos de cáscara), azúcar, grasa vegetal de coco y palma, agua, lactosa y proteínas de la leche, jarabe de glucosa y fructosa, emulgente (mono-diglicéridos de ácidos grasos), estabilizantes (gomas de garrofín y guar, carragenanos) y aroma de nata.;8480000642486;0;;;;Ice cream, stick, chocolate-coated;39503;greixos_saturats_g;13.7;g;Gluten-free
30;2026-07-27 13:06:32;31;2026;43812;Dark chocolate bonbon ice cream with a creamy flavor Hacendado Frozen food Ice cream Chocolates;1;España;64248;30;Congelados;Helados;Bombones;Productos del momento;Elige el tuyo, ¡disfruta!;Helado bombón negro sabor nata Hacendado;;0.72;l;4.44;€/l;3.20;leche desnatada reconstituida, cobertura de chocolate con mantequilla (27%) (azúcar, pasta de cacao, manteca de cacao, mantequilla anhidra (derivado lácteo), emulgente:lecitina de soja, aroma y trazas de frutos de cáscara), azúcar, grasa vegetal de coco y palma, agua, lactosa y proteínas de la leche, jarabe de glucosa y fructosa, emulgente (mono-diglicéridos de ácidos grasos), estabilizantes (gomas de garrofín y guar, carragenanos) y aroma de nata.;8480000642486;0;;;;Ice cream, stick, chocolate-coated;39503;greixos_monoinsaturats_g;5.5;g;Gluten-free
30;2026-07-27 13:06:32;31;2026;43812;Dark chocolate bonbon ice cream with a creamy flavor Hacendado Frozen food Ice cream Chocolates;1;España;64248;30;Congelados;Helados;Bombones;Productos del momento;Elige el tuyo, ¡disfruta!;Helado bombón negro sabor nata Hacendado;;0.72;l;4.44;€/l;3.20;leche desnatada reconstituida, cobertura de chocolate con mantequilla (27%) (azúcar, pasta de cacao, manteca de cacao, mantequilla anhidra (derivado lácteo), emulgente:lecitina de soja, aroma y trazas de frutos de cáscara), azúcar, grasa vegetal de coco y palma, agua, lactosa y proteínas de la leche, jarabe de glucosa y fructosa, emulgente (mono-diglicéridos de ácidos grasos), estabilizantes (gomas de garrofín y guar, carragenanos) y aroma de nata.;8480000642486;0;;;;Ice cream, stick, chocolate-coated;39503;greixos_poliinsaturats_g;0.7;g;Gluten-free
30;2026-07-27 13:06:32;31;2026;43812;Dark chocolate bonbon ice cream with a creamy flavor Hacendado Frozen food Ice cream Chocolates;1;España;64248;30;Congelados;Helados;Bombones;Productos del momento;Elige el tuyo, ¡disfruta!;Helado bombón negro sabor nata Hacendado;;0.72;l;4.44;€/l;3.20;leche desnatada reconstituida, cobertura de chocolate con mantequilla (27%) (azúcar, pasta de cacao, manteca de cacao, mantequilla anhidra (derivado lácteo), emulgente:lecitina de soja, aroma y trazas de frutos de cáscara), azúcar, grasa vegetal de coco y palma, agua, lactosa y proteínas de la leche, jarabe de glucosa y fructosa, emulgente (mono-diglicéridos de ácidos grasos), estabilizantes (gomas de garrofín y guar, carragenanos) y aroma de nata.;8480000642486;0;;;;Ice cream, stick, chocolate-coated;39503;hidrats_carboni_g;29.0;g;Gluten-free
30;2026-07-27 13:06:32;31;2026;43812;Dark chocolate bonbon ice cream with a creamy flavor Hacendado Frozen food Ice cream Chocolates;1;España;64248;30;Congelados;Helados;Bombones;Productos del momento;Elige el tuyo, ¡disfruta!;Helado bombón negro sabor nata Hacendado;;0.72;l;4.44;€/l;3.20;leche desnatada reconstituida, cobertura de chocolate con mantequilla (27%) (azúcar, pasta de cacao, manteca de cacao, mantequilla anhidra (derivado lácteo), emulgente:lecitina de soja, aroma y trazas de frutos de cáscara), azúcar, grasa vegetal de coco y palma, agua, lactosa y proteínas de la leche, jarabe de glucosa y fructosa, emulgente (mono-diglicéridos de ácidos grasos), estabilizantes (gomas de garrofín y guar, carragenanos) y aroma de nata.;8480000642486;0;;;;Ice cream, stick, chocolate-coated;39503;sucres_g;28.0;g;Gluten-free
30;2026-07-27 13:06:32;31;2026;43812;Dark chocolate bonbon ice cream with a creamy flavor Hacendado Frozen food Ice cream Chocolates;1;España;64248;30;Congelados;Helados;Bombones;Productos del momento;Elige el tuyo, ¡disfruta!;Helado bombón negro sabor nata Hacendado;;0.72;l;4.44;€/l;3.20;leche desnatada reconstituida, cobertura de chocolate con mantequilla (27%) (azúcar, pasta de cacao, manteca de cacao, mantequilla anhidra (derivado lácteo), emulgente:lecitina de soja, aroma y trazas de frutos de cáscara), azúcar, grasa vegetal de coco y palma, agua, lactosa y proteínas de la leche, jarabe de glucosa y fructosa, emulgente (mono-diglicéridos de ácidos grasos), estabilizantes (gomas de garrofín y guar, carragenanos) y aroma de nata.;8480000642486;0;;;;Ice cream, stick, chocolate-coated;39503;fibra_g;1.8;g;Gluten-free
30;2026-07-27 13:06:32;31;2026;43812;Dark chocolate bonbon ice cream with a creamy flavor Hacendado Frozen food Ice cream Chocolates;1;España;64248;30;Congelados;Helados;Bombones;Productos del momento;Elige el tuyo, ¡disfruta!;Helado bombón negro sabor nata Hacendado;;0.72;l;4.44;€/l;3.20;leche desnatada reconstituida, cobertura de chocolate con mantequilla (27%) (azúcar, pasta de cacao, manteca de cacao, mantequilla anhidra (derivado lácteo), emulgente:lecitina de soja, aroma y trazas de frutos de cáscara), azúcar, grasa vegetal de coco y palma, agua, lactosa y proteínas de la leche, jarabe de glucosa y fructosa, emulgente (mono-diglicéridos de ácidos grasos), estabilizantes (gomas de garrofín y guar, carragenanos) y aroma de nata.;8480000642486;0;;;;Ice cream, stick, chocolate-coated;39503;proteines_g;3.6;g;Gluten-free
30;2026-07-27 13:06:32;31;2026;43812;Dark chocolate bonbon ice cream with a creamy flavor Hacendado Frozen food Ice cream Chocolates;1;España;64248;30;Congelados;Helados;Bombones;Productos del momento;Elige el tuyo, ¡disfruta!;Helado bombón negro sabor nata Hacendado;;0.72;l;4.44;€/l;3.20;leche desnatada reconstituida, cobertura de chocolate con mantequilla (27%) (azúcar, pasta de cacao, manteca de cacao, mantequilla anhidra (derivado lácteo), emulgente:lecitina de soja, aroma y trazas de frutos de cáscara), azúcar, grasa vegetal de coco y palma, agua, lactosa y proteínas de la leche, jarabe de glucosa y fructosa, emulgente (mono-diglicéridos de ácidos grasos), estabilizantes (gomas de garrofín y guar, carragenanos) y aroma de nata.;8480000642486;0;;;;Ice cream, stick, chocolate-coated;39503;sal_g;0.12;g;Gluten-free
31;2026-07-27 13:06:32;31;2026;43812;Mini creamy ice cream cone with no added sugar Hacendado Frozen food Ice cream Biscuit cones;1;España;64247;31;Congelados;Helados;Cucuruchos;Productos del momento;Elige el tuyo, ¡disfruta!;Mini helado cucurucho sabor nata Hacendado sin azúcares añadidos;;0.444;l;8.45;€/l;3.75;leche desnatada reconstituida, barquillo sin azúcares añadidos (24,3%) (harina de trigo (gluten), edulcorante: jarabe de maltitol, grasa vegetal de coco, lecitina de soja y sal, trazas de mostaza), cobertura especial chocolate sin azúcares añadidos (24,3%) (edulcorantes: maltitol y acesulfamo k, pasta de cacao, manteca de cacao, grasa vegetal de coco y palma, emulgente: lecitina de soja, aroma de vainilla y trazas de frutos de cáscara), edulcorantes: lactitol (leche) y aspartamo, leche desnatada en polvo, grasa vegetal de coco y palma, maltodextrina, almendra tostada troceada (1,5%), emulgente (monoglicéridos y diglicéridos de ácidos grasos), estabilizantes (goma xantana, goma garrofín, goma guar, carragenanos) y aroma de nata.;8402001009099;0;;;;Ice cream, cone, mini;39522;Energia (kcal);314.0;kcal;No added sugar
31;2026-07-27 13:06:32;31;2026;43812;Mini creamy ice cream cone with no added sugar Hacendado Frozen food Ice cream Biscuit cones;1;España;64247;31;Congelados;Helados;Cucuruchos;Productos del momento;Elige el tuyo, ¡disfruta!;Mini helado cucurucho sabor nata Hacendado sin azúcares añadidos;;0.444;l;8.45;€/l;3.75;leche desnatada reconstituida, barquillo sin azúcares añadidos (24,3%) (harina de trigo (gluten), edulcorante: jarabe de maltitol, grasa vegetal de coco, lecitina de soja y sal, trazas de mostaza), cobertura especial chocolate sin azúcares añadidos (24,3%) (edulcorantes: maltitol y acesulfamo k, pasta de cacao, manteca de cacao, grasa vegetal de coco y palma, emulgente: lecitina de soja, aroma de vainilla y trazas de frutos de cáscara), edulcorantes: lactitol (leche) y aspartamo, leche desnatada en polvo, grasa vegetal de coco y palma, maltodextrina, almendra tostada troceada (1,5%), emulgente (monoglicéridos y diglicéridos de ácidos grasos), estabilizantes (goma xantana, goma garrofín, goma guar, carragenanos) y aroma de nata.;8402001009099;0;;;;Ice cream, cone, mini;39522;Energia (kJ);1307.0;kJ;No added sugar
31;2026-07-27 13:06:32;31;2026;43812;Mini creamy ice cream cone with no added sugar Hacendado Frozen food Ice cream Biscuit cones;1;España;64247;31;Congelados;Helados;Cucuruchos;Productos del momento;Elige el tuyo, ¡disfruta!;Mini helado cucurucho sabor nata Hacendado sin azúcares añadidos;;0.444;l;8.45;€/l;3.75;leche desnatada reconstituida, barquillo sin azúcares añadidos (24,3%) (harina de trigo (gluten), edulcorante: jarabe de maltitol, grasa vegetal de coco, lecitina de soja y sal, trazas de mostaza), cobertura especial chocolate sin azúcares añadidos (24,3%) (edulcorantes: maltitol y acesulfamo k, pasta de cacao, manteca de cacao, grasa vegetal de coco y palma, emulgente: lecitina de soja, aroma de vainilla y trazas de frutos de cáscara), edulcorantes: lactitol (leche) y aspartamo, leche desnatada en polvo, grasa vegetal de coco y palma, maltodextrina, almendra tostada troceada (1,5%), emulgente (monoglicéridos y diglicéridos de ácidos grasos), estabilizantes (goma xantana, goma garrofín, goma guar, carragenanos) y aroma de nata.;8402001009099;0;;;;Ice cream, cone, mini;39522;greixos_totals_g;17.6;g;No added sugar
31;2026-07-27 13:06:32;31;2026;43812;Mini creamy ice cream cone with no added sugar Hacendado Frozen food Ice cream Biscuit cones;1;España;64247;31;Congelados;Helados;Cucuruchos;Productos del momento;Elige el tuyo, ¡disfruta!;Mini helado cucurucho sabor nata Hacendado sin azúcares añadidos;;0.444;l;8.45;€/l;3.75;leche desnatada reconstituida, barquillo sin azúcares añadidos (24,3%) (harina de trigo (gluten), edulcorante: jarabe de maltitol, grasa vegetal de coco, lecitina de soja y sal, trazas de mostaza), cobertura especial chocolate sin azúcares añadidos (24,3%) (edulcorantes: maltitol y acesulfamo k, pasta de cacao, manteca de cacao, grasa vegetal de coco y palma, emulgente: lecitina de soja, aroma de vainilla y trazas de frutos de cáscara), edulcorantes: lactitol (leche) y aspartamo, leche desnatada en polvo, grasa vegetal de coco y palma, maltodextrina, almendra tostada troceada (1,5%), emulgente (monoglicéridos y diglicéridos de ácidos grasos), estabilizantes (goma xantana, goma garrofín, goma guar, carragenanos) y aroma de nata.;8402001009099;0;;;;Ice cream, cone, mini;39522;greixos_saturats_g;10.5;g;No added sugar
31;2026-07-27 13:06:32;31;2026;43812;Mini creamy ice cream cone with no added sugar Hacendado Frozen food Ice cream Biscuit cones;1;España;64247;31;Congelados;Helados;Cucuruchos;Productos del momento;Elige el tuyo, ¡disfruta!;Mini helado cucurucho sabor nata Hacendado sin azúcares añadidos;;0.444;l;8.45;€/l;3.75;leche desnatada reconstituida, barquillo sin azúcares añadidos (24,3%) (harina de trigo (gluten), edulcorante: jarabe de maltitol, grasa vegetal de coco, lecitina de soja y sal, trazas de mostaza), cobertura especial chocolate sin azúcares añadidos (24,3%) (edulcorantes: maltitol y acesulfamo k, pasta de cacao, manteca de cacao, grasa vegetal de coco y palma, emulgente: lecitina de soja, aroma de vainilla y trazas de frutos de cáscara), edulcorantes: lactitol (leche) y aspartamo, leche desnatada en polvo, grasa vegetal de coco y palma, maltodextrina, almendra tostada troceada (1,5%), emulgente (monoglicéridos y diglicéridos de ácidos grasos), estabilizantes (goma xantana, goma garrofín, goma guar, carragenanos) y aroma de nata.;8402001009099;0;;;;Ice cream, cone, mini;39522;greixos_monoinsaturats_g;3.7;g;No added sugar
31;2026-07-27 13:06:32;31;2026;43812;Mini creamy ice cream cone with no added sugar Hacendado Frozen food Ice cream Biscuit cones;1;España;64247;31;Congelados;Helados;Cucuruchos;Productos del momento;Elige el tuyo, ¡disfruta!;Mini helado cucurucho sabor nata Hacendado sin azúcares añadidos;;0.444;l;8.45;€/l;3.75;leche desnatada reconstituida, barquillo sin azúcares añadidos (24,3%) (harina de trigo (gluten), edulcorante: jarabe de maltitol, grasa vegetal de coco, lecitina de soja y sal, trazas de mostaza), cobertura especial chocolate sin azúcares añadidos (24,3%) (edulcorantes: maltitol y acesulfamo k, pasta de cacao, manteca de cacao, grasa vegetal de coco y palma, emulgente: lecitina de soja, aroma de vainilla y trazas de frutos de cáscara), edulcorantes: lactitol (leche) y aspartamo, leche desnatada en polvo, grasa vegetal de coco y palma, maltodextrina, almendra tostada troceada (1,5%), emulgente (monoglicéridos y diglicéridos de ácidos grasos), estabilizantes (goma xantana, goma garrofín, goma guar, carragenanos) y aroma de nata.;8402001009099;0;;;;Ice cream, cone, mini;39522;greixos_poliinsaturats_g;0.9;g;No added sugar
31;2026-07-27 13:06:32;31;2026;43812;Mini creamy ice cream cone with no added sugar Hacendado Frozen food Ice cream Biscuit cones;1;España;64247;31;Congelados;Helados;Cucuruchos;Productos del momento;Elige el tuyo, ¡disfruta!;Mini helado cucurucho sabor nata Hacendado sin azúcares añadidos;;0.444;l;8.45;€/l;3.75;leche desnatada reconstituida, barquillo sin azúcares añadidos (24,3%) (harina de trigo (gluten), edulcorante: jarabe de maltitol, grasa vegetal de coco, lecitina de soja y sal, trazas de mostaza), cobertura especial chocolate sin azúcares añadidos (24,3%) (edulcorantes: maltitol y acesulfamo k, pasta de cacao, manteca de cacao, grasa vegetal de coco y palma, emulgente: lecitina de soja, aroma de vainilla y trazas de frutos de cáscara), edulcorantes: lactitol (leche) y aspartamo, leche desnatada en polvo, grasa vegetal de coco y palma, maltodextrina, almendra tostada troceada (1,5%), emulgente (monoglicéridos y diglicéridos de ácidos grasos), estabilizantes (goma xantana, goma garrofín, goma guar, carragenanos) y aroma de nata.;8402001009099;0;;;;Ice cream, cone, mini;39522;hidrats_carboni_g;41.7;g;No added sugar
31;2026-07-27 13:06:32;31;2026;43812;Mini creamy ice cream cone with no added sugar Hacendado Frozen food Ice cream Biscuit cones;1;España;64247;31;Congelados;Helados;Cucuruchos;Productos del momento;Elige el tuyo, ¡disfruta!;Mini helado cucurucho sabor nata Hacendado sin azúcares añadidos;;0.444;l;8.45;€/l;3.75;leche desnatada reconstituida, barquillo sin azúcares añadidos (24,3%) (harina de trigo (gluten), edulcorante: jarabe de maltitol, grasa vegetal de coco, lecitina de soja y sal, trazas de mostaza), cobertura especial chocolate sin azúcares añadidos (24,3%) (edulcorantes: maltitol y acesulfamo k, pasta de cacao, manteca de cacao, grasa vegetal de coco y palma, emulgente: lecitina de soja, aroma de vainilla y trazas de frutos de cáscara), edulcorantes: lactitol (leche) y aspartamo, leche desnatada en polvo, grasa vegetal de coco y palma, maltodextrina, almendra tostada troceada (1,5%), emulgente (monoglicéridos y diglicéridos de ácidos grasos), estabilizantes (goma xantana, goma garrofín, goma guar, carragenanos) y aroma de nata.;8402001009099;0;;;;Ice cream, cone, mini;39522;sucres_g;3.6;g;No added sugar
31;2026-07-27 13:06:32;31;2026;43812;Mini creamy ice cream cone with no added sugar Hacendado Frozen food Ice cream Biscuit cones;1;España;64247;31;Congelados;Helados;Cucuruchos;Productos del momento;Elige el tuyo, ¡disfruta!;Mini helado cucurucho sabor nata Hacendado sin azúcares añadidos;;0.444;l;8.45;€/l;3.75;leche desnatada reconstituida, barquillo sin azúcares añadidos (24,3%) (harina de trigo (gluten), edulcorante: jarabe de maltitol, grasa vegetal de coco, lecitina de soja y sal, trazas de mostaza), cobertura especial chocolate sin azúcares añadidos (24,3%) (edulcorantes: maltitol y acesulfamo k, pasta de cacao, manteca de cacao, grasa vegetal de coco y palma, emulgente: lecitina de soja, aroma de vainilla y trazas de frutos de cáscara), edulcorantes: lactitol (leche) y aspartamo, leche desnatada en polvo, grasa vegetal de coco y palma, maltodextrina, almendra tostada troceada (1,5%), emulgente (monoglicéridos y diglicéridos de ácidos grasos), estabilizantes (goma xantana, goma garrofín, goma guar, carragenanos) y aroma de nata.;8402001009099;0;;;;Ice cream, cone, mini;39522;fibra_g;2.3;g;No added sugar
31;2026-07-27 13:06:32;31;2026;43812;Mini creamy ice cream cone with no added sugar Hacendado Frozen food Ice cream Biscuit cones;1;España;64247;31;Congelados;Helados;Cucuruchos;Productos del momento;Elige el tuyo, ¡disfruta!;Mini helado cucurucho sabor nata Hacendado sin azúcares añadidos;;0.444;l;8.45;€/l;3.75;leche desnatada reconstituida, barquillo sin azúcares añadidos (24,3%) (harina de trigo (gluten), edulcorante: jarabe de maltitol, grasa vegetal de coco, lecitina de soja y sal, trazas de mostaza), cobertura especial chocolate sin azúcares añadidos (24,3%) (edulcorantes: maltitol y acesulfamo k, pasta de cacao, manteca de cacao, grasa vegetal de coco y palma, emulgente: lecitina de soja, aroma de vainilla y trazas de frutos de cáscara), edulcorantes: lactitol (leche) y aspartamo, leche desnatada en polvo, grasa vegetal de coco y palma, maltodextrina, almendra tostada troceada (1,5%), emulgente (monoglicéridos y diglicéridos de ácidos grasos), estabilizantes (goma xantana, goma garrofín, goma guar, carragenanos) y aroma de nata.;8402001009099;0;;;;Ice cream, cone, mini;39522;proteines_g;5.6;g;No added sugar
31;2026-07-27 13:06:32;31;2026;43812;Mini creamy ice cream cone with no added sugar Hacendado Frozen food Ice cream Biscuit cones;1;España;64247;31;Congelados;Helados;Cucuruchos;Productos del momento;Elige el tuyo, ¡disfruta!;Mini helado cucurucho sabor nata Hacendado sin azúcares añadidos;;0.444;l;8.45;€/l;3.75;leche desnatada reconstituida, barquillo sin azúcares añadidos (24,3%) (harina de trigo (gluten), edulcorante: jarabe de maltitol, grasa vegetal de coco, lecitina de soja y sal, trazas de mostaza), cobertura especial chocolate sin azúcares añadidos (24,3%) (edulcorantes: maltitol y acesulfamo k, pasta de cacao, manteca de cacao, grasa vegetal de coco y palma, emulgente: lecitina de soja, aroma de vainilla y trazas de frutos de cáscara), edulcorantes: lactitol (leche) y aspartamo, leche desnatada en polvo, grasa vegetal de coco y palma, maltodextrina, almendra tostada troceada (1,5%), emulgente (monoglicéridos y diglicéridos de ácidos grasos), estabilizantes (goma xantana, goma garrofín, goma guar, carragenanos) y aroma de nata.;8402001009099;0;;;;Ice cream, cone, mini;39522;sal_g;0.1;g;No added sugar
32;2026-07-27 13:06:32;31;2026;43812;Vanilla caramel and pecan nuts ice cream cone Hacendado Frozen food Ice cream Biscuit cones;1;Francia;64039;32;Congelados;Helados;Cucuruchos;Productos del momento;Elige el tuyo, ¡disfruta!;Helado cucurucho caramelo y nueces pecán Hacendado sabor vainilla;;0.56;l;5.54;€/l;3.10;"leche desnatada rehidratada, azúcar, harina de trigo (gluten), nata (leche),  salsa de caramelo 9% [caramelo aromático 4% (azúcar, jarabe de  glucosa-fructosa, agua), agua, azúcar, jarabe de glucosa-fructosa, caramelo  aromático 0,4% (azúcar, agua, acidulante: ácido cítrico), almidón modificado de  maíz, aroma natural, gelificante: goma garrofín; colorante: caramelo natural;  acidulante: ácido cítrico], agua, aceite y grasa vegetal de copra, lactosa y proteínas de la leche, jarabe de glucosa, nueces de pecán 2,3%,  trocitos de caramelo 2,2% [azúcar, manteca de cacao, agua], cacao magro en  polvo 1%, caramelo aromático 1% [azúcar, agua, acidulante: ácido cítrico],  emulgentes: monoglicéridos y diglicéridos de ácidos grasos, lecitinas (soja);  gelificantes: goma garrofín, goma guar; jarabe de azúcar caramelizado, aroma  natural, aroma natural de vainilla, concentrado de zanahoria.porcentajes  expresados sobre el producto final* a pesar del cuidado prestado en la  selección de nuestros trocitos de frutos secos, no puede excluirse la presencia  eventual de pequeños trozos de cáscara*  puede contener trazas de huevo,  cacahuetes y otros frutos de cáscara";8402001017520;0;;;;Ice cream, cone (normal size);39509;Energia (kcal);301.0;kcal;No certificat
32;2026-07-27 13:06:32;31;2026;43812;Vanilla caramel and pecan nuts ice cream cone Hacendado Frozen food Ice cream Biscuit cones;1;Francia;64039;32;Congelados;Helados;Cucuruchos;Productos del momento;Elige el tuyo, ¡disfruta!;Helado cucurucho caramelo y nueces pecán Hacendado sabor vainilla;;0.56;l;5.54;€/l;3.10;"leche desnatada rehidratada, azúcar, harina de trigo (gluten), nata (leche),  salsa de caramelo 9% [caramelo aromático 4% (azúcar, jarabe de  glucosa-fructosa, agua), agua, azúcar, jarabe de glucosa-fructosa, caramelo  aromático 0,4% (azúcar, agua, acidulante: ácido cítrico), almidón modificado de  maíz, aroma natural, gelificante: goma garrofín; colorante: caramelo natural;  acidulante: ácido cítrico], agua, aceite y grasa vegetal de copra, lactosa y proteínas de la leche, jarabe de glucosa, nueces de pecán 2,3%,  trocitos de caramelo 2,2% [azúcar, manteca de cacao, agua], cacao magro en  polvo 1%, caramelo aromático 1% [azúcar, agua, acidulante: ácido cítrico],  emulgentes: monoglicéridos y diglicéridos de ácidos grasos, lecitinas (soja);  gelificantes: goma garrofín, goma guar; jarabe de azúcar caramelizado, aroma  natural, aroma natural de vainilla, concentrado de zanahoria.porcentajes  expresados sobre el producto final* a pesar del cuidado prestado en la  selección de nuestros trocitos de frutos secos, no puede excluirse la presencia  eventual de pequeños trozos de cáscara*  puede contener trazas de huevo,  cacahuetes y otros frutos de cáscara";8402001017520;0;;;;Ice cream, cone (normal size);39509;Energia (kJ);1261.0;kJ;No certificat
32;2026-07-27 13:06:32;31;2026;43812;Vanilla caramel and pecan nuts ice cream cone Hacendado Frozen food Ice cream Biscuit cones;1;Francia;64039;32;Congelados;Helados;Cucuruchos;Productos del momento;Elige el tuyo, ¡disfruta!;Helado cucurucho caramelo y nueces pecán Hacendado sabor vainilla;;0.56;l;5.54;€/l;3.10;"leche desnatada rehidratada, azúcar, harina de trigo (gluten), nata (leche),  salsa de caramelo 9% [caramelo aromático 4% (azúcar, jarabe de  glucosa-fructosa, agua), agua, azúcar, jarabe de glucosa-fructosa, caramelo  aromático 0,4% (azúcar, agua, acidulante: ácido cítrico), almidón modificado de  maíz, aroma natural, gelificante: goma garrofín; colorante: caramelo natural;  acidulante: ácido cítrico], agua, aceite y grasa vegetal de copra, lactosa y proteínas de la leche, jarabe de glucosa, nueces de pecán 2,3%,  trocitos de caramelo 2,2% [azúcar, manteca de cacao, agua], cacao magro en  polvo 1%, caramelo aromático 1% [azúcar, agua, acidulante: ácido cítrico],  emulgentes: monoglicéridos y diglicéridos de ácidos grasos, lecitinas (soja);  gelificantes: goma garrofín, goma guar; jarabe de azúcar caramelizado, aroma  natural, aroma natural de vainilla, concentrado de zanahoria.porcentajes  expresados sobre el producto final* a pesar del cuidado prestado en la  selección de nuestros trocitos de frutos secos, no puede excluirse la presencia  eventual de pequeños trozos de cáscara*  puede contener trazas de huevo,  cacahuetes y otros frutos de cáscara";8402001017520;0;;;;Ice cream, cone (normal size);39509;greixos_totals_g;12.5;g;No certificat
32;2026-07-27 13:06:32;31;2026;43812;Vanilla caramel and pecan nuts ice cream cone Hacendado Frozen food Ice cream Biscuit cones;1;Francia;64039;32;Congelados;Helados;Cucuruchos;Productos del momento;Elige el tuyo, ¡disfruta!;Helado cucurucho caramelo y nueces pecán Hacendado sabor vainilla;;0.56;l;5.54;€/l;3.10;"leche desnatada rehidratada, azúcar, harina de trigo (gluten), nata (leche),  salsa de caramelo 9% [caramelo aromático 4% (azúcar, jarabe de  glucosa-fructosa, agua), agua, azúcar, jarabe de glucosa-fructosa, caramelo  aromático 0,4% (azúcar, agua, acidulante: ácido cítrico), almidón modificado de  maíz, aroma natural, gelificante: goma garrofín; colorante: caramelo natural;  acidulante: ácido cítrico], agua, aceite y grasa vegetal de copra, lactosa y proteínas de la leche, jarabe de glucosa, nueces de pecán 2,3%,  trocitos de caramelo 2,2% [azúcar, manteca de cacao, agua], cacao magro en  polvo 1%, caramelo aromático 1% [azúcar, agua, acidulante: ácido cítrico],  emulgentes: monoglicéridos y diglicéridos de ácidos grasos, lecitinas (soja);  gelificantes: goma garrofín, goma guar; jarabe de azúcar caramelizado, aroma  natural, aroma natural de vainilla, concentrado de zanahoria.porcentajes  expresados sobre el producto final* a pesar del cuidado prestado en la  selección de nuestros trocitos de frutos secos, no puede excluirse la presencia  eventual de pequeños trozos de cáscara*  puede contener trazas de huevo,  cacahuetes y otros frutos de cáscara";8402001017520;0;;;;Ice cream, cone (normal size);39509;greixos_saturats_g;8.1;g;No certificat
32;2026-07-27 13:06:32;31;2026;43812;Vanilla caramel and pecan nuts ice cream cone Hacendado Frozen food Ice cream Biscuit cones;1;Francia;64039;32;Congelados;Helados;Cucuruchos;Productos del momento;Elige el tuyo, ¡disfruta!;Helado cucurucho caramelo y nueces pecán Hacendado sabor vainilla;;0.56;l;5.54;€/l;3.10;"leche desnatada rehidratada, azúcar, harina de trigo (gluten), nata (leche),  salsa de caramelo 9% [caramelo aromático 4% (azúcar, jarabe de  glucosa-fructosa, agua), agua, azúcar, jarabe de glucosa-fructosa, caramelo  aromático 0,4% (azúcar, agua, acidulante: ácido cítrico), almidón modificado de  maíz, aroma natural, gelificante: goma garrofín; colorante: caramelo natural;  acidulante: ácido cítrico], agua, aceite y grasa vegetal de copra, lactosa y proteínas de la leche, jarabe de glucosa, nueces de pecán 2,3%,  trocitos de caramelo 2,2% [azúcar, manteca de cacao, agua], cacao magro en  polvo 1%, caramelo aromático 1% [azúcar, agua, acidulante: ácido cítrico],  emulgentes: monoglicéridos y diglicéridos de ácidos grasos, lecitinas (soja);  gelificantes: goma garrofín, goma guar; jarabe de azúcar caramelizado, aroma  natural, aroma natural de vainilla, concentrado de zanahoria.porcentajes  expresados sobre el producto final* a pesar del cuidado prestado en la  selección de nuestros trocitos de frutos secos, no puede excluirse la presencia  eventual de pequeños trozos de cáscara*  puede contener trazas de huevo,  cacahuetes y otros frutos de cáscara";8402001017520;0;;;;Ice cream, cone (normal size);39509;hidrats_carboni_g;42.9;g;No certificat
32;2026-07-27 13:06:32;31;2026;43812;Vanilla caramel and pecan nuts ice cream cone Hacendado Frozen food Ice cream Biscuit cones;1;Francia;64039;32;Congelados;Helados;Cucuruchos;Productos del momento;Elige el tuyo, ¡disfruta!;Helado cucurucho caramelo y nueces pecán Hacendado sabor vainilla;;0.56;l;5.54;€/l;3.10;"leche desnatada rehidratada, azúcar, harina de trigo (gluten), nata (leche),  salsa de caramelo 9% [caramelo aromático 4% (azúcar, jarabe de  glucosa-fructosa, agua), agua, azúcar, jarabe de glucosa-fructosa, caramelo  aromático 0,4% (azúcar, agua, acidulante: ácido cítrico), almidón modificado de  maíz, aroma natural, gelificante: goma garrofín; colorante: caramelo natural;  acidulante: ácido cítrico], agua, aceite y grasa vegetal de copra, lactosa y proteínas de la leche, jarabe de glucosa, nueces de pecán 2,3%,  trocitos de caramelo 2,2% [azúcar, manteca de cacao, agua], cacao magro en  polvo 1%, caramelo aromático 1% [azúcar, agua, acidulante: ácido cítrico],  emulgentes: monoglicéridos y diglicéridos de ácidos grasos, lecitinas (soja);  gelificantes: goma garrofín, goma guar; jarabe de azúcar caramelizado, aroma  natural, aroma natural de vainilla, concentrado de zanahoria.porcentajes  expresados sobre el producto final* a pesar del cuidado prestado en la  selección de nuestros trocitos de frutos secos, no puede excluirse la presencia  eventual de pequeños trozos de cáscara*  puede contener trazas de huevo,  cacahuetes y otros frutos de cáscara";8402001017520;0;;;;Ice cream, cone (normal size);39509;sucres_g;30.9;g;No certificat
32;2026-07-27 13:06:32;31;2026;43812;Vanilla caramel and pecan nuts ice cream cone Hacendado Frozen food Ice cream Biscuit cones;1;Francia;64039;32;Congelados;Helados;Cucuruchos;Productos del momento;Elige el tuyo, ¡disfruta!;Helado cucurucho caramelo y nueces pecán Hacendado sabor vainilla;;0.56;l;5.54;€/l;3.10;"leche desnatada rehidratada, azúcar, harina de trigo (gluten), nata (leche),  salsa de caramelo 9% [caramelo aromático 4% (azúcar, jarabe de  glucosa-fructosa, agua), agua, azúcar, jarabe de glucosa-fructosa, caramelo  aromático 0,4% (azúcar, agua, acidulante: ácido cítrico), almidón modificado de  maíz, aroma natural, gelificante: goma garrofín; colorante: caramelo natural;  acidulante: ácido cítrico], agua, aceite y grasa vegetal de copra, lactosa y proteínas de la leche, jarabe de glucosa, nueces de pecán 2,3%,  trocitos de caramelo 2,2% [azúcar, manteca de cacao, agua], cacao magro en  polvo 1%, caramelo aromático 1% [azúcar, agua, acidulante: ácido cítrico],  emulgentes: monoglicéridos y diglicéridos de ácidos grasos, lecitinas (soja);  gelificantes: goma garrofín, goma guar; jarabe de azúcar caramelizado, aroma  natural, aroma natural de vainilla, concentrado de zanahoria.porcentajes  expresados sobre el producto final* a pesar del cuidado prestado en la  selección de nuestros trocitos de frutos secos, no puede excluirse la presencia  eventual de pequeños trozos de cáscara*  puede contener trazas de huevo,  cacahuetes y otros frutos de cáscara";8402001017520;0;;;;Ice cream, cone (normal size);39509;fibra_g;1.2;g;No certificat
32;2026-07-27 13:06:32;31;2026;43812;Vanilla caramel and pecan nuts ice cream cone Hacendado Frozen food Ice cream Biscuit cones;1;Francia;64039;32;Congelados;Helados;Cucuruchos;Productos del momento;Elige el tuyo, ¡disfruta!;Helado cucurucho caramelo y nueces pecán Hacendado sabor vainilla;;0.56;l;5.54;€/l;3.10;"leche desnatada rehidratada, azúcar, harina de trigo (gluten), nata (leche),  salsa de caramelo 9% [caramelo aromático 4% (azúcar, jarabe de  glucosa-fructosa, agua), agua, azúcar, jarabe de glucosa-fructosa, caramelo  aromático 0,4% (azúcar, agua, acidulante: ácido cítrico), almidón modificado de  maíz, aroma natural, gelificante: goma garrofín; colorante: caramelo natural;  acidulante: ácido cítrico], agua, aceite y grasa vegetal de copra, lactosa y proteínas de la leche, jarabe de glucosa, nueces de pecán 2,3%,  trocitos de caramelo 2,2% [azúcar, manteca de cacao, agua], cacao magro en  polvo 1%, caramelo aromático 1% [azúcar, agua, acidulante: ácido cítrico],  emulgentes: monoglicéridos y diglicéridos de ácidos grasos, lecitinas (soja);  gelificantes: goma garrofín, goma guar; jarabe de azúcar caramelizado, aroma  natural, aroma natural de vainilla, concentrado de zanahoria.porcentajes  expresados sobre el producto final* a pesar del cuidado prestado en la  selección de nuestros trocitos de frutos secos, no puede excluirse la presencia  eventual de pequeños trozos de cáscara*  puede contener trazas de huevo,  cacahuetes y otros frutos de cáscara";8402001017520;0;;;;Ice cream, cone (normal size);39509;proteines_g;3.5;g;No certificat
32;2026-07-27 13:06:32;31;2026;43812;Vanilla caramel and pecan nuts ice cream cone Hacendado Frozen food Ice cream Biscuit cones;1;Francia;64039;32;Congelados;Helados;Cucuruchos;Productos del momento;Elige el tuyo, ¡disfruta!;Helado cucurucho caramelo y nueces pecán Hacendado sabor vainilla;;0.56;l;5.54;€/l;3.10;"leche desnatada rehidratada, azúcar, harina de trigo (gluten), nata (leche),  salsa de caramelo 9% [caramelo aromático 4% (azúcar, jarabe de  glucosa-fructosa, agua), agua, azúcar, jarabe de glucosa-fructosa, caramelo  aromático 0,4% (azúcar, agua, acidulante: ácido cítrico), almidón modificado de  maíz, aroma natural, gelificante: goma garrofín; colorante: caramelo natural;  acidulante: ácido cítrico], agua, aceite y grasa vegetal de copra, lactosa y proteínas de la leche, jarabe de glucosa, nueces de pecán 2,3%,  trocitos de caramelo 2,2% [azúcar, manteca de cacao, agua], cacao magro en  polvo 1%, caramelo aromático 1% [azúcar, agua, acidulante: ácido cítrico],  emulgentes: monoglicéridos y diglicéridos de ácidos grasos, lecitinas (soja);  gelificantes: goma garrofín, goma guar; jarabe de azúcar caramelizado, aroma  natural, aroma natural de vainilla, concentrado de zanahoria.porcentajes  expresados sobre el producto final* a pesar del cuidado prestado en la  selección de nuestros trocitos de frutos secos, no puede excluirse la presencia  eventual de pequeños trozos de cáscara*  puede contener trazas de huevo,  cacahuetes y otros frutos de cáscara";8402001017520;0;;;;Ice cream, cone (normal size);39509;sal_g;0.17;g;No certificat
33;2026-07-27 13:06:32;31;2026;43812;Cream and chocolate ice cream cone Hacendado Frozen food Ice cream Biscuit cones;1;ESPAÑA;64251;33;Congelados;Helados;Cucuruchos;Productos del momento;Elige el tuyo, ¡disfruta!;Helado cucurucho sabor choco nata Hacendado;;0.72;l;3.06;€/l;2.20;leche  desnatada reconstituida, barquillo 18% [harina de trigo, azúcar, manteca de coco, emulgente: lecitina de  soja, sal], recubrimiento del barquillo y decoración superior 18% [chocolate (azúcar, pasta de cacao, manteca de cacao, emulgente: lecitina de soja), manteca de coco],jarabe de glucosa y fructosa, azúcar, manteca de coco, cacao en polvo desgrasado 2.4%, suero de leche en polvo, crocanti de avellanas 1.5% (azúcar y avellanas 20%),  avellanas  caramelizadas 1.5% (avellanas 70% y azúcar),emulgente: monoglicéridos y diglicéridos de ácidos grasos, estabilizantes: goma guar, goma garrofín y carragenanos, proteínas de la leche, sal y aroma. puede contener trazas de otros frutos de cáscara, cacahuete,  huevo, mostaza y altramuz.;8480000642516;0;;;;Ice cream, cone (normal size);39509;Energia (kcal);319.0;kcal;No certificat
33;2026-07-27 13:06:32;31;2026;43812;Cream and chocolate ice cream cone Hacendado Frozen food Ice cream Biscuit cones;1;ESPAÑA;64251;33;Congelados;Helados;Cucuruchos;Productos del momento;Elige el tuyo, ¡disfruta!;Helado cucurucho sabor choco nata Hacendado;;0.72;l;3.06;€/l;2.20;leche  desnatada reconstituida, barquillo 18% [harina de trigo, azúcar, manteca de coco, emulgente: lecitina de  soja, sal], recubrimiento del barquillo y decoración superior 18% [chocolate (azúcar, pasta de cacao, manteca de cacao, emulgente: lecitina de soja), manteca de coco],jarabe de glucosa y fructosa, azúcar, manteca de coco, cacao en polvo desgrasado 2.4%, suero de leche en polvo, crocanti de avellanas 1.5% (azúcar y avellanas 20%),  avellanas  caramelizadas 1.5% (avellanas 70% y azúcar),emulgente: monoglicéridos y diglicéridos de ácidos grasos, estabilizantes: goma guar, goma garrofín y carragenanos, proteínas de la leche, sal y aroma. puede contener trazas de otros frutos de cáscara, cacahuete,  huevo, mostaza y altramuz.;8480000642516;0;;;;Ice cream, cone (normal size);39509;Energia (kJ);1338.0;kJ;No certificat
33;2026-07-27 13:06:32;31;2026;43812;Cream and chocolate ice cream cone Hacendado Frozen food Ice cream Biscuit cones;1;ESPAÑA;64251;33;Congelados;Helados;Cucuruchos;Productos del momento;Elige el tuyo, ¡disfruta!;Helado cucurucho sabor choco nata Hacendado;;0.72;l;3.06;€/l;2.20;leche  desnatada reconstituida, barquillo 18% [harina de trigo, azúcar, manteca de coco, emulgente: lecitina de  soja, sal], recubrimiento del barquillo y decoración superior 18% [chocolate (azúcar, pasta de cacao, manteca de cacao, emulgente: lecitina de soja), manteca de coco],jarabe de glucosa y fructosa, azúcar, manteca de coco, cacao en polvo desgrasado 2.4%, suero de leche en polvo, crocanti de avellanas 1.5% (azúcar y avellanas 20%),  avellanas  caramelizadas 1.5% (avellanas 70% y azúcar),emulgente: monoglicéridos y diglicéridos de ácidos grasos, estabilizantes: goma guar, goma garrofín y carragenanos, proteínas de la leche, sal y aroma. puede contener trazas de otros frutos de cáscara, cacahuete,  huevo, mostaza y altramuz.;8480000642516;0;;;;Ice cream, cone (normal size);39509;greixos_totals_g;15.0;g;No certificat
33;2026-07-27 13:06:32;31;2026;43812;Cream and chocolate ice cream cone Hacendado Frozen food Ice cream Biscuit cones;1;ESPAÑA;64251;33;Congelados;Helados;Cucuruchos;Productos del momento;Elige el tuyo, ¡disfruta!;Helado cucurucho sabor choco nata Hacendado;;0.72;l;3.06;€/l;2.20;leche  desnatada reconstituida, barquillo 18% [harina de trigo, azúcar, manteca de coco, emulgente: lecitina de  soja, sal], recubrimiento del barquillo y decoración superior 18% [chocolate (azúcar, pasta de cacao, manteca de cacao, emulgente: lecitina de soja), manteca de coco],jarabe de glucosa y fructosa, azúcar, manteca de coco, cacao en polvo desgrasado 2.4%, suero de leche en polvo, crocanti de avellanas 1.5% (azúcar y avellanas 20%),  avellanas  caramelizadas 1.5% (avellanas 70% y azúcar),emulgente: monoglicéridos y diglicéridos de ácidos grasos, estabilizantes: goma guar, goma garrofín y carragenanos, proteínas de la leche, sal y aroma. puede contener trazas de otros frutos de cáscara, cacahuete,  huevo, mostaza y altramuz.;8480000642516;0;;;;Ice cream, cone (normal size);39509;greixos_saturats_g;11.0;g;No certificat
33;2026-07-27 13:06:32;31;2026;43812;Cream and chocolate ice cream cone Hacendado Frozen food Ice cream Biscuit cones;1;ESPAÑA;64251;33;Congelados;Helados;Cucuruchos;Productos del momento;Elige el tuyo, ¡disfruta!;Helado cucurucho sabor choco nata Hacendado;;0.72;l;3.06;€/l;2.20;leche  desnatada reconstituida, barquillo 18% [harina de trigo, azúcar, manteca de coco, emulgente: lecitina de  soja, sal], recubrimiento del barquillo y decoración superior 18% [chocolate (azúcar, pasta de cacao, manteca de cacao, emulgente: lecitina de soja), manteca de coco],jarabe de glucosa y fructosa, azúcar, manteca de coco, cacao en polvo desgrasado 2.4%, suero de leche en polvo, crocanti de avellanas 1.5% (azúcar y avellanas 20%),  avellanas  caramelizadas 1.5% (avellanas 70% y azúcar),emulgente: monoglicéridos y diglicéridos de ácidos grasos, estabilizantes: goma guar, goma garrofín y carragenanos, proteínas de la leche, sal y aroma. puede contener trazas de otros frutos de cáscara, cacahuete,  huevo, mostaza y altramuz.;8480000642516;0;;;;Ice cream, cone (normal size);39509;hidrats_carboni_g;41.0;g;No certificat
33;2026-07-27 13:06:32;31;2026;43812;Cream and chocolate ice cream cone Hacendado Frozen food Ice cream Biscuit cones;1;ESPAÑA;64251;33;Congelados;Helados;Cucuruchos;Productos del momento;Elige el tuyo, ¡disfruta!;Helado cucurucho sabor choco nata Hacendado;;0.72;l;3.06;€/l;2.20;leche  desnatada reconstituida, barquillo 18% [harina de trigo, azúcar, manteca de coco, emulgente: lecitina de  soja, sal], recubrimiento del barquillo y decoración superior 18% [chocolate (azúcar, pasta de cacao, manteca de cacao, emulgente: lecitina de soja), manteca de coco],jarabe de glucosa y fructosa, azúcar, manteca de coco, cacao en polvo desgrasado 2.4%, suero de leche en polvo, crocanti de avellanas 1.5% (azúcar y avellanas 20%),  avellanas  caramelizadas 1.5% (avellanas 70% y azúcar),emulgente: monoglicéridos y diglicéridos de ácidos grasos, estabilizantes: goma guar, goma garrofín y carragenanos, proteínas de la leche, sal y aroma. puede contener trazas de otros frutos de cáscara, cacahuete,  huevo, mostaza y altramuz.;8480000642516;0;;;;Ice cream, cone (normal size);39509;sucres_g;30.0;g;No certificat
33;2026-07-27 13:06:32;31;2026;43812;Cream and chocolate ice cream cone Hacendado Frozen food Ice cream Biscuit cones;1;ESPAÑA;64251;33;Congelados;Helados;Cucuruchos;Productos del momento;Elige el tuyo, ¡disfruta!;Helado cucurucho sabor choco nata Hacendado;;0.72;l;3.06;€/l;2.20;leche  desnatada reconstituida, barquillo 18% [harina de trigo, azúcar, manteca de coco, emulgente: lecitina de  soja, sal], recubrimiento del barquillo y decoración superior 18% [chocolate (azúcar, pasta de cacao, manteca de cacao, emulgente: lecitina de soja), manteca de coco],jarabe de glucosa y fructosa, azúcar, manteca de coco, cacao en polvo desgrasado 2.4%, suero de leche en polvo, crocanti de avellanas 1.5% (azúcar y avellanas 20%),  avellanas  caramelizadas 1.5% (avellanas 70% y azúcar),emulgente: monoglicéridos y diglicéridos de ácidos grasos, estabilizantes: goma guar, goma garrofín y carragenanos, proteínas de la leche, sal y aroma. puede contener trazas de otros frutos de cáscara, cacahuete,  huevo, mostaza y altramuz.;8480000642516;0;;;;Ice cream, cone (normal size);39509;fibra_g;2.2;g;No certificat
33;2026-07-27 13:06:32;31;2026;43812;Cream and chocolate ice cream cone Hacendado Frozen food Ice cream Biscuit cones;1;ESPAÑA;64251;33;Congelados;Helados;Cucuruchos;Productos del momento;Elige el tuyo, ¡disfruta!;Helado cucurucho sabor choco nata Hacendado;;0.72;l;3.06;€/l;2.20;leche  desnatada reconstituida, barquillo 18% [harina de trigo, azúcar, manteca de coco, emulgente: lecitina de  soja, sal], recubrimiento del barquillo y decoración superior 18% [chocolate (azúcar, pasta de cacao, manteca de cacao, emulgente: lecitina de soja), manteca de coco],jarabe de glucosa y fructosa, azúcar, manteca de coco, cacao en polvo desgrasado 2.4%, suero de leche en polvo, crocanti de avellanas 1.5% (azúcar y avellanas 20%),  avellanas  caramelizadas 1.5% (avellanas 70% y azúcar),emulgente: monoglicéridos y diglicéridos de ácidos grasos, estabilizantes: goma guar, goma garrofín y carragenanos, proteínas de la leche, sal y aroma. puede contener trazas de otros frutos de cáscara, cacahuete,  huevo, mostaza y altramuz.;8480000642516;0;;;;Ice cream, cone (normal size);39509;proteines_g;4.0;g;No certificat
33;2026-07-27 13:06:32;31;2026;43812;Cream and chocolate ice cream cone Hacendado Frozen food Ice cream Biscuit cones;1;ESPAÑA;64251;33;Congelados;Helados;Cucuruchos;Productos del momento;Elige el tuyo, ¡disfruta!;Helado cucurucho sabor choco nata Hacendado;;0.72;l;3.06;€/l;2.20;leche  desnatada reconstituida, barquillo 18% [harina de trigo, azúcar, manteca de coco, emulgente: lecitina de  soja, sal], recubrimiento del barquillo y decoración superior 18% [chocolate (azúcar, pasta de cacao, manteca de cacao, emulgente: lecitina de soja), manteca de coco],jarabe de glucosa y fructosa, azúcar, manteca de coco, cacao en polvo desgrasado 2.4%, suero de leche en polvo, crocanti de avellanas 1.5% (azúcar y avellanas 20%),  avellanas  caramelizadas 1.5% (avellanas 70% y azúcar),emulgente: monoglicéridos y diglicéridos de ácidos grasos, estabilizantes: goma guar, goma garrofín y carragenanos, proteínas de la leche, sal y aroma. puede contener trazas de otros frutos de cáscara, cacahuete,  huevo, mostaza y altramuz.;8480000642516;0;;;;Ice cream, cone (normal size);39509;sal_g;0.11;g;No certificat
34;2026-07-27 13:06:32;31;2026;43812;Cream ice cream cone Hacendado Frozen food Ice cream Biscuit cones;1;ESPAÑA;64196;34;Congelados;Helados;Cucuruchos;Productos del momento;Elige el tuyo, ¡disfruta!;Helado cucurucho sabor nata Hacendado;;0.72;l;3.06;€/l;2.20;leche  desnatada reconstituida, barquillo 17% [harina de trigo, azúcar, manteca de coco, emulgente: lecitina de  soja, sal], recubrimiento del barquillo y decoración superior 16% [chocolate (azúcar, pasta de cacao, manteca de cacao, emulgente: lecitina de soja), manteca de coco], azúcar, manteca de coco, suero de leche en polvo, jarabe de glucosa y fructosa, crocanti de avellanas 1% (azúcar y avellanas 20%),  avellanas  caramelizadas 1% (avellanas 70% y azúcar),emulgente: monoglicéridos y diglicéridos de ácidos grasos, estabilizantes: goma guar, goma garrofín y carragenanos, proteínas de la leche y aroma. puede contener trazas de otros frutos de cáscara, cacahuete, huevo, mostaza y altramuz.;8410663200211;0;;;;Ice cream, cone (normal size);39509;Energia (kcal);299.0;kcal;No certificat
34;2026-07-27 13:06:32;31;2026;43812;Cream ice cream cone Hacendado Frozen food Ice cream Biscuit cones;1;ESPAÑA;64196;34;Congelados;Helados;Cucuruchos;Productos del momento;Elige el tuyo, ¡disfruta!;Helado cucurucho sabor nata Hacendado;;0.72;l;3.06;€/l;2.20;leche  desnatada reconstituida, barquillo 17% [harina de trigo, azúcar, manteca de coco, emulgente: lecitina de  soja, sal], recubrimiento del barquillo y decoración superior 16% [chocolate (azúcar, pasta de cacao, manteca de cacao, emulgente: lecitina de soja), manteca de coco], azúcar, manteca de coco, suero de leche en polvo, jarabe de glucosa y fructosa, crocanti de avellanas 1% (azúcar y avellanas 20%),  avellanas  caramelizadas 1% (avellanas 70% y azúcar),emulgente: monoglicéridos y diglicéridos de ácidos grasos, estabilizantes: goma guar, goma garrofín y carragenanos, proteínas de la leche y aroma. puede contener trazas de otros frutos de cáscara, cacahuete, huevo, mostaza y altramuz.;8410663200211;0;;;;Ice cream, cone (normal size);39509;Energia (kJ);1252.0;kJ;No certificat
34;2026-07-27 13:06:32;31;2026;43812;Cream ice cream cone Hacendado Frozen food Ice cream Biscuit cones;1;ESPAÑA;64196;34;Congelados;Helados;Cucuruchos;Productos del momento;Elige el tuyo, ¡disfruta!;Helado cucurucho sabor nata Hacendado;;0.72;l;3.06;€/l;2.20;leche  desnatada reconstituida, barquillo 17% [harina de trigo, azúcar, manteca de coco, emulgente: lecitina de  soja, sal], recubrimiento del barquillo y decoración superior 16% [chocolate (azúcar, pasta de cacao, manteca de cacao, emulgente: lecitina de soja), manteca de coco], azúcar, manteca de coco, suero de leche en polvo, jarabe de glucosa y fructosa, crocanti de avellanas 1% (azúcar y avellanas 20%),  avellanas  caramelizadas 1% (avellanas 70% y azúcar),emulgente: monoglicéridos y diglicéridos de ácidos grasos, estabilizantes: goma guar, goma garrofín y carragenanos, proteínas de la leche y aroma. puede contener trazas de otros frutos de cáscara, cacahuete, huevo, mostaza y altramuz.;8410663200211;0;;;;Ice cream, cone (normal size);39509;greixos_totals_g;15.0;g;No certificat
34;2026-07-27 13:06:32;31;2026;43812;Cream ice cream cone Hacendado Frozen food Ice cream Biscuit cones;1;ESPAÑA;64196;34;Congelados;Helados;Cucuruchos;Productos del momento;Elige el tuyo, ¡disfruta!;Helado cucurucho sabor nata Hacendado;;0.72;l;3.06;€/l;2.20;leche  desnatada reconstituida, barquillo 17% [harina de trigo, azúcar, manteca de coco, emulgente: lecitina de  soja, sal], recubrimiento del barquillo y decoración superior 16% [chocolate (azúcar, pasta de cacao, manteca de cacao, emulgente: lecitina de soja), manteca de coco], azúcar, manteca de coco, suero de leche en polvo, jarabe de glucosa y fructosa, crocanti de avellanas 1% (azúcar y avellanas 20%),  avellanas  caramelizadas 1% (avellanas 70% y azúcar),emulgente: monoglicéridos y diglicéridos de ácidos grasos, estabilizantes: goma guar, goma garrofín y carragenanos, proteínas de la leche y aroma. puede contener trazas de otros frutos de cáscara, cacahuete, huevo, mostaza y altramuz.;8410663200211;0;;;;Ice cream, cone (normal size);39509;greixos_saturats_g;12.0;g;No certificat
34;2026-07-27 13:06:32;31;2026;43812;Cream ice cream cone Hacendado Frozen food Ice cream Biscuit cones;1;ESPAÑA;64196;34;Congelados;Helados;Cucuruchos;Productos del momento;Elige el tuyo, ¡disfruta!;Helado cucurucho sabor nata Hacendado;;0.72;l;3.06;€/l;2.20;leche  desnatada reconstituida, barquillo 17% [harina de trigo, azúcar, manteca de coco, emulgente: lecitina de  soja, sal], recubrimiento del barquillo y decoración superior 16% [chocolate (azúcar, pasta de cacao, manteca de cacao, emulgente: lecitina de soja), manteca de coco], azúcar, manteca de coco, suero de leche en polvo, jarabe de glucosa y fructosa, crocanti de avellanas 1% (azúcar y avellanas 20%),  avellanas  caramelizadas 1% (avellanas 70% y azúcar),emulgente: monoglicéridos y diglicéridos de ácidos grasos, estabilizantes: goma guar, goma garrofín y carragenanos, proteínas de la leche y aroma. puede contener trazas de otros frutos de cáscara, cacahuete, huevo, mostaza y altramuz.;8410663200211;0;;;;Ice cream, cone (normal size);39509;hidrats_carboni_g;37.0;g;No certificat
34;2026-07-27 13:06:32;31;2026;43812;Cream ice cream cone Hacendado Frozen food Ice cream Biscuit cones;1;ESPAÑA;64196;34;Congelados;Helados;Cucuruchos;Productos del momento;Elige el tuyo, ¡disfruta!;Helado cucurucho sabor nata Hacendado;;0.72;l;3.06;€/l;2.20;leche  desnatada reconstituida, barquillo 17% [harina de trigo, azúcar, manteca de coco, emulgente: lecitina de  soja, sal], recubrimiento del barquillo y decoración superior 16% [chocolate (azúcar, pasta de cacao, manteca de cacao, emulgente: lecitina de soja), manteca de coco], azúcar, manteca de coco, suero de leche en polvo, jarabe de glucosa y fructosa, crocanti de avellanas 1% (azúcar y avellanas 20%),  avellanas  caramelizadas 1% (avellanas 70% y azúcar),emulgente: monoglicéridos y diglicéridos de ácidos grasos, estabilizantes: goma guar, goma garrofín y carragenanos, proteínas de la leche y aroma. puede contener trazas de otros frutos de cáscara, cacahuete, huevo, mostaza y altramuz.;8410663200211;0;;;;Ice cream, cone (normal size);39509;sucres_g;28.0;g;No certificat
34;2026-07-27 13:06:32;31;2026;43812;Cream ice cream cone Hacendado Frozen food Ice cream Biscuit cones;1;ESPAÑA;64196;34;Congelados;Helados;Cucuruchos;Productos del momento;Elige el tuyo, ¡disfruta!;Helado cucurucho sabor nata Hacendado;;0.72;l;3.06;€/l;2.20;leche  desnatada reconstituida, barquillo 17% [harina de trigo, azúcar, manteca de coco, emulgente: lecitina de  soja, sal], recubrimiento del barquillo y decoración superior 16% [chocolate (azúcar, pasta de cacao, manteca de cacao, emulgente: lecitina de soja), manteca de coco], azúcar, manteca de coco, suero de leche en polvo, jarabe de glucosa y fructosa, crocanti de avellanas 1% (azúcar y avellanas 20%),  avellanas  caramelizadas 1% (avellanas 70% y azúcar),emulgente: monoglicéridos y diglicéridos de ácidos grasos, estabilizantes: goma guar, goma garrofín y carragenanos, proteínas de la leche y aroma. puede contener trazas de otros frutos de cáscara, cacahuete, huevo, mostaza y altramuz.;8410663200211;0;;;;Ice cream, cone (normal size);39509;fibra_g;1.2;g;No certificat
34;2026-07-27 13:06:32;31;2026;43812;Cream ice cream cone Hacendado Frozen food Ice cream Biscuit cones;1;ESPAÑA;64196;34;Congelados;Helados;Cucuruchos;Productos del momento;Elige el tuyo, ¡disfruta!;Helado cucurucho sabor nata Hacendado;;0.72;l;3.06;€/l;2.20;leche  desnatada reconstituida, barquillo 17% [harina de trigo, azúcar, manteca de coco, emulgente: lecitina de  soja, sal], recubrimiento del barquillo y decoración superior 16% [chocolate (azúcar, pasta de cacao, manteca de cacao, emulgente: lecitina de soja), manteca de coco], azúcar, manteca de coco, suero de leche en polvo, jarabe de glucosa y fructosa, crocanti de avellanas 1% (azúcar y avellanas 20%),  avellanas  caramelizadas 1% (avellanas 70% y azúcar),emulgente: monoglicéridos y diglicéridos de ácidos grasos, estabilizantes: goma guar, goma garrofín y carragenanos, proteínas de la leche y aroma. puede contener trazas de otros frutos de cáscara, cacahuete, huevo, mostaza y altramuz.;8410663200211;0;;;;Ice cream, cone (normal size);39509;proteines_g;3.9;g;No certificat
34;2026-07-27 13:06:32;31;2026;43812;Cream ice cream cone Hacendado Frozen food Ice cream Biscuit cones;1;ESPAÑA;64196;34;Congelados;Helados;Cucuruchos;Productos del momento;Elige el tuyo, ¡disfruta!;Helado cucurucho sabor nata Hacendado;;0.72;l;3.06;€/l;2.20;leche  desnatada reconstituida, barquillo 17% [harina de trigo, azúcar, manteca de coco, emulgente: lecitina de  soja, sal], recubrimiento del barquillo y decoración superior 16% [chocolate (azúcar, pasta de cacao, manteca de cacao, emulgente: lecitina de soja), manteca de coco], azúcar, manteca de coco, suero de leche en polvo, jarabe de glucosa y fructosa, crocanti de avellanas 1% (azúcar y avellanas 20%),  avellanas  caramelizadas 1% (avellanas 70% y azúcar),emulgente: monoglicéridos y diglicéridos de ácidos grasos, estabilizantes: goma guar, goma garrofín y carragenanos, proteínas de la leche y aroma. puede contener trazas de otros frutos de cáscara, cacahuete, huevo, mostaza y altramuz.;8410663200211;0;;;;Ice cream, cone (normal size);39509;sal_g;0.15;g;No certificat
35;2026-07-27 13:06:32;31;2026;43812;Strawberry cream ice cream cone Hacendado Frozen food Ice cream Biscuit cones;1;ESPAÑA;64221;35;Congelados;Helados;Cucuruchos;Productos del momento;Elige el tuyo, ¡disfruta!;Helado cucurucho sabor fresa nata Hacendado;;0.72;l;3.06;€/l;2.20;leche desnatada reconstituida, barquillo 17% [harina de trigo , azúcar, manteca de coco, emulgente: lecitina de soja y sal], recubrimiento del barquillo 10% [chocolate (azúcar, pasta de cacao, manteca de cacao, emulgente: lecitina de soja), manteca de coco], azúcar, salsa de fresa 8% [jarabe de glucosa y fructosa, puré de fresa (20%), agua, sacarosa, espesantes(e1422, e440, e415), colorantes (e163, e160a), correctores de acidez (e330, e-270), aroma), manteca de coco, suero de leche en polvo, jarabe de glucosa y fructosa, emulgente: monoglicéridos y diglicéridos de ácidos grasos, estabilizantes (goma guar, goma garrofín y carragenanos), proteínas de la leche, concentrados de vegetales (remolacha y zanahoria) y aromas. puede contener trazas de frutos de cácara, huevo, mostaza y altramuz.;8410663200235;0;;;;Ice cream, cone (normal size);39509;Energia (kcal);270.0;kcal;No certificat
35;2026-07-27 13:06:32;31;2026;43812;Strawberry cream ice cream cone Hacendado Frozen food Ice cream Biscuit cones;1;ESPAÑA;64221;35;Congelados;Helados;Cucuruchos;Productos del momento;Elige el tuyo, ¡disfruta!;Helado cucurucho sabor fresa nata Hacendado;;0.72;l;3.06;€/l;2.20;leche desnatada reconstituida, barquillo 17% [harina de trigo , azúcar, manteca de coco, emulgente: lecitina de soja y sal], recubrimiento del barquillo 10% [chocolate (azúcar, pasta de cacao, manteca de cacao, emulgente: lecitina de soja), manteca de coco], azúcar, salsa de fresa 8% [jarabe de glucosa y fructosa, puré de fresa (20%), agua, sacarosa, espesantes(e1422, e440, e415), colorantes (e163, e160a), correctores de acidez (e330, e-270), aroma), manteca de coco, suero de leche en polvo, jarabe de glucosa y fructosa, emulgente: monoglicéridos y diglicéridos de ácidos grasos, estabilizantes (goma guar, goma garrofín y carragenanos), proteínas de la leche, concentrados de vegetales (remolacha y zanahoria) y aromas. puede contener trazas de frutos de cácara, huevo, mostaza y altramuz.;8410663200235;0;;;;Ice cream, cone (normal size);39509;Energia (kJ);1132.0;kJ;No certificat
35;2026-07-27 13:06:32;31;2026;43812;Strawberry cream ice cream cone Hacendado Frozen food Ice cream Biscuit cones;1;ESPAÑA;64221;35;Congelados;Helados;Cucuruchos;Productos del momento;Elige el tuyo, ¡disfruta!;Helado cucurucho sabor fresa nata Hacendado;;0.72;l;3.06;€/l;2.20;leche desnatada reconstituida, barquillo 17% [harina de trigo , azúcar, manteca de coco, emulgente: lecitina de soja y sal], recubrimiento del barquillo 10% [chocolate (azúcar, pasta de cacao, manteca de cacao, emulgente: lecitina de soja), manteca de coco], azúcar, salsa de fresa 8% [jarabe de glucosa y fructosa, puré de fresa (20%), agua, sacarosa, espesantes(e1422, e440, e415), colorantes (e163, e160a), correctores de acidez (e330, e-270), aroma), manteca de coco, suero de leche en polvo, jarabe de glucosa y fructosa, emulgente: monoglicéridos y diglicéridos de ácidos grasos, estabilizantes (goma guar, goma garrofín y carragenanos), proteínas de la leche, concentrados de vegetales (remolacha y zanahoria) y aromas. puede contener trazas de frutos de cácara, huevo, mostaza y altramuz.;8410663200235;0;;;;Ice cream, cone (normal size);39509;greixos_totals_g;12.0;g;No certificat
35;2026-07-27 13:06:32;31;2026;43812;Strawberry cream ice cream cone Hacendado Frozen food Ice cream Biscuit cones;1;ESPAÑA;64221;35;Congelados;Helados;Cucuruchos;Productos del momento;Elige el tuyo, ¡disfruta!;Helado cucurucho sabor fresa nata Hacendado;;0.72;l;3.06;€/l;2.20;leche desnatada reconstituida, barquillo 17% [harina de trigo , azúcar, manteca de coco, emulgente: lecitina de soja y sal], recubrimiento del barquillo 10% [chocolate (azúcar, pasta de cacao, manteca de cacao, emulgente: lecitina de soja), manteca de coco], azúcar, salsa de fresa 8% [jarabe de glucosa y fructosa, puré de fresa (20%), agua, sacarosa, espesantes(e1422, e440, e415), colorantes (e163, e160a), correctores de acidez (e330, e-270), aroma), manteca de coco, suero de leche en polvo, jarabe de glucosa y fructosa, emulgente: monoglicéridos y diglicéridos de ácidos grasos, estabilizantes (goma guar, goma garrofín y carragenanos), proteínas de la leche, concentrados de vegetales (remolacha y zanahoria) y aromas. puede contener trazas de frutos de cácara, huevo, mostaza y altramuz.;8410663200235;0;;;;Ice cream, cone (normal size);39509;greixos_saturats_g;9.3;g;No certificat
35;2026-07-27 13:06:32;31;2026;43812;Strawberry cream ice cream cone Hacendado Frozen food Ice cream Biscuit cones;1;ESPAÑA;64221;35;Congelados;Helados;Cucuruchos;Productos del momento;Elige el tuyo, ¡disfruta!;Helado cucurucho sabor fresa nata Hacendado;;0.72;l;3.06;€/l;2.20;leche desnatada reconstituida, barquillo 17% [harina de trigo , azúcar, manteca de coco, emulgente: lecitina de soja y sal], recubrimiento del barquillo 10% [chocolate (azúcar, pasta de cacao, manteca de cacao, emulgente: lecitina de soja), manteca de coco], azúcar, salsa de fresa 8% [jarabe de glucosa y fructosa, puré de fresa (20%), agua, sacarosa, espesantes(e1422, e440, e415), colorantes (e163, e160a), correctores de acidez (e330, e-270), aroma), manteca de coco, suero de leche en polvo, jarabe de glucosa y fructosa, emulgente: monoglicéridos y diglicéridos de ácidos grasos, estabilizantes (goma guar, goma garrofín y carragenanos), proteínas de la leche, concentrados de vegetales (remolacha y zanahoria) y aromas. puede contener trazas de frutos de cácara, huevo, mostaza y altramuz.;8410663200235;0;;;;Ice cream, cone (normal size);39509;hidrats_carboni_g;37.0;g;No certificat
35;2026-07-27 13:06:32;31;2026;43812;Strawberry cream ice cream cone Hacendado Frozen food Ice cream Biscuit cones;1;ESPAÑA;64221;35;Congelados;Helados;Cucuruchos;Productos del momento;Elige el tuyo, ¡disfruta!;Helado cucurucho sabor fresa nata Hacendado;;0.72;l;3.06;€/l;2.20;leche desnatada reconstituida, barquillo 17% [harina de trigo , azúcar, manteca de coco, emulgente: lecitina de soja y sal], recubrimiento del barquillo 10% [chocolate (azúcar, pasta de cacao, manteca de cacao, emulgente: lecitina de soja), manteca de coco], azúcar, salsa de fresa 8% [jarabe de glucosa y fructosa, puré de fresa (20%), agua, sacarosa, espesantes(e1422, e440, e415), colorantes (e163, e160a), correctores de acidez (e330, e-270), aroma), manteca de coco, suero de leche en polvo, jarabe de glucosa y fructosa, emulgente: monoglicéridos y diglicéridos de ácidos grasos, estabilizantes (goma guar, goma garrofín y carragenanos), proteínas de la leche, concentrados de vegetales (remolacha y zanahoria) y aromas. puede contener trazas de frutos de cácara, huevo, mostaza y altramuz.;8410663200235;0;;;;Ice cream, cone (normal size);39509;sucres_g;28.0;g;No certificat
35;2026-07-27 13:06:32;31;2026;43812;Strawberry cream ice cream cone Hacendado Frozen food Ice cream Biscuit cones;1;ESPAÑA;64221;35;Congelados;Helados;Cucuruchos;Productos del momento;Elige el tuyo, ¡disfruta!;Helado cucurucho sabor fresa nata Hacendado;;0.72;l;3.06;€/l;2.20;leche desnatada reconstituida, barquillo 17% [harina de trigo , azúcar, manteca de coco, emulgente: lecitina de soja y sal], recubrimiento del barquillo 10% [chocolate (azúcar, pasta de cacao, manteca de cacao, emulgente: lecitina de soja), manteca de coco], azúcar, salsa de fresa 8% [jarabe de glucosa y fructosa, puré de fresa (20%), agua, sacarosa, espesantes(e1422, e440, e415), colorantes (e163, e160a), correctores de acidez (e330, e-270), aroma), manteca de coco, suero de leche en polvo, jarabe de glucosa y fructosa, emulgente: monoglicéridos y diglicéridos de ácidos grasos, estabilizantes (goma guar, goma garrofín y carragenanos), proteínas de la leche, concentrados de vegetales (remolacha y zanahoria) y aromas. puede contener trazas de frutos de cácara, huevo, mostaza y altramuz.;8410663200235;0;;;;Ice cream, cone (normal size);39509;fibra_g;1.0;g;No certificat
35;2026-07-27 13:06:32;31;2026;43812;Strawberry cream ice cream cone Hacendado Frozen food Ice cream Biscuit cones;1;ESPAÑA;64221;35;Congelados;Helados;Cucuruchos;Productos del momento;Elige el tuyo, ¡disfruta!;Helado cucurucho sabor fresa nata Hacendado;;0.72;l;3.06;€/l;2.20;leche desnatada reconstituida, barquillo 17% [harina de trigo , azúcar, manteca de coco, emulgente: lecitina de soja y sal], recubrimiento del barquillo 10% [chocolate (azúcar, pasta de cacao, manteca de cacao, emulgente: lecitina de soja), manteca de coco], azúcar, salsa de fresa 8% [jarabe de glucosa y fructosa, puré de fresa (20%), agua, sacarosa, espesantes(e1422, e440, e415), colorantes (e163, e160a), correctores de acidez (e330, e-270), aroma), manteca de coco, suero de leche en polvo, jarabe de glucosa y fructosa, emulgente: monoglicéridos y diglicéridos de ácidos grasos, estabilizantes (goma guar, goma garrofín y carragenanos), proteínas de la leche, concentrados de vegetales (remolacha y zanahoria) y aromas. puede contener trazas de frutos de cácara, huevo, mostaza y altramuz.;8410663200235;0;;;;Ice cream, cone (normal size);39509;proteines_g;3.6;g;No certificat
35;2026-07-27 13:06:32;31;2026;43812;Strawberry cream ice cream cone Hacendado Frozen food Ice cream Biscuit cones;1;ESPAÑA;64221;35;Congelados;Helados;Cucuruchos;Productos del momento;Elige el tuyo, ¡disfruta!;Helado cucurucho sabor fresa nata Hacendado;;0.72;l;3.06;€/l;2.20;leche desnatada reconstituida, barquillo 17% [harina de trigo , azúcar, manteca de coco, emulgente: lecitina de soja y sal], recubrimiento del barquillo 10% [chocolate (azúcar, pasta de cacao, manteca de cacao, emulgente: lecitina de soja), manteca de coco], azúcar, salsa de fresa 8% [jarabe de glucosa y fructosa, puré de fresa (20%), agua, sacarosa, espesantes(e1422, e440, e415), colorantes (e163, e160a), correctores de acidez (e330, e-270), aroma), manteca de coco, suero de leche en polvo, jarabe de glucosa y fructosa, emulgente: monoglicéridos y diglicéridos de ácidos grasos, estabilizantes (goma guar, goma garrofín y carragenanos), proteínas de la leche, concentrados de vegetales (remolacha y zanahoria) y aromas. puede contener trazas de frutos de cácara, huevo, mostaza y altramuz.;8410663200235;0;;;;Ice cream, cone (normal size);39509;sal_g;0.15;g;No certificat
36;2026-07-27 13:06:32;31;2026;43812;Vanilla ice cream cone Hacendado Frozen food Ice cream Biscuit cones;1;ESPAÑA;86236;36;Congelados;Helados;Cucuruchos;Productos del momento;Elige el tuyo, ¡disfruta!;Helado cucurucho sabor vainilla Hacendado;;0.72;l;3.06;€/l;2.20;leche  desnatada reconstituida, barquillo 18% [harina de trigo, azúcar, grasa de coco, emulgente: lecitina de  soja, sal], recubrimiento del barquillo y decoración superior 18% [chocolate (azúcar, pasta de cacao, manteca de cacao, emulgente: lecitina de soja), grasa de coco], azúcar, grasa de coco, avellanas  caramelizadas 3% (avellanas 70%, azúcar),  suero de leche en polvo, jarabe de glucosa y fructosa, emulgente: monoglicéridos y diglicéridos de ácidos grasos, estabilizantes (goma guar, goma garrofín, carragenanos), proteínas de la leche, colorantes (norbixina de bija, curcumina), aroma. puede contener trazas de otros frutos de cáscara, cacahuete, huevo, mostaza y altramuz.;8480000862365;0;;;;Ice cream, cone (normal size);39509;Energia (kcal);320.0;kcal;No certificat
36;2026-07-27 13:06:32;31;2026;43812;Vanilla ice cream cone Hacendado Frozen food Ice cream Biscuit cones;1;ESPAÑA;86236;36;Congelados;Helados;Cucuruchos;Productos del momento;Elige el tuyo, ¡disfruta!;Helado cucurucho sabor vainilla Hacendado;;0.72;l;3.06;€/l;2.20;leche  desnatada reconstituida, barquillo 18% [harina de trigo, azúcar, grasa de coco, emulgente: lecitina de  soja, sal], recubrimiento del barquillo y decoración superior 18% [chocolate (azúcar, pasta de cacao, manteca de cacao, emulgente: lecitina de soja), grasa de coco], azúcar, grasa de coco, avellanas  caramelizadas 3% (avellanas 70%, azúcar),  suero de leche en polvo, jarabe de glucosa y fructosa, emulgente: monoglicéridos y diglicéridos de ácidos grasos, estabilizantes (goma guar, goma garrofín, carragenanos), proteínas de la leche, colorantes (norbixina de bija, curcumina), aroma. puede contener trazas de otros frutos de cáscara, cacahuete, huevo, mostaza y altramuz.;8480000862365;0;;;;Ice cream, cone (normal size);39509;Energia (kJ);1338.0;kJ;No certificat
36;2026-07-27 13:06:32;31;2026;43812;Vanilla ice cream cone Hacendado Frozen food Ice cream Biscuit cones;1;ESPAÑA;86236;36;Congelados;Helados;Cucuruchos;Productos del momento;Elige el tuyo, ¡disfruta!;Helado cucurucho sabor vainilla Hacendado;;0.72;l;3.06;€/l;2.20;leche  desnatada reconstituida, barquillo 18% [harina de trigo, azúcar, grasa de coco, emulgente: lecitina de  soja, sal], recubrimiento del barquillo y decoración superior 18% [chocolate (azúcar, pasta de cacao, manteca de cacao, emulgente: lecitina de soja), grasa de coco], azúcar, grasa de coco, avellanas  caramelizadas 3% (avellanas 70%, azúcar),  suero de leche en polvo, jarabe de glucosa y fructosa, emulgente: monoglicéridos y diglicéridos de ácidos grasos, estabilizantes (goma guar, goma garrofín, carragenanos), proteínas de la leche, colorantes (norbixina de bija, curcumina), aroma. puede contener trazas de otros frutos de cáscara, cacahuete, huevo, mostaza y altramuz.;8480000862365;0;;;;Ice cream, cone (normal size);39509;greixos_totals_g;17.0;g;No certificat
36;2026-07-27 13:06:32;31;2026;43812;Vanilla ice cream cone Hacendado Frozen food Ice cream Biscuit cones;1;ESPAÑA;86236;36;Congelados;Helados;Cucuruchos;Productos del momento;Elige el tuyo, ¡disfruta!;Helado cucurucho sabor vainilla Hacendado;;0.72;l;3.06;€/l;2.20;leche  desnatada reconstituida, barquillo 18% [harina de trigo, azúcar, grasa de coco, emulgente: lecitina de  soja, sal], recubrimiento del barquillo y decoración superior 18% [chocolate (azúcar, pasta de cacao, manteca de cacao, emulgente: lecitina de soja), grasa de coco], azúcar, grasa de coco, avellanas  caramelizadas 3% (avellanas 70%, azúcar),  suero de leche en polvo, jarabe de glucosa y fructosa, emulgente: monoglicéridos y diglicéridos de ácidos grasos, estabilizantes (goma guar, goma garrofín, carragenanos), proteínas de la leche, colorantes (norbixina de bija, curcumina), aroma. puede contener trazas de otros frutos de cáscara, cacahuete, huevo, mostaza y altramuz.;8480000862365;0;;;;Ice cream, cone (normal size);39509;greixos_saturats_g;13.0;g;No certificat
36;2026-07-27 13:06:32;31;2026;43812;Vanilla ice cream cone Hacendado Frozen food Ice cream Biscuit cones;1;ESPAÑA;86236;36;Congelados;Helados;Cucuruchos;Productos del momento;Elige el tuyo, ¡disfruta!;Helado cucurucho sabor vainilla Hacendado;;0.72;l;3.06;€/l;2.20;leche  desnatada reconstituida, barquillo 18% [harina de trigo, azúcar, grasa de coco, emulgente: lecitina de  soja, sal], recubrimiento del barquillo y decoración superior 18% [chocolate (azúcar, pasta de cacao, manteca de cacao, emulgente: lecitina de soja), grasa de coco], azúcar, grasa de coco, avellanas  caramelizadas 3% (avellanas 70%, azúcar),  suero de leche en polvo, jarabe de glucosa y fructosa, emulgente: monoglicéridos y diglicéridos de ácidos grasos, estabilizantes (goma guar, goma garrofín, carragenanos), proteínas de la leche, colorantes (norbixina de bija, curcumina), aroma. puede contener trazas de otros frutos de cáscara, cacahuete, huevo, mostaza y altramuz.;8480000862365;0;;;;Ice cream, cone (normal size);39509;hidrats_carboni_g;37.0;g;No certificat
36;2026-07-27 13:06:32;31;2026;43812;Vanilla ice cream cone Hacendado Frozen food Ice cream Biscuit cones;1;ESPAÑA;86236;36;Congelados;Helados;Cucuruchos;Productos del momento;Elige el tuyo, ¡disfruta!;Helado cucurucho sabor vainilla Hacendado;;0.72;l;3.06;€/l;2.20;leche  desnatada reconstituida, barquillo 18% [harina de trigo, azúcar, grasa de coco, emulgente: lecitina de  soja, sal], recubrimiento del barquillo y decoración superior 18% [chocolate (azúcar, pasta de cacao, manteca de cacao, emulgente: lecitina de soja), grasa de coco], azúcar, grasa de coco, avellanas  caramelizadas 3% (avellanas 70%, azúcar),  suero de leche en polvo, jarabe de glucosa y fructosa, emulgente: monoglicéridos y diglicéridos de ácidos grasos, estabilizantes (goma guar, goma garrofín, carragenanos), proteínas de la leche, colorantes (norbixina de bija, curcumina), aroma. puede contener trazas de otros frutos de cáscara, cacahuete, huevo, mostaza y altramuz.;8480000862365;0;;;;Ice cream, cone (normal size);39509;sucres_g;28.0;g;No certificat
36;2026-07-27 13:06:32;31;2026;43812;Vanilla ice cream cone Hacendado Frozen food Ice cream Biscuit cones;1;ESPAÑA;86236;36;Congelados;Helados;Cucuruchos;Productos del momento;Elige el tuyo, ¡disfruta!;Helado cucurucho sabor vainilla Hacendado;;0.72;l;3.06;€/l;2.20;leche  desnatada reconstituida, barquillo 18% [harina de trigo, azúcar, grasa de coco, emulgente: lecitina de  soja, sal], recubrimiento del barquillo y decoración superior 18% [chocolate (azúcar, pasta de cacao, manteca de cacao, emulgente: lecitina de soja), grasa de coco], azúcar, grasa de coco, avellanas  caramelizadas 3% (avellanas 70%, azúcar),  suero de leche en polvo, jarabe de glucosa y fructosa, emulgente: monoglicéridos y diglicéridos de ácidos grasos, estabilizantes (goma guar, goma garrofín, carragenanos), proteínas de la leche, colorantes (norbixina de bija, curcumina), aroma. puede contener trazas de otros frutos de cáscara, cacahuete, huevo, mostaza y altramuz.;8480000862365;0;;;;Ice cream, cone (normal size);39509;fibra_g;1.5;g;No certificat
36;2026-07-27 13:06:32;31;2026;43812;Vanilla ice cream cone Hacendado Frozen food Ice cream Biscuit cones;1;ESPAÑA;86236;36;Congelados;Helados;Cucuruchos;Productos del momento;Elige el tuyo, ¡disfruta!;Helado cucurucho sabor vainilla Hacendado;;0.72;l;3.06;€/l;2.20;leche  desnatada reconstituida, barquillo 18% [harina de trigo, azúcar, grasa de coco, emulgente: lecitina de  soja, sal], recubrimiento del barquillo y decoración superior 18% [chocolate (azúcar, pasta de cacao, manteca de cacao, emulgente: lecitina de soja), grasa de coco], azúcar, grasa de coco, avellanas  caramelizadas 3% (avellanas 70%, azúcar),  suero de leche en polvo, jarabe de glucosa y fructosa, emulgente: monoglicéridos y diglicéridos de ácidos grasos, estabilizantes (goma guar, goma garrofín, carragenanos), proteínas de la leche, colorantes (norbixina de bija, curcumina), aroma. puede contener trazas de otros frutos de cáscara, cacahuete, huevo, mostaza y altramuz.;8480000862365;0;;;;Ice cream, cone (normal size);39509;proteines_g;4.0;g;No certificat
36;2026-07-27 13:06:32;31;2026;43812;Vanilla ice cream cone Hacendado Frozen food Ice cream Biscuit cones;1;ESPAÑA;86236;36;Congelados;Helados;Cucuruchos;Productos del momento;Elige el tuyo, ¡disfruta!;Helado cucurucho sabor vainilla Hacendado;;0.72;l;3.06;€/l;2.20;leche  desnatada reconstituida, barquillo 18% [harina de trigo, azúcar, grasa de coco, emulgente: lecitina de  soja, sal], recubrimiento del barquillo y decoración superior 18% [chocolate (azúcar, pasta de cacao, manteca de cacao, emulgente: lecitina de soja), grasa de coco], azúcar, grasa de coco, avellanas  caramelizadas 3% (avellanas 70%, azúcar),  suero de leche en polvo, jarabe de glucosa y fructosa, emulgente: monoglicéridos y diglicéridos de ácidos grasos, estabilizantes (goma guar, goma garrofín, carragenanos), proteínas de la leche, colorantes (norbixina de bija, curcumina), aroma. puede contener trazas de otros frutos de cáscara, cacahuete, huevo, mostaza y altramuz.;8480000862365;0;;;;Ice cream, cone (normal size);39509;sal_g;0.22;g;No certificat
37;2026-07-27 13:06:33;31;2026;43812;Mini ice pops Hacendado Frozen food Ice cream Slushies and frozen ice creams;1;España;64087;37;Congelados;Helados;Granizados y helados de hielo;Productos del momento;Elige el tuyo, ¡disfruta!;Mini helados hielo sorbetes Hacendado;;0.27;l;6.67;€/l;1.80;sorbetes con fresas, manzana, naranja, mandarina y lima-limón.ingredientes: agua, pulpa y zumos de frutas a partir de concentrados (17,5%) (fresas (28,6%), manzana (21,1%), limón (17,7%), naranja (16,6%), mandarina (14,8%), lima (1,1%)), fructosa, azúcar, jarabe de glucosa y fructosa, maltodextrina, estabilizantes (goma guar, carragenanos, goma garrofín), emulgente (monoglicéridos y diglicéridos de ácidos grasos), aromas naturales, acidulante (ácido cítrico), colorantes (rojo de remolacha, carotenos, luteína, curcumina), concentrados de espirulina, batata, zumo de manzana y zanahoria. trazas de proteínas de leche.;8480000640871;0;;;;Ice lolly;39526;Energia (kcal);87.0;kcal;Gluten-free
37;2026-07-27 13:06:33;31;2026;43812;Mini ice pops Hacendado Frozen food Ice cream Slushies and frozen ice creams;1;España;64087;37;Congelados;Helados;Granizados y helados de hielo;Productos del momento;Elige el tuyo, ¡disfruta!;Mini helados hielo sorbetes Hacendado;;0.27;l;6.67;€/l;1.80;sorbetes con fresas, manzana, naranja, mandarina y lima-limón.ingredientes: agua, pulpa y zumos de frutas a partir de concentrados (17,5%) (fresas (28,6%), manzana (21,1%), limón (17,7%), naranja (16,6%), mandarina (14,8%), lima (1,1%)), fructosa, azúcar, jarabe de glucosa y fructosa, maltodextrina, estabilizantes (goma guar, carragenanos, goma garrofín), emulgente (monoglicéridos y diglicéridos de ácidos grasos), aromas naturales, acidulante (ácido cítrico), colorantes (rojo de remolacha, carotenos, luteína, curcumina), concentrados de espirulina, batata, zumo de manzana y zanahoria. trazas de proteínas de leche.;8480000640871;0;;;;Ice lolly;39526;Energia (kcal);87.0;kcal;Lactose-free
37;2026-07-27 13:06:33;31;2026;43812;Mini ice pops Hacendado Frozen food Ice cream Slushies and frozen ice creams;1;España;64087;37;Congelados;Helados;Granizados y helados de hielo;Productos del momento;Elige el tuyo, ¡disfruta!;Mini helados hielo sorbetes Hacendado;;0.27;l;6.67;€/l;1.80;sorbetes con fresas, manzana, naranja, mandarina y lima-limón.ingredientes: agua, pulpa y zumos de frutas a partir de concentrados (17,5%) (fresas (28,6%), manzana (21,1%), limón (17,7%), naranja (16,6%), mandarina (14,8%), lima (1,1%)), fructosa, azúcar, jarabe de glucosa y fructosa, maltodextrina, estabilizantes (goma guar, carragenanos, goma garrofín), emulgente (monoglicéridos y diglicéridos de ácidos grasos), aromas naturales, acidulante (ácido cítrico), colorantes (rojo de remolacha, carotenos, luteína, curcumina), concentrados de espirulina, batata, zumo de manzana y zanahoria. trazas de proteínas de leche.;8480000640871;0;;;;Ice lolly;39526;Energia (kJ);370.0;kJ;Gluten-free
37;2026-07-27 13:06:33;31;2026;43812;Mini ice pops Hacendado Frozen food Ice cream Slushies and frozen ice creams;1;España;64087;37;Congelados;Helados;Granizados y helados de hielo;Productos del momento;Elige el tuyo, ¡disfruta!;Mini helados hielo sorbetes Hacendado;;0.27;l;6.67;€/l;1.80;sorbetes con fresas, manzana, naranja, mandarina y lima-limón.ingredientes: agua, pulpa y zumos de frutas a partir de concentrados (17,5%) (fresas (28,6%), manzana (21,1%), limón (17,7%), naranja (16,6%), mandarina (14,8%), lima (1,1%)), fructosa, azúcar, jarabe de glucosa y fructosa, maltodextrina, estabilizantes (goma guar, carragenanos, goma garrofín), emulgente (monoglicéridos y diglicéridos de ácidos grasos), aromas naturales, acidulante (ácido cítrico), colorantes (rojo de remolacha, carotenos, luteína, curcumina), concentrados de espirulina, batata, zumo de manzana y zanahoria. trazas de proteínas de leche.;8480000640871;0;;;;Ice lolly;39526;Energia (kJ);370.0;kJ;Lactose-free
37;2026-07-27 13:06:33;31;2026;43812;Mini ice pops Hacendado Frozen food Ice cream Slushies and frozen ice creams;1;España;64087;37;Congelados;Helados;Granizados y helados de hielo;Productos del momento;Elige el tuyo, ¡disfruta!;Mini helados hielo sorbetes Hacendado;;0.27;l;6.67;€/l;1.80;sorbetes con fresas, manzana, naranja, mandarina y lima-limón.ingredientes: agua, pulpa y zumos de frutas a partir de concentrados (17,5%) (fresas (28,6%), manzana (21,1%), limón (17,7%), naranja (16,6%), mandarina (14,8%), lima (1,1%)), fructosa, azúcar, jarabe de glucosa y fructosa, maltodextrina, estabilizantes (goma guar, carragenanos, goma garrofín), emulgente (monoglicéridos y diglicéridos de ácidos grasos), aromas naturales, acidulante (ácido cítrico), colorantes (rojo de remolacha, carotenos, luteína, curcumina), concentrados de espirulina, batata, zumo de manzana y zanahoria. trazas de proteínas de leche.;8480000640871;0;;;;Ice lolly;39526;greixos_totals_g;0.5;g;Gluten-free
37;2026-07-27 13:06:33;31;2026;43812;Mini ice pops Hacendado Frozen food Ice cream Slushies and frozen ice creams;1;España;64087;37;Congelados;Helados;Granizados y helados de hielo;Productos del momento;Elige el tuyo, ¡disfruta!;Mini helados hielo sorbetes Hacendado;;0.27;l;6.67;€/l;1.80;sorbetes con fresas, manzana, naranja, mandarina y lima-limón.ingredientes: agua, pulpa y zumos de frutas a partir de concentrados (17,5%) (fresas (28,6%), manzana (21,1%), limón (17,7%), naranja (16,6%), mandarina (14,8%), lima (1,1%)), fructosa, azúcar, jarabe de glucosa y fructosa, maltodextrina, estabilizantes (goma guar, carragenanos, goma garrofín), emulgente (monoglicéridos y diglicéridos de ácidos grasos), aromas naturales, acidulante (ácido cítrico), colorantes (rojo de remolacha, carotenos, luteína, curcumina), concentrados de espirulina, batata, zumo de manzana y zanahoria. trazas de proteínas de leche.;8480000640871;0;;;;Ice lolly;39526;greixos_totals_g;0.5;g;Lactose-free
37;2026-07-27 13:06:33;31;2026;43812;Mini ice pops Hacendado Frozen food Ice cream Slushies and frozen ice creams;1;España;64087;37;Congelados;Helados;Granizados y helados de hielo;Productos del momento;Elige el tuyo, ¡disfruta!;Mini helados hielo sorbetes Hacendado;;0.27;l;6.67;€/l;1.80;sorbetes con fresas, manzana, naranja, mandarina y lima-limón.ingredientes: agua, pulpa y zumos de frutas a partir de concentrados (17,5%) (fresas (28,6%), manzana (21,1%), limón (17,7%), naranja (16,6%), mandarina (14,8%), lima (1,1%)), fructosa, azúcar, jarabe de glucosa y fructosa, maltodextrina, estabilizantes (goma guar, carragenanos, goma garrofín), emulgente (monoglicéridos y diglicéridos de ácidos grasos), aromas naturales, acidulante (ácido cítrico), colorantes (rojo de remolacha, carotenos, luteína, curcumina), concentrados de espirulina, batata, zumo de manzana y zanahoria. trazas de proteínas de leche.;8480000640871;0;;;;Ice lolly;39526;greixos_saturats_g;0.3;g;Gluten-free
37;2026-07-27 13:06:33;31;2026;43812;Mini ice pops Hacendado Frozen food Ice cream Slushies and frozen ice creams;1;España;64087;37;Congelados;Helados;Granizados y helados de hielo;Productos del momento;Elige el tuyo, ¡disfruta!;Mini helados hielo sorbetes Hacendado;;0.27;l;6.67;€/l;1.80;sorbetes con fresas, manzana, naranja, mandarina y lima-limón.ingredientes: agua, pulpa y zumos de frutas a partir de concentrados (17,5%) (fresas (28,6%), manzana (21,1%), limón (17,7%), naranja (16,6%), mandarina (14,8%), lima (1,1%)), fructosa, azúcar, jarabe de glucosa y fructosa, maltodextrina, estabilizantes (goma guar, carragenanos, goma garrofín), emulgente (monoglicéridos y diglicéridos de ácidos grasos), aromas naturales, acidulante (ácido cítrico), colorantes (rojo de remolacha, carotenos, luteína, curcumina), concentrados de espirulina, batata, zumo de manzana y zanahoria. trazas de proteínas de leche.;8480000640871;0;;;;Ice lolly;39526;greixos_saturats_g;0.3;g;Lactose-free
37;2026-07-27 13:06:33;31;2026;43812;Mini ice pops Hacendado Frozen food Ice cream Slushies and frozen ice creams;1;España;64087;37;Congelados;Helados;Granizados y helados de hielo;Productos del momento;Elige el tuyo, ¡disfruta!;Mini helados hielo sorbetes Hacendado;;0.27;l;6.67;€/l;1.80;sorbetes con fresas, manzana, naranja, mandarina y lima-limón.ingredientes: agua, pulpa y zumos de frutas a partir de concentrados (17,5%) (fresas (28,6%), manzana (21,1%), limón (17,7%), naranja (16,6%), mandarina (14,8%), lima (1,1%)), fructosa, azúcar, jarabe de glucosa y fructosa, maltodextrina, estabilizantes (goma guar, carragenanos, goma garrofín), emulgente (monoglicéridos y diglicéridos de ácidos grasos), aromas naturales, acidulante (ácido cítrico), colorantes (rojo de remolacha, carotenos, luteína, curcumina), concentrados de espirulina, batata, zumo de manzana y zanahoria. trazas de proteínas de leche.;8480000640871;0;;;;Ice lolly;39526;hidrats_carboni_g;20.0;g;Gluten-free
37;2026-07-27 13:06:33;31;2026;43812;Mini ice pops Hacendado Frozen food Ice cream Slushies and frozen ice creams;1;España;64087;37;Congelados;Helados;Granizados y helados de hielo;Productos del momento;Elige el tuyo, ¡disfruta!;Mini helados hielo sorbetes Hacendado;;0.27;l;6.67;€/l;1.80;sorbetes con fresas, manzana, naranja, mandarina y lima-limón.ingredientes: agua, pulpa y zumos de frutas a partir de concentrados (17,5%) (fresas (28,6%), manzana (21,1%), limón (17,7%), naranja (16,6%), mandarina (14,8%), lima (1,1%)), fructosa, azúcar, jarabe de glucosa y fructosa, maltodextrina, estabilizantes (goma guar, carragenanos, goma garrofín), emulgente (monoglicéridos y diglicéridos de ácidos grasos), aromas naturales, acidulante (ácido cítrico), colorantes (rojo de remolacha, carotenos, luteína, curcumina), concentrados de espirulina, batata, zumo de manzana y zanahoria. trazas de proteínas de leche.;8480000640871;0;;;;Ice lolly;39526;hidrats_carboni_g;20.0;g;Lactose-free
37;2026-07-27 13:06:33;31;2026;43812;Mini ice pops Hacendado Frozen food Ice cream Slushies and frozen ice creams;1;España;64087;37;Congelados;Helados;Granizados y helados de hielo;Productos del momento;Elige el tuyo, ¡disfruta!;Mini helados hielo sorbetes Hacendado;;0.27;l;6.67;€/l;1.80;sorbetes con fresas, manzana, naranja, mandarina y lima-limón.ingredientes: agua, pulpa y zumos de frutas a partir de concentrados (17,5%) (fresas (28,6%), manzana (21,1%), limón (17,7%), naranja (16,6%), mandarina (14,8%), lima (1,1%)), fructosa, azúcar, jarabe de glucosa y fructosa, maltodextrina, estabilizantes (goma guar, carragenanos, goma garrofín), emulgente (monoglicéridos y diglicéridos de ácidos grasos), aromas naturales, acidulante (ácido cítrico), colorantes (rojo de remolacha, carotenos, luteína, curcumina), concentrados de espirulina, batata, zumo de manzana y zanahoria. trazas de proteínas de leche.;8480000640871;0;;;;Ice lolly;39526;sucres_g;17.0;g;Gluten-free
37;2026-07-27 13:06:33;31;2026;43812;Mini ice pops Hacendado Frozen food Ice cream Slushies and frozen ice creams;1;España;64087;37;Congelados;Helados;Granizados y helados de hielo;Productos del momento;Elige el tuyo, ¡disfruta!;Mini helados hielo sorbetes Hacendado;;0.27;l;6.67;€/l;1.80;sorbetes con fresas, manzana, naranja, mandarina y lima-limón.ingredientes: agua, pulpa y zumos de frutas a partir de concentrados (17,5%) (fresas (28,6%), manzana (21,1%), limón (17,7%), naranja (16,6%), mandarina (14,8%), lima (1,1%)), fructosa, azúcar, jarabe de glucosa y fructosa, maltodextrina, estabilizantes (goma guar, carragenanos, goma garrofín), emulgente (monoglicéridos y diglicéridos de ácidos grasos), aromas naturales, acidulante (ácido cítrico), colorantes (rojo de remolacha, carotenos, luteína, curcumina), concentrados de espirulina, batata, zumo de manzana y zanahoria. trazas de proteínas de leche.;8480000640871;0;;;;Ice lolly;39526;sucres_g;17.0;g;Lactose-free
37;2026-07-27 13:06:33;31;2026;43812;Mini ice pops Hacendado Frozen food Ice cream Slushies and frozen ice creams;1;España;64087;37;Congelados;Helados;Granizados y helados de hielo;Productos del momento;Elige el tuyo, ¡disfruta!;Mini helados hielo sorbetes Hacendado;;0.27;l;6.67;€/l;1.80;sorbetes con fresas, manzana, naranja, mandarina y lima-limón.ingredientes: agua, pulpa y zumos de frutas a partir de concentrados (17,5%) (fresas (28,6%), manzana (21,1%), limón (17,7%), naranja (16,6%), mandarina (14,8%), lima (1,1%)), fructosa, azúcar, jarabe de glucosa y fructosa, maltodextrina, estabilizantes (goma guar, carragenanos, goma garrofín), emulgente (monoglicéridos y diglicéridos de ácidos grasos), aromas naturales, acidulante (ácido cítrico), colorantes (rojo de remolacha, carotenos, luteína, curcumina), concentrados de espirulina, batata, zumo de manzana y zanahoria. trazas de proteínas de leche.;8480000640871;0;;;;Ice lolly;39526;proteines_g;0.5;g;Gluten-free
37;2026-07-27 13:06:33;31;2026;43812;Mini ice pops Hacendado Frozen food Ice cream Slushies and frozen ice creams;1;España;64087;37;Congelados;Helados;Granizados y helados de hielo;Productos del momento;Elige el tuyo, ¡disfruta!;Mini helados hielo sorbetes Hacendado;;0.27;l;6.67;€/l;1.80;sorbetes con fresas, manzana, naranja, mandarina y lima-limón.ingredientes: agua, pulpa y zumos de frutas a partir de concentrados (17,5%) (fresas (28,6%), manzana (21,1%), limón (17,7%), naranja (16,6%), mandarina (14,8%), lima (1,1%)), fructosa, azúcar, jarabe de glucosa y fructosa, maltodextrina, estabilizantes (goma guar, carragenanos, goma garrofín), emulgente (monoglicéridos y diglicéridos de ácidos grasos), aromas naturales, acidulante (ácido cítrico), colorantes (rojo de remolacha, carotenos, luteína, curcumina), concentrados de espirulina, batata, zumo de manzana y zanahoria. trazas de proteínas de leche.;8480000640871;0;;;;Ice lolly;39526;proteines_g;0.5;g;Lactose-free
37;2026-07-27 13:06:33;31;2026;43812;Mini ice pops Hacendado Frozen food Ice cream Slushies and frozen ice creams;1;España;64087;37;Congelados;Helados;Granizados y helados de hielo;Productos del momento;Elige el tuyo, ¡disfruta!;Mini helados hielo sorbetes Hacendado;;0.27;l;6.67;€/l;1.80;sorbetes con fresas, manzana, naranja, mandarina y lima-limón.ingredientes: agua, pulpa y zumos de frutas a partir de concentrados (17,5%) (fresas (28,6%), manzana (21,1%), limón (17,7%), naranja (16,6%), mandarina (14,8%), lima (1,1%)), fructosa, azúcar, jarabe de glucosa y fructosa, maltodextrina, estabilizantes (goma guar, carragenanos, goma garrofín), emulgente (monoglicéridos y diglicéridos de ácidos grasos), aromas naturales, acidulante (ácido cítrico), colorantes (rojo de remolacha, carotenos, luteína, curcumina), concentrados de espirulina, batata, zumo de manzana y zanahoria. trazas de proteínas de leche.;8480000640871;0;;;;Ice lolly;39526;sal_g;0.03;g;Gluten-free
37;2026-07-27 13:06:33;31;2026;43812;Mini ice pops Hacendado Frozen food Ice cream Slushies and frozen ice creams;1;España;64087;37;Congelados;Helados;Granizados y helados de hielo;Productos del momento;Elige el tuyo, ¡disfruta!;Mini helados hielo sorbetes Hacendado;;0.27;l;6.67;€/l;1.80;sorbetes con fresas, manzana, naranja, mandarina y lima-limón.ingredientes: agua, pulpa y zumos de frutas a partir de concentrados (17,5%) (fresas (28,6%), manzana (21,1%), limón (17,7%), naranja (16,6%), mandarina (14,8%), lima (1,1%)), fructosa, azúcar, jarabe de glucosa y fructosa, maltodextrina, estabilizantes (goma guar, carragenanos, goma garrofín), emulgente (monoglicéridos y diglicéridos de ácidos grasos), aromas naturales, acidulante (ácido cítrico), colorantes (rojo de remolacha, carotenos, luteína, curcumina), concentrados de espirulina, batata, zumo de manzana y zanahoria. trazas de proteínas de leche.;8480000640871;0;;;;Ice lolly;39526;sal_g;0.03;g;Lactose-free
38;2026-07-27 13:06:33;31;2026;43812;Cookie dough ice cream vainilla with chocolate cookie pieces and caramel sauce Hacendado Frozen food Ice cream Tubs;1;Alemania;60684;38;Congelados;Helados;Tarrinas;Productos del momento;Elige el tuyo, ¡disfruta!;Helado cookie dough Hacendado vainilla con trozos de galleta y salsa de caramelo;;0.5;l;6.70;€/l;3.35;;8402001020865;0;;;;Ice cream, in box;39515;Energia (kcal);275.0;kcal;No certificat
38;2026-07-27 13:06:33;31;2026;43812;Cookie dough ice cream vainilla with chocolate cookie pieces and caramel sauce Hacendado Frozen food Ice cream Tubs;1;Alemania;60684;38;Congelados;Helados;Tarrinas;Productos del momento;Elige el tuyo, ¡disfruta!;Helado cookie dough Hacendado vainilla con trozos de galleta y salsa de caramelo;;0.5;l;6.70;€/l;3.35;;8402001020865;0;;;;Ice cream, in box;39515;Energia (kJ);1149.0;kJ;No certificat
38;2026-07-27 13:06:33;31;2026;43812;Cookie dough ice cream vainilla with chocolate cookie pieces and caramel sauce Hacendado Frozen food Ice cream Tubs;1;Alemania;60684;38;Congelados;Helados;Tarrinas;Productos del momento;Elige el tuyo, ¡disfruta!;Helado cookie dough Hacendado vainilla con trozos de galleta y salsa de caramelo;;0.5;l;6.70;€/l;3.35;;8402001020865;0;;;;Ice cream, in box;39515;greixos_totals_g;14.0;g;No certificat
38;2026-07-27 13:06:33;31;2026;43812;Cookie dough ice cream vainilla with chocolate cookie pieces and caramel sauce Hacendado Frozen food Ice cream Tubs;1;Alemania;60684;38;Congelados;Helados;Tarrinas;Productos del momento;Elige el tuyo, ¡disfruta!;Helado cookie dough Hacendado vainilla con trozos de galleta y salsa de caramelo;;0.5;l;6.70;€/l;3.35;;8402001020865;0;;;;Ice cream, in box;39515;greixos_saturats_g;9.0;g;No certificat
38;2026-07-27 13:06:33;31;2026;43812;Cookie dough ice cream vainilla with chocolate cookie pieces and caramel sauce Hacendado Frozen food Ice cream Tubs;1;Alemania;60684;38;Congelados;Helados;Tarrinas;Productos del momento;Elige el tuyo, ¡disfruta!;Helado cookie dough Hacendado vainilla con trozos de galleta y salsa de caramelo;;0.5;l;6.70;€/l;3.35;;8402001020865;0;;;;Ice cream, in box;39515;hidrats_carboni_g;33.6;g;No certificat
38;2026-07-27 13:06:33;31;2026;43812;Cookie dough ice cream vainilla with chocolate cookie pieces and caramel sauce Hacendado Frozen food Ice cream Tubs;1;Alemania;60684;38;Congelados;Helados;Tarrinas;Productos del momento;Elige el tuyo, ¡disfruta!;Helado cookie dough Hacendado vainilla con trozos de galleta y salsa de caramelo;;0.5;l;6.70;€/l;3.35;;8402001020865;0;;;;Ice cream, in box;39515;sucres_g;28.7;g;No certificat
38;2026-07-27 13:06:33;31;2026;43812;Cookie dough ice cream vainilla with chocolate cookie pieces and caramel sauce Hacendado Frozen food Ice cream Tubs;1;Alemania;60684;38;Congelados;Helados;Tarrinas;Productos del momento;Elige el tuyo, ¡disfruta!;Helado cookie dough Hacendado vainilla con trozos de galleta y salsa de caramelo;;0.5;l;6.70;€/l;3.35;;8402001020865;0;;;;Ice cream, in box;39515;proteines_g;3.4;g;No certificat
38;2026-07-27 13:06:33;31;2026;43812;Cookie dough ice cream vainilla with chocolate cookie pieces and caramel sauce Hacendado Frozen food Ice cream Tubs;1;Alemania;60684;38;Congelados;Helados;Tarrinas;Productos del momento;Elige el tuyo, ¡disfruta!;Helado cookie dough Hacendado vainilla con trozos de galleta y salsa de caramelo;;0.5;l;6.70;€/l;3.35;;8402001020865;0;;;;Ice cream, in box;39515;sal_g;0.28;g;No certificat
39;2026-07-27 13:06:33;31;2026;43812;Peanut butter cups ice cream with tartlet pieces Hacendado Frozen food Ice cream Tubs;1;Países Bajos;60683;39;Congelados;Helados;Tarrinas;Productos del momento;Elige el tuyo, ¡disfruta!;Helado peanut butter cups Hacendado mantequilla de cacahuete con trocitos de tartaletas;;0.5;l;6.70;€/l;3.35;leche desnatada, azúcar, nata (leche) 16%, pasta de cacahuete 6,6%, aceite de coco, yema de huevo, cacahuete 2,4%, harina de cacahuete 1,6%, leche desnatada en polvo,leche entera en polvo, cacao magro en polvo, sal, estabilizantes (goma garrofín, goma guar), emulgente (lecitina de soja), extracto natural de vainilla. puede contener trazas de frutos de cáscara.;8402001019241;0;;;;Ice cream, in box;39515;Energia (kcal);289.0;kcal;Gluten-free
39;2026-07-27 13:06:33;31;2026;43812;Peanut butter cups ice cream with tartlet pieces Hacendado Frozen food Ice cream Tubs;1;Países Bajos;60683;39;Congelados;Helados;Tarrinas;Productos del momento;Elige el tuyo, ¡disfruta!;Helado peanut butter cups Hacendado mantequilla de cacahuete con trocitos de tartaletas;;0.5;l;6.70;€/l;3.35;leche desnatada, azúcar, nata (leche) 16%, pasta de cacahuete 6,6%, aceite de coco, yema de huevo, cacahuete 2,4%, harina de cacahuete 1,6%, leche desnatada en polvo,leche entera en polvo, cacao magro en polvo, sal, estabilizantes (goma garrofín, goma guar), emulgente (lecitina de soja), extracto natural de vainilla. puede contener trazas de frutos de cáscara.;8402001019241;0;;;;Ice cream, in box;39515;Energia (kJ);1204.0;kJ;Gluten-free
39;2026-07-27 13:06:33;31;2026;43812;Peanut butter cups ice cream with tartlet pieces Hacendado Frozen food Ice cream Tubs;1;Países Bajos;60683;39;Congelados;Helados;Tarrinas;Productos del momento;Elige el tuyo, ¡disfruta!;Helado peanut butter cups Hacendado mantequilla de cacahuete con trocitos de tartaletas;;0.5;l;6.70;€/l;3.35;leche desnatada, azúcar, nata (leche) 16%, pasta de cacahuete 6,6%, aceite de coco, yema de huevo, cacahuete 2,4%, harina de cacahuete 1,6%, leche desnatada en polvo,leche entera en polvo, cacao magro en polvo, sal, estabilizantes (goma garrofín, goma guar), emulgente (lecitina de soja), extracto natural de vainilla. puede contener trazas de frutos de cáscara.;8402001019241;0;;;;Ice cream, in box;39515;greixos_totals_g;18.0;g;Gluten-free
39;2026-07-27 13:06:33;31;2026;43812;Peanut butter cups ice cream with tartlet pieces Hacendado Frozen food Ice cream Tubs;1;Países Bajos;60683;39;Congelados;Helados;Tarrinas;Productos del momento;Elige el tuyo, ¡disfruta!;Helado peanut butter cups Hacendado mantequilla de cacahuete con trocitos de tartaletas;;0.5;l;6.70;€/l;3.35;leche desnatada, azúcar, nata (leche) 16%, pasta de cacahuete 6,6%, aceite de coco, yema de huevo, cacahuete 2,4%, harina de cacahuete 1,6%, leche desnatada en polvo,leche entera en polvo, cacao magro en polvo, sal, estabilizantes (goma garrofín, goma guar), emulgente (lecitina de soja), extracto natural de vainilla. puede contener trazas de frutos de cáscara.;8402001019241;0;;;;Ice cream, in box;39515;greixos_saturats_g;10.0;g;Gluten-free
39;2026-07-27 13:06:33;31;2026;43812;Peanut butter cups ice cream with tartlet pieces Hacendado Frozen food Ice cream Tubs;1;Países Bajos;60683;39;Congelados;Helados;Tarrinas;Productos del momento;Elige el tuyo, ¡disfruta!;Helado peanut butter cups Hacendado mantequilla de cacahuete con trocitos de tartaletas;;0.5;l;6.70;€/l;3.35;leche desnatada, azúcar, nata (leche) 16%, pasta de cacahuete 6,6%, aceite de coco, yema de huevo, cacahuete 2,4%, harina de cacahuete 1,6%, leche desnatada en polvo,leche entera en polvo, cacao magro en polvo, sal, estabilizantes (goma garrofín, goma guar), emulgente (lecitina de soja), extracto natural de vainilla. puede contener trazas de frutos de cáscara.;8402001019241;0;;;;Ice cream, in box;39515;hidrats_carboni_g;25.0;g;Gluten-free
39;2026-07-27 13:06:33;31;2026;43812;Peanut butter cups ice cream with tartlet pieces Hacendado Frozen food Ice cream Tubs;1;Países Bajos;60683;39;Congelados;Helados;Tarrinas;Productos del momento;Elige el tuyo, ¡disfruta!;Helado peanut butter cups Hacendado mantequilla de cacahuete con trocitos de tartaletas;;0.5;l;6.70;€/l;3.35;leche desnatada, azúcar, nata (leche) 16%, pasta de cacahuete 6,6%, aceite de coco, yema de huevo, cacahuete 2,4%, harina de cacahuete 1,6%, leche desnatada en polvo,leche entera en polvo, cacao magro en polvo, sal, estabilizantes (goma garrofín, goma guar), emulgente (lecitina de soja), extracto natural de vainilla. puede contener trazas de frutos de cáscara.;8402001019241;0;;;;Ice cream, in box;39515;sucres_g;23.0;g;Gluten-free
39;2026-07-27 13:06:33;31;2026;43812;Peanut butter cups ice cream with tartlet pieces Hacendado Frozen food Ice cream Tubs;1;Países Bajos;60683;39;Congelados;Helados;Tarrinas;Productos del momento;Elige el tuyo, ¡disfruta!;Helado peanut butter cups Hacendado mantequilla de cacahuete con trocitos de tartaletas;;0.5;l;6.70;€/l;3.35;leche desnatada, azúcar, nata (leche) 16%, pasta de cacahuete 6,6%, aceite de coco, yema de huevo, cacahuete 2,4%, harina de cacahuete 1,6%, leche desnatada en polvo,leche entera en polvo, cacao magro en polvo, sal, estabilizantes (goma garrofín, goma guar), emulgente (lecitina de soja), extracto natural de vainilla. puede contener trazas de frutos de cáscara.;8402001019241;0;;;;Ice cream, in box;39515;fibra_g;1.4;g;Gluten-free
39;2026-07-27 13:06:33;31;2026;43812;Peanut butter cups ice cream with tartlet pieces Hacendado Frozen food Ice cream Tubs;1;Países Bajos;60683;39;Congelados;Helados;Tarrinas;Productos del momento;Elige el tuyo, ¡disfruta!;Helado peanut butter cups Hacendado mantequilla de cacahuete con trocitos de tartaletas;;0.5;l;6.70;€/l;3.35;leche desnatada, azúcar, nata (leche) 16%, pasta de cacahuete 6,6%, aceite de coco, yema de huevo, cacahuete 2,4%, harina de cacahuete 1,6%, leche desnatada en polvo,leche entera en polvo, cacao magro en polvo, sal, estabilizantes (goma garrofín, goma guar), emulgente (lecitina de soja), extracto natural de vainilla. puede contener trazas de frutos de cáscara.;8402001019241;0;;;;Ice cream, in box;39515;proteines_g;6.0;g;Gluten-free
39;2026-07-27 13:06:33;31;2026;43812;Peanut butter cups ice cream with tartlet pieces Hacendado Frozen food Ice cream Tubs;1;Países Bajos;60683;39;Congelados;Helados;Tarrinas;Productos del momento;Elige el tuyo, ¡disfruta!;Helado peanut butter cups Hacendado mantequilla de cacahuete con trocitos de tartaletas;;0.5;l;6.70;€/l;3.35;leche desnatada, azúcar, nata (leche) 16%, pasta de cacahuete 6,6%, aceite de coco, yema de huevo, cacahuete 2,4%, harina de cacahuete 1,6%, leche desnatada en polvo,leche entera en polvo, cacao magro en polvo, sal, estabilizantes (goma garrofín, goma guar), emulgente (lecitina de soja), extracto natural de vainilla. puede contener trazas de frutos de cáscara.;8402001019241;0;;;;Ice cream, in box;39515;sal_g;0.65;g;Gluten-free
40;2026-07-27 13:06:33;31;2026;43812;Biscuit ice cream with caramelized cookie dough Hacendado Frozen food Ice cream Tubs;1;España;60680;40;Congelados;Helados;Tarrinas;Productos del momento;Elige el tuyo, ¡disfruta!;Helado Biscuit Hacendado sabor galleta caramelizada;;0.5;l;6.00;€/l;3.00;helado de crema sabor a galleta con pasta de galletas caramelizadas (4,5%), salsa con trozos de galletas caramelizadas (13%) y trozos de galletas (6%). ingredientes: leche desnatada reconstituida, azúcar, trozos y pasta de galletas caramelizadas (11,5%) (harina de trigo, azúcar, grasa de palma, jarabe de azúcar caramelizado, aceite de nabina, sal, canela), nata (leche), agua, aceite de nabina, trozos de galletas (grasas vegetales (coco, palma), harina de trigo, azúcar, leche desnatada en polvo, jarabe de glucosa y fructosa, gasificantes (carbonatos de sodio, carbonatos de amonio), sal, aroma natural de vainilla), mantequilla (leche), jarabe de glucosa y fructosa, lactosa y proteínas de la leche, colorante (caramelo natural), emulgentes (monoglicéridos y diglicéridos de ácidos grasos, lecitinas), aroma, estabilizantes (goma garrofín, goma guar, carragenanos), canela, acidulante (ácido cítrico). trazas de frutos de cáscara y huevo;8402001018978;0;;;;Ice cream, in box;39515;Energia (kcal);315.0;kcal;No certificat
40;2026-07-27 13:06:33;31;2026;43812;Biscuit ice cream with caramelized cookie dough Hacendado Frozen food Ice cream Tubs;1;España;60680;40;Congelados;Helados;Tarrinas;Productos del momento;Elige el tuyo, ¡disfruta!;Helado Biscuit Hacendado sabor galleta caramelizada;;0.5;l;6.00;€/l;3.00;helado de crema sabor a galleta con pasta de galletas caramelizadas (4,5%), salsa con trozos de galletas caramelizadas (13%) y trozos de galletas (6%). ingredientes: leche desnatada reconstituida, azúcar, trozos y pasta de galletas caramelizadas (11,5%) (harina de trigo, azúcar, grasa de palma, jarabe de azúcar caramelizado, aceite de nabina, sal, canela), nata (leche), agua, aceite de nabina, trozos de galletas (grasas vegetales (coco, palma), harina de trigo, azúcar, leche desnatada en polvo, jarabe de glucosa y fructosa, gasificantes (carbonatos de sodio, carbonatos de amonio), sal, aroma natural de vainilla), mantequilla (leche), jarabe de glucosa y fructosa, lactosa y proteínas de la leche, colorante (caramelo natural), emulgentes (monoglicéridos y diglicéridos de ácidos grasos, lecitinas), aroma, estabilizantes (goma garrofín, goma guar, carragenanos), canela, acidulante (ácido cítrico). trazas de frutos de cáscara y huevo;8402001018978;0;;;;Ice cream, in box;39515;Energia (kJ);1315.0;kJ;No certificat
40;2026-07-27 13:06:33;31;2026;43812;Biscuit ice cream with caramelized cookie dough Hacendado Frozen food Ice cream Tubs;1;España;60680;40;Congelados;Helados;Tarrinas;Productos del momento;Elige el tuyo, ¡disfruta!;Helado Biscuit Hacendado sabor galleta caramelizada;;0.5;l;6.00;€/l;3.00;helado de crema sabor a galleta con pasta de galletas caramelizadas (4,5%), salsa con trozos de galletas caramelizadas (13%) y trozos de galletas (6%). ingredientes: leche desnatada reconstituida, azúcar, trozos y pasta de galletas caramelizadas (11,5%) (harina de trigo, azúcar, grasa de palma, jarabe de azúcar caramelizado, aceite de nabina, sal, canela), nata (leche), agua, aceite de nabina, trozos de galletas (grasas vegetales (coco, palma), harina de trigo, azúcar, leche desnatada en polvo, jarabe de glucosa y fructosa, gasificantes (carbonatos de sodio, carbonatos de amonio), sal, aroma natural de vainilla), mantequilla (leche), jarabe de glucosa y fructosa, lactosa y proteínas de la leche, colorante (caramelo natural), emulgentes (monoglicéridos y diglicéridos de ácidos grasos, lecitinas), aroma, estabilizantes (goma garrofín, goma guar, carragenanos), canela, acidulante (ácido cítrico). trazas de frutos de cáscara y huevo;8402001018978;0;;;;Ice cream, in box;39515;greixos_totals_g;19.0;g;No certificat
40;2026-07-27 13:06:33;31;2026;43812;Biscuit ice cream with caramelized cookie dough Hacendado Frozen food Ice cream Tubs;1;España;60680;40;Congelados;Helados;Tarrinas;Productos del momento;Elige el tuyo, ¡disfruta!;Helado Biscuit Hacendado sabor galleta caramelizada;;0.5;l;6.00;€/l;3.00;helado de crema sabor a galleta con pasta de galletas caramelizadas (4,5%), salsa con trozos de galletas caramelizadas (13%) y trozos de galletas (6%). ingredientes: leche desnatada reconstituida, azúcar, trozos y pasta de galletas caramelizadas (11,5%) (harina de trigo, azúcar, grasa de palma, jarabe de azúcar caramelizado, aceite de nabina, sal, canela), nata (leche), agua, aceite de nabina, trozos de galletas (grasas vegetales (coco, palma), harina de trigo, azúcar, leche desnatada en polvo, jarabe de glucosa y fructosa, gasificantes (carbonatos de sodio, carbonatos de amonio), sal, aroma natural de vainilla), mantequilla (leche), jarabe de glucosa y fructosa, lactosa y proteínas de la leche, colorante (caramelo natural), emulgentes (monoglicéridos y diglicéridos de ácidos grasos, lecitinas), aroma, estabilizantes (goma garrofín, goma guar, carragenanos), canela, acidulante (ácido cítrico). trazas de frutos de cáscara y huevo;8402001018978;0;;;;Ice cream, in box;39515;greixos_saturats_g;8.7;g;No certificat
40;2026-07-27 13:06:33;31;2026;43812;Biscuit ice cream with caramelized cookie dough Hacendado Frozen food Ice cream Tubs;1;España;60680;40;Congelados;Helados;Tarrinas;Productos del momento;Elige el tuyo, ¡disfruta!;Helado Biscuit Hacendado sabor galleta caramelizada;;0.5;l;6.00;€/l;3.00;helado de crema sabor a galleta con pasta de galletas caramelizadas (4,5%), salsa con trozos de galletas caramelizadas (13%) y trozos de galletas (6%). ingredientes: leche desnatada reconstituida, azúcar, trozos y pasta de galletas caramelizadas (11,5%) (harina de trigo, azúcar, grasa de palma, jarabe de azúcar caramelizado, aceite de nabina, sal, canela), nata (leche), agua, aceite de nabina, trozos de galletas (grasas vegetales (coco, palma), harina de trigo, azúcar, leche desnatada en polvo, jarabe de glucosa y fructosa, gasificantes (carbonatos de sodio, carbonatos de amonio), sal, aroma natural de vainilla), mantequilla (leche), jarabe de glucosa y fructosa, lactosa y proteínas de la leche, colorante (caramelo natural), emulgentes (monoglicéridos y diglicéridos de ácidos grasos, lecitinas), aroma, estabilizantes (goma garrofín, goma guar, carragenanos), canela, acidulante (ácido cítrico). trazas de frutos de cáscara y huevo;8402001018978;0;;;;Ice cream, in box;39515;hidrats_carboni_g;32.0;g;No certificat
40;2026-07-27 13:06:33;31;2026;43812;Biscuit ice cream with caramelized cookie dough Hacendado Frozen food Ice cream Tubs;1;España;60680;40;Congelados;Helados;Tarrinas;Productos del momento;Elige el tuyo, ¡disfruta!;Helado Biscuit Hacendado sabor galleta caramelizada;;0.5;l;6.00;€/l;3.00;helado de crema sabor a galleta con pasta de galletas caramelizadas (4,5%), salsa con trozos de galletas caramelizadas (13%) y trozos de galletas (6%). ingredientes: leche desnatada reconstituida, azúcar, trozos y pasta de galletas caramelizadas (11,5%) (harina de trigo, azúcar, grasa de palma, jarabe de azúcar caramelizado, aceite de nabina, sal, canela), nata (leche), agua, aceite de nabina, trozos de galletas (grasas vegetales (coco, palma), harina de trigo, azúcar, leche desnatada en polvo, jarabe de glucosa y fructosa, gasificantes (carbonatos de sodio, carbonatos de amonio), sal, aroma natural de vainilla), mantequilla (leche), jarabe de glucosa y fructosa, lactosa y proteínas de la leche, colorante (caramelo natural), emulgentes (monoglicéridos y diglicéridos de ácidos grasos, lecitinas), aroma, estabilizantes (goma garrofín, goma guar, carragenanos), canela, acidulante (ácido cítrico). trazas de frutos de cáscara y huevo;8402001018978;0;;;;Ice cream, in box;39515;sucres_g;20.0;g;No certificat
40;2026-07-27 13:06:33;31;2026;43812;Biscuit ice cream with caramelized cookie dough Hacendado Frozen food Ice cream Tubs;1;España;60680;40;Congelados;Helados;Tarrinas;Productos del momento;Elige el tuyo, ¡disfruta!;Helado Biscuit Hacendado sabor galleta caramelizada;;0.5;l;6.00;€/l;3.00;helado de crema sabor a galleta con pasta de galletas caramelizadas (4,5%), salsa con trozos de galletas caramelizadas (13%) y trozos de galletas (6%). ingredientes: leche desnatada reconstituida, azúcar, trozos y pasta de galletas caramelizadas (11,5%) (harina de trigo, azúcar, grasa de palma, jarabe de azúcar caramelizado, aceite de nabina, sal, canela), nata (leche), agua, aceite de nabina, trozos de galletas (grasas vegetales (coco, palma), harina de trigo, azúcar, leche desnatada en polvo, jarabe de glucosa y fructosa, gasificantes (carbonatos de sodio, carbonatos de amonio), sal, aroma natural de vainilla), mantequilla (leche), jarabe de glucosa y fructosa, lactosa y proteínas de la leche, colorante (caramelo natural), emulgentes (monoglicéridos y diglicéridos de ácidos grasos, lecitinas), aroma, estabilizantes (goma garrofín, goma guar, carragenanos), canela, acidulante (ácido cítrico). trazas de frutos de cáscara y huevo;8402001018978;0;;;;Ice cream, in box;39515;proteines_g;2.8;g;No certificat
40;2026-07-27 13:06:33;31;2026;43812;Biscuit ice cream with caramelized cookie dough Hacendado Frozen food Ice cream Tubs;1;España;60680;40;Congelados;Helados;Tarrinas;Productos del momento;Elige el tuyo, ¡disfruta!;Helado Biscuit Hacendado sabor galleta caramelizada;;0.5;l;6.00;€/l;3.00;helado de crema sabor a galleta con pasta de galletas caramelizadas (4,5%), salsa con trozos de galletas caramelizadas (13%) y trozos de galletas (6%). ingredientes: leche desnatada reconstituida, azúcar, trozos y pasta de galletas caramelizadas (11,5%) (harina de trigo, azúcar, grasa de palma, jarabe de azúcar caramelizado, aceite de nabina, sal, canela), nata (leche), agua, aceite de nabina, trozos de galletas (grasas vegetales (coco, palma), harina de trigo, azúcar, leche desnatada en polvo, jarabe de glucosa y fructosa, gasificantes (carbonatos de sodio, carbonatos de amonio), sal, aroma natural de vainilla), mantequilla (leche), jarabe de glucosa y fructosa, lactosa y proteínas de la leche, colorante (caramelo natural), emulgentes (monoglicéridos y diglicéridos de ácidos grasos, lecitinas), aroma, estabilizantes (goma garrofín, goma guar, carragenanos), canela, acidulante (ácido cítrico). trazas de frutos de cáscara y huevo;8402001018978;0;;;;Ice cream, in box;39515;sal_g;0.26;g;No certificat
41;2026-07-27 13:06:33;31;2026;43812;Mint ice cream with chocolate chips Hacendado Frozen food Ice cream Tubs;1;España;64464;41;Congelados;Helados;Tarrinas;Productos del momento;Elige el tuyo, ¡disfruta!;Helado menta choco Hacendado con trocitos sabor chocolate;;0.5;l;6.00;€/l;3.00;helado de crema sabor menta con trocitos sabor a chocolate. helado de crema sabor menta (88%). ingredientes: leche desnatada reconstituida, leche entera, azúcar, mantequilla (leche), leche desnatada en polvo, jarabe de glucosa y fructosa, yema de huevo, emulgente (monoglicéridos y diglicéridos de ácidos grasos), estabilizantes (goma garrofín, goma guar, carragenanos), colorante (complejos cúpricos de clorofilas y clorofilinas), aroma.trocitos sabor a chocolate (12%). ingredientes: azúcar, cacao desgrasado, grasa vegetal de coco, grasa  vegetal de coco totalmente hidrogenada, emulgente (lecitina de soja), sal, aroma. trazas de frutos de cáscara.;8480000644640;0;;;;Ice cream, in box;39515;Energia (kcal);264.0;kcal;Gluten-free
41;2026-07-27 13:06:33;31;2026;43812;Mint ice cream with chocolate chips Hacendado Frozen food Ice cream Tubs;1;España;64464;41;Congelados;Helados;Tarrinas;Productos del momento;Elige el tuyo, ¡disfruta!;Helado menta choco Hacendado con trocitos sabor chocolate;;0.5;l;6.00;€/l;3.00;helado de crema sabor menta con trocitos sabor a chocolate. helado de crema sabor menta (88%). ingredientes: leche desnatada reconstituida, leche entera, azúcar, mantequilla (leche), leche desnatada en polvo, jarabe de glucosa y fructosa, yema de huevo, emulgente (monoglicéridos y diglicéridos de ácidos grasos), estabilizantes (goma garrofín, goma guar, carragenanos), colorante (complejos cúpricos de clorofilas y clorofilinas), aroma.trocitos sabor a chocolate (12%). ingredientes: azúcar, cacao desgrasado, grasa vegetal de coco, grasa  vegetal de coco totalmente hidrogenada, emulgente (lecitina de soja), sal, aroma. trazas de frutos de cáscara.;8480000644640;0;;;;Ice cream, in box;39515;Energia (kJ);1100.0;kJ;Gluten-free
41;2026-07-27 13:06:33;31;2026;43812;Mint ice cream with chocolate chips Hacendado Frozen food Ice cream Tubs;1;España;64464;41;Congelados;Helados;Tarrinas;Productos del momento;Elige el tuyo, ¡disfruta!;Helado menta choco Hacendado con trocitos sabor chocolate;;0.5;l;6.00;€/l;3.00;helado de crema sabor menta con trocitos sabor a chocolate. helado de crema sabor menta (88%). ingredientes: leche desnatada reconstituida, leche entera, azúcar, mantequilla (leche), leche desnatada en polvo, jarabe de glucosa y fructosa, yema de huevo, emulgente (monoglicéridos y diglicéridos de ácidos grasos), estabilizantes (goma garrofín, goma guar, carragenanos), colorante (complejos cúpricos de clorofilas y clorofilinas), aroma.trocitos sabor a chocolate (12%). ingredientes: azúcar, cacao desgrasado, grasa vegetal de coco, grasa  vegetal de coco totalmente hidrogenada, emulgente (lecitina de soja), sal, aroma. trazas de frutos de cáscara.;8480000644640;0;;;;Ice cream, in box;39515;greixos_totals_g;16.0;g;Gluten-free
41;2026-07-27 13:06:33;31;2026;43812;Mint ice cream with chocolate chips Hacendado Frozen food Ice cream Tubs;1;España;64464;41;Congelados;Helados;Tarrinas;Productos del momento;Elige el tuyo, ¡disfruta!;Helado menta choco Hacendado con trocitos sabor chocolate;;0.5;l;6.00;€/l;3.00;helado de crema sabor menta con trocitos sabor a chocolate. helado de crema sabor menta (88%). ingredientes: leche desnatada reconstituida, leche entera, azúcar, mantequilla (leche), leche desnatada en polvo, jarabe de glucosa y fructosa, yema de huevo, emulgente (monoglicéridos y diglicéridos de ácidos grasos), estabilizantes (goma garrofín, goma guar, carragenanos), colorante (complejos cúpricos de clorofilas y clorofilinas), aroma.trocitos sabor a chocolate (12%). ingredientes: azúcar, cacao desgrasado, grasa vegetal de coco, grasa  vegetal de coco totalmente hidrogenada, emulgente (lecitina de soja), sal, aroma. trazas de frutos de cáscara.;8480000644640;0;;;;Ice cream, in box;39515;greixos_saturats_g;11.0;g;Gluten-free
41;2026-07-27 13:06:33;31;2026;43812;Mint ice cream with chocolate chips Hacendado Frozen food Ice cream Tubs;1;España;64464;41;Congelados;Helados;Tarrinas;Productos del momento;Elige el tuyo, ¡disfruta!;Helado menta choco Hacendado con trocitos sabor chocolate;;0.5;l;6.00;€/l;3.00;helado de crema sabor menta con trocitos sabor a chocolate. helado de crema sabor menta (88%). ingredientes: leche desnatada reconstituida, leche entera, azúcar, mantequilla (leche), leche desnatada en polvo, jarabe de glucosa y fructosa, yema de huevo, emulgente (monoglicéridos y diglicéridos de ácidos grasos), estabilizantes (goma garrofín, goma guar, carragenanos), colorante (complejos cúpricos de clorofilas y clorofilinas), aroma.trocitos sabor a chocolate (12%). ingredientes: azúcar, cacao desgrasado, grasa vegetal de coco, grasa  vegetal de coco totalmente hidrogenada, emulgente (lecitina de soja), sal, aroma. trazas de frutos de cáscara.;8480000644640;0;;;;Ice cream, in box;39515;hidrats_carboni_g;25.0;g;Gluten-free
41;2026-07-27 13:06:33;31;2026;43812;Mint ice cream with chocolate chips Hacendado Frozen food Ice cream Tubs;1;España;64464;41;Congelados;Helados;Tarrinas;Productos del momento;Elige el tuyo, ¡disfruta!;Helado menta choco Hacendado con trocitos sabor chocolate;;0.5;l;6.00;€/l;3.00;helado de crema sabor menta con trocitos sabor a chocolate. helado de crema sabor menta (88%). ingredientes: leche desnatada reconstituida, leche entera, azúcar, mantequilla (leche), leche desnatada en polvo, jarabe de glucosa y fructosa, yema de huevo, emulgente (monoglicéridos y diglicéridos de ácidos grasos), estabilizantes (goma garrofín, goma guar, carragenanos), colorante (complejos cúpricos de clorofilas y clorofilinas), aroma.trocitos sabor a chocolate (12%). ingredientes: azúcar, cacao desgrasado, grasa vegetal de coco, grasa  vegetal de coco totalmente hidrogenada, emulgente (lecitina de soja), sal, aroma. trazas de frutos de cáscara.;8480000644640;0;;;;Ice cream, in box;39515;sucres_g;24.0;g;Gluten-free
41;2026-07-27 13:06:33;31;2026;43812;Mint ice cream with chocolate chips Hacendado Frozen food Ice cream Tubs;1;España;64464;41;Congelados;Helados;Tarrinas;Productos del momento;Elige el tuyo, ¡disfruta!;Helado menta choco Hacendado con trocitos sabor chocolate;;0.5;l;6.00;€/l;3.00;helado de crema sabor menta con trocitos sabor a chocolate. helado de crema sabor menta (88%). ingredientes: leche desnatada reconstituida, leche entera, azúcar, mantequilla (leche), leche desnatada en polvo, jarabe de glucosa y fructosa, yema de huevo, emulgente (monoglicéridos y diglicéridos de ácidos grasos), estabilizantes (goma garrofín, goma guar, carragenanos), colorante (complejos cúpricos de clorofilas y clorofilinas), aroma.trocitos sabor a chocolate (12%). ingredientes: azúcar, cacao desgrasado, grasa vegetal de coco, grasa  vegetal de coco totalmente hidrogenada, emulgente (lecitina de soja), sal, aroma. trazas de frutos de cáscara.;8480000644640;0;;;;Ice cream, in box;39515;proteines_g;4.3;g;Gluten-free
41;2026-07-27 13:06:33;31;2026;43812;Mint ice cream with chocolate chips Hacendado Frozen food Ice cream Tubs;1;España;64464;41;Congelados;Helados;Tarrinas;Productos del momento;Elige el tuyo, ¡disfruta!;Helado menta choco Hacendado con trocitos sabor chocolate;;0.5;l;6.00;€/l;3.00;helado de crema sabor menta con trocitos sabor a chocolate. helado de crema sabor menta (88%). ingredientes: leche desnatada reconstituida, leche entera, azúcar, mantequilla (leche), leche desnatada en polvo, jarabe de glucosa y fructosa, yema de huevo, emulgente (monoglicéridos y diglicéridos de ácidos grasos), estabilizantes (goma garrofín, goma guar, carragenanos), colorante (complejos cúpricos de clorofilas y clorofilinas), aroma.trocitos sabor a chocolate (12%). ingredientes: azúcar, cacao desgrasado, grasa vegetal de coco, grasa  vegetal de coco totalmente hidrogenada, emulgente (lecitina de soja), sal, aroma. trazas de frutos de cáscara.;8480000644640;0;;;;Ice cream, in box;39515;sal_g;0.2;g;Gluten-free
42;2026-07-27 13:06:33;31;2026;43812;Duo brownie ice cream vainilla with sponge cake pieces Hacendado Frozen food Ice cream Tubs;1;Alemania;12821;42;Congelados;Helados;Tarrinas;Productos del momento;Elige el tuyo, ¡disfruta!;Helado duo brownie Hacendado sabor vainilla con trozos de bizcocho;;0.5;l;6.70;€/l;3.35;nata (leche) (31%), leche desnatada concentrada reconstituida, azúcar, leche desnatada concentrada, jarabe de glucosa, yema de huevo, harina de trigo (gluten), huevo, mantequilla salada (mantequilla (leche), sal), cacao magro en polvo (1%), cacao en polvo (1%), estabilizantes (goma garrofin, goma guar), sal, extractos de vainilla y concentrado de zanahoria. puede contener frutos de cáscara, soja, mostaza y otros cereales que contienen gluten.;4007993036524;0;;;;Ice cream, in box;39515;Energia (kcal);265.0;kcal;No certificat
42;2026-07-27 13:06:33;31;2026;43812;Duo brownie ice cream vainilla with sponge cake pieces Hacendado Frozen food Ice cream Tubs;1;Alemania;12821;42;Congelados;Helados;Tarrinas;Productos del momento;Elige el tuyo, ¡disfruta!;Helado duo brownie Hacendado sabor vainilla con trozos de bizcocho;;0.5;l;6.70;€/l;3.35;nata (leche) (31%), leche desnatada concentrada reconstituida, azúcar, leche desnatada concentrada, jarabe de glucosa, yema de huevo, harina de trigo (gluten), huevo, mantequilla salada (mantequilla (leche), sal), cacao magro en polvo (1%), cacao en polvo (1%), estabilizantes (goma garrofin, goma guar), sal, extractos de vainilla y concentrado de zanahoria. puede contener frutos de cáscara, soja, mostaza y otros cereales que contienen gluten.;4007993036524;0;;;;Ice cream, in box;39515;Energia (kJ);1109.0;kJ;No certificat
42;2026-07-27 13:06:33;31;2026;43812;Duo brownie ice cream vainilla with sponge cake pieces Hacendado Frozen food Ice cream Tubs;1;Alemania;12821;42;Congelados;Helados;Tarrinas;Productos del momento;Elige el tuyo, ¡disfruta!;Helado duo brownie Hacendado sabor vainilla con trozos de bizcocho;;0.5;l;6.70;€/l;3.35;nata (leche) (31%), leche desnatada concentrada reconstituida, azúcar, leche desnatada concentrada, jarabe de glucosa, yema de huevo, harina de trigo (gluten), huevo, mantequilla salada (mantequilla (leche), sal), cacao magro en polvo (1%), cacao en polvo (1%), estabilizantes (goma garrofin, goma guar), sal, extractos de vainilla y concentrado de zanahoria. puede contener frutos de cáscara, soja, mostaza y otros cereales que contienen gluten.;4007993036524;0;;;;Ice cream, in box;39515;greixos_totals_g;15.0;g;No certificat
42;2026-07-27 13:06:33;31;2026;43812;Duo brownie ice cream vainilla with sponge cake pieces Hacendado Frozen food Ice cream Tubs;1;Alemania;12821;42;Congelados;Helados;Tarrinas;Productos del momento;Elige el tuyo, ¡disfruta!;Helado duo brownie Hacendado sabor vainilla con trozos de bizcocho;;0.5;l;6.70;€/l;3.35;nata (leche) (31%), leche desnatada concentrada reconstituida, azúcar, leche desnatada concentrada, jarabe de glucosa, yema de huevo, harina de trigo (gluten), huevo, mantequilla salada (mantequilla (leche), sal), cacao magro en polvo (1%), cacao en polvo (1%), estabilizantes (goma garrofin, goma guar), sal, extractos de vainilla y concentrado de zanahoria. puede contener frutos de cáscara, soja, mostaza y otros cereales que contienen gluten.;4007993036524;0;;;;Ice cream, in box;39515;greixos_saturats_g;9.1;g;No certificat
42;2026-07-27 13:06:33;31;2026;43812;Duo brownie ice cream vainilla with sponge cake pieces Hacendado Frozen food Ice cream Tubs;1;Alemania;12821;42;Congelados;Helados;Tarrinas;Productos del momento;Elige el tuyo, ¡disfruta!;Helado duo brownie Hacendado sabor vainilla con trozos de bizcocho;;0.5;l;6.70;€/l;3.35;nata (leche) (31%), leche desnatada concentrada reconstituida, azúcar, leche desnatada concentrada, jarabe de glucosa, yema de huevo, harina de trigo (gluten), huevo, mantequilla salada (mantequilla (leche), sal), cacao magro en polvo (1%), cacao en polvo (1%), estabilizantes (goma garrofin, goma guar), sal, extractos de vainilla y concentrado de zanahoria. puede contener frutos de cáscara, soja, mostaza y otros cereales que contienen gluten.;4007993036524;0;;;;Ice cream, in box;39515;hidrats_carboni_g;29.0;g;No certificat
42;2026-07-27 13:06:33;31;2026;43812;Duo brownie ice cream vainilla with sponge cake pieces Hacendado Frozen food Ice cream Tubs;1;Alemania;12821;42;Congelados;Helados;Tarrinas;Productos del momento;Elige el tuyo, ¡disfruta!;Helado duo brownie Hacendado sabor vainilla con trozos de bizcocho;;0.5;l;6.70;€/l;3.35;nata (leche) (31%), leche desnatada concentrada reconstituida, azúcar, leche desnatada concentrada, jarabe de glucosa, yema de huevo, harina de trigo (gluten), huevo, mantequilla salada (mantequilla (leche), sal), cacao magro en polvo (1%), cacao en polvo (1%), estabilizantes (goma garrofin, goma guar), sal, extractos de vainilla y concentrado de zanahoria. puede contener frutos de cáscara, soja, mostaza y otros cereales que contienen gluten.;4007993036524;0;;;;Ice cream, in box;39515;sucres_g;27.0;g;No certificat
42;2026-07-27 13:06:33;31;2026;43812;Duo brownie ice cream vainilla with sponge cake pieces Hacendado Frozen food Ice cream Tubs;1;Alemania;12821;42;Congelados;Helados;Tarrinas;Productos del momento;Elige el tuyo, ¡disfruta!;Helado duo brownie Hacendado sabor vainilla con trozos de bizcocho;;0.5;l;6.70;€/l;3.35;nata (leche) (31%), leche desnatada concentrada reconstituida, azúcar, leche desnatada concentrada, jarabe de glucosa, yema de huevo, harina de trigo (gluten), huevo, mantequilla salada (mantequilla (leche), sal), cacao magro en polvo (1%), cacao en polvo (1%), estabilizantes (goma garrofin, goma guar), sal, extractos de vainilla y concentrado de zanahoria. puede contener frutos de cáscara, soja, mostaza y otros cereales que contienen gluten.;4007993036524;0;;;;Ice cream, in box;39515;fibra_g;0.8;g;No certificat
42;2026-07-27 13:06:33;31;2026;43812;Duo brownie ice cream vainilla with sponge cake pieces Hacendado Frozen food Ice cream Tubs;1;Alemania;12821;42;Congelados;Helados;Tarrinas;Productos del momento;Elige el tuyo, ¡disfruta!;Helado duo brownie Hacendado sabor vainilla con trozos de bizcocho;;0.5;l;6.70;€/l;3.35;nata (leche) (31%), leche desnatada concentrada reconstituida, azúcar, leche desnatada concentrada, jarabe de glucosa, yema de huevo, harina de trigo (gluten), huevo, mantequilla salada (mantequilla (leche), sal), cacao magro en polvo (1%), cacao en polvo (1%), estabilizantes (goma garrofin, goma guar), sal, extractos de vainilla y concentrado de zanahoria. puede contener frutos de cáscara, soja, mostaza y otros cereales que contienen gluten.;4007993036524;0;;;;Ice cream, in box;39515;proteines_g;4.0;g;No certificat
42;2026-07-27 13:06:33;31;2026;43812;Duo brownie ice cream vainilla with sponge cake pieces Hacendado Frozen food Ice cream Tubs;1;Alemania;12821;42;Congelados;Helados;Tarrinas;Productos del momento;Elige el tuyo, ¡disfruta!;Helado duo brownie Hacendado sabor vainilla con trozos de bizcocho;;0.5;l;6.70;€/l;3.35;nata (leche) (31%), leche desnatada concentrada reconstituida, azúcar, leche desnatada concentrada, jarabe de glucosa, yema de huevo, harina de trigo (gluten), huevo, mantequilla salada (mantequilla (leche), sal), cacao magro en polvo (1%), cacao en polvo (1%), estabilizantes (goma garrofin, goma guar), sal, extractos de vainilla y concentrado de zanahoria. puede contener frutos de cáscara, soja, mostaza y otros cereales que contienen gluten.;4007993036524;0;;;;Ice cream, in box;39515;sal_g;0.11;g;No certificat
43;2026-07-27 13:06:33;31;2026;43812;Choco cookies ice cream with chocolate syrup Hacendado Frozen food Ice cream Tubs;1;España;64424;43;Congelados;Helados;Tarrinas;Productos del momento;Elige el tuyo, ¡disfruta!;Helado choco cookies Hacendado con sirope y galletas de chocolate;;0.5;l;6.00;€/l;3.00;helado de crema de  chocolate con sirope de chocolate y galletas de chocolate. helado de crema de  chocolate (80%). ingredientes: leche entera, leche desnatada reconstituida, mantequilla (leche), azúcar, leche desnatada en polvo,  jarabe de glucosa y fructosa, cacao desgrasado, manteca de cacao, yema de huevo, dextrosa, chocolate (contiene lecitina de soja), emulgentes (esteres de propano-1,2- diol de ácidos  grasos,  monoglicéridos y diglicéridos de  ácidos grasos), estabilizantes (goma  garrofín, goma guar). sólidos de cacao 7,8%.  sirope de chocolate (10%). ingredientes: azúcar, jarabe de glucosa, agua, leche condensada desnatada, cacao desgrasado  (5,9%), grasa vegetal de coco, mantequilla (leche), corrector de acidez  (citratos de sodio), emulgente (monoglicéridos y diglicéridos de ácidos  grasos), sal, espesante (carragenanos), aroma natural de vainilla. galletas de  chocolate (10%). ingredientes: azúcar, grasas vegetales (palma, coco,  palmiste), harina de trigo, cacao desgrasado, sal,  gasificantes (carbonatos de amonio, potasio y sodio). trazas de frutos de  cáscara.;8480000644244;0;;;;Ice cream, in box;39515;Energia (kcal);298.0;kcal;No certificat
43;2026-07-27 13:06:33;31;2026;43812;Choco cookies ice cream with chocolate syrup Hacendado Frozen food Ice cream Tubs;1;España;64424;43;Congelados;Helados;Tarrinas;Productos del momento;Elige el tuyo, ¡disfruta!;Helado choco cookies Hacendado con sirope y galletas de chocolate;;0.5;l;6.00;€/l;3.00;helado de crema de  chocolate con sirope de chocolate y galletas de chocolate. helado de crema de  chocolate (80%). ingredientes: leche entera, leche desnatada reconstituida, mantequilla (leche), azúcar, leche desnatada en polvo,  jarabe de glucosa y fructosa, cacao desgrasado, manteca de cacao, yema de huevo, dextrosa, chocolate (contiene lecitina de soja), emulgentes (esteres de propano-1,2- diol de ácidos  grasos,  monoglicéridos y diglicéridos de  ácidos grasos), estabilizantes (goma  garrofín, goma guar). sólidos de cacao 7,8%.  sirope de chocolate (10%). ingredientes: azúcar, jarabe de glucosa, agua, leche condensada desnatada, cacao desgrasado  (5,9%), grasa vegetal de coco, mantequilla (leche), corrector de acidez  (citratos de sodio), emulgente (monoglicéridos y diglicéridos de ácidos  grasos), sal, espesante (carragenanos), aroma natural de vainilla. galletas de  chocolate (10%). ingredientes: azúcar, grasas vegetales (palma, coco,  palmiste), harina de trigo, cacao desgrasado, sal,  gasificantes (carbonatos de amonio, potasio y sodio). trazas de frutos de  cáscara.;8480000644244;0;;;;Ice cream, in box;39515;Energia (kJ);1246.0;kJ;No certificat
43;2026-07-27 13:06:33;31;2026;43812;Choco cookies ice cream with chocolate syrup Hacendado Frozen food Ice cream Tubs;1;España;64424;43;Congelados;Helados;Tarrinas;Productos del momento;Elige el tuyo, ¡disfruta!;Helado choco cookies Hacendado con sirope y galletas de chocolate;;0.5;l;6.00;€/l;3.00;helado de crema de  chocolate con sirope de chocolate y galletas de chocolate. helado de crema de  chocolate (80%). ingredientes: leche entera, leche desnatada reconstituida, mantequilla (leche), azúcar, leche desnatada en polvo,  jarabe de glucosa y fructosa, cacao desgrasado, manteca de cacao, yema de huevo, dextrosa, chocolate (contiene lecitina de soja), emulgentes (esteres de propano-1,2- diol de ácidos  grasos,  monoglicéridos y diglicéridos de  ácidos grasos), estabilizantes (goma  garrofín, goma guar). sólidos de cacao 7,8%.  sirope de chocolate (10%). ingredientes: azúcar, jarabe de glucosa, agua, leche condensada desnatada, cacao desgrasado  (5,9%), grasa vegetal de coco, mantequilla (leche), corrector de acidez  (citratos de sodio), emulgente (monoglicéridos y diglicéridos de ácidos  grasos), sal, espesante (carragenanos), aroma natural de vainilla. galletas de  chocolate (10%). ingredientes: azúcar, grasas vegetales (palma, coco,  palmiste), harina de trigo, cacao desgrasado, sal,  gasificantes (carbonatos de amonio, potasio y sodio). trazas de frutos de  cáscara.;8480000644244;0;;;;Ice cream, in box;39515;greixos_totals_g;16.0;g;No certificat
43;2026-07-27 13:06:33;31;2026;43812;Choco cookies ice cream with chocolate syrup Hacendado Frozen food Ice cream Tubs;1;España;64424;43;Congelados;Helados;Tarrinas;Productos del momento;Elige el tuyo, ¡disfruta!;Helado choco cookies Hacendado con sirope y galletas de chocolate;;0.5;l;6.00;€/l;3.00;helado de crema de  chocolate con sirope de chocolate y galletas de chocolate. helado de crema de  chocolate (80%). ingredientes: leche entera, leche desnatada reconstituida, mantequilla (leche), azúcar, leche desnatada en polvo,  jarabe de glucosa y fructosa, cacao desgrasado, manteca de cacao, yema de huevo, dextrosa, chocolate (contiene lecitina de soja), emulgentes (esteres de propano-1,2- diol de ácidos  grasos,  monoglicéridos y diglicéridos de  ácidos grasos), estabilizantes (goma  garrofín, goma guar). sólidos de cacao 7,8%.  sirope de chocolate (10%). ingredientes: azúcar, jarabe de glucosa, agua, leche condensada desnatada, cacao desgrasado  (5,9%), grasa vegetal de coco, mantequilla (leche), corrector de acidez  (citratos de sodio), emulgente (monoglicéridos y diglicéridos de ácidos  grasos), sal, espesante (carragenanos), aroma natural de vainilla. galletas de  chocolate (10%). ingredientes: azúcar, grasas vegetales (palma, coco,  palmiste), harina de trigo, cacao desgrasado, sal,  gasificantes (carbonatos de amonio, potasio y sodio). trazas de frutos de  cáscara.;8480000644244;0;;;;Ice cream, in box;39515;greixos_saturats_g;10.0;g;No certificat
43;2026-07-27 13:06:33;31;2026;43812;Choco cookies ice cream with chocolate syrup Hacendado Frozen food Ice cream Tubs;1;España;64424;43;Congelados;Helados;Tarrinas;Productos del momento;Elige el tuyo, ¡disfruta!;Helado choco cookies Hacendado con sirope y galletas de chocolate;;0.5;l;6.00;€/l;3.00;helado de crema de  chocolate con sirope de chocolate y galletas de chocolate. helado de crema de  chocolate (80%). ingredientes: leche entera, leche desnatada reconstituida, mantequilla (leche), azúcar, leche desnatada en polvo,  jarabe de glucosa y fructosa, cacao desgrasado, manteca de cacao, yema de huevo, dextrosa, chocolate (contiene lecitina de soja), emulgentes (esteres de propano-1,2- diol de ácidos  grasos,  monoglicéridos y diglicéridos de  ácidos grasos), estabilizantes (goma  garrofín, goma guar). sólidos de cacao 7,8%.  sirope de chocolate (10%). ingredientes: azúcar, jarabe de glucosa, agua, leche condensada desnatada, cacao desgrasado  (5,9%), grasa vegetal de coco, mantequilla (leche), corrector de acidez  (citratos de sodio), emulgente (monoglicéridos y diglicéridos de ácidos  grasos), sal, espesante (carragenanos), aroma natural de vainilla. galletas de  chocolate (10%). ingredientes: azúcar, grasas vegetales (palma, coco,  palmiste), harina de trigo, cacao desgrasado, sal,  gasificantes (carbonatos de amonio, potasio y sodio). trazas de frutos de  cáscara.;8480000644244;0;;;;Ice cream, in box;39515;hidrats_carboni_g;32.0;g;No certificat
43;2026-07-27 13:06:33;31;2026;43812;Choco cookies ice cream with chocolate syrup Hacendado Frozen food Ice cream Tubs;1;España;64424;43;Congelados;Helados;Tarrinas;Productos del momento;Elige el tuyo, ¡disfruta!;Helado choco cookies Hacendado con sirope y galletas de chocolate;;0.5;l;6.00;€/l;3.00;helado de crema de  chocolate con sirope de chocolate y galletas de chocolate. helado de crema de  chocolate (80%). ingredientes: leche entera, leche desnatada reconstituida, mantequilla (leche), azúcar, leche desnatada en polvo,  jarabe de glucosa y fructosa, cacao desgrasado, manteca de cacao, yema de huevo, dextrosa, chocolate (contiene lecitina de soja), emulgentes (esteres de propano-1,2- diol de ácidos  grasos,  monoglicéridos y diglicéridos de  ácidos grasos), estabilizantes (goma  garrofín, goma guar). sólidos de cacao 7,8%.  sirope de chocolate (10%). ingredientes: azúcar, jarabe de glucosa, agua, leche condensada desnatada, cacao desgrasado  (5,9%), grasa vegetal de coco, mantequilla (leche), corrector de acidez  (citratos de sodio), emulgente (monoglicéridos y diglicéridos de ácidos  grasos), sal, espesante (carragenanos), aroma natural de vainilla. galletas de  chocolate (10%). ingredientes: azúcar, grasas vegetales (palma, coco,  palmiste), harina de trigo, cacao desgrasado, sal,  gasificantes (carbonatos de amonio, potasio y sodio). trazas de frutos de  cáscara.;8480000644244;0;;;;Ice cream, in box;39515;sucres_g;28.0;g;No certificat
43;2026-07-27 13:06:33;31;2026;43812;Choco cookies ice cream with chocolate syrup Hacendado Frozen food Ice cream Tubs;1;España;64424;43;Congelados;Helados;Tarrinas;Productos del momento;Elige el tuyo, ¡disfruta!;Helado choco cookies Hacendado con sirope y galletas de chocolate;;0.5;l;6.00;€/l;3.00;helado de crema de  chocolate con sirope de chocolate y galletas de chocolate. helado de crema de  chocolate (80%). ingredientes: leche entera, leche desnatada reconstituida, mantequilla (leche), azúcar, leche desnatada en polvo,  jarabe de glucosa y fructosa, cacao desgrasado, manteca de cacao, yema de huevo, dextrosa, chocolate (contiene lecitina de soja), emulgentes (esteres de propano-1,2- diol de ácidos  grasos,  monoglicéridos y diglicéridos de  ácidos grasos), estabilizantes (goma  garrofín, goma guar). sólidos de cacao 7,8%.  sirope de chocolate (10%). ingredientes: azúcar, jarabe de glucosa, agua, leche condensada desnatada, cacao desgrasado  (5,9%), grasa vegetal de coco, mantequilla (leche), corrector de acidez  (citratos de sodio), emulgente (monoglicéridos y diglicéridos de ácidos  grasos), sal, espesante (carragenanos), aroma natural de vainilla. galletas de  chocolate (10%). ingredientes: azúcar, grasas vegetales (palma, coco,  palmiste), harina de trigo, cacao desgrasado, sal,  gasificantes (carbonatos de amonio, potasio y sodio). trazas de frutos de  cáscara.;8480000644244;0;;;;Ice cream, in box;39515;proteines_g;5.5;g;No certificat
43;2026-07-27 13:06:33;31;2026;43812;Choco cookies ice cream with chocolate syrup Hacendado Frozen food Ice cream Tubs;1;España;64424;43;Congelados;Helados;Tarrinas;Productos del momento;Elige el tuyo, ¡disfruta!;Helado choco cookies Hacendado con sirope y galletas de chocolate;;0.5;l;6.00;€/l;3.00;helado de crema de  chocolate con sirope de chocolate y galletas de chocolate. helado de crema de  chocolate (80%). ingredientes: leche entera, leche desnatada reconstituida, mantequilla (leche), azúcar, leche desnatada en polvo,  jarabe de glucosa y fructosa, cacao desgrasado, manteca de cacao, yema de huevo, dextrosa, chocolate (contiene lecitina de soja), emulgentes (esteres de propano-1,2- diol de ácidos  grasos,  monoglicéridos y diglicéridos de  ácidos grasos), estabilizantes (goma  garrofín, goma guar). sólidos de cacao 7,8%.  sirope de chocolate (10%). ingredientes: azúcar, jarabe de glucosa, agua, leche condensada desnatada, cacao desgrasado  (5,9%), grasa vegetal de coco, mantequilla (leche), corrector de acidez  (citratos de sodio), emulgente (monoglicéridos y diglicéridos de ácidos  grasos), sal, espesante (carragenanos), aroma natural de vainilla. galletas de  chocolate (10%). ingredientes: azúcar, grasas vegetales (palma, coco,  palmiste), harina de trigo, cacao desgrasado, sal,  gasificantes (carbonatos de amonio, potasio y sodio). trazas de frutos de  cáscara.;8480000644244;0;;;;Ice cream, in box;39515;sal_g;0.27;g;No certificat
44;2026-07-27 13:06:33;31;2026;43812;Salted caramel ice cream and salted caramel sauce Hacendado Frozen food Ice cream Tubs;1;Alemania;22996;44;Congelados;Helados;Tarrinas;Productos del momento;Elige el tuyo, ¡disfruta!;Helado salted caramel Hacendado con salsa de caramelo salado;;0.5;l;6.50;€/l;3.25;nata (32 %), leche concentrada desnatada reconstituida, salsa de caramelo salado [leche condensada (leche, azúcar), agua, jarabe de glucosa, materia grasa láctea anhidra, sal (0,15 %), emulgente (monoglicéridos y diglicéridos de ácidos grasos),estabilizante (pectinas)], trozos de caramelo salado [azúcar, mantequilla, jarabe de glucosa, grasa de coco, sal (0,08 %), emulgente (lecitinas), gasificante (carbonatos de sodio)], leche condensada (leche, azúcar), yema de huevo, leche desnatada en polvo, jarabe de glucosa, caramelo (1 %) (azúcar, agua, jarabe de glucosa), emulgente(monoglicéridos y diglicéridos de ácidos grasos). puede contener cacahuetes, frutos de cáscara, gluten y soja. porcentajes expresados sobre el producto acabado;8480000229960;0;;;;Ice cream, in box;39515;Energia (kcal);275.0;kcal;No certificat
44;2026-07-27 13:06:33;31;2026;43812;Salted caramel ice cream and salted caramel sauce Hacendado Frozen food Ice cream Tubs;1;Alemania;22996;44;Congelados;Helados;Tarrinas;Productos del momento;Elige el tuyo, ¡disfruta!;Helado salted caramel Hacendado con salsa de caramelo salado;;0.5;l;6.50;€/l;3.25;nata (32 %), leche concentrada desnatada reconstituida, salsa de caramelo salado [leche condensada (leche, azúcar), agua, jarabe de glucosa, materia grasa láctea anhidra, sal (0,15 %), emulgente (monoglicéridos y diglicéridos de ácidos grasos),estabilizante (pectinas)], trozos de caramelo salado [azúcar, mantequilla, jarabe de glucosa, grasa de coco, sal (0,08 %), emulgente (lecitinas), gasificante (carbonatos de sodio)], leche condensada (leche, azúcar), yema de huevo, leche desnatada en polvo, jarabe de glucosa, caramelo (1 %) (azúcar, agua, jarabe de glucosa), emulgente(monoglicéridos y diglicéridos de ácidos grasos). puede contener cacahuetes, frutos de cáscara, gluten y soja. porcentajes expresados sobre el producto acabado;8480000229960;0;;;;Ice cream, in box;39515;Energia (kJ);1149.0;kJ;No certificat
44;2026-07-27 13:06:33;31;2026;43812;Salted caramel ice cream and salted caramel sauce Hacendado Frozen food Ice cream Tubs;1;Alemania;22996;44;Congelados;Helados;Tarrinas;Productos del momento;Elige el tuyo, ¡disfruta!;Helado salted caramel Hacendado con salsa de caramelo salado;;0.5;l;6.50;€/l;3.25;nata (32 %), leche concentrada desnatada reconstituida, salsa de caramelo salado [leche condensada (leche, azúcar), agua, jarabe de glucosa, materia grasa láctea anhidra, sal (0,15 %), emulgente (monoglicéridos y diglicéridos de ácidos grasos),estabilizante (pectinas)], trozos de caramelo salado [azúcar, mantequilla, jarabe de glucosa, grasa de coco, sal (0,08 %), emulgente (lecitinas), gasificante (carbonatos de sodio)], leche condensada (leche, azúcar), yema de huevo, leche desnatada en polvo, jarabe de glucosa, caramelo (1 %) (azúcar, agua, jarabe de glucosa), emulgente(monoglicéridos y diglicéridos de ácidos grasos). puede contener cacahuetes, frutos de cáscara, gluten y soja. porcentajes expresados sobre el producto acabado;8480000229960;0;;;;Ice cream, in box;39515;greixos_totals_g;16.0;g;No certificat
44;2026-07-27 13:06:33;31;2026;43812;Salted caramel ice cream and salted caramel sauce Hacendado Frozen food Ice cream Tubs;1;Alemania;22996;44;Congelados;Helados;Tarrinas;Productos del momento;Elige el tuyo, ¡disfruta!;Helado salted caramel Hacendado con salsa de caramelo salado;;0.5;l;6.50;€/l;3.25;nata (32 %), leche concentrada desnatada reconstituida, salsa de caramelo salado [leche condensada (leche, azúcar), agua, jarabe de glucosa, materia grasa láctea anhidra, sal (0,15 %), emulgente (monoglicéridos y diglicéridos de ácidos grasos),estabilizante (pectinas)], trozos de caramelo salado [azúcar, mantequilla, jarabe de glucosa, grasa de coco, sal (0,08 %), emulgente (lecitinas), gasificante (carbonatos de sodio)], leche condensada (leche, azúcar), yema de huevo, leche desnatada en polvo, jarabe de glucosa, caramelo (1 %) (azúcar, agua, jarabe de glucosa), emulgente(monoglicéridos y diglicéridos de ácidos grasos). puede contener cacahuetes, frutos de cáscara, gluten y soja. porcentajes expresados sobre el producto acabado;8480000229960;0;;;;Ice cream, in box;39515;greixos_saturats_g;11.0;g;No certificat
44;2026-07-27 13:06:33;31;2026;43812;Salted caramel ice cream and salted caramel sauce Hacendado Frozen food Ice cream Tubs;1;Alemania;22996;44;Congelados;Helados;Tarrinas;Productos del momento;Elige el tuyo, ¡disfruta!;Helado salted caramel Hacendado con salsa de caramelo salado;;0.5;l;6.50;€/l;3.25;nata (32 %), leche concentrada desnatada reconstituida, salsa de caramelo salado [leche condensada (leche, azúcar), agua, jarabe de glucosa, materia grasa láctea anhidra, sal (0,15 %), emulgente (monoglicéridos y diglicéridos de ácidos grasos),estabilizante (pectinas)], trozos de caramelo salado [azúcar, mantequilla, jarabe de glucosa, grasa de coco, sal (0,08 %), emulgente (lecitinas), gasificante (carbonatos de sodio)], leche condensada (leche, azúcar), yema de huevo, leche desnatada en polvo, jarabe de glucosa, caramelo (1 %) (azúcar, agua, jarabe de glucosa), emulgente(monoglicéridos y diglicéridos de ácidos grasos). puede contener cacahuetes, frutos de cáscara, gluten y soja. porcentajes expresados sobre el producto acabado;8480000229960;0;;;;Ice cream, in box;39515;hidrats_carboni_g;28.0;g;No certificat
44;2026-07-27 13:06:33;31;2026;43812;Salted caramel ice cream and salted caramel sauce Hacendado Frozen food Ice cream Tubs;1;Alemania;22996;44;Congelados;Helados;Tarrinas;Productos del momento;Elige el tuyo, ¡disfruta!;Helado salted caramel Hacendado con salsa de caramelo salado;;0.5;l;6.50;€/l;3.25;nata (32 %), leche concentrada desnatada reconstituida, salsa de caramelo salado [leche condensada (leche, azúcar), agua, jarabe de glucosa, materia grasa láctea anhidra, sal (0,15 %), emulgente (monoglicéridos y diglicéridos de ácidos grasos),estabilizante (pectinas)], trozos de caramelo salado [azúcar, mantequilla, jarabe de glucosa, grasa de coco, sal (0,08 %), emulgente (lecitinas), gasificante (carbonatos de sodio)], leche condensada (leche, azúcar), yema de huevo, leche desnatada en polvo, jarabe de glucosa, caramelo (1 %) (azúcar, agua, jarabe de glucosa), emulgente(monoglicéridos y diglicéridos de ácidos grasos). puede contener cacahuetes, frutos de cáscara, gluten y soja. porcentajes expresados sobre el producto acabado;8480000229960;0;;;;Ice cream, in box;39515;sucres_g;27.0;g;No certificat
44;2026-07-27 13:06:33;31;2026;43812;Salted caramel ice cream and salted caramel sauce Hacendado Frozen food Ice cream Tubs;1;Alemania;22996;44;Congelados;Helados;Tarrinas;Productos del momento;Elige el tuyo, ¡disfruta!;Helado salted caramel Hacendado con salsa de caramelo salado;;0.5;l;6.50;€/l;3.25;nata (32 %), leche concentrada desnatada reconstituida, salsa de caramelo salado [leche condensada (leche, azúcar), agua, jarabe de glucosa, materia grasa láctea anhidra, sal (0,15 %), emulgente (monoglicéridos y diglicéridos de ácidos grasos),estabilizante (pectinas)], trozos de caramelo salado [azúcar, mantequilla, jarabe de glucosa, grasa de coco, sal (0,08 %), emulgente (lecitinas), gasificante (carbonatos de sodio)], leche condensada (leche, azúcar), yema de huevo, leche desnatada en polvo, jarabe de glucosa, caramelo (1 %) (azúcar, agua, jarabe de glucosa), emulgente(monoglicéridos y diglicéridos de ácidos grasos). puede contener cacahuetes, frutos de cáscara, gluten y soja. porcentajes expresados sobre el producto acabado;8480000229960;0;;;;Ice cream, in box;39515;proteines_g;3.8;g;No certificat
44;2026-07-27 13:06:33;31;2026;43812;Salted caramel ice cream and salted caramel sauce Hacendado Frozen food Ice cream Tubs;1;Alemania;22996;44;Congelados;Helados;Tarrinas;Productos del momento;Elige el tuyo, ¡disfruta!;Helado salted caramel Hacendado con salsa de caramelo salado;;0.5;l;6.50;€/l;3.25;nata (32 %), leche concentrada desnatada reconstituida, salsa de caramelo salado [leche condensada (leche, azúcar), agua, jarabe de glucosa, materia grasa láctea anhidra, sal (0,15 %), emulgente (monoglicéridos y diglicéridos de ácidos grasos),estabilizante (pectinas)], trozos de caramelo salado [azúcar, mantequilla, jarabe de glucosa, grasa de coco, sal (0,08 %), emulgente (lecitinas), gasificante (carbonatos de sodio)], leche condensada (leche, azúcar), yema de huevo, leche desnatada en polvo, jarabe de glucosa, caramelo (1 %) (azúcar, agua, jarabe de glucosa), emulgente(monoglicéridos y diglicéridos de ácidos grasos). puede contener cacahuetes, frutos de cáscara, gluten y soja. porcentajes expresados sobre el producto acabado;8480000229960;0;;;;Ice cream, in box;39515;sal_g;0.4;g;No certificat
45;2026-07-27 13:06:33;31;2026;43812;Cheesecake ice cream with sauce strawberry Hacendado Frozen food Ice cream Tubs;1;España;64436;45;Congelados;Helados;Tarrinas;Productos del momento;Elige el tuyo, ¡disfruta!;Helado de cheesecake Hacendado con salsa de fresa;;0.5;l;6.00;€/l;3.00;helado de crema de queso con salsa de fresa y galleta. helado de crema de queso (80,8%).  ingredientes: leche entera, queso (17,5%) (leche), leche desnatada reconstituida, azúcar, mantequilla (leche), jarabe de glucosa y fructosa, leche desnatada en polvo, yema de huevo, emulgentes (esteres de propano-1,2-  diol de ácidos grasos,  monoglicéridos y  diglicéridos de ácidos grasos), estabilizantes  (goma garrofín, goma guar), aroma. salsa  de fresa (13%). ingredientes: fresas (32,8%), agua, azúcar, jarabe de glucosa,  jarabe de azúcar invertido, almidón modificado, corrector de acidez (ácido  cítrico), espesante (pectinas), aroma natural, zumo concentrado de  zanahoria, jarabe de azúcar  caramelizado. galletas (6,2%). ingredientes: grasas vegetales (coco, palma),  harina de trigo, azúcar, leche desnatada en polvo, jarabe de glucosa y fructosa,  gasificantes (carbonatos de sodio y amonio), sal, aroma natural de vainilla. trazas de frutos de cáscara;8480000644367;0;;;;Ice cream, in box;39515;Energia (kcal);272.0;kcal;No certificat
45;2026-07-27 13:06:33;31;2026;43812;Cheesecake ice cream with sauce strawberry Hacendado Frozen food Ice cream Tubs;1;España;64436;45;Congelados;Helados;Tarrinas;Productos del momento;Elige el tuyo, ¡disfruta!;Helado de cheesecake Hacendado con salsa de fresa;;0.5;l;6.00;€/l;3.00;helado de crema de queso con salsa de fresa y galleta. helado de crema de queso (80,8%).  ingredientes: leche entera, queso (17,5%) (leche), leche desnatada reconstituida, azúcar, mantequilla (leche), jarabe de glucosa y fructosa, leche desnatada en polvo, yema de huevo, emulgentes (esteres de propano-1,2-  diol de ácidos grasos,  monoglicéridos y  diglicéridos de ácidos grasos), estabilizantes  (goma garrofín, goma guar), aroma. salsa  de fresa (13%). ingredientes: fresas (32,8%), agua, azúcar, jarabe de glucosa,  jarabe de azúcar invertido, almidón modificado, corrector de acidez (ácido  cítrico), espesante (pectinas), aroma natural, zumo concentrado de  zanahoria, jarabe de azúcar  caramelizado. galletas (6,2%). ingredientes: grasas vegetales (coco, palma),  harina de trigo, azúcar, leche desnatada en polvo, jarabe de glucosa y fructosa,  gasificantes (carbonatos de sodio y amonio), sal, aroma natural de vainilla. trazas de frutos de cáscara;8480000644367;0;;;;Ice cream, in box;39515;Energia (kJ);1136.0;kJ;No certificat
45;2026-07-27 13:06:33;31;2026;43812;Cheesecake ice cream with sauce strawberry Hacendado Frozen food Ice cream Tubs;1;España;64436;45;Congelados;Helados;Tarrinas;Productos del momento;Elige el tuyo, ¡disfruta!;Helado de cheesecake Hacendado con salsa de fresa;;0.5;l;6.00;€/l;3.00;helado de crema de queso con salsa de fresa y galleta. helado de crema de queso (80,8%).  ingredientes: leche entera, queso (17,5%) (leche), leche desnatada reconstituida, azúcar, mantequilla (leche), jarabe de glucosa y fructosa, leche desnatada en polvo, yema de huevo, emulgentes (esteres de propano-1,2-  diol de ácidos grasos,  monoglicéridos y  diglicéridos de ácidos grasos), estabilizantes  (goma garrofín, goma guar), aroma. salsa  de fresa (13%). ingredientes: fresas (32,8%), agua, azúcar, jarabe de glucosa,  jarabe de azúcar invertido, almidón modificado, corrector de acidez (ácido  cítrico), espesante (pectinas), aroma natural, zumo concentrado de  zanahoria, jarabe de azúcar  caramelizado. galletas (6,2%). ingredientes: grasas vegetales (coco, palma),  harina de trigo, azúcar, leche desnatada en polvo, jarabe de glucosa y fructosa,  gasificantes (carbonatos de sodio y amonio), sal, aroma natural de vainilla. trazas de frutos de cáscara;8480000644367;0;;;;Ice cream, in box;39515;greixos_totals_g;17.0;g;No certificat
45;2026-07-27 13:06:33;31;2026;43812;Cheesecake ice cream with sauce strawberry Hacendado Frozen food Ice cream Tubs;1;España;64436;45;Congelados;Helados;Tarrinas;Productos del momento;Elige el tuyo, ¡disfruta!;Helado de cheesecake Hacendado con salsa de fresa;;0.5;l;6.00;€/l;3.00;helado de crema de queso con salsa de fresa y galleta. helado de crema de queso (80,8%).  ingredientes: leche entera, queso (17,5%) (leche), leche desnatada reconstituida, azúcar, mantequilla (leche), jarabe de glucosa y fructosa, leche desnatada en polvo, yema de huevo, emulgentes (esteres de propano-1,2-  diol de ácidos grasos,  monoglicéridos y  diglicéridos de ácidos grasos), estabilizantes  (goma garrofín, goma guar), aroma. salsa  de fresa (13%). ingredientes: fresas (32,8%), agua, azúcar, jarabe de glucosa,  jarabe de azúcar invertido, almidón modificado, corrector de acidez (ácido  cítrico), espesante (pectinas), aroma natural, zumo concentrado de  zanahoria, jarabe de azúcar  caramelizado. galletas (6,2%). ingredientes: grasas vegetales (coco, palma),  harina de trigo, azúcar, leche desnatada en polvo, jarabe de glucosa y fructosa,  gasificantes (carbonatos de sodio y amonio), sal, aroma natural de vainilla. trazas de frutos de cáscara;8480000644367;0;;;;Ice cream, in box;39515;greixos_saturats_g;11.0;g;No certificat
45;2026-07-27 13:06:33;31;2026;43812;Cheesecake ice cream with sauce strawberry Hacendado Frozen food Ice cream Tubs;1;España;64436;45;Congelados;Helados;Tarrinas;Productos del momento;Elige el tuyo, ¡disfruta!;Helado de cheesecake Hacendado con salsa de fresa;;0.5;l;6.00;€/l;3.00;helado de crema de queso con salsa de fresa y galleta. helado de crema de queso (80,8%).  ingredientes: leche entera, queso (17,5%) (leche), leche desnatada reconstituida, azúcar, mantequilla (leche), jarabe de glucosa y fructosa, leche desnatada en polvo, yema de huevo, emulgentes (esteres de propano-1,2-  diol de ácidos grasos,  monoglicéridos y  diglicéridos de ácidos grasos), estabilizantes  (goma garrofín, goma guar), aroma. salsa  de fresa (13%). ingredientes: fresas (32,8%), agua, azúcar, jarabe de glucosa,  jarabe de azúcar invertido, almidón modificado, corrector de acidez (ácido  cítrico), espesante (pectinas), aroma natural, zumo concentrado de  zanahoria, jarabe de azúcar  caramelizado. galletas (6,2%). ingredientes: grasas vegetales (coco, palma),  harina de trigo, azúcar, leche desnatada en polvo, jarabe de glucosa y fructosa,  gasificantes (carbonatos de sodio y amonio), sal, aroma natural de vainilla. trazas de frutos de cáscara;8480000644367;0;;;;Ice cream, in box;39515;hidrats_carboni_g;26.0;g;No certificat
45;2026-07-27 13:06:33;31;2026;43812;Cheesecake ice cream with sauce strawberry Hacendado Frozen food Ice cream Tubs;1;España;64436;45;Congelados;Helados;Tarrinas;Productos del momento;Elige el tuyo, ¡disfruta!;Helado de cheesecake Hacendado con salsa de fresa;;0.5;l;6.00;€/l;3.00;helado de crema de queso con salsa de fresa y galleta. helado de crema de queso (80,8%).  ingredientes: leche entera, queso (17,5%) (leche), leche desnatada reconstituida, azúcar, mantequilla (leche), jarabe de glucosa y fructosa, leche desnatada en polvo, yema de huevo, emulgentes (esteres de propano-1,2-  diol de ácidos grasos,  monoglicéridos y  diglicéridos de ácidos grasos), estabilizantes  (goma garrofín, goma guar), aroma. salsa  de fresa (13%). ingredientes: fresas (32,8%), agua, azúcar, jarabe de glucosa,  jarabe de azúcar invertido, almidón modificado, corrector de acidez (ácido  cítrico), espesante (pectinas), aroma natural, zumo concentrado de  zanahoria, jarabe de azúcar  caramelizado. galletas (6,2%). ingredientes: grasas vegetales (coco, palma),  harina de trigo, azúcar, leche desnatada en polvo, jarabe de glucosa y fructosa,  gasificantes (carbonatos de sodio y amonio), sal, aroma natural de vainilla. trazas de frutos de cáscara;8480000644367;0;;;;Ice cream, in box;39515;sucres_g;23.0;g;No certificat
45;2026-07-27 13:06:33;31;2026;43812;Cheesecake ice cream with sauce strawberry Hacendado Frozen food Ice cream Tubs;1;España;64436;45;Congelados;Helados;Tarrinas;Productos del momento;Elige el tuyo, ¡disfruta!;Helado de cheesecake Hacendado con salsa de fresa;;0.5;l;6.00;€/l;3.00;helado de crema de queso con salsa de fresa y galleta. helado de crema de queso (80,8%).  ingredientes: leche entera, queso (17,5%) (leche), leche desnatada reconstituida, azúcar, mantequilla (leche), jarabe de glucosa y fructosa, leche desnatada en polvo, yema de huevo, emulgentes (esteres de propano-1,2-  diol de ácidos grasos,  monoglicéridos y  diglicéridos de ácidos grasos), estabilizantes  (goma garrofín, goma guar), aroma. salsa  de fresa (13%). ingredientes: fresas (32,8%), agua, azúcar, jarabe de glucosa,  jarabe de azúcar invertido, almidón modificado, corrector de acidez (ácido  cítrico), espesante (pectinas), aroma natural, zumo concentrado de  zanahoria, jarabe de azúcar  caramelizado. galletas (6,2%). ingredientes: grasas vegetales (coco, palma),  harina de trigo, azúcar, leche desnatada en polvo, jarabe de glucosa y fructosa,  gasificantes (carbonatos de sodio y amonio), sal, aroma natural de vainilla. trazas de frutos de cáscara;8480000644367;0;;;;Ice cream, in box;39515;proteines_g;3.7;g;No certificat
45;2026-07-27 13:06:33;31;2026;43812;Cheesecake ice cream with sauce strawberry Hacendado Frozen food Ice cream Tubs;1;España;64436;45;Congelados;Helados;Tarrinas;Productos del momento;Elige el tuyo, ¡disfruta!;Helado de cheesecake Hacendado con salsa de fresa;;0.5;l;6.00;€/l;3.00;helado de crema de queso con salsa de fresa y galleta. helado de crema de queso (80,8%).  ingredientes: leche entera, queso (17,5%) (leche), leche desnatada reconstituida, azúcar, mantequilla (leche), jarabe de glucosa y fructosa, leche desnatada en polvo, yema de huevo, emulgentes (esteres de propano-1,2-  diol de ácidos grasos,  monoglicéridos y  diglicéridos de ácidos grasos), estabilizantes  (goma garrofín, goma guar), aroma. salsa  de fresa (13%). ingredientes: fresas (32,8%), agua, azúcar, jarabe de glucosa,  jarabe de azúcar invertido, almidón modificado, corrector de acidez (ácido  cítrico), espesante (pectinas), aroma natural, zumo concentrado de  zanahoria, jarabe de azúcar  caramelizado. galletas (6,2%). ingredientes: grasas vegetales (coco, palma),  harina de trigo, azúcar, leche desnatada en polvo, jarabe de glucosa y fructosa,  gasificantes (carbonatos de sodio y amonio), sal, aroma natural de vainilla. trazas de frutos de cáscara;8480000644367;0;;;;Ice cream, in box;39515;sal_g;0.29;g;No certificat
46;2026-07-27 13:06:33;31;2026;43812;Nougat ice cream Hacendado Frozen food Ice cream Tubs;1;España;64445;46;Congelados;Helados;Tarrinas;Productos del momento;Elige el tuyo, ¡disfruta!;Helado de turrón Hacendado;;0.5;l;5.90;€/l;2.95;helado de crema de turrón. ingredientes: leche desnatada reconstituida, turrón suprema (23%) (almendras tostadas, miel, azúcar, azúcar líquido invertido, clara de huevo), azúcar, mantequilla (leche), lactosa y proteínas de la leche, emulgente (monoglicéridos y diglicéridos de ácidos grasos), estabilizantes (goma garrofín, goma guar, carragenanos), colorantes (caramelo natural, carotenos). trazas de otros frutos de cáscara.;8480000644459;0;;;;Ice cream, in box;39515;Energia (kcal);282.0;kcal;Gluten-free
46;2026-07-27 13:06:33;31;2026;43812;Nougat ice cream Hacendado Frozen food Ice cream Tubs;1;España;64445;46;Congelados;Helados;Tarrinas;Productos del momento;Elige el tuyo, ¡disfruta!;Helado de turrón Hacendado;;0.5;l;5.90;€/l;2.95;helado de crema de turrón. ingredientes: leche desnatada reconstituida, turrón suprema (23%) (almendras tostadas, miel, azúcar, azúcar líquido invertido, clara de huevo), azúcar, mantequilla (leche), lactosa y proteínas de la leche, emulgente (monoglicéridos y diglicéridos de ácidos grasos), estabilizantes (goma garrofín, goma guar, carragenanos), colorantes (caramelo natural, carotenos). trazas de otros frutos de cáscara.;8480000644459;0;;;;Ice cream, in box;39515;Energia (kJ);1177.0;kJ;Gluten-free
46;2026-07-27 13:06:33;31;2026;43812;Nougat ice cream Hacendado Frozen food Ice cream Tubs;1;España;64445;46;Congelados;Helados;Tarrinas;Productos del momento;Elige el tuyo, ¡disfruta!;Helado de turrón Hacendado;;0.5;l;5.90;€/l;2.95;helado de crema de turrón. ingredientes: leche desnatada reconstituida, turrón suprema (23%) (almendras tostadas, miel, azúcar, azúcar líquido invertido, clara de huevo), azúcar, mantequilla (leche), lactosa y proteínas de la leche, emulgente (monoglicéridos y diglicéridos de ácidos grasos), estabilizantes (goma garrofín, goma guar, carragenanos), colorantes (caramelo natural, carotenos). trazas de otros frutos de cáscara.;8480000644459;0;;;;Ice cream, in box;39515;greixos_totals_g;16.0;g;Gluten-free
46;2026-07-27 13:06:33;31;2026;43812;Nougat ice cream Hacendado Frozen food Ice cream Tubs;1;España;64445;46;Congelados;Helados;Tarrinas;Productos del momento;Elige el tuyo, ¡disfruta!;Helado de turrón Hacendado;;0.5;l;5.90;€/l;2.95;helado de crema de turrón. ingredientes: leche desnatada reconstituida, turrón suprema (23%) (almendras tostadas, miel, azúcar, azúcar líquido invertido, clara de huevo), azúcar, mantequilla (leche), lactosa y proteínas de la leche, emulgente (monoglicéridos y diglicéridos de ácidos grasos), estabilizantes (goma garrofín, goma guar, carragenanos), colorantes (caramelo natural, carotenos). trazas de otros frutos de cáscara.;8480000644459;0;;;;Ice cream, in box;39515;greixos_saturats_g;6.2;g;Gluten-free
46;2026-07-27 13:06:33;31;2026;43812;Nougat ice cream Hacendado Frozen food Ice cream Tubs;1;España;64445;46;Congelados;Helados;Tarrinas;Productos del momento;Elige el tuyo, ¡disfruta!;Helado de turrón Hacendado;;0.5;l;5.90;€/l;2.95;helado de crema de turrón. ingredientes: leche desnatada reconstituida, turrón suprema (23%) (almendras tostadas, miel, azúcar, azúcar líquido invertido, clara de huevo), azúcar, mantequilla (leche), lactosa y proteínas de la leche, emulgente (monoglicéridos y diglicéridos de ácidos grasos), estabilizantes (goma garrofín, goma guar, carragenanos), colorantes (caramelo natural, carotenos). trazas de otros frutos de cáscara.;8480000644459;0;;;;Ice cream, in box;39515;hidrats_carboni_g;27.0;g;Gluten-free
46;2026-07-27 13:06:33;31;2026;43812;Nougat ice cream Hacendado Frozen food Ice cream Tubs;1;España;64445;46;Congelados;Helados;Tarrinas;Productos del momento;Elige el tuyo, ¡disfruta!;Helado de turrón Hacendado;;0.5;l;5.90;€/l;2.95;helado de crema de turrón. ingredientes: leche desnatada reconstituida, turrón suprema (23%) (almendras tostadas, miel, azúcar, azúcar líquido invertido, clara de huevo), azúcar, mantequilla (leche), lactosa y proteínas de la leche, emulgente (monoglicéridos y diglicéridos de ácidos grasos), estabilizantes (goma garrofín, goma guar, carragenanos), colorantes (caramelo natural, carotenos). trazas de otros frutos de cáscara.;8480000644459;0;;;;Ice cream, in box;39515;sucres_g;27.0;g;Gluten-free
46;2026-07-27 13:06:33;31;2026;43812;Nougat ice cream Hacendado Frozen food Ice cream Tubs;1;España;64445;46;Congelados;Helados;Tarrinas;Productos del momento;Elige el tuyo, ¡disfruta!;Helado de turrón Hacendado;;0.5;l;5.90;€/l;2.95;helado de crema de turrón. ingredientes: leche desnatada reconstituida, turrón suprema (23%) (almendras tostadas, miel, azúcar, azúcar líquido invertido, clara de huevo), azúcar, mantequilla (leche), lactosa y proteínas de la leche, emulgente (monoglicéridos y diglicéridos de ácidos grasos), estabilizantes (goma garrofín, goma guar, carragenanos), colorantes (caramelo natural, carotenos). trazas de otros frutos de cáscara.;8480000644459;0;;;;Ice cream, in box;39515;proteines_g;6.2;g;Gluten-free
46;2026-07-27 13:06:33;31;2026;43812;Nougat ice cream Hacendado Frozen food Ice cream Tubs;1;España;64445;46;Congelados;Helados;Tarrinas;Productos del momento;Elige el tuyo, ¡disfruta!;Helado de turrón Hacendado;;0.5;l;5.90;€/l;2.95;helado de crema de turrón. ingredientes: leche desnatada reconstituida, turrón suprema (23%) (almendras tostadas, miel, azúcar, azúcar líquido invertido, clara de huevo), azúcar, mantequilla (leche), lactosa y proteínas de la leche, emulgente (monoglicéridos y diglicéridos de ácidos grasos), estabilizantes (goma garrofín, goma guar, carragenanos), colorantes (caramelo natural, carotenos). trazas de otros frutos de cáscara.;8480000644459;0;;;;Ice cream, in box;39515;sal_g;0.2;g;Gluten-free
47;2026-07-27 13:06:33;31;2026;43812;Milk and cinnamon ice cream Hacendado Frozen food Ice cream Tubs;1;España;64414;47;Congelados;Helados;Tarrinas;Productos del momento;Elige el tuyo, ¡disfruta!;Helado de leche merengada Hacendado;;1.0;l;2.95;€/l;2.95;helado de crema de leche merengada. ingredientes:leche desnatada reconstituida, mantequilla (leche), azúcar, jarabe de glucosa y fructosa, lactosa y proteínas de leche, canela (0,4%), emulgente (monoglicéridos y diglicéridos de ácidos grasos), estabilizantes (goma garrofín, goma guar, carragenanos), corteza de limón, aroma.;8480000644138;0;;;;Frozen dessert, ice cream with meringue;39502;Energia (kcal);212.0;kcal;Gluten-free
47;2026-07-27 13:06:33;31;2026;43812;Milk and cinnamon ice cream Hacendado Frozen food Ice cream Tubs;1;España;64414;47;Congelados;Helados;Tarrinas;Productos del momento;Elige el tuyo, ¡disfruta!;Helado de leche merengada Hacendado;;1.0;l;2.95;€/l;2.95;helado de crema de leche merengada. ingredientes:leche desnatada reconstituida, mantequilla (leche), azúcar, jarabe de glucosa y fructosa, lactosa y proteínas de leche, canela (0,4%), emulgente (monoglicéridos y diglicéridos de ácidos grasos), estabilizantes (goma garrofín, goma guar, carragenanos), corteza de limón, aroma.;8480000644138;0;;;;Frozen dessert, ice cream with meringue;39502;Energia (kJ);885.0;kJ;Gluten-free
47;2026-07-27 13:06:33;31;2026;43812;Milk and cinnamon ice cream Hacendado Frozen food Ice cream Tubs;1;España;64414;47;Congelados;Helados;Tarrinas;Productos del momento;Elige el tuyo, ¡disfruta!;Helado de leche merengada Hacendado;;1.0;l;2.95;€/l;2.95;helado de crema de leche merengada. ingredientes:leche desnatada reconstituida, mantequilla (leche), azúcar, jarabe de glucosa y fructosa, lactosa y proteínas de leche, canela (0,4%), emulgente (monoglicéridos y diglicéridos de ácidos grasos), estabilizantes (goma garrofín, goma guar, carragenanos), corteza de limón, aroma.;8480000644138;0;;;;Frozen dessert, ice cream with meringue;39502;greixos_totals_g;12.0;g;Gluten-free
47;2026-07-27 13:06:33;31;2026;43812;Milk and cinnamon ice cream Hacendado Frozen food Ice cream Tubs;1;España;64414;47;Congelados;Helados;Tarrinas;Productos del momento;Elige el tuyo, ¡disfruta!;Helado de leche merengada Hacendado;;1.0;l;2.95;€/l;2.95;helado de crema de leche merengada. ingredientes:leche desnatada reconstituida, mantequilla (leche), azúcar, jarabe de glucosa y fructosa, lactosa y proteínas de leche, canela (0,4%), emulgente (monoglicéridos y diglicéridos de ácidos grasos), estabilizantes (goma garrofín, goma guar, carragenanos), corteza de limón, aroma.;8480000644138;0;;;;Frozen dessert, ice cream with meringue;39502;greixos_saturats_g;8.0;g;Gluten-free
47;2026-07-27 13:06:33;31;2026;43812;Milk and cinnamon ice cream Hacendado Frozen food Ice cream Tubs;1;España;64414;47;Congelados;Helados;Tarrinas;Productos del momento;Elige el tuyo, ¡disfruta!;Helado de leche merengada Hacendado;;1.0;l;2.95;€/l;2.95;helado de crema de leche merengada. ingredientes:leche desnatada reconstituida, mantequilla (leche), azúcar, jarabe de glucosa y fructosa, lactosa y proteínas de leche, canela (0,4%), emulgente (monoglicéridos y diglicéridos de ácidos grasos), estabilizantes (goma garrofín, goma guar, carragenanos), corteza de limón, aroma.;8480000644138;0;;;;Frozen dessert, ice cream with meringue;39502;hidrats_carboni_g;23.0;g;Gluten-free
47;2026-07-27 13:06:33;31;2026;43812;Milk and cinnamon ice cream Hacendado Frozen food Ice cream Tubs;1;España;64414;47;Congelados;Helados;Tarrinas;Productos del momento;Elige el tuyo, ¡disfruta!;Helado de leche merengada Hacendado;;1.0;l;2.95;€/l;2.95;helado de crema de leche merengada. ingredientes:leche desnatada reconstituida, mantequilla (leche), azúcar, jarabe de glucosa y fructosa, lactosa y proteínas de leche, canela (0,4%), emulgente (monoglicéridos y diglicéridos de ácidos grasos), estabilizantes (goma garrofín, goma guar, carragenanos), corteza de limón, aroma.;8480000644138;0;;;;Frozen dessert, ice cream with meringue;39502;sucres_g;22.0;g;Gluten-free
47;2026-07-27 13:06:33;31;2026;43812;Milk and cinnamon ice cream Hacendado Frozen food Ice cream Tubs;1;España;64414;47;Congelados;Helados;Tarrinas;Productos del momento;Elige el tuyo, ¡disfruta!;Helado de leche merengada Hacendado;;1.0;l;2.95;€/l;2.95;helado de crema de leche merengada. ingredientes:leche desnatada reconstituida, mantequilla (leche), azúcar, jarabe de glucosa y fructosa, lactosa y proteínas de leche, canela (0,4%), emulgente (monoglicéridos y diglicéridos de ácidos grasos), estabilizantes (goma garrofín, goma guar, carragenanos), corteza de limón, aroma.;8480000644138;0;;;;Frozen dessert, ice cream with meringue;39502;proteines_g;2.8;g;Gluten-free
47;2026-07-27 13:06:33;31;2026;43812;Milk and cinnamon ice cream Hacendado Frozen food Ice cream Tubs;1;España;64414;47;Congelados;Helados;Tarrinas;Productos del momento;Elige el tuyo, ¡disfruta!;Helado de leche merengada Hacendado;;1.0;l;2.95;€/l;2.95;helado de crema de leche merengada. ingredientes:leche desnatada reconstituida, mantequilla (leche), azúcar, jarabe de glucosa y fructosa, lactosa y proteínas de leche, canela (0,4%), emulgente (monoglicéridos y diglicéridos de ácidos grasos), estabilizantes (goma garrofín, goma guar, carragenanos), corteza de limón, aroma.;8480000644138;0;;;;Frozen dessert, ice cream with meringue;39502;sal_g;0.16;g;Gluten-free
48;2026-07-27 13:06:33;31;2026;43812;Chocolate egg flavour ice cream Hacendado Frozen food Ice cream Tubs;1;España;52561;48;Congelados;Helados;Tarrinas;Productos del momento;Elige el tuyo, ¡disfruta!;Helado sabor huevo de chocolate Hacendado;;0.95;l;3.84;€/l;3.65;helado sabor a chocolate blanco con crema de cacao y avellanas ingredientes: leche desnatada reconstituida, azúcar, crema de cacao y avellanas (12% ) (azúcar, aceite de girasol, cacao, pasta de avellanas, suero de leche en polvo, leche desnatada en polvo, lactosa, emulgente (lecitinas (soja)), proteínas de la leche, aromas), mantequilla (leche), lactosa y proteínas de la leche, jarabe de glucosa y fructosa, aceite de girasol , leche desnatada en polvo, grasa de palma, nata en polvo (leche), manteca de cacao, emulgentes (monoglicéridos y diglicéridos de ácidos grasos, lecitinas (soja)), estabilizantes (goma garrofín, goma guar, carragenanos), aromas. trazas de huevo, cacahuete y otros f rutos de cáscara.;8402001010224;0;;;;Ice cream, in box;39515;Energia (kcal);283.0;kcal;Gluten-free
48;2026-07-27 13:06:33;31;2026;43812;Chocolate egg flavour ice cream Hacendado Frozen food Ice cream Tubs;1;España;52561;48;Congelados;Helados;Tarrinas;Productos del momento;Elige el tuyo, ¡disfruta!;Helado sabor huevo de chocolate Hacendado;;0.95;l;3.84;€/l;3.65;helado sabor a chocolate blanco con crema de cacao y avellanas ingredientes: leche desnatada reconstituida, azúcar, crema de cacao y avellanas (12% ) (azúcar, aceite de girasol, cacao, pasta de avellanas, suero de leche en polvo, leche desnatada en polvo, lactosa, emulgente (lecitinas (soja)), proteínas de la leche, aromas), mantequilla (leche), lactosa y proteínas de la leche, jarabe de glucosa y fructosa, aceite de girasol , leche desnatada en polvo, grasa de palma, nata en polvo (leche), manteca de cacao, emulgentes (monoglicéridos y diglicéridos de ácidos grasos, lecitinas (soja)), estabilizantes (goma garrofín, goma guar, carragenanos), aromas. trazas de huevo, cacahuete y otros f rutos de cáscara.;8402001010224;0;;;;Ice cream, in box;39515;Energia (kJ);1181.0;kJ;Gluten-free
48;2026-07-27 13:06:33;31;2026;43812;Chocolate egg flavour ice cream Hacendado Frozen food Ice cream Tubs;1;España;52561;48;Congelados;Helados;Tarrinas;Productos del momento;Elige el tuyo, ¡disfruta!;Helado sabor huevo de chocolate Hacendado;;0.95;l;3.84;€/l;3.65;helado sabor a chocolate blanco con crema de cacao y avellanas ingredientes: leche desnatada reconstituida, azúcar, crema de cacao y avellanas (12% ) (azúcar, aceite de girasol, cacao, pasta de avellanas, suero de leche en polvo, leche desnatada en polvo, lactosa, emulgente (lecitinas (soja)), proteínas de la leche, aromas), mantequilla (leche), lactosa y proteínas de la leche, jarabe de glucosa y fructosa, aceite de girasol , leche desnatada en polvo, grasa de palma, nata en polvo (leche), manteca de cacao, emulgentes (monoglicéridos y diglicéridos de ácidos grasos, lecitinas (soja)), estabilizantes (goma garrofín, goma guar, carragenanos), aromas. trazas de huevo, cacahuete y otros f rutos de cáscara.;8402001010224;0;;;;Ice cream, in box;39515;greixos_totals_g;16.0;g;Gluten-free
48;2026-07-27 13:06:33;31;2026;43812;Chocolate egg flavour ice cream Hacendado Frozen food Ice cream Tubs;1;España;52561;48;Congelados;Helados;Tarrinas;Productos del momento;Elige el tuyo, ¡disfruta!;Helado sabor huevo de chocolate Hacendado;;0.95;l;3.84;€/l;3.65;helado sabor a chocolate blanco con crema de cacao y avellanas ingredientes: leche desnatada reconstituida, azúcar, crema de cacao y avellanas (12% ) (azúcar, aceite de girasol, cacao, pasta de avellanas, suero de leche en polvo, leche desnatada en polvo, lactosa, emulgente (lecitinas (soja)), proteínas de la leche, aromas), mantequilla (leche), lactosa y proteínas de la leche, jarabe de glucosa y fructosa, aceite de girasol , leche desnatada en polvo, grasa de palma, nata en polvo (leche), manteca de cacao, emulgentes (monoglicéridos y diglicéridos de ácidos grasos, lecitinas (soja)), estabilizantes (goma garrofín, goma guar, carragenanos), aromas. trazas de huevo, cacahuete y otros f rutos de cáscara.;8402001010224;0;;;;Ice cream, in box;39515;greixos_saturats_g;6.6;g;Gluten-free
48;2026-07-27 13:06:33;31;2026;43812;Chocolate egg flavour ice cream Hacendado Frozen food Ice cream Tubs;1;España;52561;48;Congelados;Helados;Tarrinas;Productos del momento;Elige el tuyo, ¡disfruta!;Helado sabor huevo de chocolate Hacendado;;0.95;l;3.84;€/l;3.65;helado sabor a chocolate blanco con crema de cacao y avellanas ingredientes: leche desnatada reconstituida, azúcar, crema de cacao y avellanas (12% ) (azúcar, aceite de girasol, cacao, pasta de avellanas, suero de leche en polvo, leche desnatada en polvo, lactosa, emulgente (lecitinas (soja)), proteínas de la leche, aromas), mantequilla (leche), lactosa y proteínas de la leche, jarabe de glucosa y fructosa, aceite de girasol , leche desnatada en polvo, grasa de palma, nata en polvo (leche), manteca de cacao, emulgentes (monoglicéridos y diglicéridos de ácidos grasos, lecitinas (soja)), estabilizantes (goma garrofín, goma guar, carragenanos), aromas. trazas de huevo, cacahuete y otros f rutos de cáscara.;8402001010224;0;;;;Ice cream, in box;39515;hidrats_carboni_g;31.0;g;Gluten-free
48;2026-07-27 13:06:33;31;2026;43812;Chocolate egg flavour ice cream Hacendado Frozen food Ice cream Tubs;1;España;52561;48;Congelados;Helados;Tarrinas;Productos del momento;Elige el tuyo, ¡disfruta!;Helado sabor huevo de chocolate Hacendado;;0.95;l;3.84;€/l;3.65;helado sabor a chocolate blanco con crema de cacao y avellanas ingredientes: leche desnatada reconstituida, azúcar, crema de cacao y avellanas (12% ) (azúcar, aceite de girasol, cacao, pasta de avellanas, suero de leche en polvo, leche desnatada en polvo, lactosa, emulgente (lecitinas (soja)), proteínas de la leche, aromas), mantequilla (leche), lactosa y proteínas de la leche, jarabe de glucosa y fructosa, aceite de girasol , leche desnatada en polvo, grasa de palma, nata en polvo (leche), manteca de cacao, emulgentes (monoglicéridos y diglicéridos de ácidos grasos, lecitinas (soja)), estabilizantes (goma garrofín, goma guar, carragenanos), aromas. trazas de huevo, cacahuete y otros f rutos de cáscara.;8402001010224;0;;;;Ice cream, in box;39515;sucres_g;30.0;g;Gluten-free
48;2026-07-27 13:06:33;31;2026;43812;Chocolate egg flavour ice cream Hacendado Frozen food Ice cream Tubs;1;España;52561;48;Congelados;Helados;Tarrinas;Productos del momento;Elige el tuyo, ¡disfruta!;Helado sabor huevo de chocolate Hacendado;;0.95;l;3.84;€/l;3.65;helado sabor a chocolate blanco con crema de cacao y avellanas ingredientes: leche desnatada reconstituida, azúcar, crema de cacao y avellanas (12% ) (azúcar, aceite de girasol, cacao, pasta de avellanas, suero de leche en polvo, leche desnatada en polvo, lactosa, emulgente (lecitinas (soja)), proteínas de la leche, aromas), mantequilla (leche), lactosa y proteínas de la leche, jarabe de glucosa y fructosa, aceite de girasol , leche desnatada en polvo, grasa de palma, nata en polvo (leche), manteca de cacao, emulgentes (monoglicéridos y diglicéridos de ácidos grasos, lecitinas (soja)), estabilizantes (goma garrofín, goma guar, carragenanos), aromas. trazas de huevo, cacahuete y otros f rutos de cáscara.;8402001010224;0;;;;Ice cream, in box;39515;proteines_g;3.6;g;Gluten-free
48;2026-07-27 13:06:33;31;2026;43812;Chocolate egg flavour ice cream Hacendado Frozen food Ice cream Tubs;1;España;52561;48;Congelados;Helados;Tarrinas;Productos del momento;Elige el tuyo, ¡disfruta!;Helado sabor huevo de chocolate Hacendado;;0.95;l;3.84;€/l;3.65;helado sabor a chocolate blanco con crema de cacao y avellanas ingredientes: leche desnatada reconstituida, azúcar, crema de cacao y avellanas (12% ) (azúcar, aceite de girasol, cacao, pasta de avellanas, suero de leche en polvo, leche desnatada en polvo, lactosa, emulgente (lecitinas (soja)), proteínas de la leche, aromas), mantequilla (leche), lactosa y proteínas de la leche, jarabe de glucosa y fructosa, aceite de girasol , leche desnatada en polvo, grasa de palma, nata en polvo (leche), manteca de cacao, emulgentes (monoglicéridos y diglicéridos de ácidos grasos, lecitinas (soja)), estabilizantes (goma garrofín, goma guar, carragenanos), aromas. trazas de huevo, cacahuete y otros f rutos de cáscara.;8402001010224;0;;;;Ice cream, in box;39515;sal_g;0.18;g;Gluten-free
49;2026-07-27 13:06:33;31;2026;43812;Cappuccino ice cream with coffee syrup Hacendado Frozen food Ice cream Tubs;1;España;52563;49;Congelados;Helados;Tarrinas;Productos del momento;Elige el tuyo, ¡disfruta!;Helado capuccino Hacendado con sirope de café;;0.95;l;3.42;€/l;3.25;helado de café y sabor nata con sirope de café y granos de chocolate al café. helado de café y sabor nata (80,5%) ingredientes: leche desnatada reconstituida, azúcar, grasas vegetales (coco, palma), agua, jarabe de glucosa y fructosa, lactosa y proteínas de leche, café soluble (1%), emulgente (monoglicéridos y diglicéridos de ácidos grasos), estabilizantes (goma garrofín, goma guar, carragenanos), aromas.sirope de café (16%). ingredientes: jarabe de glucosa, agua, azúcar, leche condensada desnatada (leche desnatada, azúcar), café soluble (4,5%), grasa de coco, cacao desgrasado, espesante(carragenanos), emulgente (monoglicéridos y diglicéridos de ácidos grasos), sal.granos de chocolate al café (3,5%). ingredientes: azúcar, chocolate negro, extracto de café, agente de recubrimiento (goma arábiga, goma laca), jarabe de glucosa. trazas de soja.;8402001010255;0;;;;Ice cream, in box;39515;Energia (kcal);223.0;kcal;Gluten-free
49;2026-07-27 13:06:33;31;2026;43812;Cappuccino ice cream with coffee syrup Hacendado Frozen food Ice cream Tubs;1;España;52563;49;Congelados;Helados;Tarrinas;Productos del momento;Elige el tuyo, ¡disfruta!;Helado capuccino Hacendado con sirope de café;;0.95;l;3.42;€/l;3.25;helado de café y sabor nata con sirope de café y granos de chocolate al café. helado de café y sabor nata (80,5%) ingredientes: leche desnatada reconstituida, azúcar, grasas vegetales (coco, palma), agua, jarabe de glucosa y fructosa, lactosa y proteínas de leche, café soluble (1%), emulgente (monoglicéridos y diglicéridos de ácidos grasos), estabilizantes (goma garrofín, goma guar, carragenanos), aromas.sirope de café (16%). ingredientes: jarabe de glucosa, agua, azúcar, leche condensada desnatada (leche desnatada, azúcar), café soluble (4,5%), grasa de coco, cacao desgrasado, espesante(carragenanos), emulgente (monoglicéridos y diglicéridos de ácidos grasos), sal.granos de chocolate al café (3,5%). ingredientes: azúcar, chocolate negro, extracto de café, agente de recubrimiento (goma arábiga, goma laca), jarabe de glucosa. trazas de soja.;8402001010255;0;;;;Ice cream, in box;39515;Energia (kJ);936.0;kJ;Gluten-free
49;2026-07-27 13:06:33;31;2026;43812;Cappuccino ice cream with coffee syrup Hacendado Frozen food Ice cream Tubs;1;España;52563;49;Congelados;Helados;Tarrinas;Productos del momento;Elige el tuyo, ¡disfruta!;Helado capuccino Hacendado con sirope de café;;0.95;l;3.42;€/l;3.25;helado de café y sabor nata con sirope de café y granos de chocolate al café. helado de café y sabor nata (80,5%) ingredientes: leche desnatada reconstituida, azúcar, grasas vegetales (coco, palma), agua, jarabe de glucosa y fructosa, lactosa y proteínas de leche, café soluble (1%), emulgente (monoglicéridos y diglicéridos de ácidos grasos), estabilizantes (goma garrofín, goma guar, carragenanos), aromas.sirope de café (16%). ingredientes: jarabe de glucosa, agua, azúcar, leche condensada desnatada (leche desnatada, azúcar), café soluble (4,5%), grasa de coco, cacao desgrasado, espesante(carragenanos), emulgente (monoglicéridos y diglicéridos de ácidos grasos), sal.granos de chocolate al café (3,5%). ingredientes: azúcar, chocolate negro, extracto de café, agente de recubrimiento (goma arábiga, goma laca), jarabe de glucosa. trazas de soja.;8402001010255;0;;;;Ice cream, in box;39515;greixos_totals_g;9.6;g;Gluten-free
49;2026-07-27 13:06:33;31;2026;43812;Cappuccino ice cream with coffee syrup Hacendado Frozen food Ice cream Tubs;1;España;52563;49;Congelados;Helados;Tarrinas;Productos del momento;Elige el tuyo, ¡disfruta!;Helado capuccino Hacendado con sirope de café;;0.95;l;3.42;€/l;3.25;helado de café y sabor nata con sirope de café y granos de chocolate al café. helado de café y sabor nata (80,5%) ingredientes: leche desnatada reconstituida, azúcar, grasas vegetales (coco, palma), agua, jarabe de glucosa y fructosa, lactosa y proteínas de leche, café soluble (1%), emulgente (monoglicéridos y diglicéridos de ácidos grasos), estabilizantes (goma garrofín, goma guar, carragenanos), aromas.sirope de café (16%). ingredientes: jarabe de glucosa, agua, azúcar, leche condensada desnatada (leche desnatada, azúcar), café soluble (4,5%), grasa de coco, cacao desgrasado, espesante(carragenanos), emulgente (monoglicéridos y diglicéridos de ácidos grasos), sal.granos de chocolate al café (3,5%). ingredientes: azúcar, chocolate negro, extracto de café, agente de recubrimiento (goma arábiga, goma laca), jarabe de glucosa. trazas de soja.;8402001010255;0;;;;Ice cream, in box;39515;greixos_saturats_g;6.9;g;Gluten-free
49;2026-07-27 13:06:33;31;2026;43812;Cappuccino ice cream with coffee syrup Hacendado Frozen food Ice cream Tubs;1;España;52563;49;Congelados;Helados;Tarrinas;Productos del momento;Elige el tuyo, ¡disfruta!;Helado capuccino Hacendado con sirope de café;;0.95;l;3.42;€/l;3.25;helado de café y sabor nata con sirope de café y granos de chocolate al café. helado de café y sabor nata (80,5%) ingredientes: leche desnatada reconstituida, azúcar, grasas vegetales (coco, palma), agua, jarabe de glucosa y fructosa, lactosa y proteínas de leche, café soluble (1%), emulgente (monoglicéridos y diglicéridos de ácidos grasos), estabilizantes (goma garrofín, goma guar, carragenanos), aromas.sirope de café (16%). ingredientes: jarabe de glucosa, agua, azúcar, leche condensada desnatada (leche desnatada, azúcar), café soluble (4,5%), grasa de coco, cacao desgrasado, espesante(carragenanos), emulgente (monoglicéridos y diglicéridos de ácidos grasos), sal.granos de chocolate al café (3,5%). ingredientes: azúcar, chocolate negro, extracto de café, agente de recubrimiento (goma arábiga, goma laca), jarabe de glucosa. trazas de soja.;8402001010255;0;;;;Ice cream, in box;39515;hidrats_carboni_g;31.0;g;Gluten-free
49;2026-07-27 13:06:33;31;2026;43812;Cappuccino ice cream with coffee syrup Hacendado Frozen food Ice cream Tubs;1;España;52563;49;Congelados;Helados;Tarrinas;Productos del momento;Elige el tuyo, ¡disfruta!;Helado capuccino Hacendado con sirope de café;;0.95;l;3.42;€/l;3.25;helado de café y sabor nata con sirope de café y granos de chocolate al café. helado de café y sabor nata (80,5%) ingredientes: leche desnatada reconstituida, azúcar, grasas vegetales (coco, palma), agua, jarabe de glucosa y fructosa, lactosa y proteínas de leche, café soluble (1%), emulgente (monoglicéridos y diglicéridos de ácidos grasos), estabilizantes (goma garrofín, goma guar, carragenanos), aromas.sirope de café (16%). ingredientes: jarabe de glucosa, agua, azúcar, leche condensada desnatada (leche desnatada, azúcar), café soluble (4,5%), grasa de coco, cacao desgrasado, espesante(carragenanos), emulgente (monoglicéridos y diglicéridos de ácidos grasos), sal.granos de chocolate al café (3,5%). ingredientes: azúcar, chocolate negro, extracto de café, agente de recubrimiento (goma arábiga, goma laca), jarabe de glucosa. trazas de soja.;8402001010255;0;;;;Ice cream, in box;39515;sucres_g;28.0;g;Gluten-free
49;2026-07-27 13:06:33;31;2026;43812;Cappuccino ice cream with coffee syrup Hacendado Frozen food Ice cream Tubs;1;España;52563;49;Congelados;Helados;Tarrinas;Productos del momento;Elige el tuyo, ¡disfruta!;Helado capuccino Hacendado con sirope de café;;0.95;l;3.42;€/l;3.25;helado de café y sabor nata con sirope de café y granos de chocolate al café. helado de café y sabor nata (80,5%) ingredientes: leche desnatada reconstituida, azúcar, grasas vegetales (coco, palma), agua, jarabe de glucosa y fructosa, lactosa y proteínas de leche, café soluble (1%), emulgente (monoglicéridos y diglicéridos de ácidos grasos), estabilizantes (goma garrofín, goma guar, carragenanos), aromas.sirope de café (16%). ingredientes: jarabe de glucosa, agua, azúcar, leche condensada desnatada (leche desnatada, azúcar), café soluble (4,5%), grasa de coco, cacao desgrasado, espesante(carragenanos), emulgente (monoglicéridos y diglicéridos de ácidos grasos), sal.granos de chocolate al café (3,5%). ingredientes: azúcar, chocolate negro, extracto de café, agente de recubrimiento (goma arábiga, goma laca), jarabe de glucosa. trazas de soja.;8402001010255;0;;;;Ice cream, in box;39515;proteines_g;2.8;g;Gluten-free
49;2026-07-27 13:06:33;31;2026;43812;Cappuccino ice cream with coffee syrup Hacendado Frozen food Ice cream Tubs;1;España;52563;49;Congelados;Helados;Tarrinas;Productos del momento;Elige el tuyo, ¡disfruta!;Helado capuccino Hacendado con sirope de café;;0.95;l;3.42;€/l;3.25;helado de café y sabor nata con sirope de café y granos de chocolate al café. helado de café y sabor nata (80,5%) ingredientes: leche desnatada reconstituida, azúcar, grasas vegetales (coco, palma), agua, jarabe de glucosa y fructosa, lactosa y proteínas de leche, café soluble (1%), emulgente (monoglicéridos y diglicéridos de ácidos grasos), estabilizantes (goma garrofín, goma guar, carragenanos), aromas.sirope de café (16%). ingredientes: jarabe de glucosa, agua, azúcar, leche condensada desnatada (leche desnatada, azúcar), café soluble (4,5%), grasa de coco, cacao desgrasado, espesante(carragenanos), emulgente (monoglicéridos y diglicéridos de ácidos grasos), sal.granos de chocolate al café (3,5%). ingredientes: azúcar, chocolate negro, extracto de café, agente de recubrimiento (goma arábiga, goma laca), jarabe de glucosa. trazas de soja.;8402001010255;0;;;;Ice cream, in box;39515;sal_g;0.17;g;Gluten-free
50;2026-07-27 13:06:33;31;2026;43812;Vanilla praline and pecan nut ice cream caramel syrup Hacendado Frozen food Ice cream Tubs;1;España;52560;50;Congelados;Helados;Tarrinas;Productos del momento;Elige el tuyo, ¡disfruta!;Helado sabor vainilla praliné con nueces pecán Hacendado y sirope de caramelo;;0.95;l;3.68;€/l;3.50;helado de crema sabor vainilla con sirope de caramelo y nueces de pecán caramelizadas. helado de crema sabor vainilla (81%). ingredientes: leche desnatada reconstituida, azúcar, agua, mantequilla (leche), lactosa y proteínas de la leche, jarabe de glucosa y fructosa, emulgente (monoglicéridos y diglicéridos de ácidos grasos), estabilizantes (goma garrofín, goma guar, carragenanos), canela, aromas, colorantes (curcumina, carotenos). sirope de caramelo (10%). ingredientes: jarabe de glucosa, leche condensada desnatada (leche desnatada, azúcar), agua, mantequilla (leche), jarabe de azúcar caramelizado, sal, aroma, estabilizante (carragenanos). nueces de pecán caramelizadas (9%). ingredientes: nueces de pecán, azúcar, mantequilla (leche), sal. trazas de otros frutos de cáscara.;8402001010248;0;;;;Ice cream, in box;39515;Energia (kcal);232.0;kcal;Gluten-free
50;2026-07-27 13:06:33;31;2026;43812;Vanilla praline and pecan nut ice cream caramel syrup Hacendado Frozen food Ice cream Tubs;1;España;52560;50;Congelados;Helados;Tarrinas;Productos del momento;Elige el tuyo, ¡disfruta!;Helado sabor vainilla praliné con nueces pecán Hacendado y sirope de caramelo;;0.95;l;3.68;€/l;3.50;helado de crema sabor vainilla con sirope de caramelo y nueces de pecán caramelizadas. helado de crema sabor vainilla (81%). ingredientes: leche desnatada reconstituida, azúcar, agua, mantequilla (leche), lactosa y proteínas de la leche, jarabe de glucosa y fructosa, emulgente (monoglicéridos y diglicéridos de ácidos grasos), estabilizantes (goma garrofín, goma guar, carragenanos), canela, aromas, colorantes (curcumina, carotenos). sirope de caramelo (10%). ingredientes: jarabe de glucosa, leche condensada desnatada (leche desnatada, azúcar), agua, mantequilla (leche), jarabe de azúcar caramelizado, sal, aroma, estabilizante (carragenanos). nueces de pecán caramelizadas (9%). ingredientes: nueces de pecán, azúcar, mantequilla (leche), sal. trazas de otros frutos de cáscara.;8402001010248;0;;;;Ice cream, in box;39515;Energia (kJ);971.0;kJ;Gluten-free
50;2026-07-27 13:06:33;31;2026;43812;Vanilla praline and pecan nut ice cream caramel syrup Hacendado Frozen food Ice cream Tubs;1;España;52560;50;Congelados;Helados;Tarrinas;Productos del momento;Elige el tuyo, ¡disfruta!;Helado sabor vainilla praliné con nueces pecán Hacendado y sirope de caramelo;;0.95;l;3.68;€/l;3.50;helado de crema sabor vainilla con sirope de caramelo y nueces de pecán caramelizadas. helado de crema sabor vainilla (81%). ingredientes: leche desnatada reconstituida, azúcar, agua, mantequilla (leche), lactosa y proteínas de la leche, jarabe de glucosa y fructosa, emulgente (monoglicéridos y diglicéridos de ácidos grasos), estabilizantes (goma garrofín, goma guar, carragenanos), canela, aromas, colorantes (curcumina, carotenos). sirope de caramelo (10%). ingredientes: jarabe de glucosa, leche condensada desnatada (leche desnatada, azúcar), agua, mantequilla (leche), jarabe de azúcar caramelizado, sal, aroma, estabilizante (carragenanos). nueces de pecán caramelizadas (9%). ingredientes: nueces de pecán, azúcar, mantequilla (leche), sal. trazas de otros frutos de cáscara.;8402001010248;0;;;;Ice cream, in box;39515;greixos_totals_g;11.0;g;Gluten-free
50;2026-07-27 13:06:33;31;2026;43812;Vanilla praline and pecan nut ice cream caramel syrup Hacendado Frozen food Ice cream Tubs;1;España;52560;50;Congelados;Helados;Tarrinas;Productos del momento;Elige el tuyo, ¡disfruta!;Helado sabor vainilla praliné con nueces pecán Hacendado y sirope de caramelo;;0.95;l;3.68;€/l;3.50;helado de crema sabor vainilla con sirope de caramelo y nueces de pecán caramelizadas. helado de crema sabor vainilla (81%). ingredientes: leche desnatada reconstituida, azúcar, agua, mantequilla (leche), lactosa y proteínas de la leche, jarabe de glucosa y fructosa, emulgente (monoglicéridos y diglicéridos de ácidos grasos), estabilizantes (goma garrofín, goma guar, carragenanos), canela, aromas, colorantes (curcumina, carotenos). sirope de caramelo (10%). ingredientes: jarabe de glucosa, leche condensada desnatada (leche desnatada, azúcar), agua, mantequilla (leche), jarabe de azúcar caramelizado, sal, aroma, estabilizante (carragenanos). nueces de pecán caramelizadas (9%). ingredientes: nueces de pecán, azúcar, mantequilla (leche), sal. trazas de otros frutos de cáscara.;8402001010248;0;;;;Ice cream, in box;39515;greixos_saturats_g;5.5;g;Gluten-free
50;2026-07-27 13:06:33;31;2026;43812;Vanilla praline and pecan nut ice cream caramel syrup Hacendado Frozen food Ice cream Tubs;1;España;52560;50;Congelados;Helados;Tarrinas;Productos del momento;Elige el tuyo, ¡disfruta!;Helado sabor vainilla praliné con nueces pecán Hacendado y sirope de caramelo;;0.95;l;3.68;€/l;3.50;helado de crema sabor vainilla con sirope de caramelo y nueces de pecán caramelizadas. helado de crema sabor vainilla (81%). ingredientes: leche desnatada reconstituida, azúcar, agua, mantequilla (leche), lactosa y proteínas de la leche, jarabe de glucosa y fructosa, emulgente (monoglicéridos y diglicéridos de ácidos grasos), estabilizantes (goma garrofín, goma guar, carragenanos), canela, aromas, colorantes (curcumina, carotenos). sirope de caramelo (10%). ingredientes: jarabe de glucosa, leche condensada desnatada (leche desnatada, azúcar), agua, mantequilla (leche), jarabe de azúcar caramelizado, sal, aroma, estabilizante (carragenanos). nueces de pecán caramelizadas (9%). ingredientes: nueces de pecán, azúcar, mantequilla (leche), sal. trazas de otros frutos de cáscara.;8402001010248;0;;;;Ice cream, in box;39515;hidrats_carboni_g;30.0;g;Gluten-free
50;2026-07-27 13:06:33;31;2026;43812;Vanilla praline and pecan nut ice cream caramel syrup Hacendado Frozen food Ice cream Tubs;1;España;52560;50;Congelados;Helados;Tarrinas;Productos del momento;Elige el tuyo, ¡disfruta!;Helado sabor vainilla praliné con nueces pecán Hacendado y sirope de caramelo;;0.95;l;3.68;€/l;3.50;helado de crema sabor vainilla con sirope de caramelo y nueces de pecán caramelizadas. helado de crema sabor vainilla (81%). ingredientes: leche desnatada reconstituida, azúcar, agua, mantequilla (leche), lactosa y proteínas de la leche, jarabe de glucosa y fructosa, emulgente (monoglicéridos y diglicéridos de ácidos grasos), estabilizantes (goma garrofín, goma guar, carragenanos), canela, aromas, colorantes (curcumina, carotenos). sirope de caramelo (10%). ingredientes: jarabe de glucosa, leche condensada desnatada (leche desnatada, azúcar), agua, mantequilla (leche), jarabe de azúcar caramelizado, sal, aroma, estabilizante (carragenanos). nueces de pecán caramelizadas (9%). ingredientes: nueces de pecán, azúcar, mantequilla (leche), sal. trazas de otros frutos de cáscara.;8402001010248;0;;;;Ice cream, in box;39515;sucres_g;28.0;g;Gluten-free
50;2026-07-27 13:06:33;31;2026;43812;Vanilla praline and pecan nut ice cream caramel syrup Hacendado Frozen food Ice cream Tubs;1;España;52560;50;Congelados;Helados;Tarrinas;Productos del momento;Elige el tuyo, ¡disfruta!;Helado sabor vainilla praliné con nueces pecán Hacendado y sirope de caramelo;;0.95;l;3.68;€/l;3.50;helado de crema sabor vainilla con sirope de caramelo y nueces de pecán caramelizadas. helado de crema sabor vainilla (81%). ingredientes: leche desnatada reconstituida, azúcar, agua, mantequilla (leche), lactosa y proteínas de la leche, jarabe de glucosa y fructosa, emulgente (monoglicéridos y diglicéridos de ácidos grasos), estabilizantes (goma garrofín, goma guar, carragenanos), canela, aromas, colorantes (curcumina, carotenos). sirope de caramelo (10%). ingredientes: jarabe de glucosa, leche condensada desnatada (leche desnatada, azúcar), agua, mantequilla (leche), jarabe de azúcar caramelizado, sal, aroma, estabilizante (carragenanos). nueces de pecán caramelizadas (9%). ingredientes: nueces de pecán, azúcar, mantequilla (leche), sal. trazas de otros frutos de cáscara.;8402001010248;0;;;;Ice cream, in box;39515;proteines_g;2.9;g;Gluten-free
50;2026-07-27 13:06:33;31;2026;43812;Vanilla praline and pecan nut ice cream caramel syrup Hacendado Frozen food Ice cream Tubs;1;España;52560;50;Congelados;Helados;Tarrinas;Productos del momento;Elige el tuyo, ¡disfruta!;Helado sabor vainilla praliné con nueces pecán Hacendado y sirope de caramelo;;0.95;l;3.68;€/l;3.50;helado de crema sabor vainilla con sirope de caramelo y nueces de pecán caramelizadas. helado de crema sabor vainilla (81%). ingredientes: leche desnatada reconstituida, azúcar, agua, mantequilla (leche), lactosa y proteínas de la leche, jarabe de glucosa y fructosa, emulgente (monoglicéridos y diglicéridos de ácidos grasos), estabilizantes (goma garrofín, goma guar, carragenanos), canela, aromas, colorantes (curcumina, carotenos). sirope de caramelo (10%). ingredientes: jarabe de glucosa, leche condensada desnatada (leche desnatada, azúcar), agua, mantequilla (leche), jarabe de azúcar caramelizado, sal, aroma, estabilizante (carragenanos). nueces de pecán caramelizadas (9%). ingredientes: nueces de pecán, azúcar, mantequilla (leche), sal. trazas de otros frutos de cáscara.;8402001010248;0;;;;Ice cream, in box;39515;sal_g;0.28;g;Gluten-free
51;2026-07-27 13:06:34;31;2026;43812;Lemon sorbet ice cream Hacendado Frozen food Ice cream Tubs;1;España;64509;51;Congelados;Helados;Tarrinas;Productos del momento;Elige el tuyo, ¡disfruta!;Helado sorbete con limón Hacendado;;1.0;l;2.35;€/l;2.35;(es)sorbete con limón. ingredientes: agua, zumo de limón a partir de concentrado (15,6%), azúcar, jarabe de glucosa, jarabe de glucosa y fructosa, leche desnatada en polvo, estabilizantes (carragenanos, goma guar, goma garrofín), emulgente (monoglicéridos y diglicéridos de ácidos grasos), proteínas hidrolizadas de la leche, mantequilla (leche), aroma. (pt)gelado de limão. ingredientes: água, sumo de limão a partir de concentrado (15,6%), açúcar, xarope de glicose, xarope de glicose e frutose, leite magro em pó, estabilizadores (carragenina, goma de guar, goma de alfarroba), emulsionante (mono e diglicéridos de ácidos gordos), proteínas hidrolisadas do leite, manteiga (leite), aroma.;8480000645098;0;;;;Ice cream, in box;39515;Energia (kcal);133.0;kcal;Gluten-free
51;2026-07-27 13:06:34;31;2026;43812;Lemon sorbet ice cream Hacendado Frozen food Ice cream Tubs;1;España;64509;51;Congelados;Helados;Tarrinas;Productos del momento;Elige el tuyo, ¡disfruta!;Helado sorbete con limón Hacendado;;1.0;l;2.35;€/l;2.35;(es)sorbete con limón. ingredientes: agua, zumo de limón a partir de concentrado (15,6%), azúcar, jarabe de glucosa, jarabe de glucosa y fructosa, leche desnatada en polvo, estabilizantes (carragenanos, goma guar, goma garrofín), emulgente (monoglicéridos y diglicéridos de ácidos grasos), proteínas hidrolizadas de la leche, mantequilla (leche), aroma. (pt)gelado de limão. ingredientes: água, sumo de limão a partir de concentrado (15,6%), açúcar, xarope de glicose, xarope de glicose e frutose, leite magro em pó, estabilizadores (carragenina, goma de guar, goma de alfarroba), emulsionante (mono e diglicéridos de ácidos gordos), proteínas hidrolisadas do leite, manteiga (leite), aroma.;8480000645098;0;;;;Ice cream, in box;39515;Energia (kJ);566.0;kJ;Gluten-free
51;2026-07-27 13:06:34;31;2026;43812;Lemon sorbet ice cream Hacendado Frozen food Ice cream Tubs;1;España;64509;51;Congelados;Helados;Tarrinas;Productos del momento;Elige el tuyo, ¡disfruta!;Helado sorbete con limón Hacendado;;1.0;l;2.35;€/l;2.35;(es)sorbete con limón. ingredientes: agua, zumo de limón a partir de concentrado (15,6%), azúcar, jarabe de glucosa, jarabe de glucosa y fructosa, leche desnatada en polvo, estabilizantes (carragenanos, goma guar, goma garrofín), emulgente (monoglicéridos y diglicéridos de ácidos grasos), proteínas hidrolizadas de la leche, mantequilla (leche), aroma. (pt)gelado de limão. ingredientes: água, sumo de limão a partir de concentrado (15,6%), açúcar, xarope de glicose, xarope de glicose e frutose, leite magro em pó, estabilizadores (carragenina, goma de guar, goma de alfarroba), emulsionante (mono e diglicéridos de ácidos gordos), proteínas hidrolisadas do leite, manteiga (leite), aroma.;8480000645098;0;;;;Ice cream, in box;39515;greixos_totals_g;0.8;g;Gluten-free
51;2026-07-27 13:06:34;31;2026;43812;Lemon sorbet ice cream Hacendado Frozen food Ice cream Tubs;1;España;64509;51;Congelados;Helados;Tarrinas;Productos del momento;Elige el tuyo, ¡disfruta!;Helado sorbete con limón Hacendado;;1.0;l;2.35;€/l;2.35;(es)sorbete con limón. ingredientes: agua, zumo de limón a partir de concentrado (15,6%), azúcar, jarabe de glucosa, jarabe de glucosa y fructosa, leche desnatada en polvo, estabilizantes (carragenanos, goma guar, goma garrofín), emulgente (monoglicéridos y diglicéridos de ácidos grasos), proteínas hidrolizadas de la leche, mantequilla (leche), aroma. (pt)gelado de limão. ingredientes: água, sumo de limão a partir de concentrado (15,6%), açúcar, xarope de glicose, xarope de glicose e frutose, leite magro em pó, estabilizadores (carragenina, goma de guar, goma de alfarroba), emulsionante (mono e diglicéridos de ácidos gordos), proteínas hidrolisadas do leite, manteiga (leite), aroma.;8480000645098;0;;;;Ice cream, in box;39515;greixos_saturats_g;0.6;g;Gluten-free
51;2026-07-27 13:06:34;31;2026;43812;Lemon sorbet ice cream Hacendado Frozen food Ice cream Tubs;1;España;64509;51;Congelados;Helados;Tarrinas;Productos del momento;Elige el tuyo, ¡disfruta!;Helado sorbete con limón Hacendado;;1.0;l;2.35;€/l;2.35;(es)sorbete con limón. ingredientes: agua, zumo de limón a partir de concentrado (15,6%), azúcar, jarabe de glucosa, jarabe de glucosa y fructosa, leche desnatada en polvo, estabilizantes (carragenanos, goma guar, goma garrofín), emulgente (monoglicéridos y diglicéridos de ácidos grasos), proteínas hidrolizadas de la leche, mantequilla (leche), aroma. (pt)gelado de limão. ingredientes: água, sumo de limão a partir de concentrado (15,6%), açúcar, xarope de glicose, xarope de glicose e frutose, leite magro em pó, estabilizadores (carragenina, goma de guar, goma de alfarroba), emulsionante (mono e diglicéridos de ácidos gordos), proteínas hidrolisadas do leite, manteiga (leite), aroma.;8480000645098;0;;;;Ice cream, in box;39515;hidrats_carboni_g;30.0;g;Gluten-free
51;2026-07-27 13:06:34;31;2026;43812;Lemon sorbet ice cream Hacendado Frozen food Ice cream Tubs;1;España;64509;51;Congelados;Helados;Tarrinas;Productos del momento;Elige el tuyo, ¡disfruta!;Helado sorbete con limón Hacendado;;1.0;l;2.35;€/l;2.35;(es)sorbete con limón. ingredientes: agua, zumo de limón a partir de concentrado (15,6%), azúcar, jarabe de glucosa, jarabe de glucosa y fructosa, leche desnatada en polvo, estabilizantes (carragenanos, goma guar, goma garrofín), emulgente (monoglicéridos y diglicéridos de ácidos grasos), proteínas hidrolizadas de la leche, mantequilla (leche), aroma. (pt)gelado de limão. ingredientes: água, sumo de limão a partir de concentrado (15,6%), açúcar, xarope de glicose, xarope de glicose e frutose, leite magro em pó, estabilizadores (carragenina, goma de guar, goma de alfarroba), emulsionante (mono e diglicéridos de ácidos gordos), proteínas hidrolisadas do leite, manteiga (leite), aroma.;8480000645098;0;;;;Ice cream, in box;39515;sucres_g;23.0;g;Gluten-free
51;2026-07-27 13:06:34;31;2026;43812;Lemon sorbet ice cream Hacendado Frozen food Ice cream Tubs;1;España;64509;51;Congelados;Helados;Tarrinas;Productos del momento;Elige el tuyo, ¡disfruta!;Helado sorbete con limón Hacendado;;1.0;l;2.35;€/l;2.35;(es)sorbete con limón. ingredientes: agua, zumo de limón a partir de concentrado (15,6%), azúcar, jarabe de glucosa, jarabe de glucosa y fructosa, leche desnatada en polvo, estabilizantes (carragenanos, goma guar, goma garrofín), emulgente (monoglicéridos y diglicéridos de ácidos grasos), proteínas hidrolizadas de la leche, mantequilla (leche), aroma. (pt)gelado de limão. ingredientes: água, sumo de limão a partir de concentrado (15,6%), açúcar, xarope de glicose, xarope de glicose e frutose, leite magro em pó, estabilizadores (carragenina, goma de guar, goma de alfarroba), emulsionante (mono e diglicéridos de ácidos gordos), proteínas hidrolisadas do leite, manteiga (leite), aroma.;8480000645098;0;;;;Ice cream, in box;39515;proteines_g;0.8;g;Gluten-free
51;2026-07-27 13:06:34;31;2026;43812;Lemon sorbet ice cream Hacendado Frozen food Ice cream Tubs;1;España;64509;51;Congelados;Helados;Tarrinas;Productos del momento;Elige el tuyo, ¡disfruta!;Helado sorbete con limón Hacendado;;1.0;l;2.35;€/l;2.35;(es)sorbete con limón. ingredientes: agua, zumo de limón a partir de concentrado (15,6%), azúcar, jarabe de glucosa, jarabe de glucosa y fructosa, leche desnatada en polvo, estabilizantes (carragenanos, goma guar, goma garrofín), emulgente (monoglicéridos y diglicéridos de ácidos grasos), proteínas hidrolizadas de la leche, mantequilla (leche), aroma. (pt)gelado de limão. ingredientes: água, sumo de limão a partir de concentrado (15,6%), açúcar, xarope de glicose, xarope de glicose e frutose, leite magro em pó, estabilizadores (carragenina, goma de guar, goma de alfarroba), emulsionante (mono e diglicéridos de ácidos gordos), proteínas hidrolisadas do leite, manteiga (leite), aroma.;8480000645098;0;;;;Ice cream, in box;39515;sal_g;0.07;g;Gluten-free
52;2026-07-27 13:06:34;31;2026;43812;3 Flavors vanilla, chocolate and strawberry ice cream Hacendado Frozen food Ice cream Tubs;1;España;64459;52;Congelados;Helados;Tarrinas;Productos del momento;Elige el tuyo, ¡disfruta!;Helado 3 sabores Hacendado vainilla, chocolate y fresa;;1.0;l;2.30;€/l;2.30;(es)helado sabor vainilla, chocolate y fresa. ingredientes:  leche desnatada reconstituida, azúcar, grasas vegetales (coco, palma), agua, lactosa y proteínas de la leche, jarabe de glucosa y fructosa, cobertura de chocolate (azúcar, pasta de cacao, manteca de cacao, emulgente (lecitinas (soja)), aroma), cacao, emulgente (monoglicéridos y diglicéridos de ácidos grasos), estabilizantes (goma garrofín, goma guar, carragenanos), colorantes (rojo de remolacha, curcumina, norbixina de bija), aromas, acidulante (ácido cítrico). trazas de frutos de cáscara. (pt)gelado sabor baunilha, chocolate e morango. ingredientes: leite magro reconstituído, açúcar, gorduras vegetais (coco, palma), água, lactose e proteínas do leite, xarope de glicose e frutose, cobertura de chocolate (açúcar, pasta de cacau, manteiga de cacau, emulsionante (lecitinas (soja)), aroma), cacau, emulsionante (mono e diglicéridos de ácidos gordos), estabilizadores (goma de alfarroba, goma de guar, carragenina), corantes (vermelho de beterraba, curcumina, norbixina de anato), aromas, acidificante (ácido cítrico). vestígios de frutos de casca rija.;8480000644596;0;;;;Ice cream, in box;39515;Energia (kcal);204.0;kcal;Gluten-free
52;2026-07-27 13:06:34;31;2026;43812;3 Flavors vanilla, chocolate and strawberry ice cream Hacendado Frozen food Ice cream Tubs;1;España;64459;52;Congelados;Helados;Tarrinas;Productos del momento;Elige el tuyo, ¡disfruta!;Helado 3 sabores Hacendado vainilla, chocolate y fresa;;1.0;l;2.30;€/l;2.30;(es)helado sabor vainilla, chocolate y fresa. ingredientes:  leche desnatada reconstituida, azúcar, grasas vegetales (coco, palma), agua, lactosa y proteínas de la leche, jarabe de glucosa y fructosa, cobertura de chocolate (azúcar, pasta de cacao, manteca de cacao, emulgente (lecitinas (soja)), aroma), cacao, emulgente (monoglicéridos y diglicéridos de ácidos grasos), estabilizantes (goma garrofín, goma guar, carragenanos), colorantes (rojo de remolacha, curcumina, norbixina de bija), aromas, acidulante (ácido cítrico). trazas de frutos de cáscara. (pt)gelado sabor baunilha, chocolate e morango. ingredientes: leite magro reconstituído, açúcar, gorduras vegetais (coco, palma), água, lactose e proteínas do leite, xarope de glicose e frutose, cobertura de chocolate (açúcar, pasta de cacau, manteiga de cacau, emulsionante (lecitinas (soja)), aroma), cacau, emulsionante (mono e diglicéridos de ácidos gordos), estabilizadores (goma de alfarroba, goma de guar, carragenina), corantes (vermelho de beterraba, curcumina, norbixina de anato), aromas, acidificante (ácido cítrico). vestígios de frutos de casca rija.;8480000644596;0;;;;Ice cream, in box;39515;Energia (kJ);853.0;kJ;Gluten-free
52;2026-07-27 13:06:34;31;2026;43812;3 Flavors vanilla, chocolate and strawberry ice cream Hacendado Frozen food Ice cream Tubs;1;España;64459;52;Congelados;Helados;Tarrinas;Productos del momento;Elige el tuyo, ¡disfruta!;Helado 3 sabores Hacendado vainilla, chocolate y fresa;;1.0;l;2.30;€/l;2.30;(es)helado sabor vainilla, chocolate y fresa. ingredientes:  leche desnatada reconstituida, azúcar, grasas vegetales (coco, palma), agua, lactosa y proteínas de la leche, jarabe de glucosa y fructosa, cobertura de chocolate (azúcar, pasta de cacao, manteca de cacao, emulgente (lecitinas (soja)), aroma), cacao, emulgente (monoglicéridos y diglicéridos de ácidos grasos), estabilizantes (goma garrofín, goma guar, carragenanos), colorantes (rojo de remolacha, curcumina, norbixina de bija), aromas, acidulante (ácido cítrico). trazas de frutos de cáscara. (pt)gelado sabor baunilha, chocolate e morango. ingredientes: leite magro reconstituído, açúcar, gorduras vegetais (coco, palma), água, lactose e proteínas do leite, xarope de glicose e frutose, cobertura de chocolate (açúcar, pasta de cacau, manteiga de cacau, emulsionante (lecitinas (soja)), aroma), cacau, emulsionante (mono e diglicéridos de ácidos gordos), estabilizadores (goma de alfarroba, goma de guar, carragenina), corantes (vermelho de beterraba, curcumina, norbixina de anato), aromas, acidificante (ácido cítrico). vestígios de frutos de casca rija.;8480000644596;0;;;;Ice cream, in box;39515;greixos_totals_g;10.0;g;Gluten-free
52;2026-07-27 13:06:34;31;2026;43812;3 Flavors vanilla, chocolate and strawberry ice cream Hacendado Frozen food Ice cream Tubs;1;España;64459;52;Congelados;Helados;Tarrinas;Productos del momento;Elige el tuyo, ¡disfruta!;Helado 3 sabores Hacendado vainilla, chocolate y fresa;;1.0;l;2.30;€/l;2.30;(es)helado sabor vainilla, chocolate y fresa. ingredientes:  leche desnatada reconstituida, azúcar, grasas vegetales (coco, palma), agua, lactosa y proteínas de la leche, jarabe de glucosa y fructosa, cobertura de chocolate (azúcar, pasta de cacao, manteca de cacao, emulgente (lecitinas (soja)), aroma), cacao, emulgente (monoglicéridos y diglicéridos de ácidos grasos), estabilizantes (goma garrofín, goma guar, carragenanos), colorantes (rojo de remolacha, curcumina, norbixina de bija), aromas, acidulante (ácido cítrico). trazas de frutos de cáscara. (pt)gelado sabor baunilha, chocolate e morango. ingredientes: leite magro reconstituído, açúcar, gorduras vegetais (coco, palma), água, lactose e proteínas do leite, xarope de glicose e frutose, cobertura de chocolate (açúcar, pasta de cacau, manteiga de cacau, emulsionante (lecitinas (soja)), aroma), cacau, emulsionante (mono e diglicéridos de ácidos gordos), estabilizadores (goma de alfarroba, goma de guar, carragenina), corantes (vermelho de beterraba, curcumina, norbixina de anato), aromas, acidificante (ácido cítrico). vestígios de frutos de casca rija.;8480000644596;0;;;;Ice cream, in box;39515;greixos_saturats_g;8.4;g;Gluten-free
52;2026-07-27 13:06:34;31;2026;43812;3 Flavors vanilla, chocolate and strawberry ice cream Hacendado Frozen food Ice cream Tubs;1;España;64459;52;Congelados;Helados;Tarrinas;Productos del momento;Elige el tuyo, ¡disfruta!;Helado 3 sabores Hacendado vainilla, chocolate y fresa;;1.0;l;2.30;€/l;2.30;(es)helado sabor vainilla, chocolate y fresa. ingredientes:  leche desnatada reconstituida, azúcar, grasas vegetales (coco, palma), agua, lactosa y proteínas de la leche, jarabe de glucosa y fructosa, cobertura de chocolate (azúcar, pasta de cacao, manteca de cacao, emulgente (lecitinas (soja)), aroma), cacao, emulgente (monoglicéridos y diglicéridos de ácidos grasos), estabilizantes (goma garrofín, goma guar, carragenanos), colorantes (rojo de remolacha, curcumina, norbixina de bija), aromas, acidulante (ácido cítrico). trazas de frutos de cáscara. (pt)gelado sabor baunilha, chocolate e morango. ingredientes: leite magro reconstituído, açúcar, gorduras vegetais (coco, palma), água, lactose e proteínas do leite, xarope de glicose e frutose, cobertura de chocolate (açúcar, pasta de cacau, manteiga de cacau, emulsionante (lecitinas (soja)), aroma), cacau, emulsionante (mono e diglicéridos de ácidos gordos), estabilizadores (goma de alfarroba, goma de guar, carragenina), corantes (vermelho de beterraba, curcumina, norbixina de anato), aromas, acidificante (ácido cítrico). vestígios de frutos de casca rija.;8480000644596;0;;;;Ice cream, in box;39515;hidrats_carboni_g;25.0;g;Gluten-free
52;2026-07-27 13:06:34;31;2026;43812;3 Flavors vanilla, chocolate and strawberry ice cream Hacendado Frozen food Ice cream Tubs;1;España;64459;52;Congelados;Helados;Tarrinas;Productos del momento;Elige el tuyo, ¡disfruta!;Helado 3 sabores Hacendado vainilla, chocolate y fresa;;1.0;l;2.30;€/l;2.30;(es)helado sabor vainilla, chocolate y fresa. ingredientes:  leche desnatada reconstituida, azúcar, grasas vegetales (coco, palma), agua, lactosa y proteínas de la leche, jarabe de glucosa y fructosa, cobertura de chocolate (azúcar, pasta de cacao, manteca de cacao, emulgente (lecitinas (soja)), aroma), cacao, emulgente (monoglicéridos y diglicéridos de ácidos grasos), estabilizantes (goma garrofín, goma guar, carragenanos), colorantes (rojo de remolacha, curcumina, norbixina de bija), aromas, acidulante (ácido cítrico). trazas de frutos de cáscara. (pt)gelado sabor baunilha, chocolate e morango. ingredientes: leite magro reconstituído, açúcar, gorduras vegetais (coco, palma), água, lactose e proteínas do leite, xarope de glicose e frutose, cobertura de chocolate (açúcar, pasta de cacau, manteiga de cacau, emulsionante (lecitinas (soja)), aroma), cacau, emulsionante (mono e diglicéridos de ácidos gordos), estabilizadores (goma de alfarroba, goma de guar, carragenina), corantes (vermelho de beterraba, curcumina, norbixina de anato), aromas, acidificante (ácido cítrico). vestígios de frutos de casca rija.;8480000644596;0;;;;Ice cream, in box;39515;sucres_g;24.0;g;Gluten-free
52;2026-07-27 13:06:34;31;2026;43812;3 Flavors vanilla, chocolate and strawberry ice cream Hacendado Frozen food Ice cream Tubs;1;España;64459;52;Congelados;Helados;Tarrinas;Productos del momento;Elige el tuyo, ¡disfruta!;Helado 3 sabores Hacendado vainilla, chocolate y fresa;;1.0;l;2.30;€/l;2.30;(es)helado sabor vainilla, chocolate y fresa. ingredientes:  leche desnatada reconstituida, azúcar, grasas vegetales (coco, palma), agua, lactosa y proteínas de la leche, jarabe de glucosa y fructosa, cobertura de chocolate (azúcar, pasta de cacao, manteca de cacao, emulgente (lecitinas (soja)), aroma), cacao, emulgente (monoglicéridos y diglicéridos de ácidos grasos), estabilizantes (goma garrofín, goma guar, carragenanos), colorantes (rojo de remolacha, curcumina, norbixina de bija), aromas, acidulante (ácido cítrico). trazas de frutos de cáscara. (pt)gelado sabor baunilha, chocolate e morango. ingredientes: leite magro reconstituído, açúcar, gorduras vegetais (coco, palma), água, lactose e proteínas do leite, xarope de glicose e frutose, cobertura de chocolate (açúcar, pasta de cacau, manteiga de cacau, emulsionante (lecitinas (soja)), aroma), cacau, emulsionante (mono e diglicéridos de ácidos gordos), estabilizadores (goma de alfarroba, goma de guar, carragenina), corantes (vermelho de beterraba, curcumina, norbixina de anato), aromas, acidificante (ácido cítrico). vestígios de frutos de casca rija.;8480000644596;0;;;;Ice cream, in box;39515;proteines_g;3.2;g;Gluten-free
52;2026-07-27 13:06:34;31;2026;43812;3 Flavors vanilla, chocolate and strawberry ice cream Hacendado Frozen food Ice cream Tubs;1;España;64459;52;Congelados;Helados;Tarrinas;Productos del momento;Elige el tuyo, ¡disfruta!;Helado 3 sabores Hacendado vainilla, chocolate y fresa;;1.0;l;2.30;€/l;2.30;(es)helado sabor vainilla, chocolate y fresa. ingredientes:  leche desnatada reconstituida, azúcar, grasas vegetales (coco, palma), agua, lactosa y proteínas de la leche, jarabe de glucosa y fructosa, cobertura de chocolate (azúcar, pasta de cacao, manteca de cacao, emulgente (lecitinas (soja)), aroma), cacao, emulgente (monoglicéridos y diglicéridos de ácidos grasos), estabilizantes (goma garrofín, goma guar, carragenanos), colorantes (rojo de remolacha, curcumina, norbixina de bija), aromas, acidulante (ácido cítrico). trazas de frutos de cáscara. (pt)gelado sabor baunilha, chocolate e morango. ingredientes: leite magro reconstituído, açúcar, gorduras vegetais (coco, palma), água, lactose e proteínas do leite, xarope de glicose e frutose, cobertura de chocolate (açúcar, pasta de cacau, manteiga de cacau, emulsionante (lecitinas (soja)), aroma), cacau, emulsionante (mono e diglicéridos de ácidos gordos), estabilizadores (goma de alfarroba, goma de guar, carragenina), corantes (vermelho de beterraba, curcumina, norbixina de anato), aromas, acidificante (ácido cítrico). vestígios de frutos de casca rija.;8480000644596;0;;;;Ice cream, in box;39515;sal_g;0.18;g;Gluten-free
53;2026-07-27 13:06:34;31;2026;43812;Vanilla ice cream Hacendado Frozen food Ice cream Tubs;1;España;8966;53;Congelados;Helados;Tarrinas;Productos del momento;Elige el tuyo, ¡disfruta!;Helado de vainilla Hacendado;;1.0;l;2.15;€/l;2.15;leche concentrada desnatada reconstituida, jarabe de glucosa, grasa de coco, azúcar, nata (leche), leche concentrada desnatada, suero lácteo en polvo (leche), aroma natural de vainilla, emulgente (monoglicéridos y diglicéridos de ácidos grasos), estabilizantes (goma guar, goma garrofín), vainas de vainilla agotadas en polvo, colorante (carotenos). puede contener cacahuetes, frutos de cáscara, huevo y soja.;8402001024528;0;;;;Ice cream, in box;39515;Energia (kcal);222.0;kcal;Gluten-free
53;2026-07-27 13:06:34;31;2026;43812;Vanilla ice cream Hacendado Frozen food Ice cream Tubs;1;España;8966;53;Congelados;Helados;Tarrinas;Productos del momento;Elige el tuyo, ¡disfruta!;Helado de vainilla Hacendado;;1.0;l;2.15;€/l;2.15;leche concentrada desnatada reconstituida, jarabe de glucosa, grasa de coco, azúcar, nata (leche), leche concentrada desnatada, suero lácteo en polvo (leche), aroma natural de vainilla, emulgente (monoglicéridos y diglicéridos de ácidos grasos), estabilizantes (goma guar, goma garrofín), vainas de vainilla agotadas en polvo, colorante (carotenos). puede contener cacahuetes, frutos de cáscara, huevo y soja.;8402001024528;0;;;;Ice cream, in box;39515;Energia (kJ);929.0;kJ;Gluten-free
53;2026-07-27 13:06:34;31;2026;43812;Vanilla ice cream Hacendado Frozen food Ice cream Tubs;1;España;8966;53;Congelados;Helados;Tarrinas;Productos del momento;Elige el tuyo, ¡disfruta!;Helado de vainilla Hacendado;;1.0;l;2.15;€/l;2.15;leche concentrada desnatada reconstituida, jarabe de glucosa, grasa de coco, azúcar, nata (leche), leche concentrada desnatada, suero lácteo en polvo (leche), aroma natural de vainilla, emulgente (monoglicéridos y diglicéridos de ácidos grasos), estabilizantes (goma guar, goma garrofín), vainas de vainilla agotadas en polvo, colorante (carotenos). puede contener cacahuetes, frutos de cáscara, huevo y soja.;8402001024528;0;;;;Ice cream, in box;39515;greixos_totals_g;12.0;g;Gluten-free
53;2026-07-27 13:06:34;31;2026;43812;Vanilla ice cream Hacendado Frozen food Ice cream Tubs;1;España;8966;53;Congelados;Helados;Tarrinas;Productos del momento;Elige el tuyo, ¡disfruta!;Helado de vainilla Hacendado;;1.0;l;2.15;€/l;2.15;leche concentrada desnatada reconstituida, jarabe de glucosa, grasa de coco, azúcar, nata (leche), leche concentrada desnatada, suero lácteo en polvo (leche), aroma natural de vainilla, emulgente (monoglicéridos y diglicéridos de ácidos grasos), estabilizantes (goma guar, goma garrofín), vainas de vainilla agotadas en polvo, colorante (carotenos). puede contener cacahuetes, frutos de cáscara, huevo y soja.;8402001024528;0;;;;Ice cream, in box;39515;greixos_saturats_g;9.9;g;Gluten-free
53;2026-07-27 13:06:34;31;2026;43812;Vanilla ice cream Hacendado Frozen food Ice cream Tubs;1;España;8966;53;Congelados;Helados;Tarrinas;Productos del momento;Elige el tuyo, ¡disfruta!;Helado de vainilla Hacendado;;1.0;l;2.15;€/l;2.15;leche concentrada desnatada reconstituida, jarabe de glucosa, grasa de coco, azúcar, nata (leche), leche concentrada desnatada, suero lácteo en polvo (leche), aroma natural de vainilla, emulgente (monoglicéridos y diglicéridos de ácidos grasos), estabilizantes (goma guar, goma garrofín), vainas de vainilla agotadas en polvo, colorante (carotenos). puede contener cacahuetes, frutos de cáscara, huevo y soja.;8402001024528;0;;;;Ice cream, in box;39515;hidrats_carboni_g;25.0;g;Gluten-free
53;2026-07-27 13:06:34;31;2026;43812;Vanilla ice cream Hacendado Frozen food Ice cream Tubs;1;España;8966;53;Congelados;Helados;Tarrinas;Productos del momento;Elige el tuyo, ¡disfruta!;Helado de vainilla Hacendado;;1.0;l;2.15;€/l;2.15;leche concentrada desnatada reconstituida, jarabe de glucosa, grasa de coco, azúcar, nata (leche), leche concentrada desnatada, suero lácteo en polvo (leche), aroma natural de vainilla, emulgente (monoglicéridos y diglicéridos de ácidos grasos), estabilizantes (goma guar, goma garrofín), vainas de vainilla agotadas en polvo, colorante (carotenos). puede contener cacahuetes, frutos de cáscara, huevo y soja.;8402001024528;0;;;;Ice cream, in box;39515;sucres_g;22.0;g;Gluten-free
53;2026-07-27 13:06:34;31;2026;43812;Vanilla ice cream Hacendado Frozen food Ice cream Tubs;1;España;8966;53;Congelados;Helados;Tarrinas;Productos del momento;Elige el tuyo, ¡disfruta!;Helado de vainilla Hacendado;;1.0;l;2.15;€/l;2.15;leche concentrada desnatada reconstituida, jarabe de glucosa, grasa de coco, azúcar, nata (leche), leche concentrada desnatada, suero lácteo en polvo (leche), aroma natural de vainilla, emulgente (monoglicéridos y diglicéridos de ácidos grasos), estabilizantes (goma guar, goma garrofín), vainas de vainilla agotadas en polvo, colorante (carotenos). puede contener cacahuetes, frutos de cáscara, huevo y soja.;8402001024528;0;;;;Ice cream, in box;39515;fibra_g;0.5;g;Gluten-free
53;2026-07-27 13:06:34;31;2026;43812;Vanilla ice cream Hacendado Frozen food Ice cream Tubs;1;España;8966;53;Congelados;Helados;Tarrinas;Productos del momento;Elige el tuyo, ¡disfruta!;Helado de vainilla Hacendado;;1.0;l;2.15;€/l;2.15;leche concentrada desnatada reconstituida, jarabe de glucosa, grasa de coco, azúcar, nata (leche), leche concentrada desnatada, suero lácteo en polvo (leche), aroma natural de vainilla, emulgente (monoglicéridos y diglicéridos de ácidos grasos), estabilizantes (goma guar, goma garrofín), vainas de vainilla agotadas en polvo, colorante (carotenos). puede contener cacahuetes, frutos de cáscara, huevo y soja.;8402001024528;0;;;;Ice cream, in box;39515;proteines_g;2.9;g;Gluten-free
53;2026-07-27 13:06:34;31;2026;43812;Vanilla ice cream Hacendado Frozen food Ice cream Tubs;1;España;8966;53;Congelados;Helados;Tarrinas;Productos del momento;Elige el tuyo, ¡disfruta!;Helado de vainilla Hacendado;;1.0;l;2.15;€/l;2.15;leche concentrada desnatada reconstituida, jarabe de glucosa, grasa de coco, azúcar, nata (leche), leche concentrada desnatada, suero lácteo en polvo (leche), aroma natural de vainilla, emulgente (monoglicéridos y diglicéridos de ácidos grasos), estabilizantes (goma guar, goma garrofín), vainas de vainilla agotadas en polvo, colorante (carotenos). puede contener cacahuetes, frutos de cáscara, huevo y soja.;8402001024528;0;;;;Ice cream, in box;39515;sal_g;0.3;g;Gluten-free
53;2026-07-27 13:06:34;31;2026;43812;Vanilla ice cream Hacendado Frozen food Ice cream Tubs;1;España;8966;53;Congelados;Helados;Tarrinas;Productos del momento;Elige el tuyo, ¡disfruta!;Helado de vainilla Hacendado;;1.0;l;2.15;€/l;2.15;leche concentrada desnatada reconstituida, jarabe de glucosa, grasa de coco, azúcar, nata (leche), leche concentrada desnatada, suero lácteo en polvo (leche), aroma natural de vainilla, emulgente (monoglicéridos y diglicéridos de ácidos grasos), estabilizantes (goma guar, goma garrofín), vainas de vainilla agotadas en polvo, colorante (carotenos). puede contener cacahuetes, frutos de cáscara, huevo y soja.;8402001024528;0;;;;Ice cream, in box;39515;sodi_mg;120.0;mg;Gluten-free
54;2026-07-27 13:06:34;31;2026;43812;Flash Popitos Hacendado Frozen food Ice cream Slushies and frozen ice creams;1;España;64514;54;Congelados;Helados;Granizados y helados de hielo;Productos del momento;Elige el tuyo, ¡disfruta!;Flash popitos Hacendado;;1.0;l;1.50;€/l;1.50;popito sabor naranja: agua, azúcar, acidulante (ácido cítrico), aroma natural de naranja, estabilizante (goma xantana), colorante (extracto de pimentón), edulcorantes (sucralosa, aspartamo), conservadores (e 202, e 211), antioxidante (ácido ascórbico). popito sabor limón: : agua, azúcar, acidulante (ácido cítrico), aroma natural, estabilizantes (goma xantana, goma arábiga, e 445, colorante (luteína), edulcorantes (sucralosa, aspartamo), conservadores (e 202, e 211), antioxidante (ácido ascórbico)).popito sabor fresa: agua, azúcar, acidulante (ácido cítrico), aroma, colorante (antocianinas), estabilizante (goma xantana), edulcorantes (sucralosa, aspartamo), conservadores (e 202, e 211). popito sabor lima limón: agua, azúcar, acidulante (ácido cítrico), aromas, estabilizantes (goma xantana, goma arábiga, e 445), colorantes (luteína, e 131), edulcorantes (sucralosa, aspartamo), conservadores (e 202, e 211), antioxidante (ácido ascórbico). popito sabor cola: agua, azúcar, acidulante (ácido cítrico), colorante (e 150d), estabilizante (goma xantana), edulcorantes (sucralosa, aspartamo), conservadores (e 202, e 211), aroma.;8480000645142;0;;;;Ice cream, in box;39515;Energia (kcal);32.0;kcal;Gluten-free
54;2026-07-27 13:06:34;31;2026;43812;Flash Popitos Hacendado Frozen food Ice cream Slushies and frozen ice creams;1;España;64514;54;Congelados;Helados;Granizados y helados de hielo;Productos del momento;Elige el tuyo, ¡disfruta!;Flash popitos Hacendado;;1.0;l;1.50;€/l;1.50;popito sabor naranja: agua, azúcar, acidulante (ácido cítrico), aroma natural de naranja, estabilizante (goma xantana), colorante (extracto de pimentón), edulcorantes (sucralosa, aspartamo), conservadores (e 202, e 211), antioxidante (ácido ascórbico). popito sabor limón: : agua, azúcar, acidulante (ácido cítrico), aroma natural, estabilizantes (goma xantana, goma arábiga, e 445, colorante (luteína), edulcorantes (sucralosa, aspartamo), conservadores (e 202, e 211), antioxidante (ácido ascórbico)).popito sabor fresa: agua, azúcar, acidulante (ácido cítrico), aroma, colorante (antocianinas), estabilizante (goma xantana), edulcorantes (sucralosa, aspartamo), conservadores (e 202, e 211). popito sabor lima limón: agua, azúcar, acidulante (ácido cítrico), aromas, estabilizantes (goma xantana, goma arábiga, e 445), colorantes (luteína, e 131), edulcorantes (sucralosa, aspartamo), conservadores (e 202, e 211), antioxidante (ácido ascórbico). popito sabor cola: agua, azúcar, acidulante (ácido cítrico), colorante (e 150d), estabilizante (goma xantana), edulcorantes (sucralosa, aspartamo), conservadores (e 202, e 211), aroma.;8480000645142;0;;;;Ice cream, in box;39515;Energia (kcal);32.0;kcal;Lactose-free
54;2026-07-27 13:06:34;31;2026;43812;Flash Popitos Hacendado Frozen food Ice cream Slushies and frozen ice creams;1;España;64514;54;Congelados;Helados;Granizados y helados de hielo;Productos del momento;Elige el tuyo, ¡disfruta!;Flash popitos Hacendado;;1.0;l;1.50;€/l;1.50;popito sabor naranja: agua, azúcar, acidulante (ácido cítrico), aroma natural de naranja, estabilizante (goma xantana), colorante (extracto de pimentón), edulcorantes (sucralosa, aspartamo), conservadores (e 202, e 211), antioxidante (ácido ascórbico). popito sabor limón: : agua, azúcar, acidulante (ácido cítrico), aroma natural, estabilizantes (goma xantana, goma arábiga, e 445, colorante (luteína), edulcorantes (sucralosa, aspartamo), conservadores (e 202, e 211), antioxidante (ácido ascórbico)).popito sabor fresa: agua, azúcar, acidulante (ácido cítrico), aroma, colorante (antocianinas), estabilizante (goma xantana), edulcorantes (sucralosa, aspartamo), conservadores (e 202, e 211). popito sabor lima limón: agua, azúcar, acidulante (ácido cítrico), aromas, estabilizantes (goma xantana, goma arábiga, e 445), colorantes (luteína, e 131), edulcorantes (sucralosa, aspartamo), conservadores (e 202, e 211), antioxidante (ácido ascórbico). popito sabor cola: agua, azúcar, acidulante (ácido cítrico), colorante (e 150d), estabilizante (goma xantana), edulcorantes (sucralosa, aspartamo), conservadores (e 202, e 211), aroma.;8480000645142;0;;;;Ice cream, in box;39515;Energia (kJ);136.0;kJ;Gluten-free
54;2026-07-27 13:06:34;31;2026;43812;Flash Popitos Hacendado Frozen food Ice cream Slushies and frozen ice creams;1;España;64514;54;Congelados;Helados;Granizados y helados de hielo;Productos del momento;Elige el tuyo, ¡disfruta!;Flash popitos Hacendado;;1.0;l;1.50;€/l;1.50;popito sabor naranja: agua, azúcar, acidulante (ácido cítrico), aroma natural de naranja, estabilizante (goma xantana), colorante (extracto de pimentón), edulcorantes (sucralosa, aspartamo), conservadores (e 202, e 211), antioxidante (ácido ascórbico). popito sabor limón: : agua, azúcar, acidulante (ácido cítrico), aroma natural, estabilizantes (goma xantana, goma arábiga, e 445, colorante (luteína), edulcorantes (sucralosa, aspartamo), conservadores (e 202, e 211), antioxidante (ácido ascórbico)).popito sabor fresa: agua, azúcar, acidulante (ácido cítrico), aroma, colorante (antocianinas), estabilizante (goma xantana), edulcorantes (sucralosa, aspartamo), conservadores (e 202, e 211). popito sabor lima limón: agua, azúcar, acidulante (ácido cítrico), aromas, estabilizantes (goma xantana, goma arábiga, e 445), colorantes (luteína, e 131), edulcorantes (sucralosa, aspartamo), conservadores (e 202, e 211), antioxidante (ácido ascórbico). popito sabor cola: agua, azúcar, acidulante (ácido cítrico), colorante (e 150d), estabilizante (goma xantana), edulcorantes (sucralosa, aspartamo), conservadores (e 202, e 211), aroma.;8480000645142;0;;;;Ice cream, in box;39515;Energia (kJ);136.0;kJ;Lactose-free
54;2026-07-27 13:06:34;31;2026;43812;Flash Popitos Hacendado Frozen food Ice cream Slushies and frozen ice creams;1;España;64514;54;Congelados;Helados;Granizados y helados de hielo;Productos del momento;Elige el tuyo, ¡disfruta!;Flash popitos Hacendado;;1.0;l;1.50;€/l;1.50;popito sabor naranja: agua, azúcar, acidulante (ácido cítrico), aroma natural de naranja, estabilizante (goma xantana), colorante (extracto de pimentón), edulcorantes (sucralosa, aspartamo), conservadores (e 202, e 211), antioxidante (ácido ascórbico). popito sabor limón: : agua, azúcar, acidulante (ácido cítrico), aroma natural, estabilizantes (goma xantana, goma arábiga, e 445, colorante (luteína), edulcorantes (sucralosa, aspartamo), conservadores (e 202, e 211), antioxidante (ácido ascórbico)).popito sabor fresa: agua, azúcar, acidulante (ácido cítrico), aroma, colorante (antocianinas), estabilizante (goma xantana), edulcorantes (sucralosa, aspartamo), conservadores (e 202, e 211). popito sabor lima limón: agua, azúcar, acidulante (ácido cítrico), aromas, estabilizantes (goma xantana, goma arábiga, e 445), colorantes (luteína, e 131), edulcorantes (sucralosa, aspartamo), conservadores (e 202, e 211), antioxidante (ácido ascórbico). popito sabor cola: agua, azúcar, acidulante (ácido cítrico), colorante (e 150d), estabilizante (goma xantana), edulcorantes (sucralosa, aspartamo), conservadores (e 202, e 211), aroma.;8480000645142;0;;;;Ice cream, in box;39515;greixos_totals_g;0.0;g;Gluten-free
54;2026-07-27 13:06:34;31;2026;43812;Flash Popitos Hacendado Frozen food Ice cream Slushies and frozen ice creams;1;España;64514;54;Congelados;Helados;Granizados y helados de hielo;Productos del momento;Elige el tuyo, ¡disfruta!;Flash popitos Hacendado;;1.0;l;1.50;€/l;1.50;popito sabor naranja: agua, azúcar, acidulante (ácido cítrico), aroma natural de naranja, estabilizante (goma xantana), colorante (extracto de pimentón), edulcorantes (sucralosa, aspartamo), conservadores (e 202, e 211), antioxidante (ácido ascórbico). popito sabor limón: : agua, azúcar, acidulante (ácido cítrico), aroma natural, estabilizantes (goma xantana, goma arábiga, e 445, colorante (luteína), edulcorantes (sucralosa, aspartamo), conservadores (e 202, e 211), antioxidante (ácido ascórbico)).popito sabor fresa: agua, azúcar, acidulante (ácido cítrico), aroma, colorante (antocianinas), estabilizante (goma xantana), edulcorantes (sucralosa, aspartamo), conservadores (e 202, e 211). popito sabor lima limón: agua, azúcar, acidulante (ácido cítrico), aromas, estabilizantes (goma xantana, goma arábiga, e 445), colorantes (luteína, e 131), edulcorantes (sucralosa, aspartamo), conservadores (e 202, e 211), antioxidante (ácido ascórbico). popito sabor cola: agua, azúcar, acidulante (ácido cítrico), colorante (e 150d), estabilizante (goma xantana), edulcorantes (sucralosa, aspartamo), conservadores (e 202, e 211), aroma.;8480000645142;0;;;;Ice cream, in box;39515;greixos_totals_g;0.0;g;Lactose-free
54;2026-07-27 13:06:34;31;2026;43812;Flash Popitos Hacendado Frozen food Ice cream Slushies and frozen ice creams;1;España;64514;54;Congelados;Helados;Granizados y helados de hielo;Productos del momento;Elige el tuyo, ¡disfruta!;Flash popitos Hacendado;;1.0;l;1.50;€/l;1.50;popito sabor naranja: agua, azúcar, acidulante (ácido cítrico), aroma natural de naranja, estabilizante (goma xantana), colorante (extracto de pimentón), edulcorantes (sucralosa, aspartamo), conservadores (e 202, e 211), antioxidante (ácido ascórbico). popito sabor limón: : agua, azúcar, acidulante (ácido cítrico), aroma natural, estabilizantes (goma xantana, goma arábiga, e 445, colorante (luteína), edulcorantes (sucralosa, aspartamo), conservadores (e 202, e 211), antioxidante (ácido ascórbico)).popito sabor fresa: agua, azúcar, acidulante (ácido cítrico), aroma, colorante (antocianinas), estabilizante (goma xantana), edulcorantes (sucralosa, aspartamo), conservadores (e 202, e 211). popito sabor lima limón: agua, azúcar, acidulante (ácido cítrico), aromas, estabilizantes (goma xantana, goma arábiga, e 445), colorantes (luteína, e 131), edulcorantes (sucralosa, aspartamo), conservadores (e 202, e 211), antioxidante (ácido ascórbico). popito sabor cola: agua, azúcar, acidulante (ácido cítrico), colorante (e 150d), estabilizante (goma xantana), edulcorantes (sucralosa, aspartamo), conservadores (e 202, e 211), aroma.;8480000645142;0;;;;Ice cream, in box;39515;greixos_saturats_g;0.0;g;Gluten-free
54;2026-07-27 13:06:34;31;2026;43812;Flash Popitos Hacendado Frozen food Ice cream Slushies and frozen ice creams;1;España;64514;54;Congelados;Helados;Granizados y helados de hielo;Productos del momento;Elige el tuyo, ¡disfruta!;Flash popitos Hacendado;;1.0;l;1.50;€/l;1.50;popito sabor naranja: agua, azúcar, acidulante (ácido cítrico), aroma natural de naranja, estabilizante (goma xantana), colorante (extracto de pimentón), edulcorantes (sucralosa, aspartamo), conservadores (e 202, e 211), antioxidante (ácido ascórbico). popito sabor limón: : agua, azúcar, acidulante (ácido cítrico), aroma natural, estabilizantes (goma xantana, goma arábiga, e 445, colorante (luteína), edulcorantes (sucralosa, aspartamo), conservadores (e 202, e 211), antioxidante (ácido ascórbico)).popito sabor fresa: agua, azúcar, acidulante (ácido cítrico), aroma, colorante (antocianinas), estabilizante (goma xantana), edulcorantes (sucralosa, aspartamo), conservadores (e 202, e 211). popito sabor lima limón: agua, azúcar, acidulante (ácido cítrico), aromas, estabilizantes (goma xantana, goma arábiga, e 445), colorantes (luteína, e 131), edulcorantes (sucralosa, aspartamo), conservadores (e 202, e 211), antioxidante (ácido ascórbico). popito sabor cola: agua, azúcar, acidulante (ácido cítrico), colorante (e 150d), estabilizante (goma xantana), edulcorantes (sucralosa, aspartamo), conservadores (e 202, e 211), aroma.;8480000645142;0;;;;Ice cream, in box;39515;greixos_saturats_g;0.0;g;Lactose-free
54;2026-07-27 13:06:34;31;2026;43812;Flash Popitos Hacendado Frozen food Ice cream Slushies and frozen ice creams;1;España;64514;54;Congelados;Helados;Granizados y helados de hielo;Productos del momento;Elige el tuyo, ¡disfruta!;Flash popitos Hacendado;;1.0;l;1.50;€/l;1.50;popito sabor naranja: agua, azúcar, acidulante (ácido cítrico), aroma natural de naranja, estabilizante (goma xantana), colorante (extracto de pimentón), edulcorantes (sucralosa, aspartamo), conservadores (e 202, e 211), antioxidante (ácido ascórbico). popito sabor limón: : agua, azúcar, acidulante (ácido cítrico), aroma natural, estabilizantes (goma xantana, goma arábiga, e 445, colorante (luteína), edulcorantes (sucralosa, aspartamo), conservadores (e 202, e 211), antioxidante (ácido ascórbico)).popito sabor fresa: agua, azúcar, acidulante (ácido cítrico), aroma, colorante (antocianinas), estabilizante (goma xantana), edulcorantes (sucralosa, aspartamo), conservadores (e 202, e 211). popito sabor lima limón: agua, azúcar, acidulante (ácido cítrico), aromas, estabilizantes (goma xantana, goma arábiga, e 445), colorantes (luteína, e 131), edulcorantes (sucralosa, aspartamo), conservadores (e 202, e 211), antioxidante (ácido ascórbico). popito sabor cola: agua, azúcar, acidulante (ácido cítrico), colorante (e 150d), estabilizante (goma xantana), edulcorantes (sucralosa, aspartamo), conservadores (e 202, e 211), aroma.;8480000645142;0;;;;Ice cream, in box;39515;hidrats_carboni_g;8.0;g;Gluten-free
54;2026-07-27 13:06:34;31;2026;43812;Flash Popitos Hacendado Frozen food Ice cream Slushies and frozen ice creams;1;España;64514;54;Congelados;Helados;Granizados y helados de hielo;Productos del momento;Elige el tuyo, ¡disfruta!;Flash popitos Hacendado;;1.0;l;1.50;€/l;1.50;popito sabor naranja: agua, azúcar, acidulante (ácido cítrico), aroma natural de naranja, estabilizante (goma xantana), colorante (extracto de pimentón), edulcorantes (sucralosa, aspartamo), conservadores (e 202, e 211), antioxidante (ácido ascórbico). popito sabor limón: : agua, azúcar, acidulante (ácido cítrico), aroma natural, estabilizantes (goma xantana, goma arábiga, e 445, colorante (luteína), edulcorantes (sucralosa, aspartamo), conservadores (e 202, e 211), antioxidante (ácido ascórbico)).popito sabor fresa: agua, azúcar, acidulante (ácido cítrico), aroma, colorante (antocianinas), estabilizante (goma xantana), edulcorantes (sucralosa, aspartamo), conservadores (e 202, e 211). popito sabor lima limón: agua, azúcar, acidulante (ácido cítrico), aromas, estabilizantes (goma xantana, goma arábiga, e 445), colorantes (luteína, e 131), edulcorantes (sucralosa, aspartamo), conservadores (e 202, e 211), antioxidante (ácido ascórbico). popito sabor cola: agua, azúcar, acidulante (ácido cítrico), colorante (e 150d), estabilizante (goma xantana), edulcorantes (sucralosa, aspartamo), conservadores (e 202, e 211), aroma.;8480000645142;0;;;;Ice cream, in box;39515;hidrats_carboni_g;8.0;g;Lactose-free
54;2026-07-27 13:06:34;31;2026;43812;Flash Popitos Hacendado Frozen food Ice cream Slushies and frozen ice creams;1;España;64514;54;Congelados;Helados;Granizados y helados de hielo;Productos del momento;Elige el tuyo, ¡disfruta!;Flash popitos Hacendado;;1.0;l;1.50;€/l;1.50;popito sabor naranja: agua, azúcar, acidulante (ácido cítrico), aroma natural de naranja, estabilizante (goma xantana), colorante (extracto de pimentón), edulcorantes (sucralosa, aspartamo), conservadores (e 202, e 211), antioxidante (ácido ascórbico). popito sabor limón: : agua, azúcar, acidulante (ácido cítrico), aroma natural, estabilizantes (goma xantana, goma arábiga, e 445, colorante (luteína), edulcorantes (sucralosa, aspartamo), conservadores (e 202, e 211), antioxidante (ácido ascórbico)).popito sabor fresa: agua, azúcar, acidulante (ácido cítrico), aroma, colorante (antocianinas), estabilizante (goma xantana), edulcorantes (sucralosa, aspartamo), conservadores (e 202, e 211). popito sabor lima limón: agua, azúcar, acidulante (ácido cítrico), aromas, estabilizantes (goma xantana, goma arábiga, e 445), colorantes (luteína, e 131), edulcorantes (sucralosa, aspartamo), conservadores (e 202, e 211), antioxidante (ácido ascórbico). popito sabor cola: agua, azúcar, acidulante (ácido cítrico), colorante (e 150d), estabilizante (goma xantana), edulcorantes (sucralosa, aspartamo), conservadores (e 202, e 211), aroma.;8480000645142;0;;;;Ice cream, in box;39515;sucres_g;8.0;g;Gluten-free
54;2026-07-27 13:06:34;31;2026;43812;Flash Popitos Hacendado Frozen food Ice cream Slushies and frozen ice creams;1;España;64514;54;Congelados;Helados;Granizados y helados de hielo;Productos del momento;Elige el tuyo, ¡disfruta!;Flash popitos Hacendado;;1.0;l;1.50;€/l;1.50;popito sabor naranja: agua, azúcar, acidulante (ácido cítrico), aroma natural de naranja, estabilizante (goma xantana), colorante (extracto de pimentón), edulcorantes (sucralosa, aspartamo), conservadores (e 202, e 211), antioxidante (ácido ascórbico). popito sabor limón: : agua, azúcar, acidulante (ácido cítrico), aroma natural, estabilizantes (goma xantana, goma arábiga, e 445, colorante (luteína), edulcorantes (sucralosa, aspartamo), conservadores (e 202, e 211), antioxidante (ácido ascórbico)).popito sabor fresa: agua, azúcar, acidulante (ácido cítrico), aroma, colorante (antocianinas), estabilizante (goma xantana), edulcorantes (sucralosa, aspartamo), conservadores (e 202, e 211). popito sabor lima limón: agua, azúcar, acidulante (ácido cítrico), aromas, estabilizantes (goma xantana, goma arábiga, e 445), colorantes (luteína, e 131), edulcorantes (sucralosa, aspartamo), conservadores (e 202, e 211), antioxidante (ácido ascórbico). popito sabor cola: agua, azúcar, acidulante (ácido cítrico), colorante (e 150d), estabilizante (goma xantana), edulcorantes (sucralosa, aspartamo), conservadores (e 202, e 211), aroma.;8480000645142;0;;;;Ice cream, in box;39515;sucres_g;8.0;g;Lactose-free
54;2026-07-27 13:06:34;31;2026;43812;Flash Popitos Hacendado Frozen food Ice cream Slushies and frozen ice creams;1;España;64514;54;Congelados;Helados;Granizados y helados de hielo;Productos del momento;Elige el tuyo, ¡disfruta!;Flash popitos Hacendado;;1.0;l;1.50;€/l;1.50;popito sabor naranja: agua, azúcar, acidulante (ácido cítrico), aroma natural de naranja, estabilizante (goma xantana), colorante (extracto de pimentón), edulcorantes (sucralosa, aspartamo), conservadores (e 202, e 211), antioxidante (ácido ascórbico). popito sabor limón: : agua, azúcar, acidulante (ácido cítrico), aroma natural, estabilizantes (goma xantana, goma arábiga, e 445, colorante (luteína), edulcorantes (sucralosa, aspartamo), conservadores (e 202, e 211), antioxidante (ácido ascórbico)).popito sabor fresa: agua, azúcar, acidulante (ácido cítrico), aroma, colorante (antocianinas), estabilizante (goma xantana), edulcorantes (sucralosa, aspartamo), conservadores (e 202, e 211). popito sabor lima limón: agua, azúcar, acidulante (ácido cítrico), aromas, estabilizantes (goma xantana, goma arábiga, e 445), colorantes (luteína, e 131), edulcorantes (sucralosa, aspartamo), conservadores (e 202, e 211), antioxidante (ácido ascórbico). popito sabor cola: agua, azúcar, acidulante (ácido cítrico), colorante (e 150d), estabilizante (goma xantana), edulcorantes (sucralosa, aspartamo), conservadores (e 202, e 211), aroma.;8480000645142;0;;;;Ice cream, in box;39515;proteines_g;0.0;g;Gluten-free
54;2026-07-27 13:06:34;31;2026;43812;Flash Popitos Hacendado Frozen food Ice cream Slushies and frozen ice creams;1;España;64514;54;Congelados;Helados;Granizados y helados de hielo;Productos del momento;Elige el tuyo, ¡disfruta!;Flash popitos Hacendado;;1.0;l;1.50;€/l;1.50;popito sabor naranja: agua, azúcar, acidulante (ácido cítrico), aroma natural de naranja, estabilizante (goma xantana), colorante (extracto de pimentón), edulcorantes (sucralosa, aspartamo), conservadores (e 202, e 211), antioxidante (ácido ascórbico). popito sabor limón: : agua, azúcar, acidulante (ácido cítrico), aroma natural, estabilizantes (goma xantana, goma arábiga, e 445, colorante (luteína), edulcorantes (sucralosa, aspartamo), conservadores (e 202, e 211), antioxidante (ácido ascórbico)).popito sabor fresa: agua, azúcar, acidulante (ácido cítrico), aroma, colorante (antocianinas), estabilizante (goma xantana), edulcorantes (sucralosa, aspartamo), conservadores (e 202, e 211). popito sabor lima limón: agua, azúcar, acidulante (ácido cítrico), aromas, estabilizantes (goma xantana, goma arábiga, e 445), colorantes (luteína, e 131), edulcorantes (sucralosa, aspartamo), conservadores (e 202, e 211), antioxidante (ácido ascórbico). popito sabor cola: agua, azúcar, acidulante (ácido cítrico), colorante (e 150d), estabilizante (goma xantana), edulcorantes (sucralosa, aspartamo), conservadores (e 202, e 211), aroma.;8480000645142;0;;;;Ice cream, in box;39515;proteines_g;0.0;g;Lactose-free
54;2026-07-27 13:06:34;31;2026;43812;Flash Popitos Hacendado Frozen food Ice cream Slushies and frozen ice creams;1;España;64514;54;Congelados;Helados;Granizados y helados de hielo;Productos del momento;Elige el tuyo, ¡disfruta!;Flash popitos Hacendado;;1.0;l;1.50;€/l;1.50;popito sabor naranja: agua, azúcar, acidulante (ácido cítrico), aroma natural de naranja, estabilizante (goma xantana), colorante (extracto de pimentón), edulcorantes (sucralosa, aspartamo), conservadores (e 202, e 211), antioxidante (ácido ascórbico). popito sabor limón: : agua, azúcar, acidulante (ácido cítrico), aroma natural, estabilizantes (goma xantana, goma arábiga, e 445, colorante (luteína), edulcorantes (sucralosa, aspartamo), conservadores (e 202, e 211), antioxidante (ácido ascórbico)).popito sabor fresa: agua, azúcar, acidulante (ácido cítrico), aroma, colorante (antocianinas), estabilizante (goma xantana), edulcorantes (sucralosa, aspartamo), conservadores (e 202, e 211). popito sabor lima limón: agua, azúcar, acidulante (ácido cítrico), aromas, estabilizantes (goma xantana, goma arábiga, e 445), colorantes (luteína, e 131), edulcorantes (sucralosa, aspartamo), conservadores (e 202, e 211), antioxidante (ácido ascórbico). popito sabor cola: agua, azúcar, acidulante (ácido cítrico), colorante (e 150d), estabilizante (goma xantana), edulcorantes (sucralosa, aspartamo), conservadores (e 202, e 211), aroma.;8480000645142;0;;;;Ice cream, in box;39515;sal_g;0.05;g;Gluten-free
54;2026-07-27 13:06:34;31;2026;43812;Flash Popitos Hacendado Frozen food Ice cream Slushies and frozen ice creams;1;España;64514;54;Congelados;Helados;Granizados y helados de hielo;Productos del momento;Elige el tuyo, ¡disfruta!;Flash popitos Hacendado;;1.0;l;1.50;€/l;1.50;popito sabor naranja: agua, azúcar, acidulante (ácido cítrico), aroma natural de naranja, estabilizante (goma xantana), colorante (extracto de pimentón), edulcorantes (sucralosa, aspartamo), conservadores (e 202, e 211), antioxidante (ácido ascórbico). popito sabor limón: : agua, azúcar, acidulante (ácido cítrico), aroma natural, estabilizantes (goma xantana, goma arábiga, e 445, colorante (luteína), edulcorantes (sucralosa, aspartamo), conservadores (e 202, e 211), antioxidante (ácido ascórbico)).popito sabor fresa: agua, azúcar, acidulante (ácido cítrico), aroma, colorante (antocianinas), estabilizante (goma xantana), edulcorantes (sucralosa, aspartamo), conservadores (e 202, e 211). popito sabor lima limón: agua, azúcar, acidulante (ácido cítrico), aromas, estabilizantes (goma xantana, goma arábiga, e 445), colorantes (luteína, e 131), edulcorantes (sucralosa, aspartamo), conservadores (e 202, e 211), antioxidante (ácido ascórbico). popito sabor cola: agua, azúcar, acidulante (ácido cítrico), colorante (e 150d), estabilizante (goma xantana), edulcorantes (sucralosa, aspartamo), conservadores (e 202, e 211), aroma.;8480000645142;0;;;;Ice cream, in box;39515;sal_g;0.05;g;Lactose-free
55;2026-07-27 13:06:34;31;2026;43812;Sugar free iced lemon drink Hacendado Frozen food Ice cream Slushies and frozen ice creams;1;España;64127;55;Congelados;Helados;Granizados y helados de hielo;Productos del momento;Elige el tuyo, ¡disfruta!;Granizado de limón Hacendado sin azúcares añadidos;;1.2;l;2.38;€/l;2.85;granizado de limón con edulcorantes. ingredientes:agua, zumo de limón (11%), edulcorantes (jarabe de maltitol,  aspartamo, acesulfamo k), fibra alimentaria, estabilizantes (goma guar, carragenanos), corteza de limón (0,1%), aroma de limón, colorante (curcumina).contiene una fuente de fenilalanina.;8480000641274;0;;;;;;Energia (kcal);37.0;kcal;Gluten-free
55;2026-07-27 13:06:34;31;2026;43812;Sugar free iced lemon drink Hacendado Frozen food Ice cream Slushies and frozen ice creams;1;España;64127;55;Congelados;Helados;Granizados y helados de hielo;Productos del momento;Elige el tuyo, ¡disfruta!;Granizado de limón Hacendado sin azúcares añadidos;;1.2;l;2.38;€/l;2.85;granizado de limón con edulcorantes. ingredientes:agua, zumo de limón (11%), edulcorantes (jarabe de maltitol,  aspartamo, acesulfamo k), fibra alimentaria, estabilizantes (goma guar, carragenanos), corteza de limón (0,1%), aroma de limón, colorante (curcumina).contiene una fuente de fenilalanina.;8480000641274;0;;;;;;Energia (kcal);37.0;kcal;No added sugar
55;2026-07-27 13:06:34;31;2026;43812;Sugar free iced lemon drink Hacendado Frozen food Ice cream Slushies and frozen ice creams;1;España;64127;55;Congelados;Helados;Granizados y helados de hielo;Productos del momento;Elige el tuyo, ¡disfruta!;Granizado de limón Hacendado sin azúcares añadidos;;1.2;l;2.38;€/l;2.85;granizado de limón con edulcorantes. ingredientes:agua, zumo de limón (11%), edulcorantes (jarabe de maltitol,  aspartamo, acesulfamo k), fibra alimentaria, estabilizantes (goma guar, carragenanos), corteza de limón (0,1%), aroma de limón, colorante (curcumina).contiene una fuente de fenilalanina.;8480000641274;0;;;;;;Energia (kJ);153.0;kJ;Gluten-free
55;2026-07-27 13:06:34;31;2026;43812;Sugar free iced lemon drink Hacendado Frozen food Ice cream Slushies and frozen ice creams;1;España;64127;55;Congelados;Helados;Granizados y helados de hielo;Productos del momento;Elige el tuyo, ¡disfruta!;Granizado de limón Hacendado sin azúcares añadidos;;1.2;l;2.38;€/l;2.85;granizado de limón con edulcorantes. ingredientes:agua, zumo de limón (11%), edulcorantes (jarabe de maltitol,  aspartamo, acesulfamo k), fibra alimentaria, estabilizantes (goma guar, carragenanos), corteza de limón (0,1%), aroma de limón, colorante (curcumina).contiene una fuente de fenilalanina.;8480000641274;0;;;;;;Energia (kJ);153.0;kJ;No added sugar
55;2026-07-27 13:06:34;31;2026;43812;Sugar free iced lemon drink Hacendado Frozen food Ice cream Slushies and frozen ice creams;1;España;64127;55;Congelados;Helados;Granizados y helados de hielo;Productos del momento;Elige el tuyo, ¡disfruta!;Granizado de limón Hacendado sin azúcares añadidos;;1.2;l;2.38;€/l;2.85;granizado de limón con edulcorantes. ingredientes:agua, zumo de limón (11%), edulcorantes (jarabe de maltitol,  aspartamo, acesulfamo k), fibra alimentaria, estabilizantes (goma guar, carragenanos), corteza de limón (0,1%), aroma de limón, colorante (curcumina).contiene una fuente de fenilalanina.;8480000641274;0;;;;;;greixos_totals_g;0.1;g;Gluten-free
55;2026-07-27 13:06:34;31;2026;43812;Sugar free iced lemon drink Hacendado Frozen food Ice cream Slushies and frozen ice creams;1;España;64127;55;Congelados;Helados;Granizados y helados de hielo;Productos del momento;Elige el tuyo, ¡disfruta!;Granizado de limón Hacendado sin azúcares añadidos;;1.2;l;2.38;€/l;2.85;granizado de limón con edulcorantes. ingredientes:agua, zumo de limón (11%), edulcorantes (jarabe de maltitol,  aspartamo, acesulfamo k), fibra alimentaria, estabilizantes (goma guar, carragenanos), corteza de limón (0,1%), aroma de limón, colorante (curcumina).contiene una fuente de fenilalanina.;8480000641274;0;;;;;;greixos_totals_g;0.1;g;No added sugar
55;2026-07-27 13:06:34;31;2026;43812;Sugar free iced lemon drink Hacendado Frozen food Ice cream Slushies and frozen ice creams;1;España;64127;55;Congelados;Helados;Granizados y helados de hielo;Productos del momento;Elige el tuyo, ¡disfruta!;Granizado de limón Hacendado sin azúcares añadidos;;1.2;l;2.38;€/l;2.85;granizado de limón con edulcorantes. ingredientes:agua, zumo de limón (11%), edulcorantes (jarabe de maltitol,  aspartamo, acesulfamo k), fibra alimentaria, estabilizantes (goma guar, carragenanos), corteza de limón (0,1%), aroma de limón, colorante (curcumina).contiene una fuente de fenilalanina.;8480000641274;0;;;;;;greixos_saturats_g;0.0;g;Gluten-free
55;2026-07-27 13:06:34;31;2026;43812;Sugar free iced lemon drink Hacendado Frozen food Ice cream Slushies and frozen ice creams;1;España;64127;55;Congelados;Helados;Granizados y helados de hielo;Productos del momento;Elige el tuyo, ¡disfruta!;Granizado de limón Hacendado sin azúcares añadidos;;1.2;l;2.38;€/l;2.85;granizado de limón con edulcorantes. ingredientes:agua, zumo de limón (11%), edulcorantes (jarabe de maltitol,  aspartamo, acesulfamo k), fibra alimentaria, estabilizantes (goma guar, carragenanos), corteza de limón (0,1%), aroma de limón, colorante (curcumina).contiene una fuente de fenilalanina.;8480000641274;0;;;;;;greixos_saturats_g;0.0;g;No added sugar
55;2026-07-27 13:06:34;31;2026;43812;Sugar free iced lemon drink Hacendado Frozen food Ice cream Slushies and frozen ice creams;1;España;64127;55;Congelados;Helados;Granizados y helados de hielo;Productos del momento;Elige el tuyo, ¡disfruta!;Granizado de limón Hacendado sin azúcares añadidos;;1.2;l;2.38;€/l;2.85;granizado de limón con edulcorantes. ingredientes:agua, zumo de limón (11%), edulcorantes (jarabe de maltitol,  aspartamo, acesulfamo k), fibra alimentaria, estabilizantes (goma guar, carragenanos), corteza de limón (0,1%), aroma de limón, colorante (curcumina).contiene una fuente de fenilalanina.;8480000641274;0;;;;;;hidrats_carboni_g;9.6;g;Gluten-free
55;2026-07-27 13:06:34;31;2026;43812;Sugar free iced lemon drink Hacendado Frozen food Ice cream Slushies and frozen ice creams;1;España;64127;55;Congelados;Helados;Granizados y helados de hielo;Productos del momento;Elige el tuyo, ¡disfruta!;Granizado de limón Hacendado sin azúcares añadidos;;1.2;l;2.38;€/l;2.85;granizado de limón con edulcorantes. ingredientes:agua, zumo de limón (11%), edulcorantes (jarabe de maltitol,  aspartamo, acesulfamo k), fibra alimentaria, estabilizantes (goma guar, carragenanos), corteza de limón (0,1%), aroma de limón, colorante (curcumina).contiene una fuente de fenilalanina.;8480000641274;0;;;;;;hidrats_carboni_g;9.6;g;No added sugar
55;2026-07-27 13:06:34;31;2026;43812;Sugar free iced lemon drink Hacendado Frozen food Ice cream Slushies and frozen ice creams;1;España;64127;55;Congelados;Helados;Granizados y helados de hielo;Productos del momento;Elige el tuyo, ¡disfruta!;Granizado de limón Hacendado sin azúcares añadidos;;1.2;l;2.38;€/l;2.85;granizado de limón con edulcorantes. ingredientes:agua, zumo de limón (11%), edulcorantes (jarabe de maltitol,  aspartamo, acesulfamo k), fibra alimentaria, estabilizantes (goma guar, carragenanos), corteza de limón (0,1%), aroma de limón, colorante (curcumina).contiene una fuente de fenilalanina.;8480000641274;0;;;;;;sucres_g;0.2;g;Gluten-free
55;2026-07-27 13:06:34;31;2026;43812;Sugar free iced lemon drink Hacendado Frozen food Ice cream Slushies and frozen ice creams;1;España;64127;55;Congelados;Helados;Granizados y helados de hielo;Productos del momento;Elige el tuyo, ¡disfruta!;Granizado de limón Hacendado sin azúcares añadidos;;1.2;l;2.38;€/l;2.85;granizado de limón con edulcorantes. ingredientes:agua, zumo de limón (11%), edulcorantes (jarabe de maltitol,  aspartamo, acesulfamo k), fibra alimentaria, estabilizantes (goma guar, carragenanos), corteza de limón (0,1%), aroma de limón, colorante (curcumina).contiene una fuente de fenilalanina.;8480000641274;0;;;;;;sucres_g;0.2;g;No added sugar
55;2026-07-27 13:06:34;31;2026;43812;Sugar free iced lemon drink Hacendado Frozen food Ice cream Slushies and frozen ice creams;1;España;64127;55;Congelados;Helados;Granizados y helados de hielo;Productos del momento;Elige el tuyo, ¡disfruta!;Granizado de limón Hacendado sin azúcares añadidos;;1.2;l;2.38;€/l;2.85;granizado de limón con edulcorantes. ingredientes:agua, zumo de limón (11%), edulcorantes (jarabe de maltitol,  aspartamo, acesulfamo k), fibra alimentaria, estabilizantes (goma guar, carragenanos), corteza de limón (0,1%), aroma de limón, colorante (curcumina).contiene una fuente de fenilalanina.;8480000641274;0;;;;;;fibra_g;5.0;g;Gluten-free
55;2026-07-27 13:06:34;31;2026;43812;Sugar free iced lemon drink Hacendado Frozen food Ice cream Slushies and frozen ice creams;1;España;64127;55;Congelados;Helados;Granizados y helados de hielo;Productos del momento;Elige el tuyo, ¡disfruta!;Granizado de limón Hacendado sin azúcares añadidos;;1.2;l;2.38;€/l;2.85;granizado de limón con edulcorantes. ingredientes:agua, zumo de limón (11%), edulcorantes (jarabe de maltitol,  aspartamo, acesulfamo k), fibra alimentaria, estabilizantes (goma guar, carragenanos), corteza de limón (0,1%), aroma de limón, colorante (curcumina).contiene una fuente de fenilalanina.;8480000641274;0;;;;;;fibra_g;5.0;g;No added sugar
55;2026-07-27 13:06:34;31;2026;43812;Sugar free iced lemon drink Hacendado Frozen food Ice cream Slushies and frozen ice creams;1;España;64127;55;Congelados;Helados;Granizados y helados de hielo;Productos del momento;Elige el tuyo, ¡disfruta!;Granizado de limón Hacendado sin azúcares añadidos;;1.2;l;2.38;€/l;2.85;granizado de limón con edulcorantes. ingredientes:agua, zumo de limón (11%), edulcorantes (jarabe de maltitol,  aspartamo, acesulfamo k), fibra alimentaria, estabilizantes (goma guar, carragenanos), corteza de limón (0,1%), aroma de limón, colorante (curcumina).contiene una fuente de fenilalanina.;8480000641274;0;;;;;;proteines_g;0.1;g;Gluten-free
55;2026-07-27 13:06:34;31;2026;43812;Sugar free iced lemon drink Hacendado Frozen food Ice cream Slushies and frozen ice creams;1;España;64127;55;Congelados;Helados;Granizados y helados de hielo;Productos del momento;Elige el tuyo, ¡disfruta!;Granizado de limón Hacendado sin azúcares añadidos;;1.2;l;2.38;€/l;2.85;granizado de limón con edulcorantes. ingredientes:agua, zumo de limón (11%), edulcorantes (jarabe de maltitol,  aspartamo, acesulfamo k), fibra alimentaria, estabilizantes (goma guar, carragenanos), corteza de limón (0,1%), aroma de limón, colorante (curcumina).contiene una fuente de fenilalanina.;8480000641274;0;;;;;;proteines_g;0.1;g;No added sugar
55;2026-07-27 13:06:34;31;2026;43812;Sugar free iced lemon drink Hacendado Frozen food Ice cream Slushies and frozen ice creams;1;España;64127;55;Congelados;Helados;Granizados y helados de hielo;Productos del momento;Elige el tuyo, ¡disfruta!;Granizado de limón Hacendado sin azúcares añadidos;;1.2;l;2.38;€/l;2.85;granizado de limón con edulcorantes. ingredientes:agua, zumo de limón (11%), edulcorantes (jarabe de maltitol,  aspartamo, acesulfamo k), fibra alimentaria, estabilizantes (goma guar, carragenanos), corteza de limón (0,1%), aroma de limón, colorante (curcumina).contiene una fuente de fenilalanina.;8480000641274;0;;;;;;sal_g;0.03;g;Gluten-free
55;2026-07-27 13:06:34;31;2026;43812;Sugar free iced lemon drink Hacendado Frozen food Ice cream Slushies and frozen ice creams;1;España;64127;55;Congelados;Helados;Granizados y helados de hielo;Productos del momento;Elige el tuyo, ¡disfruta!;Granizado de limón Hacendado sin azúcares añadidos;;1.2;l;2.38;€/l;2.85;granizado de limón con edulcorantes. ingredientes:agua, zumo de limón (11%), edulcorantes (jarabe de maltitol,  aspartamo, acesulfamo k), fibra alimentaria, estabilizantes (goma guar, carragenanos), corteza de limón (0,1%), aroma de limón, colorante (curcumina).contiene una fuente de fenilalanina.;8480000641274;0;;;;;;sal_g;0.03;g;No added sugar
56;2026-07-27 13:06:34;31;2026;43812;Strawberry ice cream sorbet Hacendado Frozen food Ice cream Slushies and frozen ice creams;1;España;64419;56;Congelados;Helados;Granizados y helados de hielo;Productos del momento;Elige el tuyo, ¡disfruta!;Helado hielo sorbete con fresa Hacendado;;0.75;l;3.07;€/l;2.30;sorbete con fresas. ingredientes:agua, fresas (15%), azúcar, jarabe de glucosa y fructosa, aromas, acidulante (ácido cítrico), zumo concentrado de zanahoria, estabilizantes (carragenanos, goma guar), colorante (antocianinas). trazas de proteínas de leche.;8480000644190;0;;;;Ice cream or sorbet or ice pop, any flavour (average);39500;Energia (kcal);92.0;kcal;Gluten-free
56;2026-07-27 13:06:34;31;2026;43812;Strawberry ice cream sorbet Hacendado Frozen food Ice cream Slushies and frozen ice creams;1;España;64419;56;Congelados;Helados;Granizados y helados de hielo;Productos del momento;Elige el tuyo, ¡disfruta!;Helado hielo sorbete con fresa Hacendado;;0.75;l;3.07;€/l;2.30;sorbete con fresas. ingredientes:agua, fresas (15%), azúcar, jarabe de glucosa y fructosa, aromas, acidulante (ácido cítrico), zumo concentrado de zanahoria, estabilizantes (carragenanos, goma guar), colorante (antocianinas). trazas de proteínas de leche.;8480000644190;0;;;;Ice cream or sorbet or ice pop, any flavour (average);39500;Energia (kcal);92.0;kcal;Lactose-free
56;2026-07-27 13:06:34;31;2026;43812;Strawberry ice cream sorbet Hacendado Frozen food Ice cream Slushies and frozen ice creams;1;España;64419;56;Congelados;Helados;Granizados y helados de hielo;Productos del momento;Elige el tuyo, ¡disfruta!;Helado hielo sorbete con fresa Hacendado;;0.75;l;3.07;€/l;2.30;sorbete con fresas. ingredientes:agua, fresas (15%), azúcar, jarabe de glucosa y fructosa, aromas, acidulante (ácido cítrico), zumo concentrado de zanahoria, estabilizantes (carragenanos, goma guar), colorante (antocianinas). trazas de proteínas de leche.;8480000644190;0;;;;Ice cream or sorbet or ice pop, any flavour (average);39500;Energia (kJ);392.0;kJ;Gluten-free
56;2026-07-27 13:06:34;31;2026;43812;Strawberry ice cream sorbet Hacendado Frozen food Ice cream Slushies and frozen ice creams;1;España;64419;56;Congelados;Helados;Granizados y helados de hielo;Productos del momento;Elige el tuyo, ¡disfruta!;Helado hielo sorbete con fresa Hacendado;;0.75;l;3.07;€/l;2.30;sorbete con fresas. ingredientes:agua, fresas (15%), azúcar, jarabe de glucosa y fructosa, aromas, acidulante (ácido cítrico), zumo concentrado de zanahoria, estabilizantes (carragenanos, goma guar), colorante (antocianinas). trazas de proteínas de leche.;8480000644190;0;;;;Ice cream or sorbet or ice pop, any flavour (average);39500;Energia (kJ);392.0;kJ;Lactose-free
56;2026-07-27 13:06:34;31;2026;43812;Strawberry ice cream sorbet Hacendado Frozen food Ice cream Slushies and frozen ice creams;1;España;64419;56;Congelados;Helados;Granizados y helados de hielo;Productos del momento;Elige el tuyo, ¡disfruta!;Helado hielo sorbete con fresa Hacendado;;0.75;l;3.07;€/l;2.30;sorbete con fresas. ingredientes:agua, fresas (15%), azúcar, jarabe de glucosa y fructosa, aromas, acidulante (ácido cítrico), zumo concentrado de zanahoria, estabilizantes (carragenanos, goma guar), colorante (antocianinas). trazas de proteínas de leche.;8480000644190;0;;;;Ice cream or sorbet or ice pop, any flavour (average);39500;greixos_totals_g;0.0;g;Gluten-free
56;2026-07-27 13:06:34;31;2026;43812;Strawberry ice cream sorbet Hacendado Frozen food Ice cream Slushies and frozen ice creams;1;España;64419;56;Congelados;Helados;Granizados y helados de hielo;Productos del momento;Elige el tuyo, ¡disfruta!;Helado hielo sorbete con fresa Hacendado;;0.75;l;3.07;€/l;2.30;sorbete con fresas. ingredientes:agua, fresas (15%), azúcar, jarabe de glucosa y fructosa, aromas, acidulante (ácido cítrico), zumo concentrado de zanahoria, estabilizantes (carragenanos, goma guar), colorante (antocianinas). trazas de proteínas de leche.;8480000644190;0;;;;Ice cream or sorbet or ice pop, any flavour (average);39500;greixos_totals_g;0.0;g;Lactose-free
56;2026-07-27 13:06:34;31;2026;43812;Strawberry ice cream sorbet Hacendado Frozen food Ice cream Slushies and frozen ice creams;1;España;64419;56;Congelados;Helados;Granizados y helados de hielo;Productos del momento;Elige el tuyo, ¡disfruta!;Helado hielo sorbete con fresa Hacendado;;0.75;l;3.07;€/l;2.30;sorbete con fresas. ingredientes:agua, fresas (15%), azúcar, jarabe de glucosa y fructosa, aromas, acidulante (ácido cítrico), zumo concentrado de zanahoria, estabilizantes (carragenanos, goma guar), colorante (antocianinas). trazas de proteínas de leche.;8480000644190;0;;;;Ice cream or sorbet or ice pop, any flavour (average);39500;greixos_saturats_g;0.0;g;Gluten-free
56;2026-07-27 13:06:34;31;2026;43812;Strawberry ice cream sorbet Hacendado Frozen food Ice cream Slushies and frozen ice creams;1;España;64419;56;Congelados;Helados;Granizados y helados de hielo;Productos del momento;Elige el tuyo, ¡disfruta!;Helado hielo sorbete con fresa Hacendado;;0.75;l;3.07;€/l;2.30;sorbete con fresas. ingredientes:agua, fresas (15%), azúcar, jarabe de glucosa y fructosa, aromas, acidulante (ácido cítrico), zumo concentrado de zanahoria, estabilizantes (carragenanos, goma guar), colorante (antocianinas). trazas de proteínas de leche.;8480000644190;0;;;;Ice cream or sorbet or ice pop, any flavour (average);39500;greixos_saturats_g;0.0;g;Lactose-free
56;2026-07-27 13:06:34;31;2026;43812;Strawberry ice cream sorbet Hacendado Frozen food Ice cream Slushies and frozen ice creams;1;España;64419;56;Congelados;Helados;Granizados y helados de hielo;Productos del momento;Elige el tuyo, ¡disfruta!;Helado hielo sorbete con fresa Hacendado;;0.75;l;3.07;€/l;2.30;sorbete con fresas. ingredientes:agua, fresas (15%), azúcar, jarabe de glucosa y fructosa, aromas, acidulante (ácido cítrico), zumo concentrado de zanahoria, estabilizantes (carragenanos, goma guar), colorante (antocianinas). trazas de proteínas de leche.;8480000644190;0;;;;Ice cream or sorbet or ice pop, any flavour (average);39500;hidrats_carboni_g;22.0;g;Gluten-free
56;2026-07-27 13:06:34;31;2026;43812;Strawberry ice cream sorbet Hacendado Frozen food Ice cream Slushies and frozen ice creams;1;España;64419;56;Congelados;Helados;Granizados y helados de hielo;Productos del momento;Elige el tuyo, ¡disfruta!;Helado hielo sorbete con fresa Hacendado;;0.75;l;3.07;€/l;2.30;sorbete con fresas. ingredientes:agua, fresas (15%), azúcar, jarabe de glucosa y fructosa, aromas, acidulante (ácido cítrico), zumo concentrado de zanahoria, estabilizantes (carragenanos, goma guar), colorante (antocianinas). trazas de proteínas de leche.;8480000644190;0;;;;Ice cream or sorbet or ice pop, any flavour (average);39500;hidrats_carboni_g;22.0;g;Lactose-free
56;2026-07-27 13:06:34;31;2026;43812;Strawberry ice cream sorbet Hacendado Frozen food Ice cream Slushies and frozen ice creams;1;España;64419;56;Congelados;Helados;Granizados y helados de hielo;Productos del momento;Elige el tuyo, ¡disfruta!;Helado hielo sorbete con fresa Hacendado;;0.75;l;3.07;€/l;2.30;sorbete con fresas. ingredientes:agua, fresas (15%), azúcar, jarabe de glucosa y fructosa, aromas, acidulante (ácido cítrico), zumo concentrado de zanahoria, estabilizantes (carragenanos, goma guar), colorante (antocianinas). trazas de proteínas de leche.;8480000644190;0;;;;Ice cream or sorbet or ice pop, any flavour (average);39500;sucres_g;21.0;g;Gluten-free
56;2026-07-27 13:06:34;31;2026;43812;Strawberry ice cream sorbet Hacendado Frozen food Ice cream Slushies and frozen ice creams;1;España;64419;56;Congelados;Helados;Granizados y helados de hielo;Productos del momento;Elige el tuyo, ¡disfruta!;Helado hielo sorbete con fresa Hacendado;;0.75;l;3.07;€/l;2.30;sorbete con fresas. ingredientes:agua, fresas (15%), azúcar, jarabe de glucosa y fructosa, aromas, acidulante (ácido cítrico), zumo concentrado de zanahoria, estabilizantes (carragenanos, goma guar), colorante (antocianinas). trazas de proteínas de leche.;8480000644190;0;;;;Ice cream or sorbet or ice pop, any flavour (average);39500;sucres_g;21.0;g;Lactose-free
56;2026-07-27 13:06:34;31;2026;43812;Strawberry ice cream sorbet Hacendado Frozen food Ice cream Slushies and frozen ice creams;1;España;64419;56;Congelados;Helados;Granizados y helados de hielo;Productos del momento;Elige el tuyo, ¡disfruta!;Helado hielo sorbete con fresa Hacendado;;0.75;l;3.07;€/l;2.30;sorbete con fresas. ingredientes:agua, fresas (15%), azúcar, jarabe de glucosa y fructosa, aromas, acidulante (ácido cítrico), zumo concentrado de zanahoria, estabilizantes (carragenanos, goma guar), colorante (antocianinas). trazas de proteínas de leche.;8480000644190;0;;;;Ice cream or sorbet or ice pop, any flavour (average);39500;proteines_g;0.0;g;Gluten-free
56;2026-07-27 13:06:34;31;2026;43812;Strawberry ice cream sorbet Hacendado Frozen food Ice cream Slushies and frozen ice creams;1;España;64419;56;Congelados;Helados;Granizados y helados de hielo;Productos del momento;Elige el tuyo, ¡disfruta!;Helado hielo sorbete con fresa Hacendado;;0.75;l;3.07;€/l;2.30;sorbete con fresas. ingredientes:agua, fresas (15%), azúcar, jarabe de glucosa y fructosa, aromas, acidulante (ácido cítrico), zumo concentrado de zanahoria, estabilizantes (carragenanos, goma guar), colorante (antocianinas). trazas de proteínas de leche.;8480000644190;0;;;;Ice cream or sorbet or ice pop, any flavour (average);39500;proteines_g;0.0;g;Lactose-free
56;2026-07-27 13:06:34;31;2026;43812;Strawberry ice cream sorbet Hacendado Frozen food Ice cream Slushies and frozen ice creams;1;España;64419;56;Congelados;Helados;Granizados y helados de hielo;Productos del momento;Elige el tuyo, ¡disfruta!;Helado hielo sorbete con fresa Hacendado;;0.75;l;3.07;€/l;2.30;sorbete con fresas. ingredientes:agua, fresas (15%), azúcar, jarabe de glucosa y fructosa, aromas, acidulante (ácido cítrico), zumo concentrado de zanahoria, estabilizantes (carragenanos, goma guar), colorante (antocianinas). trazas de proteínas de leche.;8480000644190;0;;;;Ice cream or sorbet or ice pop, any flavour (average);39500;sal_g;0.04;g;Gluten-free
56;2026-07-27 13:06:34;31;2026;43812;Strawberry ice cream sorbet Hacendado Frozen food Ice cream Slushies and frozen ice creams;1;España;64419;56;Congelados;Helados;Granizados y helados de hielo;Productos del momento;Elige el tuyo, ¡disfruta!;Helado hielo sorbete con fresa Hacendado;;0.75;l;3.07;€/l;2.30;sorbete con fresas. ingredientes:agua, fresas (15%), azúcar, jarabe de glucosa y fructosa, aromas, acidulante (ácido cítrico), zumo concentrado de zanahoria, estabilizantes (carragenanos, goma guar), colorante (antocianinas). trazas de proteínas de leche.;8480000644190;0;;;;Ice cream or sorbet or ice pop, any flavour (average);39500;sal_g;0.04;g;Lactose-free
57;2026-07-27 13:06:34;31;2026;43812;Horchata ice cream sorbet Hacendado Frozen food Ice cream Slushies and frozen ice creams;1;España;64179;57;Congelados;Helados;Granizados y helados de hielo;Productos del momento;Elige el tuyo, ¡disfruta!;Helado hielo sorbete con horchata Hacendado;;0.75;l;3.07;€/l;2.30;sorbete de horchata. ingredientes: horchata de chufa pasteurizada (95%) (agua, chufas y azúcar),  jarabe de glucosa y fructosa, emulgente (ésteres cítricos de monoglicéridos y  diglicéridos de ácidos grasos), proteínas de leche, estabilizante (carragenanos).;8480000641793;0;;;;Ice cream or sorbet or ice pop, any flavour (average);39500;Energia (kcal);107.0;kcal;Gluten-free
57;2026-07-27 13:06:34;31;2026;43812;Horchata ice cream sorbet Hacendado Frozen food Ice cream Slushies and frozen ice creams;1;España;64179;57;Congelados;Helados;Granizados y helados de hielo;Productos del momento;Elige el tuyo, ¡disfruta!;Helado hielo sorbete con horchata Hacendado;;0.75;l;3.07;€/l;2.30;sorbete de horchata. ingredientes: horchata de chufa pasteurizada (95%) (agua, chufas y azúcar),  jarabe de glucosa y fructosa, emulgente (ésteres cítricos de monoglicéridos y  diglicéridos de ácidos grasos), proteínas de leche, estabilizante (carragenanos).;8480000641793;0;;;;Ice cream or sorbet or ice pop, any flavour (average);39500;Energia (kJ);452.0;kJ;Gluten-free
57;2026-07-27 13:06:34;31;2026;43812;Horchata ice cream sorbet Hacendado Frozen food Ice cream Slushies and frozen ice creams;1;España;64179;57;Congelados;Helados;Granizados y helados de hielo;Productos del momento;Elige el tuyo, ¡disfruta!;Helado hielo sorbete con horchata Hacendado;;0.75;l;3.07;€/l;2.30;sorbete de horchata. ingredientes: horchata de chufa pasteurizada (95%) (agua, chufas y azúcar),  jarabe de glucosa y fructosa, emulgente (ésteres cítricos de monoglicéridos y  diglicéridos de ácidos grasos), proteínas de leche, estabilizante (carragenanos).;8480000641793;0;;;;Ice cream or sorbet or ice pop, any flavour (average);39500;greixos_totals_g;1.8;g;Gluten-free
57;2026-07-27 13:06:34;31;2026;43812;Horchata ice cream sorbet Hacendado Frozen food Ice cream Slushies and frozen ice creams;1;España;64179;57;Congelados;Helados;Granizados y helados de hielo;Productos del momento;Elige el tuyo, ¡disfruta!;Helado hielo sorbete con horchata Hacendado;;0.75;l;3.07;€/l;2.30;sorbete de horchata. ingredientes: horchata de chufa pasteurizada (95%) (agua, chufas y azúcar),  jarabe de glucosa y fructosa, emulgente (ésteres cítricos de monoglicéridos y  diglicéridos de ácidos grasos), proteínas de leche, estabilizante (carragenanos).;8480000641793;0;;;;Ice cream or sorbet or ice pop, any flavour (average);39500;greixos_saturats_g;0.6;g;Gluten-free
57;2026-07-27 13:06:34;31;2026;43812;Horchata ice cream sorbet Hacendado Frozen food Ice cream Slushies and frozen ice creams;1;España;64179;57;Congelados;Helados;Granizados y helados de hielo;Productos del momento;Elige el tuyo, ¡disfruta!;Helado hielo sorbete con horchata Hacendado;;0.75;l;3.07;€/l;2.30;sorbete de horchata. ingredientes: horchata de chufa pasteurizada (95%) (agua, chufas y azúcar),  jarabe de glucosa y fructosa, emulgente (ésteres cítricos de monoglicéridos y  diglicéridos de ácidos grasos), proteínas de leche, estabilizante (carragenanos).;8480000641793;0;;;;Ice cream or sorbet or ice pop, any flavour (average);39500;hidrats_carboni_g;22.0;g;Gluten-free
57;2026-07-27 13:06:34;31;2026;43812;Horchata ice cream sorbet Hacendado Frozen food Ice cream Slushies and frozen ice creams;1;España;64179;57;Congelados;Helados;Granizados y helados de hielo;Productos del momento;Elige el tuyo, ¡disfruta!;Helado hielo sorbete con horchata Hacendado;;0.75;l;3.07;€/l;2.30;sorbete de horchata. ingredientes: horchata de chufa pasteurizada (95%) (agua, chufas y azúcar),  jarabe de glucosa y fructosa, emulgente (ésteres cítricos de monoglicéridos y  diglicéridos de ácidos grasos), proteínas de leche, estabilizante (carragenanos).;8480000641793;0;;;;Ice cream or sorbet or ice pop, any flavour (average);39500;sucres_g;20.0;g;Gluten-free
57;2026-07-27 13:06:34;31;2026;43812;Horchata ice cream sorbet Hacendado Frozen food Ice cream Slushies and frozen ice creams;1;España;64179;57;Congelados;Helados;Granizados y helados de hielo;Productos del momento;Elige el tuyo, ¡disfruta!;Helado hielo sorbete con horchata Hacendado;;0.75;l;3.07;€/l;2.30;sorbete de horchata. ingredientes: horchata de chufa pasteurizada (95%) (agua, chufas y azúcar),  jarabe de glucosa y fructosa, emulgente (ésteres cítricos de monoglicéridos y  diglicéridos de ácidos grasos), proteínas de leche, estabilizante (carragenanos).;8480000641793;0;;;;Ice cream or sorbet or ice pop, any flavour (average);39500;proteines_g;0.6;g;Gluten-free
57;2026-07-27 13:06:34;31;2026;43812;Horchata ice cream sorbet Hacendado Frozen food Ice cream Slushies and frozen ice creams;1;España;64179;57;Congelados;Helados;Granizados y helados de hielo;Productos del momento;Elige el tuyo, ¡disfruta!;Helado hielo sorbete con horchata Hacendado;;0.75;l;3.07;€/l;2.30;sorbete de horchata. ingredientes: horchata de chufa pasteurizada (95%) (agua, chufas y azúcar),  jarabe de glucosa y fructosa, emulgente (ésteres cítricos de monoglicéridos y  diglicéridos de ácidos grasos), proteínas de leche, estabilizante (carragenanos).;8480000641793;0;;;;Ice cream or sorbet or ice pop, any flavour (average);39500;sal_g;0.07;g;Gluten-free
58;2026-07-27 13:06:34;31;2026;43812;Mango sorbet ice cream Hacendado Frozen food Ice cream Slushies and frozen ice creams;1;España;64220;58;Congelados;Helados;Granizados y helados de hielo;Productos del momento;Elige el tuyo, ¡disfruta!;Helado hielo sorbete con mango Hacendado;;0.75;l;3.07;€/l;2.30;(es)sorbete con mango. ingredientes: agua, azúcar, puré de mango (10%), jarabe de glucosa, acidulante (ácido cítrico), estabilizantes (goma guar, carragenanos), aromas, colorantes (curcumina, carotenos). trazas de proteínas de leche. (pt)gelado de manga. ingredientes: água, açúcar, puré de manga (10%), xarope de glicose, acidificante (ácido cítrico), estabilizadores (goma de guar, carragenina), aromas, corantes (curcumina, carotenos). vestígios de proteínas do leite.;8480000642202;0;;;;Ice cream or sorbet or ice pop, any flavour (average);39500;Energia (kcal);97.0;kcal;Gluten-free
58;2026-07-27 13:06:34;31;2026;43812;Mango sorbet ice cream Hacendado Frozen food Ice cream Slushies and frozen ice creams;1;España;64220;58;Congelados;Helados;Granizados y helados de hielo;Productos del momento;Elige el tuyo, ¡disfruta!;Helado hielo sorbete con mango Hacendado;;0.75;l;3.07;€/l;2.30;(es)sorbete con mango. ingredientes: agua, azúcar, puré de mango (10%), jarabe de glucosa, acidulante (ácido cítrico), estabilizantes (goma guar, carragenanos), aromas, colorantes (curcumina, carotenos). trazas de proteínas de leche. (pt)gelado de manga. ingredientes: água, açúcar, puré de manga (10%), xarope de glicose, acidificante (ácido cítrico), estabilizadores (goma de guar, carragenina), aromas, corantes (curcumina, carotenos). vestígios de proteínas do leite.;8480000642202;0;;;;Ice cream or sorbet or ice pop, any flavour (average);39500;Energia (kcal);97.0;kcal;Lactose-free
58;2026-07-27 13:06:34;31;2026;43812;Mango sorbet ice cream Hacendado Frozen food Ice cream Slushies and frozen ice creams;1;España;64220;58;Congelados;Helados;Granizados y helados de hielo;Productos del momento;Elige el tuyo, ¡disfruta!;Helado hielo sorbete con mango Hacendado;;0.75;l;3.07;€/l;2.30;(es)sorbete con mango. ingredientes: agua, azúcar, puré de mango (10%), jarabe de glucosa, acidulante (ácido cítrico), estabilizantes (goma guar, carragenanos), aromas, colorantes (curcumina, carotenos). trazas de proteínas de leche. (pt)gelado de manga. ingredientes: água, açúcar, puré de manga (10%), xarope de glicose, acidificante (ácido cítrico), estabilizadores (goma de guar, carragenina), aromas, corantes (curcumina, carotenos). vestígios de proteínas do leite.;8480000642202;0;;;;Ice cream or sorbet or ice pop, any flavour (average);39500;Energia (kJ);412.0;kJ;Gluten-free
58;2026-07-27 13:06:34;31;2026;43812;Mango sorbet ice cream Hacendado Frozen food Ice cream Slushies and frozen ice creams;1;España;64220;58;Congelados;Helados;Granizados y helados de hielo;Productos del momento;Elige el tuyo, ¡disfruta!;Helado hielo sorbete con mango Hacendado;;0.75;l;3.07;€/l;2.30;(es)sorbete con mango. ingredientes: agua, azúcar, puré de mango (10%), jarabe de glucosa, acidulante (ácido cítrico), estabilizantes (goma guar, carragenanos), aromas, colorantes (curcumina, carotenos). trazas de proteínas de leche. (pt)gelado de manga. ingredientes: água, açúcar, puré de manga (10%), xarope de glicose, acidificante (ácido cítrico), estabilizadores (goma de guar, carragenina), aromas, corantes (curcumina, carotenos). vestígios de proteínas do leite.;8480000642202;0;;;;Ice cream or sorbet or ice pop, any flavour (average);39500;Energia (kJ);412.0;kJ;Lactose-free
58;2026-07-27 13:06:34;31;2026;43812;Mango sorbet ice cream Hacendado Frozen food Ice cream Slushies and frozen ice creams;1;España;64220;58;Congelados;Helados;Granizados y helados de hielo;Productos del momento;Elige el tuyo, ¡disfruta!;Helado hielo sorbete con mango Hacendado;;0.75;l;3.07;€/l;2.30;(es)sorbete con mango. ingredientes: agua, azúcar, puré de mango (10%), jarabe de glucosa, acidulante (ácido cítrico), estabilizantes (goma guar, carragenanos), aromas, colorantes (curcumina, carotenos). trazas de proteínas de leche. (pt)gelado de manga. ingredientes: água, açúcar, puré de manga (10%), xarope de glicose, acidificante (ácido cítrico), estabilizadores (goma de guar, carragenina), aromas, corantes (curcumina, carotenos). vestígios de proteínas do leite.;8480000642202;0;;;;Ice cream or sorbet or ice pop, any flavour (average);39500;greixos_totals_g;0.0;g;Gluten-free
58;2026-07-27 13:06:34;31;2026;43812;Mango sorbet ice cream Hacendado Frozen food Ice cream Slushies and frozen ice creams;1;España;64220;58;Congelados;Helados;Granizados y helados de hielo;Productos del momento;Elige el tuyo, ¡disfruta!;Helado hielo sorbete con mango Hacendado;;0.75;l;3.07;€/l;2.30;(es)sorbete con mango. ingredientes: agua, azúcar, puré de mango (10%), jarabe de glucosa, acidulante (ácido cítrico), estabilizantes (goma guar, carragenanos), aromas, colorantes (curcumina, carotenos). trazas de proteínas de leche. (pt)gelado de manga. ingredientes: água, açúcar, puré de manga (10%), xarope de glicose, acidificante (ácido cítrico), estabilizadores (goma de guar, carragenina), aromas, corantes (curcumina, carotenos). vestígios de proteínas do leite.;8480000642202;0;;;;Ice cream or sorbet or ice pop, any flavour (average);39500;greixos_totals_g;0.0;g;Lactose-free
58;2026-07-27 13:06:34;31;2026;43812;Mango sorbet ice cream Hacendado Frozen food Ice cream Slushies and frozen ice creams;1;España;64220;58;Congelados;Helados;Granizados y helados de hielo;Productos del momento;Elige el tuyo, ¡disfruta!;Helado hielo sorbete con mango Hacendado;;0.75;l;3.07;€/l;2.30;(es)sorbete con mango. ingredientes: agua, azúcar, puré de mango (10%), jarabe de glucosa, acidulante (ácido cítrico), estabilizantes (goma guar, carragenanos), aromas, colorantes (curcumina, carotenos). trazas de proteínas de leche. (pt)gelado de manga. ingredientes: água, açúcar, puré de manga (10%), xarope de glicose, acidificante (ácido cítrico), estabilizadores (goma de guar, carragenina), aromas, corantes (curcumina, carotenos). vestígios de proteínas do leite.;8480000642202;0;;;;Ice cream or sorbet or ice pop, any flavour (average);39500;greixos_saturats_g;0.0;g;Gluten-free
58;2026-07-27 13:06:34;31;2026;43812;Mango sorbet ice cream Hacendado Frozen food Ice cream Slushies and frozen ice creams;1;España;64220;58;Congelados;Helados;Granizados y helados de hielo;Productos del momento;Elige el tuyo, ¡disfruta!;Helado hielo sorbete con mango Hacendado;;0.75;l;3.07;€/l;2.30;(es)sorbete con mango. ingredientes: agua, azúcar, puré de mango (10%), jarabe de glucosa, acidulante (ácido cítrico), estabilizantes (goma guar, carragenanos), aromas, colorantes (curcumina, carotenos). trazas de proteínas de leche. (pt)gelado de manga. ingredientes: água, açúcar, puré de manga (10%), xarope de glicose, acidificante (ácido cítrico), estabilizadores (goma de guar, carragenina), aromas, corantes (curcumina, carotenos). vestígios de proteínas do leite.;8480000642202;0;;;;Ice cream or sorbet or ice pop, any flavour (average);39500;greixos_saturats_g;0.0;g;Lactose-free
58;2026-07-27 13:06:34;31;2026;43812;Mango sorbet ice cream Hacendado Frozen food Ice cream Slushies and frozen ice creams;1;España;64220;58;Congelados;Helados;Granizados y helados de hielo;Productos del momento;Elige el tuyo, ¡disfruta!;Helado hielo sorbete con mango Hacendado;;0.75;l;3.07;€/l;2.30;(es)sorbete con mango. ingredientes: agua, azúcar, puré de mango (10%), jarabe de glucosa, acidulante (ácido cítrico), estabilizantes (goma guar, carragenanos), aromas, colorantes (curcumina, carotenos). trazas de proteínas de leche. (pt)gelado de manga. ingredientes: água, açúcar, puré de manga (10%), xarope de glicose, acidificante (ácido cítrico), estabilizadores (goma de guar, carragenina), aromas, corantes (curcumina, carotenos). vestígios de proteínas do leite.;8480000642202;0;;;;Ice cream or sorbet or ice pop, any flavour (average);39500;hidrats_carboni_g;24.0;g;Gluten-free
58;2026-07-27 13:06:34;31;2026;43812;Mango sorbet ice cream Hacendado Frozen food Ice cream Slushies and frozen ice creams;1;España;64220;58;Congelados;Helados;Granizados y helados de hielo;Productos del momento;Elige el tuyo, ¡disfruta!;Helado hielo sorbete con mango Hacendado;;0.75;l;3.07;€/l;2.30;(es)sorbete con mango. ingredientes: agua, azúcar, puré de mango (10%), jarabe de glucosa, acidulante (ácido cítrico), estabilizantes (goma guar, carragenanos), aromas, colorantes (curcumina, carotenos). trazas de proteínas de leche. (pt)gelado de manga. ingredientes: água, açúcar, puré de manga (10%), xarope de glicose, acidificante (ácido cítrico), estabilizadores (goma de guar, carragenina), aromas, corantes (curcumina, carotenos). vestígios de proteínas do leite.;8480000642202;0;;;;Ice cream or sorbet or ice pop, any flavour (average);39500;hidrats_carboni_g;24.0;g;Lactose-free
58;2026-07-27 13:06:34;31;2026;43812;Mango sorbet ice cream Hacendado Frozen food Ice cream Slushies and frozen ice creams;1;España;64220;58;Congelados;Helados;Granizados y helados de hielo;Productos del momento;Elige el tuyo, ¡disfruta!;Helado hielo sorbete con mango Hacendado;;0.75;l;3.07;€/l;2.30;(es)sorbete con mango. ingredientes: agua, azúcar, puré de mango (10%), jarabe de glucosa, acidulante (ácido cítrico), estabilizantes (goma guar, carragenanos), aromas, colorantes (curcumina, carotenos). trazas de proteínas de leche. (pt)gelado de manga. ingredientes: água, açúcar, puré de manga (10%), xarope de glicose, acidificante (ácido cítrico), estabilizadores (goma de guar, carragenina), aromas, corantes (curcumina, carotenos). vestígios de proteínas do leite.;8480000642202;0;;;;Ice cream or sorbet or ice pop, any flavour (average);39500;sucres_g;18.0;g;Gluten-free
58;2026-07-27 13:06:34;31;2026;43812;Mango sorbet ice cream Hacendado Frozen food Ice cream Slushies and frozen ice creams;1;España;64220;58;Congelados;Helados;Granizados y helados de hielo;Productos del momento;Elige el tuyo, ¡disfruta!;Helado hielo sorbete con mango Hacendado;;0.75;l;3.07;€/l;2.30;(es)sorbete con mango. ingredientes: agua, azúcar, puré de mango (10%), jarabe de glucosa, acidulante (ácido cítrico), estabilizantes (goma guar, carragenanos), aromas, colorantes (curcumina, carotenos). trazas de proteínas de leche. (pt)gelado de manga. ingredientes: água, açúcar, puré de manga (10%), xarope de glicose, acidificante (ácido cítrico), estabilizadores (goma de guar, carragenina), aromas, corantes (curcumina, carotenos). vestígios de proteínas do leite.;8480000642202;0;;;;Ice cream or sorbet or ice pop, any flavour (average);39500;sucres_g;18.0;g;Lactose-free
58;2026-07-27 13:06:34;31;2026;43812;Mango sorbet ice cream Hacendado Frozen food Ice cream Slushies and frozen ice creams;1;España;64220;58;Congelados;Helados;Granizados y helados de hielo;Productos del momento;Elige el tuyo, ¡disfruta!;Helado hielo sorbete con mango Hacendado;;0.75;l;3.07;€/l;2.30;(es)sorbete con mango. ingredientes: agua, azúcar, puré de mango (10%), jarabe de glucosa, acidulante (ácido cítrico), estabilizantes (goma guar, carragenanos), aromas, colorantes (curcumina, carotenos). trazas de proteínas de leche. (pt)gelado de manga. ingredientes: água, açúcar, puré de manga (10%), xarope de glicose, acidificante (ácido cítrico), estabilizadores (goma de guar, carragenina), aromas, corantes (curcumina, carotenos). vestígios de proteínas do leite.;8480000642202;0;;;;Ice cream or sorbet or ice pop, any flavour (average);39500;proteines_g;0.0;g;Gluten-free
58;2026-07-27 13:06:34;31;2026;43812;Mango sorbet ice cream Hacendado Frozen food Ice cream Slushies and frozen ice creams;1;España;64220;58;Congelados;Helados;Granizados y helados de hielo;Productos del momento;Elige el tuyo, ¡disfruta!;Helado hielo sorbete con mango Hacendado;;0.75;l;3.07;€/l;2.30;(es)sorbete con mango. ingredientes: agua, azúcar, puré de mango (10%), jarabe de glucosa, acidulante (ácido cítrico), estabilizantes (goma guar, carragenanos), aromas, colorantes (curcumina, carotenos). trazas de proteínas de leche. (pt)gelado de manga. ingredientes: água, açúcar, puré de manga (10%), xarope de glicose, acidificante (ácido cítrico), estabilizadores (goma de guar, carragenina), aromas, corantes (curcumina, carotenos). vestígios de proteínas do leite.;8480000642202;0;;;;Ice cream or sorbet or ice pop, any flavour (average);39500;proteines_g;0.0;g;Lactose-free
58;2026-07-27 13:06:34;31;2026;43812;Mango sorbet ice cream Hacendado Frozen food Ice cream Slushies and frozen ice creams;1;España;64220;58;Congelados;Helados;Granizados y helados de hielo;Productos del momento;Elige el tuyo, ¡disfruta!;Helado hielo sorbete con mango Hacendado;;0.75;l;3.07;€/l;2.30;(es)sorbete con mango. ingredientes: agua, azúcar, puré de mango (10%), jarabe de glucosa, acidulante (ácido cítrico), estabilizantes (goma guar, carragenanos), aromas, colorantes (curcumina, carotenos). trazas de proteínas de leche. (pt)gelado de manga. ingredientes: água, açúcar, puré de manga (10%), xarope de glicose, acidificante (ácido cítrico), estabilizadores (goma de guar, carragenina), aromas, corantes (curcumina, carotenos). vestígios de proteínas do leite.;8480000642202;0;;;;Ice cream or sorbet or ice pop, any flavour (average);39500;sal_g;0.04;g;Gluten-free
58;2026-07-27 13:06:34;31;2026;43812;Mango sorbet ice cream Hacendado Frozen food Ice cream Slushies and frozen ice creams;1;España;64220;58;Congelados;Helados;Granizados y helados de hielo;Productos del momento;Elige el tuyo, ¡disfruta!;Helado hielo sorbete con mango Hacendado;;0.75;l;3.07;€/l;2.30;(es)sorbete con mango. ingredientes: agua, azúcar, puré de mango (10%), jarabe de glucosa, acidulante (ácido cítrico), estabilizantes (goma guar, carragenanos), aromas, colorantes (curcumina, carotenos). trazas de proteínas de leche. (pt)gelado de manga. ingredientes: água, açúcar, puré de manga (10%), xarope de glicose, acidificante (ácido cítrico), estabilizadores (goma de guar, carragenina), aromas, corantes (curcumina, carotenos). vestígios de proteínas do leite.;8480000642202;0;;;;Ice cream or sorbet or ice pop, any flavour (average);39500;sal_g;0.04;g;Lactose-free
59;2026-07-27 13:06:34;31;2026;43812;Orange ice cream sorbet Hacendado Frozen food Ice cream Slushies and frozen ice creams;1;España;64012;59;Congelados;Helados;Granizados y helados de hielo;Productos del momento;Elige el tuyo, ¡disfruta!;Helado hielo sorbete con naranja Hacendado;;0.75;l;2.80;€/l;2.10;sorbete con naranja: agua, zumo de naranja a base de concentrado (20,4%), azúcar,  jarabe de glucosa y fructosa, aromas, acidulante (ácido cítrico), estabilizantes  (goma guar y carragenanos), colorante (carotenos). trazas de proteínas de  leche.;8480000640123;0;;;;Ice cream or sorbet or ice pop, any flavour (average);39500;Energia (kcal);89.0;kcal;Gluten-free
59;2026-07-27 13:06:34;31;2026;43812;Orange ice cream sorbet Hacendado Frozen food Ice cream Slushies and frozen ice creams;1;España;64012;59;Congelados;Helados;Granizados y helados de hielo;Productos del momento;Elige el tuyo, ¡disfruta!;Helado hielo sorbete con naranja Hacendado;;0.75;l;2.80;€/l;2.10;sorbete con naranja: agua, zumo de naranja a base de concentrado (20,4%), azúcar,  jarabe de glucosa y fructosa, aromas, acidulante (ácido cítrico), estabilizantes  (goma guar y carragenanos), colorante (carotenos). trazas de proteínas de  leche.;8480000640123;0;;;;Ice cream or sorbet or ice pop, any flavour (average);39500;Energia (kcal);89.0;kcal;Lactose-free
59;2026-07-27 13:06:34;31;2026;43812;Orange ice cream sorbet Hacendado Frozen food Ice cream Slushies and frozen ice creams;1;España;64012;59;Congelados;Helados;Granizados y helados de hielo;Productos del momento;Elige el tuyo, ¡disfruta!;Helado hielo sorbete con naranja Hacendado;;0.75;l;2.80;€/l;2.10;sorbete con naranja: agua, zumo de naranja a base de concentrado (20,4%), azúcar,  jarabe de glucosa y fructosa, aromas, acidulante (ácido cítrico), estabilizantes  (goma guar y carragenanos), colorante (carotenos). trazas de proteínas de  leche.;8480000640123;0;;;;Ice cream or sorbet or ice pop, any flavour (average);39500;Energia (kJ);378.0;kJ;Gluten-free
59;2026-07-27 13:06:34;31;2026;43812;Orange ice cream sorbet Hacendado Frozen food Ice cream Slushies and frozen ice creams;1;España;64012;59;Congelados;Helados;Granizados y helados de hielo;Productos del momento;Elige el tuyo, ¡disfruta!;Helado hielo sorbete con naranja Hacendado;;0.75;l;2.80;€/l;2.10;sorbete con naranja: agua, zumo de naranja a base de concentrado (20,4%), azúcar,  jarabe de glucosa y fructosa, aromas, acidulante (ácido cítrico), estabilizantes  (goma guar y carragenanos), colorante (carotenos). trazas de proteínas de  leche.;8480000640123;0;;;;Ice cream or sorbet or ice pop, any flavour (average);39500;Energia (kJ);378.0;kJ;Lactose-free
59;2026-07-27 13:06:34;31;2026;43812;Orange ice cream sorbet Hacendado Frozen food Ice cream Slushies and frozen ice creams;1;España;64012;59;Congelados;Helados;Granizados y helados de hielo;Productos del momento;Elige el tuyo, ¡disfruta!;Helado hielo sorbete con naranja Hacendado;;0.75;l;2.80;€/l;2.10;sorbete con naranja: agua, zumo de naranja a base de concentrado (20,4%), azúcar,  jarabe de glucosa y fructosa, aromas, acidulante (ácido cítrico), estabilizantes  (goma guar y carragenanos), colorante (carotenos). trazas de proteínas de  leche.;8480000640123;0;;;;Ice cream or sorbet or ice pop, any flavour (average);39500;greixos_totals_g;0.0;g;Gluten-free
59;2026-07-27 13:06:34;31;2026;43812;Orange ice cream sorbet Hacendado Frozen food Ice cream Slushies and frozen ice creams;1;España;64012;59;Congelados;Helados;Granizados y helados de hielo;Productos del momento;Elige el tuyo, ¡disfruta!;Helado hielo sorbete con naranja Hacendado;;0.75;l;2.80;€/l;2.10;sorbete con naranja: agua, zumo de naranja a base de concentrado (20,4%), azúcar,  jarabe de glucosa y fructosa, aromas, acidulante (ácido cítrico), estabilizantes  (goma guar y carragenanos), colorante (carotenos). trazas de proteínas de  leche.;8480000640123;0;;;;Ice cream or sorbet or ice pop, any flavour (average);39500;greixos_totals_g;0.0;g;Lactose-free
59;2026-07-27 13:06:34;31;2026;43812;Orange ice cream sorbet Hacendado Frozen food Ice cream Slushies and frozen ice creams;1;España;64012;59;Congelados;Helados;Granizados y helados de hielo;Productos del momento;Elige el tuyo, ¡disfruta!;Helado hielo sorbete con naranja Hacendado;;0.75;l;2.80;€/l;2.10;sorbete con naranja: agua, zumo de naranja a base de concentrado (20,4%), azúcar,  jarabe de glucosa y fructosa, aromas, acidulante (ácido cítrico), estabilizantes  (goma guar y carragenanos), colorante (carotenos). trazas de proteínas de  leche.;8480000640123;0;;;;Ice cream or sorbet or ice pop, any flavour (average);39500;greixos_saturats_g;0.0;g;Gluten-free
59;2026-07-27 13:06:34;31;2026;43812;Orange ice cream sorbet Hacendado Frozen food Ice cream Slushies and frozen ice creams;1;España;64012;59;Congelados;Helados;Granizados y helados de hielo;Productos del momento;Elige el tuyo, ¡disfruta!;Helado hielo sorbete con naranja Hacendado;;0.75;l;2.80;€/l;2.10;sorbete con naranja: agua, zumo de naranja a base de concentrado (20,4%), azúcar,  jarabe de glucosa y fructosa, aromas, acidulante (ácido cítrico), estabilizantes  (goma guar y carragenanos), colorante (carotenos). trazas de proteínas de  leche.;8480000640123;0;;;;Ice cream or sorbet or ice pop, any flavour (average);39500;greixos_saturats_g;0.0;g;Lactose-free
59;2026-07-27 13:06:34;31;2026;43812;Orange ice cream sorbet Hacendado Frozen food Ice cream Slushies and frozen ice creams;1;España;64012;59;Congelados;Helados;Granizados y helados de hielo;Productos del momento;Elige el tuyo, ¡disfruta!;Helado hielo sorbete con naranja Hacendado;;0.75;l;2.80;€/l;2.10;sorbete con naranja: agua, zumo de naranja a base de concentrado (20,4%), azúcar,  jarabe de glucosa y fructosa, aromas, acidulante (ácido cítrico), estabilizantes  (goma guar y carragenanos), colorante (carotenos). trazas de proteínas de  leche.;8480000640123;0;;;;Ice cream or sorbet or ice pop, any flavour (average);39500;hidrats_carboni_g;22.0;g;Gluten-free
59;2026-07-27 13:06:34;31;2026;43812;Orange ice cream sorbet Hacendado Frozen food Ice cream Slushies and frozen ice creams;1;España;64012;59;Congelados;Helados;Granizados y helados de hielo;Productos del momento;Elige el tuyo, ¡disfruta!;Helado hielo sorbete con naranja Hacendado;;0.75;l;2.80;€/l;2.10;sorbete con naranja: agua, zumo de naranja a base de concentrado (20,4%), azúcar,  jarabe de glucosa y fructosa, aromas, acidulante (ácido cítrico), estabilizantes  (goma guar y carragenanos), colorante (carotenos). trazas de proteínas de  leche.;8480000640123;0;;;;Ice cream or sorbet or ice pop, any flavour (average);39500;hidrats_carboni_g;22.0;g;Lactose-free
59;2026-07-27 13:06:34;31;2026;43812;Orange ice cream sorbet Hacendado Frozen food Ice cream Slushies and frozen ice creams;1;España;64012;59;Congelados;Helados;Granizados y helados de hielo;Productos del momento;Elige el tuyo, ¡disfruta!;Helado hielo sorbete con naranja Hacendado;;0.75;l;2.80;€/l;2.10;sorbete con naranja: agua, zumo de naranja a base de concentrado (20,4%), azúcar,  jarabe de glucosa y fructosa, aromas, acidulante (ácido cítrico), estabilizantes  (goma guar y carragenanos), colorante (carotenos). trazas de proteínas de  leche.;8480000640123;0;;;;Ice cream or sorbet or ice pop, any flavour (average);39500;sucres_g;20.0;g;Gluten-free
59;2026-07-27 13:06:34;31;2026;43812;Orange ice cream sorbet Hacendado Frozen food Ice cream Slushies and frozen ice creams;1;España;64012;59;Congelados;Helados;Granizados y helados de hielo;Productos del momento;Elige el tuyo, ¡disfruta!;Helado hielo sorbete con naranja Hacendado;;0.75;l;2.80;€/l;2.10;sorbete con naranja: agua, zumo de naranja a base de concentrado (20,4%), azúcar,  jarabe de glucosa y fructosa, aromas, acidulante (ácido cítrico), estabilizantes  (goma guar y carragenanos), colorante (carotenos). trazas de proteínas de  leche.;8480000640123;0;;;;Ice cream or sorbet or ice pop, any flavour (average);39500;sucres_g;20.0;g;Lactose-free
59;2026-07-27 13:06:34;31;2026;43812;Orange ice cream sorbet Hacendado Frozen food Ice cream Slushies and frozen ice creams;1;España;64012;59;Congelados;Helados;Granizados y helados de hielo;Productos del momento;Elige el tuyo, ¡disfruta!;Helado hielo sorbete con naranja Hacendado;;0.75;l;2.80;€/l;2.10;sorbete con naranja: agua, zumo de naranja a base de concentrado (20,4%), azúcar,  jarabe de glucosa y fructosa, aromas, acidulante (ácido cítrico), estabilizantes  (goma guar y carragenanos), colorante (carotenos). trazas de proteínas de  leche.;8480000640123;0;;;;Ice cream or sorbet or ice pop, any flavour (average);39500;proteines_g;0.0;g;Gluten-free
59;2026-07-27 13:06:34;31;2026;43812;Orange ice cream sorbet Hacendado Frozen food Ice cream Slushies and frozen ice creams;1;España;64012;59;Congelados;Helados;Granizados y helados de hielo;Productos del momento;Elige el tuyo, ¡disfruta!;Helado hielo sorbete con naranja Hacendado;;0.75;l;2.80;€/l;2.10;sorbete con naranja: agua, zumo de naranja a base de concentrado (20,4%), azúcar,  jarabe de glucosa y fructosa, aromas, acidulante (ácido cítrico), estabilizantes  (goma guar y carragenanos), colorante (carotenos). trazas de proteínas de  leche.;8480000640123;0;;;;Ice cream or sorbet or ice pop, any flavour (average);39500;proteines_g;0.0;g;Lactose-free
59;2026-07-27 13:06:34;31;2026;43812;Orange ice cream sorbet Hacendado Frozen food Ice cream Slushies and frozen ice creams;1;España;64012;59;Congelados;Helados;Granizados y helados de hielo;Productos del momento;Elige el tuyo, ¡disfruta!;Helado hielo sorbete con naranja Hacendado;;0.75;l;2.80;€/l;2.10;sorbete con naranja: agua, zumo de naranja a base de concentrado (20,4%), azúcar,  jarabe de glucosa y fructosa, aromas, acidulante (ácido cítrico), estabilizantes  (goma guar y carragenanos), colorante (carotenos). trazas de proteínas de  leche.;8480000640123;0;;;;Ice cream or sorbet or ice pop, any flavour (average);39500;sal_g;0.05;g;Gluten-free
59;2026-07-27 13:06:34;31;2026;43812;Orange ice cream sorbet Hacendado Frozen food Ice cream Slushies and frozen ice creams;1;España;64012;59;Congelados;Helados;Granizados y helados de hielo;Productos del momento;Elige el tuyo, ¡disfruta!;Helado hielo sorbete con naranja Hacendado;;0.75;l;2.80;€/l;2.10;sorbete con naranja: agua, zumo de naranja a base de concentrado (20,4%), azúcar,  jarabe de glucosa y fructosa, aromas, acidulante (ácido cítrico), estabilizantes  (goma guar y carragenanos), colorante (carotenos). trazas de proteínas de  leche.;8480000640123;0;;;;Ice cream or sorbet or ice pop, any flavour (average);39500;sal_g;0.05;g;Lactose-free
60;2026-07-27 13:06:34;31;2026;43812;Lemon ice cream Hacendado Frozen food Ice cream Slushies and frozen ice creams;1;España;64013;60;Congelados;Helados;Granizados y helados de hielo;Productos del momento;Elige el tuyo, ¡disfruta!;Helado hielo con limón Hacendado;;0.75;l;2.80;€/l;2.10;helado de agua con limón. ingredientes: agua,jarabe de glucosa y fructosa, zumo de limón a base de concentrado (10%),  azúcar, aromas, estabilizantes (goma guar y carragenanos), colorante  (curcumina). trazas de proteínas de leche.;8480000640130;0;;;;Ice cream or sorbet or ice pop, any flavour (average);39500;Energia (kcal);71.0;kcal;Gluten-free
60;2026-07-27 13:06:34;31;2026;43812;Lemon ice cream Hacendado Frozen food Ice cream Slushies and frozen ice creams;1;España;64013;60;Congelados;Helados;Granizados y helados de hielo;Productos del momento;Elige el tuyo, ¡disfruta!;Helado hielo con limón Hacendado;;0.75;l;2.80;€/l;2.10;helado de agua con limón. ingredientes: agua,jarabe de glucosa y fructosa, zumo de limón a base de concentrado (10%),  azúcar, aromas, estabilizantes (goma guar y carragenanos), colorante  (curcumina). trazas de proteínas de leche.;8480000640130;0;;;;Ice cream or sorbet or ice pop, any flavour (average);39500;Energia (kcal);71.0;kcal;Lactose-free
60;2026-07-27 13:06:34;31;2026;43812;Lemon ice cream Hacendado Frozen food Ice cream Slushies and frozen ice creams;1;España;64013;60;Congelados;Helados;Granizados y helados de hielo;Productos del momento;Elige el tuyo, ¡disfruta!;Helado hielo con limón Hacendado;;0.75;l;2.80;€/l;2.10;helado de agua con limón. ingredientes: agua,jarabe de glucosa y fructosa, zumo de limón a base de concentrado (10%),  azúcar, aromas, estabilizantes (goma guar y carragenanos), colorante  (curcumina). trazas de proteínas de leche.;8480000640130;0;;;;Ice cream or sorbet or ice pop, any flavour (average);39500;Energia (kJ);301.0;kJ;Gluten-free
60;2026-07-27 13:06:34;31;2026;43812;Lemon ice cream Hacendado Frozen food Ice cream Slushies and frozen ice creams;1;España;64013;60;Congelados;Helados;Granizados y helados de hielo;Productos del momento;Elige el tuyo, ¡disfruta!;Helado hielo con limón Hacendado;;0.75;l;2.80;€/l;2.10;helado de agua con limón. ingredientes: agua,jarabe de glucosa y fructosa, zumo de limón a base de concentrado (10%),  azúcar, aromas, estabilizantes (goma guar y carragenanos), colorante  (curcumina). trazas de proteínas de leche.;8480000640130;0;;;;Ice cream or sorbet or ice pop, any flavour (average);39500;Energia (kJ);301.0;kJ;Lactose-free
60;2026-07-27 13:06:34;31;2026;43812;Lemon ice cream Hacendado Frozen food Ice cream Slushies and frozen ice creams;1;España;64013;60;Congelados;Helados;Granizados y helados de hielo;Productos del momento;Elige el tuyo, ¡disfruta!;Helado hielo con limón Hacendado;;0.75;l;2.80;€/l;2.10;helado de agua con limón. ingredientes: agua,jarabe de glucosa y fructosa, zumo de limón a base de concentrado (10%),  azúcar, aromas, estabilizantes (goma guar y carragenanos), colorante  (curcumina). trazas de proteínas de leche.;8480000640130;0;;;;Ice cream or sorbet or ice pop, any flavour (average);39500;greixos_totals_g;0.0;g;Gluten-free
60;2026-07-27 13:06:34;31;2026;43812;Lemon ice cream Hacendado Frozen food Ice cream Slushies and frozen ice creams;1;España;64013;60;Congelados;Helados;Granizados y helados de hielo;Productos del momento;Elige el tuyo, ¡disfruta!;Helado hielo con limón Hacendado;;0.75;l;2.80;€/l;2.10;helado de agua con limón. ingredientes: agua,jarabe de glucosa y fructosa, zumo de limón a base de concentrado (10%),  azúcar, aromas, estabilizantes (goma guar y carragenanos), colorante  (curcumina). trazas de proteínas de leche.;8480000640130;0;;;;Ice cream or sorbet or ice pop, any flavour (average);39500;greixos_totals_g;0.0;g;Lactose-free
60;2026-07-27 13:06:34;31;2026;43812;Lemon ice cream Hacendado Frozen food Ice cream Slushies and frozen ice creams;1;España;64013;60;Congelados;Helados;Granizados y helados de hielo;Productos del momento;Elige el tuyo, ¡disfruta!;Helado hielo con limón Hacendado;;0.75;l;2.80;€/l;2.10;helado de agua con limón. ingredientes: agua,jarabe de glucosa y fructosa, zumo de limón a base de concentrado (10%),  azúcar, aromas, estabilizantes (goma guar y carragenanos), colorante  (curcumina). trazas de proteínas de leche.;8480000640130;0;;;;Ice cream or sorbet or ice pop, any flavour (average);39500;greixos_saturats_g;0.0;g;Gluten-free
60;2026-07-27 13:06:34;31;2026;43812;Lemon ice cream Hacendado Frozen food Ice cream Slushies and frozen ice creams;1;España;64013;60;Congelados;Helados;Granizados y helados de hielo;Productos del momento;Elige el tuyo, ¡disfruta!;Helado hielo con limón Hacendado;;0.75;l;2.80;€/l;2.10;helado de agua con limón. ingredientes: agua,jarabe de glucosa y fructosa, zumo de limón a base de concentrado (10%),  azúcar, aromas, estabilizantes (goma guar y carragenanos), colorante  (curcumina). trazas de proteínas de leche.;8480000640130;0;;;;Ice cream or sorbet or ice pop, any flavour (average);39500;greixos_saturats_g;0.0;g;Lactose-free
60;2026-07-27 13:06:34;31;2026;43812;Lemon ice cream Hacendado Frozen food Ice cream Slushies and frozen ice creams;1;España;64013;60;Congelados;Helados;Granizados y helados de hielo;Productos del momento;Elige el tuyo, ¡disfruta!;Helado hielo con limón Hacendado;;0.75;l;2.80;€/l;2.10;helado de agua con limón. ingredientes: agua,jarabe de glucosa y fructosa, zumo de limón a base de concentrado (10%),  azúcar, aromas, estabilizantes (goma guar y carragenanos), colorante  (curcumina). trazas de proteínas de leche.;8480000640130;0;;;;Ice cream or sorbet or ice pop, any flavour (average);39500;hidrats_carboni_g;17.0;g;Gluten-free
60;2026-07-27 13:06:34;31;2026;43812;Lemon ice cream Hacendado Frozen food Ice cream Slushies and frozen ice creams;1;España;64013;60;Congelados;Helados;Granizados y helados de hielo;Productos del momento;Elige el tuyo, ¡disfruta!;Helado hielo con limón Hacendado;;0.75;l;2.80;€/l;2.10;helado de agua con limón. ingredientes: agua,jarabe de glucosa y fructosa, zumo de limón a base de concentrado (10%),  azúcar, aromas, estabilizantes (goma guar y carragenanos), colorante  (curcumina). trazas de proteínas de leche.;8480000640130;0;;;;Ice cream or sorbet or ice pop, any flavour (average);39500;hidrats_carboni_g;17.0;g;Lactose-free
60;2026-07-27 13:06:34;31;2026;43812;Lemon ice cream Hacendado Frozen food Ice cream Slushies and frozen ice creams;1;España;64013;60;Congelados;Helados;Granizados y helados de hielo;Productos del momento;Elige el tuyo, ¡disfruta!;Helado hielo con limón Hacendado;;0.75;l;2.80;€/l;2.10;helado de agua con limón. ingredientes: agua,jarabe de glucosa y fructosa, zumo de limón a base de concentrado (10%),  azúcar, aromas, estabilizantes (goma guar y carragenanos), colorante  (curcumina). trazas de proteínas de leche.;8480000640130;0;;;;Ice cream or sorbet or ice pop, any flavour (average);39500;sucres_g;15.0;g;Gluten-free
60;2026-07-27 13:06:34;31;2026;43812;Lemon ice cream Hacendado Frozen food Ice cream Slushies and frozen ice creams;1;España;64013;60;Congelados;Helados;Granizados y helados de hielo;Productos del momento;Elige el tuyo, ¡disfruta!;Helado hielo con limón Hacendado;;0.75;l;2.80;€/l;2.10;helado de agua con limón. ingredientes: agua,jarabe de glucosa y fructosa, zumo de limón a base de concentrado (10%),  azúcar, aromas, estabilizantes (goma guar y carragenanos), colorante  (curcumina). trazas de proteínas de leche.;8480000640130;0;;;;Ice cream or sorbet or ice pop, any flavour (average);39500;sucres_g;15.0;g;Lactose-free
60;2026-07-27 13:06:34;31;2026;43812;Lemon ice cream Hacendado Frozen food Ice cream Slushies and frozen ice creams;1;España;64013;60;Congelados;Helados;Granizados y helados de hielo;Productos del momento;Elige el tuyo, ¡disfruta!;Helado hielo con limón Hacendado;;0.75;l;2.80;€/l;2.10;helado de agua con limón. ingredientes: agua,jarabe de glucosa y fructosa, zumo de limón a base de concentrado (10%),  azúcar, aromas, estabilizantes (goma guar y carragenanos), colorante  (curcumina). trazas de proteínas de leche.;8480000640130;0;;;;Ice cream or sorbet or ice pop, any flavour (average);39500;proteines_g;0.0;g;Gluten-free
60;2026-07-27 13:06:34;31;2026;43812;Lemon ice cream Hacendado Frozen food Ice cream Slushies and frozen ice creams;1;España;64013;60;Congelados;Helados;Granizados y helados de hielo;Productos del momento;Elige el tuyo, ¡disfruta!;Helado hielo con limón Hacendado;;0.75;l;2.80;€/l;2.10;helado de agua con limón. ingredientes: agua,jarabe de glucosa y fructosa, zumo de limón a base de concentrado (10%),  azúcar, aromas, estabilizantes (goma guar y carragenanos), colorante  (curcumina). trazas de proteínas de leche.;8480000640130;0;;;;Ice cream or sorbet or ice pop, any flavour (average);39500;proteines_g;0.0;g;Lactose-free
60;2026-07-27 13:06:34;31;2026;43812;Lemon ice cream Hacendado Frozen food Ice cream Slushies and frozen ice creams;1;España;64013;60;Congelados;Helados;Granizados y helados de hielo;Productos del momento;Elige el tuyo, ¡disfruta!;Helado hielo con limón Hacendado;;0.75;l;2.80;€/l;2.10;helado de agua con limón. ingredientes: agua,jarabe de glucosa y fructosa, zumo de limón a base de concentrado (10%),  azúcar, aromas, estabilizantes (goma guar y carragenanos), colorante  (curcumina). trazas de proteínas de leche.;8480000640130;0;;;;Ice cream or sorbet or ice pop, any flavour (average);39500;sal_g;0.05;g;Gluten-free
60;2026-07-27 13:06:34;31;2026;43812;Lemon ice cream Hacendado Frozen food Ice cream Slushies and frozen ice creams;1;España;64013;60;Congelados;Helados;Granizados y helados de hielo;Productos del momento;Elige el tuyo, ¡disfruta!;Helado hielo con limón Hacendado;;0.75;l;2.80;€/l;2.10;helado de agua con limón. ingredientes: agua,jarabe de glucosa y fructosa, zumo de limón a base de concentrado (10%),  azúcar, aromas, estabilizantes (goma guar y carragenanos), colorante  (curcumina). trazas de proteínas de leche.;8480000640130;0;;;;Ice cream or sorbet or ice pop, any flavour (average);39500;sal_g;0.05;g;Lactose-free
61;2026-07-27 13:06:34;31;2026;43812;Lime and lemon ice cream sorbet Hacendado Frozen food Ice cream Slushies and frozen ice creams;1;España;64522;61;Congelados;Helados;Granizados y helados de hielo;Productos del momento;Elige el tuyo, ¡disfruta!;Helado hielo sorbete con lima limón Hacendado;;0.66;l;3.48;€/l;2.30;sorbete con lima y limón. ingredientes: agua,  azúcar, zumo de limón a partir de concentrado (9%), jarabe de glucosa y  fructosa, zumo de lima a partir de concentrado (1,4%), aroma, estabilizantes  (carragenanos, goma guar), colorantes (curcumina, complejos cúpricos de  clorofilinas).;8480000645227;0;;;;Ice cream, in box;39515;Energia (kcal);93.0;kcal;Gluten-free
61;2026-07-27 13:06:34;31;2026;43812;Lime and lemon ice cream sorbet Hacendado Frozen food Ice cream Slushies and frozen ice creams;1;España;64522;61;Congelados;Helados;Granizados y helados de hielo;Productos del momento;Elige el tuyo, ¡disfruta!;Helado hielo sorbete con lima limón Hacendado;;0.66;l;3.48;€/l;2.30;sorbete con lima y limón. ingredientes: agua,  azúcar, zumo de limón a partir de concentrado (9%), jarabe de glucosa y  fructosa, zumo de lima a partir de concentrado (1,4%), aroma, estabilizantes  (carragenanos, goma guar), colorantes (curcumina, complejos cúpricos de  clorofilinas).;8480000645227;0;;;;Ice cream, in box;39515;Energia (kcal);93.0;kcal;Lactose-free
61;2026-07-27 13:06:34;31;2026;43812;Lime and lemon ice cream sorbet Hacendado Frozen food Ice cream Slushies and frozen ice creams;1;España;64522;61;Congelados;Helados;Granizados y helados de hielo;Productos del momento;Elige el tuyo, ¡disfruta!;Helado hielo sorbete con lima limón Hacendado;;0.66;l;3.48;€/l;2.30;sorbete con lima y limón. ingredientes: agua,  azúcar, zumo de limón a partir de concentrado (9%), jarabe de glucosa y  fructosa, zumo de lima a partir de concentrado (1,4%), aroma, estabilizantes  (carragenanos, goma guar), colorantes (curcumina, complejos cúpricos de  clorofilinas).;8480000645227;0;;;;Ice cream, in box;39515;Energia (kJ);394.0;kJ;Gluten-free
61;2026-07-27 13:06:34;31;2026;43812;Lime and lemon ice cream sorbet Hacendado Frozen food Ice cream Slushies and frozen ice creams;1;España;64522;61;Congelados;Helados;Granizados y helados de hielo;Productos del momento;Elige el tuyo, ¡disfruta!;Helado hielo sorbete con lima limón Hacendado;;0.66;l;3.48;€/l;2.30;sorbete con lima y limón. ingredientes: agua,  azúcar, zumo de limón a partir de concentrado (9%), jarabe de glucosa y  fructosa, zumo de lima a partir de concentrado (1,4%), aroma, estabilizantes  (carragenanos, goma guar), colorantes (curcumina, complejos cúpricos de  clorofilinas).;8480000645227;0;;;;Ice cream, in box;39515;Energia (kJ);394.0;kJ;Lactose-free
61;2026-07-27 13:06:34;31;2026;43812;Lime and lemon ice cream sorbet Hacendado Frozen food Ice cream Slushies and frozen ice creams;1;España;64522;61;Congelados;Helados;Granizados y helados de hielo;Productos del momento;Elige el tuyo, ¡disfruta!;Helado hielo sorbete con lima limón Hacendado;;0.66;l;3.48;€/l;2.30;sorbete con lima y limón. ingredientes: agua,  azúcar, zumo de limón a partir de concentrado (9%), jarabe de glucosa y  fructosa, zumo de lima a partir de concentrado (1,4%), aroma, estabilizantes  (carragenanos, goma guar), colorantes (curcumina, complejos cúpricos de  clorofilinas).;8480000645227;0;;;;Ice cream, in box;39515;greixos_totals_g;0.0;g;Gluten-free
61;2026-07-27 13:06:34;31;2026;43812;Lime and lemon ice cream sorbet Hacendado Frozen food Ice cream Slushies and frozen ice creams;1;España;64522;61;Congelados;Helados;Granizados y helados de hielo;Productos del momento;Elige el tuyo, ¡disfruta!;Helado hielo sorbete con lima limón Hacendado;;0.66;l;3.48;€/l;2.30;sorbete con lima y limón. ingredientes: agua,  azúcar, zumo de limón a partir de concentrado (9%), jarabe de glucosa y  fructosa, zumo de lima a partir de concentrado (1,4%), aroma, estabilizantes  (carragenanos, goma guar), colorantes (curcumina, complejos cúpricos de  clorofilinas).;8480000645227;0;;;;Ice cream, in box;39515;greixos_totals_g;0.0;g;Lactose-free
61;2026-07-27 13:06:34;31;2026;43812;Lime and lemon ice cream sorbet Hacendado Frozen food Ice cream Slushies and frozen ice creams;1;España;64522;61;Congelados;Helados;Granizados y helados de hielo;Productos del momento;Elige el tuyo, ¡disfruta!;Helado hielo sorbete con lima limón Hacendado;;0.66;l;3.48;€/l;2.30;sorbete con lima y limón. ingredientes: agua,  azúcar, zumo de limón a partir de concentrado (9%), jarabe de glucosa y  fructosa, zumo de lima a partir de concentrado (1,4%), aroma, estabilizantes  (carragenanos, goma guar), colorantes (curcumina, complejos cúpricos de  clorofilinas).;8480000645227;0;;;;Ice cream, in box;39515;greixos_saturats_g;0.0;g;Gluten-free
61;2026-07-27 13:06:34;31;2026;43812;Lime and lemon ice cream sorbet Hacendado Frozen food Ice cream Slushies and frozen ice creams;1;España;64522;61;Congelados;Helados;Granizados y helados de hielo;Productos del momento;Elige el tuyo, ¡disfruta!;Helado hielo sorbete con lima limón Hacendado;;0.66;l;3.48;€/l;2.30;sorbete con lima y limón. ingredientes: agua,  azúcar, zumo de limón a partir de concentrado (9%), jarabe de glucosa y  fructosa, zumo de lima a partir de concentrado (1,4%), aroma, estabilizantes  (carragenanos, goma guar), colorantes (curcumina, complejos cúpricos de  clorofilinas).;8480000645227;0;;;;Ice cream, in box;39515;greixos_saturats_g;0.0;g;Lactose-free
61;2026-07-27 13:06:34;31;2026;43812;Lime and lemon ice cream sorbet Hacendado Frozen food Ice cream Slushies and frozen ice creams;1;España;64522;61;Congelados;Helados;Granizados y helados de hielo;Productos del momento;Elige el tuyo, ¡disfruta!;Helado hielo sorbete con lima limón Hacendado;;0.66;l;3.48;€/l;2.30;sorbete con lima y limón. ingredientes: agua,  azúcar, zumo de limón a partir de concentrado (9%), jarabe de glucosa y  fructosa, zumo de lima a partir de concentrado (1,4%), aroma, estabilizantes  (carragenanos, goma guar), colorantes (curcumina, complejos cúpricos de  clorofilinas).;8480000645227;0;;;;Ice cream, in box;39515;hidrats_carboni_g;23.0;g;Gluten-free
61;2026-07-27 13:06:34;31;2026;43812;Lime and lemon ice cream sorbet Hacendado Frozen food Ice cream Slushies and frozen ice creams;1;España;64522;61;Congelados;Helados;Granizados y helados de hielo;Productos del momento;Elige el tuyo, ¡disfruta!;Helado hielo sorbete con lima limón Hacendado;;0.66;l;3.48;€/l;2.30;sorbete con lima y limón. ingredientes: agua,  azúcar, zumo de limón a partir de concentrado (9%), jarabe de glucosa y  fructosa, zumo de lima a partir de concentrado (1,4%), aroma, estabilizantes  (carragenanos, goma guar), colorantes (curcumina, complejos cúpricos de  clorofilinas).;8480000645227;0;;;;Ice cream, in box;39515;hidrats_carboni_g;23.0;g;Lactose-free
61;2026-07-27 13:06:34;31;2026;43812;Lime and lemon ice cream sorbet Hacendado Frozen food Ice cream Slushies and frozen ice creams;1;España;64522;61;Congelados;Helados;Granizados y helados de hielo;Productos del momento;Elige el tuyo, ¡disfruta!;Helado hielo sorbete con lima limón Hacendado;;0.66;l;3.48;€/l;2.30;sorbete con lima y limón. ingredientes: agua,  azúcar, zumo de limón a partir de concentrado (9%), jarabe de glucosa y  fructosa, zumo de lima a partir de concentrado (1,4%), aroma, estabilizantes  (carragenanos, goma guar), colorantes (curcumina, complejos cúpricos de  clorofilinas).;8480000645227;0;;;;Ice cream, in box;39515;sucres_g;21.0;g;Gluten-free
61;2026-07-27 13:06:34;31;2026;43812;Lime and lemon ice cream sorbet Hacendado Frozen food Ice cream Slushies and frozen ice creams;1;España;64522;61;Congelados;Helados;Granizados y helados de hielo;Productos del momento;Elige el tuyo, ¡disfruta!;Helado hielo sorbete con lima limón Hacendado;;0.66;l;3.48;€/l;2.30;sorbete con lima y limón. ingredientes: agua,  azúcar, zumo de limón a partir de concentrado (9%), jarabe de glucosa y  fructosa, zumo de lima a partir de concentrado (1,4%), aroma, estabilizantes  (carragenanos, goma guar), colorantes (curcumina, complejos cúpricos de  clorofilinas).;8480000645227;0;;;;Ice cream, in box;39515;sucres_g;21.0;g;Lactose-free
61;2026-07-27 13:06:34;31;2026;43812;Lime and lemon ice cream sorbet Hacendado Frozen food Ice cream Slushies and frozen ice creams;1;España;64522;61;Congelados;Helados;Granizados y helados de hielo;Productos del momento;Elige el tuyo, ¡disfruta!;Helado hielo sorbete con lima limón Hacendado;;0.66;l;3.48;€/l;2.30;sorbete con lima y limón. ingredientes: agua,  azúcar, zumo de limón a partir de concentrado (9%), jarabe de glucosa y  fructosa, zumo de lima a partir de concentrado (1,4%), aroma, estabilizantes  (carragenanos, goma guar), colorantes (curcumina, complejos cúpricos de  clorofilinas).;8480000645227;0;;;;Ice cream, in box;39515;proteines_g;0.0;g;Gluten-free
61;2026-07-27 13:06:34;31;2026;43812;Lime and lemon ice cream sorbet Hacendado Frozen food Ice cream Slushies and frozen ice creams;1;España;64522;61;Congelados;Helados;Granizados y helados de hielo;Productos del momento;Elige el tuyo, ¡disfruta!;Helado hielo sorbete con lima limón Hacendado;;0.66;l;3.48;€/l;2.30;sorbete con lima y limón. ingredientes: agua,  azúcar, zumo de limón a partir de concentrado (9%), jarabe de glucosa y  fructosa, zumo de lima a partir de concentrado (1,4%), aroma, estabilizantes  (carragenanos, goma guar), colorantes (curcumina, complejos cúpricos de  clorofilinas).;8480000645227;0;;;;Ice cream, in box;39515;proteines_g;0.0;g;Lactose-free
61;2026-07-27 13:06:34;31;2026;43812;Lime and lemon ice cream sorbet Hacendado Frozen food Ice cream Slushies and frozen ice creams;1;España;64522;61;Congelados;Helados;Granizados y helados de hielo;Productos del momento;Elige el tuyo, ¡disfruta!;Helado hielo sorbete con lima limón Hacendado;;0.66;l;3.48;€/l;2.30;sorbete con lima y limón. ingredientes: agua,  azúcar, zumo de limón a partir de concentrado (9%), jarabe de glucosa y  fructosa, zumo de lima a partir de concentrado (1,4%), aroma, estabilizantes  (carragenanos, goma guar), colorantes (curcumina, complejos cúpricos de  clorofilinas).;8480000645227;0;;;;Ice cream, in box;39515;sal_g;0.05;g;Gluten-free
61;2026-07-27 13:06:34;31;2026;43812;Lime and lemon ice cream sorbet Hacendado Frozen food Ice cream Slushies and frozen ice creams;1;España;64522;61;Congelados;Helados;Granizados y helados de hielo;Productos del momento;Elige el tuyo, ¡disfruta!;Helado hielo sorbete con lima limón Hacendado;;0.66;l;3.48;€/l;2.30;sorbete con lima y limón. ingredientes: agua,  azúcar, zumo de limón a partir de concentrado (9%), jarabe de glucosa y  fructosa, zumo de lima a partir de concentrado (1,4%), aroma, estabilizantes  (carragenanos, goma guar), colorantes (curcumina, complejos cúpricos de  clorofilinas).;8480000645227;0;;;;Ice cream, in box;39515;sal_g;0.05;g;Lactose-free
62;2026-07-27 13:06:34;31;2026;43812;Half coconut ice cream Hacendado Frozen food Ice cream Tubs;1;España;64166;62;Congelados;Helados;Tarrinas;Productos del momento;Elige el tuyo, ¡disfruta!;Medios cocos helados Hacendado;;0.35;l;7.71;€/l;2.70;leche desnatada reconstituida, agua, jarabe de glucosa y fructosa, azúcar, mantequilla (derivados lácteos), coco rallado (5%), fructosa, lactosa y proteínas de la leche, leche de coco en polvo (extracto de pulpa de coco, maltodextrina y proteínas de la leche), emulgente (monoglicéridos y diglicéridos de ácidos grasos) y estabilizantes (goma garrofín, goma guar y carragenanos), trazas de leche.;8480000641663;0;;;;Ice cream, in box;39515;Energia (kcal);214.0;kcal;Gluten-free
62;2026-07-27 13:06:34;31;2026;43812;Half coconut ice cream Hacendado Frozen food Ice cream Tubs;1;España;64166;62;Congelados;Helados;Tarrinas;Productos del momento;Elige el tuyo, ¡disfruta!;Medios cocos helados Hacendado;;0.35;l;7.71;€/l;2.70;leche desnatada reconstituida, agua, jarabe de glucosa y fructosa, azúcar, mantequilla (derivados lácteos), coco rallado (5%), fructosa, lactosa y proteínas de la leche, leche de coco en polvo (extracto de pulpa de coco, maltodextrina y proteínas de la leche), emulgente (monoglicéridos y diglicéridos de ácidos grasos) y estabilizantes (goma garrofín, goma guar y carragenanos), trazas de leche.;8480000641663;0;;;;Ice cream, in box;39515;Energia (kJ);892.0;kJ;Gluten-free
62;2026-07-27 13:06:34;31;2026;43812;Half coconut ice cream Hacendado Frozen food Ice cream Tubs;1;España;64166;62;Congelados;Helados;Tarrinas;Productos del momento;Elige el tuyo, ¡disfruta!;Medios cocos helados Hacendado;;0.35;l;7.71;€/l;2.70;leche desnatada reconstituida, agua, jarabe de glucosa y fructosa, azúcar, mantequilla (derivados lácteos), coco rallado (5%), fructosa, lactosa y proteínas de la leche, leche de coco en polvo (extracto de pulpa de coco, maltodextrina y proteínas de la leche), emulgente (monoglicéridos y diglicéridos de ácidos grasos) y estabilizantes (goma garrofín, goma guar y carragenanos), trazas de leche.;8480000641663;0;;;;Ice cream, in box;39515;greixos_totals_g;12.0;g;Gluten-free
62;2026-07-27 13:06:34;31;2026;43812;Half coconut ice cream Hacendado Frozen food Ice cream Tubs;1;España;64166;62;Congelados;Helados;Tarrinas;Productos del momento;Elige el tuyo, ¡disfruta!;Medios cocos helados Hacendado;;0.35;l;7.71;€/l;2.70;leche desnatada reconstituida, agua, jarabe de glucosa y fructosa, azúcar, mantequilla (derivados lácteos), coco rallado (5%), fructosa, lactosa y proteínas de la leche, leche de coco en polvo (extracto de pulpa de coco, maltodextrina y proteínas de la leche), emulgente (monoglicéridos y diglicéridos de ácidos grasos) y estabilizantes (goma garrofín, goma guar y carragenanos), trazas de leche.;8480000641663;0;;;;Ice cream, in box;39515;greixos_saturats_g;9.3;g;Gluten-free
62;2026-07-27 13:06:34;31;2026;43812;Half coconut ice cream Hacendado Frozen food Ice cream Tubs;1;España;64166;62;Congelados;Helados;Tarrinas;Productos del momento;Elige el tuyo, ¡disfruta!;Medios cocos helados Hacendado;;0.35;l;7.71;€/l;2.70;leche desnatada reconstituida, agua, jarabe de glucosa y fructosa, azúcar, mantequilla (derivados lácteos), coco rallado (5%), fructosa, lactosa y proteínas de la leche, leche de coco en polvo (extracto de pulpa de coco, maltodextrina y proteínas de la leche), emulgente (monoglicéridos y diglicéridos de ácidos grasos) y estabilizantes (goma garrofín, goma guar y carragenanos), trazas de leche.;8480000641663;0;;;;Ice cream, in box;39515;hidrats_carboni_g;23.2;g;Gluten-free
62;2026-07-27 13:06:34;31;2026;43812;Half coconut ice cream Hacendado Frozen food Ice cream Tubs;1;España;64166;62;Congelados;Helados;Tarrinas;Productos del momento;Elige el tuyo, ¡disfruta!;Medios cocos helados Hacendado;;0.35;l;7.71;€/l;2.70;leche desnatada reconstituida, agua, jarabe de glucosa y fructosa, azúcar, mantequilla (derivados lácteos), coco rallado (5%), fructosa, lactosa y proteínas de la leche, leche de coco en polvo (extracto de pulpa de coco, maltodextrina y proteínas de la leche), emulgente (monoglicéridos y diglicéridos de ácidos grasos) y estabilizantes (goma garrofín, goma guar y carragenanos), trazas de leche.;8480000641663;0;;;;Ice cream, in box;39515;sucres_g;21.2;g;Gluten-free
62;2026-07-27 13:06:34;31;2026;43812;Half coconut ice cream Hacendado Frozen food Ice cream Tubs;1;España;64166;62;Congelados;Helados;Tarrinas;Productos del momento;Elige el tuyo, ¡disfruta!;Medios cocos helados Hacendado;;0.35;l;7.71;€/l;2.70;leche desnatada reconstituida, agua, jarabe de glucosa y fructosa, azúcar, mantequilla (derivados lácteos), coco rallado (5%), fructosa, lactosa y proteínas de la leche, leche de coco en polvo (extracto de pulpa de coco, maltodextrina y proteínas de la leche), emulgente (monoglicéridos y diglicéridos de ácidos grasos) y estabilizantes (goma garrofín, goma guar y carragenanos), trazas de leche.;8480000641663;0;;;;Ice cream, in box;39515;fibra_g;0.7;g;Gluten-free
62;2026-07-27 13:06:34;31;2026;43812;Half coconut ice cream Hacendado Frozen food Ice cream Tubs;1;España;64166;62;Congelados;Helados;Tarrinas;Productos del momento;Elige el tuyo, ¡disfruta!;Medios cocos helados Hacendado;;0.35;l;7.71;€/l;2.70;leche desnatada reconstituida, agua, jarabe de glucosa y fructosa, azúcar, mantequilla (derivados lácteos), coco rallado (5%), fructosa, lactosa y proteínas de la leche, leche de coco en polvo (extracto de pulpa de coco, maltodextrina y proteínas de la leche), emulgente (monoglicéridos y diglicéridos de ácidos grasos) y estabilizantes (goma garrofín, goma guar y carragenanos), trazas de leche.;8480000641663;0;;;;Ice cream, in box;39515;proteines_g;3.3;g;Gluten-free
62;2026-07-27 13:06:34;31;2026;43812;Half coconut ice cream Hacendado Frozen food Ice cream Tubs;1;España;64166;62;Congelados;Helados;Tarrinas;Productos del momento;Elige el tuyo, ¡disfruta!;Medios cocos helados Hacendado;;0.35;l;7.71;€/l;2.70;leche desnatada reconstituida, agua, jarabe de glucosa y fructosa, azúcar, mantequilla (derivados lácteos), coco rallado (5%), fructosa, lactosa y proteínas de la leche, leche de coco en polvo (extracto de pulpa de coco, maltodextrina y proteínas de la leche), emulgente (monoglicéridos y diglicéridos de ácidos grasos) y estabilizantes (goma garrofín, goma guar y carragenanos), trazas de leche.;8480000641663;0;;;;Ice cream, in box;39515;sal_g;0.1;g;Gluten-free
63;2026-07-27 13:06:34;31;2026;43812;Chocolate, vanilla and cream ice cream bar Hacendado Frozen food Ice cream Bars & wafers;1;España;64214;63;Congelados;Helados;Barras de helado y barquillos;Productos del momento;Elige el tuyo, ¡disfruta!;Barra de helado sabor vainilla, chocolate y nata Hacendado;;1.0;l;2.05;€/l;2.05;helado sabor a vainilla, chocolate y nata. ingredientes: leche desnatada reconstituida, azúcar, grasas vegetales (coco, palma), jarabe de glucosa y fructosa, lactosa y proteínas de leche, cacao desgrasado, emulgente (monoglicéridos y diglicéridos de ácidos grasos), estabilizantes (goma garrofín, goma guar, carragenanos), chocolate (contiene lecitinas de soja), aromas, colorantes (curcumina, norbixina de bija).;8480000642141;0;;;;Ice cream bar, chocolate;31035;Energia (kcal);197.0;kcal;Gluten-free
63;2026-07-27 13:06:34;31;2026;43812;Chocolate, vanilla and cream ice cream bar Hacendado Frozen food Ice cream Bars & wafers;1;España;64214;63;Congelados;Helados;Barras de helado y barquillos;Productos del momento;Elige el tuyo, ¡disfruta!;Barra de helado sabor vainilla, chocolate y nata Hacendado;;1.0;l;2.05;€/l;2.05;helado sabor a vainilla, chocolate y nata. ingredientes: leche desnatada reconstituida, azúcar, grasas vegetales (coco, palma), jarabe de glucosa y fructosa, lactosa y proteínas de leche, cacao desgrasado, emulgente (monoglicéridos y diglicéridos de ácidos grasos), estabilizantes (goma garrofín, goma guar, carragenanos), chocolate (contiene lecitinas de soja), aromas, colorantes (curcumina, norbixina de bija).;8480000642141;0;;;;Ice cream bar, chocolate;31035;Energia (kJ);823.0;kJ;Gluten-free
63;2026-07-27 13:06:34;31;2026;43812;Chocolate, vanilla and cream ice cream bar Hacendado Frozen food Ice cream Bars & wafers;1;España;64214;63;Congelados;Helados;Barras de helado y barquillos;Productos del momento;Elige el tuyo, ¡disfruta!;Barra de helado sabor vainilla, chocolate y nata Hacendado;;1.0;l;2.05;€/l;2.05;helado sabor a vainilla, chocolate y nata. ingredientes: leche desnatada reconstituida, azúcar, grasas vegetales (coco, palma), jarabe de glucosa y fructosa, lactosa y proteínas de leche, cacao desgrasado, emulgente (monoglicéridos y diglicéridos de ácidos grasos), estabilizantes (goma garrofín, goma guar, carragenanos), chocolate (contiene lecitinas de soja), aromas, colorantes (curcumina, norbixina de bija).;8480000642141;0;;;;Ice cream bar, chocolate;31035;greixos_totals_g;10.0;g;Gluten-free
63;2026-07-27 13:06:34;31;2026;43812;Chocolate, vanilla and cream ice cream bar Hacendado Frozen food Ice cream Bars & wafers;1;España;64214;63;Congelados;Helados;Barras de helado y barquillos;Productos del momento;Elige el tuyo, ¡disfruta!;Barra de helado sabor vainilla, chocolate y nata Hacendado;;1.0;l;2.05;€/l;2.05;helado sabor a vainilla, chocolate y nata. ingredientes: leche desnatada reconstituida, azúcar, grasas vegetales (coco, palma), jarabe de glucosa y fructosa, lactosa y proteínas de leche, cacao desgrasado, emulgente (monoglicéridos y diglicéridos de ácidos grasos), estabilizantes (goma garrofín, goma guar, carragenanos), chocolate (contiene lecitinas de soja), aromas, colorantes (curcumina, norbixina de bija).;8480000642141;0;;;;Ice cream bar, chocolate;31035;greixos_saturats_g;7.1;g;Gluten-free
63;2026-07-27 13:06:34;31;2026;43812;Chocolate, vanilla and cream ice cream bar Hacendado Frozen food Ice cream Bars & wafers;1;España;64214;63;Congelados;Helados;Barras de helado y barquillos;Productos del momento;Elige el tuyo, ¡disfruta!;Barra de helado sabor vainilla, chocolate y nata Hacendado;;1.0;l;2.05;€/l;2.05;helado sabor a vainilla, chocolate y nata. ingredientes: leche desnatada reconstituida, azúcar, grasas vegetales (coco, palma), jarabe de glucosa y fructosa, lactosa y proteínas de leche, cacao desgrasado, emulgente (monoglicéridos y diglicéridos de ácidos grasos), estabilizantes (goma garrofín, goma guar, carragenanos), chocolate (contiene lecitinas de soja), aromas, colorantes (curcumina, norbixina de bija).;8480000642141;0;;;;Ice cream bar, chocolate;31035;hidrats_carboni_g;23.0;g;Gluten-free
63;2026-07-27 13:06:34;31;2026;43812;Chocolate, vanilla and cream ice cream bar Hacendado Frozen food Ice cream Bars & wafers;1;España;64214;63;Congelados;Helados;Barras de helado y barquillos;Productos del momento;Elige el tuyo, ¡disfruta!;Barra de helado sabor vainilla, chocolate y nata Hacendado;;1.0;l;2.05;€/l;2.05;helado sabor a vainilla, chocolate y nata. ingredientes: leche desnatada reconstituida, azúcar, grasas vegetales (coco, palma), jarabe de glucosa y fructosa, lactosa y proteínas de leche, cacao desgrasado, emulgente (monoglicéridos y diglicéridos de ácidos grasos), estabilizantes (goma garrofín, goma guar, carragenanos), chocolate (contiene lecitinas de soja), aromas, colorantes (curcumina, norbixina de bija).;8480000642141;0;;;;Ice cream bar, chocolate;31035;sucres_g;22.0;g;Gluten-free
63;2026-07-27 13:06:34;31;2026;43812;Chocolate, vanilla and cream ice cream bar Hacendado Frozen food Ice cream Bars & wafers;1;España;64214;63;Congelados;Helados;Barras de helado y barquillos;Productos del momento;Elige el tuyo, ¡disfruta!;Barra de helado sabor vainilla, chocolate y nata Hacendado;;1.0;l;2.05;€/l;2.05;helado sabor a vainilla, chocolate y nata. ingredientes: leche desnatada reconstituida, azúcar, grasas vegetales (coco, palma), jarabe de glucosa y fructosa, lactosa y proteínas de leche, cacao desgrasado, emulgente (monoglicéridos y diglicéridos de ácidos grasos), estabilizantes (goma garrofín, goma guar, carragenanos), chocolate (contiene lecitinas de soja), aromas, colorantes (curcumina, norbixina de bija).;8480000642141;0;;;;Ice cream bar, chocolate;31035;proteines_g;3.3;g;Gluten-free
63;2026-07-27 13:06:34;31;2026;43812;Chocolate, vanilla and cream ice cream bar Hacendado Frozen food Ice cream Bars & wafers;1;España;64214;63;Congelados;Helados;Barras de helado y barquillos;Productos del momento;Elige el tuyo, ¡disfruta!;Barra de helado sabor vainilla, chocolate y nata Hacendado;;1.0;l;2.05;€/l;2.05;helado sabor a vainilla, chocolate y nata. ingredientes: leche desnatada reconstituida, azúcar, grasas vegetales (coco, palma), jarabe de glucosa y fructosa, lactosa y proteínas de leche, cacao desgrasado, emulgente (monoglicéridos y diglicéridos de ácidos grasos), estabilizantes (goma garrofín, goma guar, carragenanos), chocolate (contiene lecitinas de soja), aromas, colorantes (curcumina, norbixina de bija).;8480000642141;0;;;;Ice cream bar, chocolate;31035;sal_g;0.16;g;Gluten-free
64;2026-07-27 13:06:34;31;2026;43812;Ice cream wafers Hacendado Cereal & biscuits Biscuits Cookies selection;1;España;15953;64;Cereales y galletas;Galletas;Galletas surtidas;Productos del momento;Elige el tuyo, ¡disfruta!;Obleas para helado Hacendado;;0.052;kg;13.46;€/kg;0.70;harina de trigo, almidón de trigo, edulcorantes (isomaltosa, acesulfamo-k), cacao en polvo, aceite de coco, emulgente (lecitina de soja), miel, azúcar, sal, gasificantes (bicarbonato sódico y amónico), aroma de vainilla, antioxidantes (palmitato de ascorbilo, extracto rico en tocoferoles). puede contener trazas de frutos de cáscara, leche y huevo.;8480000159533;0;;;;Cone, wafer for ice cream;24685;Energia (kcal);390.0;kcal;No certificat
64;2026-07-27 13:06:34;31;2026;43812;Ice cream wafers Hacendado Cereal & biscuits Biscuits Cookies selection;1;España;15953;64;Cereales y galletas;Galletas;Galletas surtidas;Productos del momento;Elige el tuyo, ¡disfruta!;Obleas para helado Hacendado;;0.052;kg;13.46;€/kg;0.70;harina de trigo, almidón de trigo, edulcorantes (isomaltosa, acesulfamo-k), cacao en polvo, aceite de coco, emulgente (lecitina de soja), miel, azúcar, sal, gasificantes (bicarbonato sódico y amónico), aroma de vainilla, antioxidantes (palmitato de ascorbilo, extracto rico en tocoferoles). puede contener trazas de frutos de cáscara, leche y huevo.;8480000159533;0;;;;Cone, wafer for ice cream;24685;Energia (kJ);1651.0;kJ;No certificat
64;2026-07-27 13:06:34;31;2026;43812;Ice cream wafers Hacendado Cereal & biscuits Biscuits Cookies selection;1;España;15953;64;Cereales y galletas;Galletas;Galletas surtidas;Productos del momento;Elige el tuyo, ¡disfruta!;Obleas para helado Hacendado;;0.052;kg;13.46;€/kg;0.70;harina de trigo, almidón de trigo, edulcorantes (isomaltosa, acesulfamo-k), cacao en polvo, aceite de coco, emulgente (lecitina de soja), miel, azúcar, sal, gasificantes (bicarbonato sódico y amónico), aroma de vainilla, antioxidantes (palmitato de ascorbilo, extracto rico en tocoferoles). puede contener trazas de frutos de cáscara, leche y huevo.;8480000159533;0;;;;Cone, wafer for ice cream;24685;greixos_totals_g;2.6;g;No certificat
64;2026-07-27 13:06:34;31;2026;43812;Ice cream wafers Hacendado Cereal & biscuits Biscuits Cookies selection;1;España;15953;64;Cereales y galletas;Galletas;Galletas surtidas;Productos del momento;Elige el tuyo, ¡disfruta!;Obleas para helado Hacendado;;0.052;kg;13.46;€/kg;0.70;harina de trigo, almidón de trigo, edulcorantes (isomaltosa, acesulfamo-k), cacao en polvo, aceite de coco, emulgente (lecitina de soja), miel, azúcar, sal, gasificantes (bicarbonato sódico y amónico), aroma de vainilla, antioxidantes (palmitato de ascorbilo, extracto rico en tocoferoles). puede contener trazas de frutos de cáscara, leche y huevo.;8480000159533;0;;;;Cone, wafer for ice cream;24685;greixos_saturats_g;1.2;g;No certificat
64;2026-07-27 13:06:34;31;2026;43812;Ice cream wafers Hacendado Cereal & biscuits Biscuits Cookies selection;1;España;15953;64;Cereales y galletas;Galletas;Galletas surtidas;Productos del momento;Elige el tuyo, ¡disfruta!;Obleas para helado Hacendado;;0.052;kg;13.46;€/kg;0.70;harina de trigo, almidón de trigo, edulcorantes (isomaltosa, acesulfamo-k), cacao en polvo, aceite de coco, emulgente (lecitina de soja), miel, azúcar, sal, gasificantes (bicarbonato sódico y amónico), aroma de vainilla, antioxidantes (palmitato de ascorbilo, extracto rico en tocoferoles). puede contener trazas de frutos de cáscara, leche y huevo.;8480000159533;0;;;;Cone, wafer for ice cream;24685;hidrats_carboni_g;79.0;g;No certificat
64;2026-07-27 13:06:34;31;2026;43812;Ice cream wafers Hacendado Cereal & biscuits Biscuits Cookies selection;1;España;15953;64;Cereales y galletas;Galletas;Galletas surtidas;Productos del momento;Elige el tuyo, ¡disfruta!;Obleas para helado Hacendado;;0.052;kg;13.46;€/kg;0.70;harina de trigo, almidón de trigo, edulcorantes (isomaltosa, acesulfamo-k), cacao en polvo, aceite de coco, emulgente (lecitina de soja), miel, azúcar, sal, gasificantes (bicarbonato sódico y amónico), aroma de vainilla, antioxidantes (palmitato de ascorbilo, extracto rico en tocoferoles). puede contener trazas de frutos de cáscara, leche y huevo.;8480000159533;0;;;;Cone, wafer for ice cream;24685;sucres_g;1.0;g;No certificat
64;2026-07-27 13:06:34;31;2026;43812;Ice cream wafers Hacendado Cereal & biscuits Biscuits Cookies selection;1;España;15953;64;Cereales y galletas;Galletas;Galletas surtidas;Productos del momento;Elige el tuyo, ¡disfruta!;Obleas para helado Hacendado;;0.052;kg;13.46;€/kg;0.70;harina de trigo, almidón de trigo, edulcorantes (isomaltosa, acesulfamo-k), cacao en polvo, aceite de coco, emulgente (lecitina de soja), miel, azúcar, sal, gasificantes (bicarbonato sódico y amónico), aroma de vainilla, antioxidantes (palmitato de ascorbilo, extracto rico en tocoferoles). puede contener trazas de frutos de cáscara, leche y huevo.;8480000159533;0;;;;Cone, wafer for ice cream;24685;fibra_g;3.0;g;No certificat
64;2026-07-27 13:06:34;31;2026;43812;Ice cream wafers Hacendado Cereal & biscuits Biscuits Cookies selection;1;España;15953;64;Cereales y galletas;Galletas;Galletas surtidas;Productos del momento;Elige el tuyo, ¡disfruta!;Obleas para helado Hacendado;;0.052;kg;13.46;€/kg;0.70;harina de trigo, almidón de trigo, edulcorantes (isomaltosa, acesulfamo-k), cacao en polvo, aceite de coco, emulgente (lecitina de soja), miel, azúcar, sal, gasificantes (bicarbonato sódico y amónico), aroma de vainilla, antioxidantes (palmitato de ascorbilo, extracto rico en tocoferoles). puede contener trazas de frutos de cáscara, leche y huevo.;8480000159533;0;;;;Cone, wafer for ice cream;24685;proteines_g;11.0;g;No certificat
64;2026-07-27 13:06:34;31;2026;43812;Ice cream wafers Hacendado Cereal & biscuits Biscuits Cookies selection;1;España;15953;64;Cereales y galletas;Galletas;Galletas surtidas;Productos del momento;Elige el tuyo, ¡disfruta!;Obleas para helado Hacendado;;0.052;kg;13.46;€/kg;0.70;harina de trigo, almidón de trigo, edulcorantes (isomaltosa, acesulfamo-k), cacao en polvo, aceite de coco, emulgente (lecitina de soja), miel, azúcar, sal, gasificantes (bicarbonato sódico y amónico), aroma de vainilla, antioxidantes (palmitato de ascorbilo, extracto rico en tocoferoles). puede contener trazas de frutos de cáscara, leche y huevo.;8480000159533;0;;;;Cone, wafer for ice cream;24685;sal_g;0.3;g;No certificat
