id|date_scraped|week_num|year|postal_code|ciqual_text_to_search|found_nutriments|origin|id_product|position|category|subcategory|second_subcategory|title_category_main_page|title_in_page_product|product_name|alcohol_grades|quantity|quantity_units|price|price_units|pvp|ingredients|bar_code|is_new_arrival|previous_pvp|nutriscore|planetscore|ciqual_text|ciqual_id|ewo_ultra_processed_punctuation
1|2026-09-16 11:05:47|38|2026|43812|Pineapple Fruits & vegetables Fruits Tropical fruit|0||3076|1|Fruta y verdura|Fruta|Fruta tropical|Productos del momento|Rápido y saludable|Piña||1.89|kg|2.00|€/kg|3.78|piña|8480000030764|0||||||
2|2026-09-16 11:05:47|38|2026|43812|Seedless white grapes Fruits & vegetables Fruits Banana & grape|0|Marruecos|3313|2|Fruta y verdura|Fruta|Plátano y uva|Productos del momento|Rápido y saludable|Uva blanca sin semillas||0.6|kg|2.75|€/kg|1.65|uva sin semilla|2105400033134|0||||||
3|2026-09-16 11:05:47|38|2026|43812|Free range eggs Eggs, milk & butter Eggs Eggs|0||15768|3|Huevos leche y mantequilla|Huevos|Huevos|Productos del momento|Rápido y saludable|Huevos de gallinas camperas||12.0|ud|0.28|€/ud|3.35|huevo|8410603125215|0||||||
4|2026-09-16 11:05:47|38|2026|43812|Family Whole fresh chicken breast Meat Poultry Chicken|0|Planta de sacrificio Hijos de Juan Pujante, S.A. ubicada en España|3682|4|Carne|Aves y pollo|Pollo|Productos del momento|Rápido y saludable|Pechugas enteras familiar de pollo||1.2|kg|6.20|€/kg|7.44||2105100036824|0||||||
5|2026-09-16 11:05:47|38|2026|43812|Seed mix Hacendado Snacks Nuts, seeds & dried fruit Nuts & seeds|0|Italia|34963|5|Aperitivos|Frutos secos y fruta desecada|Frutos secos|Productos del momento|Rápido y saludable|Mezcla semillas Hacendado||0.2|kg|7.30|€/kg|1.46|semillas de girasol peladas, semillas de sésamo natural, semillas de lino marrón, semillas de calabaza peladas y semillas de chía.|8402001002021|0||||||
6|2026-09-16 11:05:47|38|2026|43812|Natural Kefir mild flavour Dessert & yoghurt Natural & flavoured yoghurt Natural yoghurt|0||20029|6|Postres y yogures|Yogures naturales y sabores|Yogures naturales|Productos del momento|Rápido y saludable|Kéfir natural sabor suave||0.5|kg|2.20|€/kg|1.10|leche pasteurizada de vaca. nata (leche de vaca pasteurizada). leche en polvo desnatada pasteurizada de vaca y fermentos lácticos kéfir (cepas de lactococcus,leuconostoc,lactobacillus y streptococcus).|8436547770137|0||||||
7|2026-09-16 11:05:47|38|2026|43812|Cherry tomatoes Fruits & vegetables Vegetables Tomato|0|España|69990|7|Fruta y verdura|Verdura|Tomate|Productos del momento|Rápido y saludable|Tomates cherry||0.5|kg|4.40|€/kg|2.20|tomates cherry|8412276727222|0||||||
8|2026-09-16 11:05:48|38|2026|43812|Shelled natural walnut Hacendado Snacks Nuts, seeds & dried fruit Nuts & seeds|0|Chile|34024|8|Aperitivos|Frutos secos y fruta desecada|Frutos secos|Productos del momento|Rápido y saludable|Nuez natural Hacendado pelada||0.2|kg|12.50|€/kg|2.50|nueces. trazas de cacahuete y otros frutos de cáscara.|8402001001345|0||||||
9|2026-09-16 11:05:48|38|2026|43812|Blueberries Fruits & vegetables Fruits Other fruit|0|España|5507|9|Fruta y verdura|Fruta|Otras frutas|Productos del momento|Rápido y saludable|Arándanos||0.5|kg|13.00|€/kg|6.50|arándano|5608495000052|0||||||
10|2026-09-16 11:05:48|38|2026|43812|Green Kiwis Fruits & vegetables Fruits Tropical fruit|0|España|3832|10|Fruta y verdura|Fruta|Fruta tropical|Productos del momento|Rápido y saludable|Kiwis verdes||1.07|kg|4.55|€/kg|4.87|kiwi|2105400038320|0||||||
11|2026-09-16 11:05:48|38|2026|43812|Pasta salad Listo para Comer Fruits & vegetables Lettuce & prepared salad Prepared salad|0||13241|11|Fruta y verdura|Lechuga y ensalada preparada|Ensalada preparada|Productos del momento|Rápido y saludable|Ensalada de pasta Listo para Comer||0.366|kg|4.00|€/kg|4.00|pasta espiral 52,90% [sémola de trigo duro (gluten), tomate deshidratado 5%, espinacas deshidratadas 2,5%], huevo cocido de gallina, atún 10,29% (pescado), aceite refinado de girasol y sal. surimi 9,70% [carne de pescado, agua, almidón, clara de huevo, aceite refinado de nabina, sal, aroma (contiene crustaceo), proteína de soja (soja), almidón modificado, azúcar, colorante e160c, (puede contener moluscos), estabilizantes e420, e450, e451, e452]. mozzarella [leche pasteurizada de vaca, sal, fermentos lácticos (leche), corrector de acidez ácido cítrico, cuajo], cebolla blanca, aceite refinado de girasol, conservantes e262, e326. aliño: aceite de oliva virgen extra, vinagre (sulfito) y sal. puede contener trazas de frutos de cascara , mostaza y apio.|8402001033261|0||||||
12|2026-09-16 11:05:48|38|2026|43812|Seafood salad Listo para Comer Pizza & ready meals Ready to eat Cold meals|0||13242|12|Pizzas y platos preparados|Listo para Comer|Platos fríos|Productos del momento|Rápido y saludable|Ensalada de marisco Listo para Comer||0.3|kg|5.50|€/kg|5.50|pasta ((sémola de trigo duro (gluten), tomate, espinacas), aceite refinado de girasol), potón (15%) (potón (moluscos), sal, estabilizante (e450) y correctores de acidez (e501, e330 y e331)), cebolla roja encurtida (cebolla, azúcar, vinagre de alcohol, vinagre de arroz y sal), zanahoria encurtida (zanahoria, agua, vinagre, azúcar, sal y acidulante (e330)), gambón (8%) (gambón (crustáceos), agua, sal, antioxidantes (e331 y e223 (sulfitos)) y acidulante (e330)), langostino cocido (8%) (langostino (crustáceos), sal y azúcar), vinagreta (aceite refinado de girasol, vinagre de vino tinto (antioxidante (e220 (sulfitos))) y sal) y aceituna negra (aceituna, agua y sal y gluconato ferroso (e579)), aroma natural, vinagre, conservadores (e267,e326 y e262). puede contener trazas de pescado, huevo, soja, mostaza, leche y sus derivados, sésamo, frutos de cáscara, cacahuete y apio.|8402001023262|0||||||
13|2026-09-16 11:05:48|38|2026|43812|Salmon with vegetables Listo para Comer Pizza & ready meals Ready to eat Hot meals|0||13243|13|Pizzas y platos preparados|Listo para Comer|Platos calientes|Productos del momento|Rápido y saludable|Salmón con verduras Listo para Comer||0.4|kg|5.75|€/kg|5.75|salmón marinado (salmón 30% (pescado) (agua, sal), miel, salsa romescu (aceite refinado de girasol, tomate, agua, almendra (frutos de cáscara), vinagre de vino (sulfitos), aceite de oliva, ajo, azúcar, pimentón dulce, pimienta negra, sal y conservador (e202)), mostaza (agua, semillas de mostaza, vinagre de alcohol y sal), zumo de mandarina, zumo de limón (antioxidante (e224 (sulfitos)), conservador (e267), ajo, sal y aroma natural)), arroz aliñado (arroz, aceite refinado de girasol, mix ajo asado (aroma natural, sal, ajo y pimienta negra)), verduras asadas (20%) (calabacín, patata, pimiento rojo y boniato), salsa romescu (aceite refinado de girasol, tomate, agua, almendra (frutos de cáscara), vinagre de vino (sulfitos), aceite de oliva, ajo, azúcar, pimentón dulce, pimienta negra, sal y conservador (e202)). puede contener espinas. puede contener trazas de moluscos, crustáceos, soja, huevo, gluten, leche y sus derivados, sésamo, cacahuete y apio.|8402001023255|0||||||
14|2026-09-16 11:05:48|38|2026|43812|Beef carpaccio Meat Beef Beef|0||2632|14|Carne|Vacuno|Vacuno|Productos del momento|Rápido y saludable|Carpaccio de vacuno||0.11|kg|37.27|€/kg|4.10|producto cárnico marinado. ingredientes: carne de vacuno (92%), agua (4%), sal, dextrosa, antioxidantes (e-301, e-331), estabilizante (e-407)  y conservadores (e-250, e-252, e-325 y e-262(i)). queso parmigiano reggiano. ingredientes: leche, sal y cuajo.|8422930950071|0||||||
15|2026-09-16 11:05:48|38|2026|43812|Marinated beef steak tartare Meat Beef Beef|0||8308|15|Carne|Vacuno|Vacuno|Productos del momento|Rápido y saludable|Steak Tartar de vacuno marinado||0.2|kg|27.00|€/kg|5.40|producto cárnico de vacuno marinado con salsa. ingredientes: 70% producto cárnico (carne de vacuno (92%), agua (4%), sal, dextrosa, antioxidantes (e-301, e-331), estabilizante (e-407) y conservadores (e-250, e-252, e-325 y e-262(i))) y 30% salsa (agua, aceite refinado de girasol, pepinillos agridulces (pepinillos, agua, vinagre de alcohol, azúcar y sal), dextrosa, mezcla de especias (contiene mostaza), salsa worcester (agua, vinagre de alcohol, azúcar, sal, concentrado de tamarindo, azúcar caramelizado, cebolla, ajo, especias y zumo concentrado de limón), cebolla, vinagre de vino blanco, sal, almidón modificado de maíz, yema de huevo en polvo, estabilizante (e-415), tomate, conservador (e-200), acidulante (e-330), colorante (e-150d), aroma natural y antioxidante (e-385)). contiene alérgenos: mostaza y huevo. sin gluten.|8436569263198|0||||||
16|2026-09-16 11:05:49|38|2026|43812|Poke salmon Pizza & ready meals Ready to eat Cold meals|0||13237|16|Pizzas y platos preparados|Listo para Comer|Platos fríos|Productos del momento|Rápido y saludable|Poke salmón||0.4|kg|5.50|€/kg|5.50|arroz de sushi, salmón, semillas, pepino, mango, cebolla encurtida, alga wakame y salsa ponzu.arroz cocido [arroz, aderezo de vinagre (azúcar, vinagre de alcohol, agua, vinagre de arroz, sal), aceite refinado de maíz, zumo de limón (zumo de limón pasteurizado, antioxidante e-224 (sulfitos)) y emulgente e-322 (soja)], salmón 10% (salmo salar) (pescado), mango [mango, agua, antioxidantes (e-302, e-300), acidulante e-330], pepino, ensalada wakame [algas abeto marino (undaria pinnatifida), condimentos (jarabe de maíz de alto contenido en fructosa, agua, aceite de sésamo de presión, azúcar, vinagre de arroz, sal, humectante e-420, colorantes e-133 y e-102*), seta negra (auricularia polytricha), agar agar (gelidium amansii), granos de sésamo, chile rojo], cebolla [cebolla roja, aderezo de vinagre (azúcar, vinagre de alcohol, agua, vinagre de arroz, sal)] y mezcla de semillas [girasol, sésamo, lino marrón, calabaza y amapola]. puede contener crustáceos, huevo, cacahuete, leche, frutos de cáscara, apio, mostaza y moluscos. salsa ponzu: salsa de soja [agua, soja, sal, alcohol, jarabe de maíz de alta fructosa, azúcar, potenciador del sabor (e-635)], aderezo de vinagre [azúcar, vinagre de alcohol, agua, vinagre de arroz, sal], zumo de limón [zumo de limón pasteurizado y antioxidante e-224 (sulfitos)], zumo de mandarina y conservador e-202. sin gluten|8402001001888|0||||||
17|2026-09-16 11:05:48|38|2026|43812|Portuguese-style salad Hacendado Pizza & ready meals Cold ready meals Salad|0||24534|17|Pizzas y platos preparados|Platos preparados fríos|Ensaladilla|Productos del momento|Rápido y saludable|Ensaladilla al estilo Portuguesa Hacendado||0.25|kg|6.80|€/kg|1.70|alubias cocidas 59.5%, huevo cocido 9.5%, atún 9% (atún (pescado), aceite refinado de girasol, sal), clara de huevo cocida 7.5%, cebolla 5%, aceite de oliva virgen extra 3%, aceite refinado de girasol 3%, vinagre de vino blanco 1.5%, perejil, sal, aroma natural. puede contener trazas de crustáceos.|8435605401839|0||||||
18|2026-09-16 11:05:48|38|2026|43812|Italian-style pasta salad Hacendado Pizza & ready meals Cold ready meals Salad|0||24083|18|Pizzas y platos preparados|Platos preparados fríos|Ensaladilla|Productos del momento|Rápido y saludable|Ensalada de pasta al estilo Italiana Hacendado||0.2|kg|10.00|€/kg|2.00|ingredientes: pasta de  sémola de trigo duro cocida (60%) (agua, sémola de trigo duro, vinagre de vino blanco), salsa pesto con albahaca y anacardos (20%) (pasta de albahaca (8,4%) (albahaca, aceite refinado de girasol,  sal marina, antioxidante: e-300), aceite refinado de girasol, anacardos (2,4%), queso (2%) (leche, sal, coagulante de  leche microbiano, fermentos lácticos (leche)), mantequilla  (nata, cultivos de ácido  láctico, concentrado de ácido láctico), aceite de oliva virgen extra, leche desnatada en polvo, acidulante: e-270, antioxidante:  e-300, ajo), pollo marinado frito (10%)  (solomillo de pollo, sal, agua, almidón de tapioca, xilosa y aceite de soja  refinado), queso madurado en salmuera (6%) (queso (leche pasteurizada de vaca, sal, fermentos  lácticos, coagulante de leche microbiano), salmuera (agua, sal, acidulante:  e-270, endurecedor: e-509)), tomate semiseco (4%). puede contener trazas  de soja, huevo, crustáceos, sulfitos, granos de  sésamo, mostaza y pescado.|8402001054921|0||||||
19|2026-09-16 11:05:48|38|2026|43812|Roasted vegetables Hacendado Cans, soups & creams Vegetable & fruit tins Vegetable tins|0||22411|19|Conservas caldos y cremas|Conservas de verdura y frutas|Conservas verdura|Productos del momento|Rápido y saludable|Verduras asadas Hacendado||0.29|kg|10.00|€/kg|2.90|pimiento (34%), cebolla (31%), berenjena (30%), aceite refinado de girasol, aceite de oliva virgen y sal.|8480000224118|0||||||
20|2026-09-16 11:05:49|38|2026|43812|Pasta salad Fruits & vegetables Lettuce & prepared salad Prepared salad|0||69461|20|Fruta y verdura|Lechuga y ensalada preparada|Ensalada preparada|Productos del momento|Rápido y saludable|Ensalada de pasta||0.25|kg|10.40|€/kg|2.60|espirales de pasta de trigo simple cocida 34% (sémola de trigo duro), salsa de yogur 22% (aceite de girasol, agua, azúcar, nata en polvo, yema de huevo, vinagre, yogur en polvo 1,5%, sal, eneldo, jugo de limón concentrado, almidón modificado de maíz, aromas naturales (leche), acidulante (e270), conservador (e202), estabilizante (e415) y antioxidante (e385)), tomate 20%, fiambre de jamón de pavo cocido sabor ahumado 14% (jamón de pavo 46%, agua, fécula, sal, fibra alimentaria, estabilizantes (e451i, e407, e415 y e410), azúcar, aromas, antioxidante (e316), extracto de levadura, conservador (e250) y aroma de humo) y mezcla de brotes de lechuga en proporción variable 10% (brotes de lechuga roja y brotes de lechuga verde). trazas de soja.|8437013139748|0||||||
21|2026-09-16 11:05:49|38|2026|43812|Goats cheese salad Fruits & vegetables Lettuce & prepared salad Prepared salad|0||69474|21|Fruta y verdura|Lechuga y ensalada preparada|Ensalada preparada|Productos del momento|Rápido y saludable|Ensalada queso de cabra||0.153|kg|18.30|€/kg|2.80|mezcla de hortalizas en proporción variable 31% (mezcla de brotes(lechuga batavia verde, lechuga batavia roja y lechuga lollo rosso), brotes de espinaca y rúcula), vinagreta balsámica 24% (agua, vinagre balsámico de módena (vinagre de vino, mosto de uva concentrado, mosto de uva cocido, colorante (e150d)y conservador (metabisulfito potásico)), azúcar, aceite de oliva, sal, colorante (e150d), estabilizante (e414), correctores de la acidez (e262 y e500) y conservador (e202)), manzana roja* 18% (manzana roja y antioxidante (ascorbato de calcio)), queso de cabra fresco* 15% (leche de cabra pasteurizada, cuajo, sal, antiaglomerante (e460ii)), fibra cítrica y conservador (e202)), nueces* 6% y uvas pasas* 5% (uvas pasas y aceite de algodón). trazas de cacahuetes, frutos de cáscara, sésamo, soja, pescado, sulfitos y gluten.|8480000694744|0||||||
22|2026-09-16 11:05:49|38|2026|43812|California salad Fruits & vegetables Lettuce & prepared salad Prepared salad|0||69714|22|Fruta y verdura|Lechuga y ensalada preparada|Ensalada preparada|Productos del momento|Rápido y saludable|Ensalada California||0.192|kg|13.54|€/kg|2.60|hortalizas en proporción variable 34% (escarola rizada, canónigos y achicoria), salsa de miel y mostaza 31% (agua, aceite vegetal de girasol, mostaza 8% (agua, vinagre de alcohol, mostaza, jarabe de glucosa y fructosa, sal, estabilizantes (e412,e410 y e407) y especias), miel 7%, vinagre de alcohol, azúcar, sal, estabilizantes (e415, e412), almidón modificado de maíz, colorante (e150d) y conservadores (e211 y e202)), bacon sabor ahumado 8% (magro de panceta de cerdo, sal, conservadores (e326, e262, e250), azúcar, estabilizantes (e451i, e407), concentrado de manzana-hibisco-melaza, aroma de humo, aromas y antioxidante (e316)), cebolla frita 7,5% (cebolla, aceite vegetal de palma, harina de trigo y sal), nueces 7%, pasas 6% (pasas y aceite de algodón), picatostes 5% (harina de trigo, aceite vegetal de girasol, dextrosa, gluten de trigo, levadura, sal, suero de leche, extracto de malta de cebada, antioxidante (e300)). trazas de cacahuete, soja , sésamo y sulfitos.|8437004621771|0||||||
23|2026-09-16 11:05:49|38|2026|43812|Caesar salad consisting of fresh vegetables, chicken, cheese, croutons and sauces, includes fork Fruits & vegetables Lettuce & prepared salad Prepared salad|0||69849|23|Fruta y verdura|Lechuga y ensalada preparada|Ensalada preparada|Productos del momento|Rápido y saludable|Ensalada César||0.21|kg|12.38|€/kg|2.60|mezcla de hortalizas 36% (lechuga hoja de roble verde, lechuga iceberg), salsa césar 26% (agua, aceite vegetal de girasol, vinagre de alcohol, azúcar, queso, sal, acidulante (e270), pasta de anchoa (anchoa y sal), yema de huevo, estabilizantes (e412 y e415) y especias (cebolla, ajo, perejil y pimienta), conservadores (e211 y e202) y antioxidante (e385)), pechuga de pollo cocida 24% (pechuga de pollo 96%, extractos de fermentación, sal, dextrosa, aroma, estabilizante (e451i) y fibra), queso curado granulado 9% (leche pasteurizada, sal, cuajo y fécula de patata), picatostes 5% (harina de trigo, agua, sal, antioxidante (e300) y levadura).|8480000698490|0||||||
24|2026-09-16 11:05:49|38|2026|43812|Ensatun salad Fruits & vegetables Lettuce & prepared salad Prepared salad|0||69872|24|Fruta y verdura|Lechuga y ensalada preparada|Ensalada preparada|Productos del momento|Rápido y saludable|Ensalada ensatún||0.25|kg|10.40|€/kg|2.60|mezcla de hortalizas en proporcion variable 42% ( tomate cherry, lechuga hoja de roble verde, zanahoria y lechuga iceberg), atún en aceite vegetal (atun, aceite de girasol y sal), maíz dulce en grano 12% (maíz dulce, azúcar y sal), queso de leche de vaca blanco pasteurizado 8% (leche pasteurizada, sal, cuajo y acidulante (e330)), aceitunas verdes deshuesadas 8% (aceitunas, agua, sal, acidulantes (e 270 y 330) y antioxidante (e300)), aceite de oliva virgen extras 6%, vinagre de vino 4% (vinagre de vino y conservador aníhidrido sulfuroso) y sal 0,4% (sal iodada y antiaglomerante (e535). trazas de gluten y frutos de cáscara.|8437013139441|0||||||
25|2026-09-16 11:05:49|38|2026|43812|Garden soup Hacendado Cans, soups & creams Soups & stock Soup|0||19882|25|Conservas caldos y cremas|Sopa y caldo|Sopa|Productos del momento|Rápido y saludable|Sopa hortelana Hacendado||0.35|kg|4.86|€/kg|1.70|agua, verduras 16% (hortalizas en proporción variable: patatas, cebollas, puerros), zanahorias 8%, judías verdes 4%, lentejas rojas y verdes 3%, guisantes 3%, cereales 3% (cebada perlada (gluten) y espelta perlada (gluten)), legumbres 2% (judías azuki verdes, judías blancas), aceite de oliva virgen extra, sal, doble concentrado de tomate, plantas aromáticas, pimienta negra. puede contener trazas de otros cereales que contienen gluten, frutos de cáscara, leche, apio, soja y huevo.|8402001042669|0||||||
26|2026-09-16 11:05:49|38|2026|43812|Cream of lentils Hacendado Cans, soups & creams Gazpacho & creams Creams & puree|1|Italia|11628|26|Conservas caldos y cremas|Gazpacho y cremas|Cremas y puré|Productos del momento|Rápido y saludable|Crema de lentejas Hacendado||0.35|kg|4.86|€/kg|1.70|agua, lentejas 13%, calabaza, zanahoria 4%, cebolla 4%, grelos, aceites de oliva virgen extra, guisantes, pasta de tomate doble, sal, hierbas, especias. puede contener trazas de cereales con gluten, frutos de cáscara, leche, apio, soja y huevo.|8402001030840|0||||Lentils seeds, sprouted, fresh, raw|20521|
27|2026-09-16 11:05:49|38|2026|43812|Cream of zucchini Hacendado Cans, soups & creams Gazpacho & creams Creams & puree|0|Manerbio|35870|27|Conservas caldos y cremas|Gazpacho y cremas|Cremas y puré|Productos del momento|Rápido y saludable|Crema de calabacín Hacendado||0.35|kg|4.86|€/kg|1.70|calabacín 40%, agua, cebolla, zanahoria, apio nabo 5%, aceite de oliva virgen extra, sal. puede contener trazas de cereales con gluten, frutos de cáscara, leche, soja y huevo. sin conservantes ni colorantes.|8402001012310|0||||||
28|2026-09-16 11:05:49|38|2026|43812|Cream of vegetables Hacendado Cans, soups & creams Gazpacho & creams Creams & puree|0||8722|28|Conservas caldos y cremas|Gazpacho y cremas|Cremas y puré|Productos del momento|Rápido y saludable|Crema de verduras Hacendado||0.35|kg|4.86|€/kg|1.70|verduras 48% (verduras en proporción variable: patata, zanahoria, calabacín, calabaza, acelga, puerro, judía verde, berza), agua, guisante, aceite de oliva virgen extra, sal.|8480000087225|0||||||
29|2026-09-16 11:05:50|38|2026|43812|Cream of asparagus Hacendado Cans, soups & creams Gazpacho & creams Creams & puree|0|Italia|86587|29|Conservas caldos y cremas|Gazpacho y cremas|Cremas y puré|Productos del momento|Rápido y saludable|Crema de espárragos Hacendado||0.35|kg|4.86|€/kg|1.70|agua, patata, espárragos 23%, bebida de soja (agua, semillas de soja libres de ogm, sal), aceite de oliva, puerro, sal, aromas. puede contener trazas de gluten, frutos de cáscara, leche, apio y huevo.|8480000865878|0||||||
30|2026-09-16 11:05:50|38|2026|43812|Cream of pumpkin and carrot Hacendado Cans, soups & creams Gazpacho & creams Creams & puree|0|Italia|23225|30|Conservas caldos y cremas|Gazpacho y cremas|Cremas y puré|Productos del momento|Rápido y saludable|Crema de calabaza y zanahoria Hacendado||0.35|kg|4.86|€/kg|1.70|agua, calabaza 24%, zanahoria 17%, patata, puerro, jugo de soja (agua, semilla de soja libre de ogm, sal), aceite de oliva, sal, especias, aroma natural.|8480000232250|0||||||
31|2026-09-16 11:05:50|38|2026|43812|Natural Burgos cheese Hacendado Deli & cheese Spreadable cheese, fresh cheese and specialties Fresh cheese|0||52408|31|Charcutería y quesos|Queso untable fresco y especialidades|Queso fresco|Productos del momento|Rápido y saludable|Queso fresco Burgos natural Hacendado||0.25|kg|4.60|€/kg|1.15|leche pasteurizada (origen: españa), sal y cuajo (microbiano). sin gluten.|8480000524089|0||||||
32|2026-09-16 11:05:50|38|2026|43812|Fresh cow cheese Hacendado Deli & cheese Spreadable cheese, fresh cheese and specialties Fresh cheese|0||51191|32|Charcutería y quesos|Queso untable fresco y especialidades|Queso fresco|Productos del momento|Rápido y saludable|Queso fresco de vaca Hacendado||0.25|kg|6.40|€/kg|1.60|leche de vaca pasteurizada, sal y cuajo microbiano.origen de la leche: españa|8480000511911|0||||||
33|2026-09-16 11:05:50|38|2026|43812|Light cow fresh cheese Hacendado Deli & cheese Spreadable cheese, fresh cheese and specialties Fresh cheese|0||51192|33|Charcutería y quesos|Queso untable fresco y especialidades|Queso fresco|Productos del momento|Rápido y saludable|Queso fresco light de vaca Hacendado||0.25|kg|8.80|€/kg|2.20|leche de vaca pasteurizada semidesnatada, sal y cuajo microbiano.origen de la leche: españa|8480000511928|0||||||
34|2026-09-16 11:05:50|38|2026|43812|Fresh goat cheese Hacendado Deli & cheese Spreadable cheese, fresh cheese and specialties Fresh cheese|0||51194|34|Charcutería y quesos|Queso untable fresco y especialidades|Queso fresco|Productos del momento|Rápido y saludable|Queso fresco de cabra Hacendado||0.25|kg|11.80|€/kg|2.95|leche de cabra pasteurizada, sal y cuajo microbiano.origen de la leche: españa|8480000511942|0||||||
35|2026-09-16 11:05:50|38|2026|43812|Smoked salmon cubes Hacendado Seafood & fish Salted & smoked fish Smoked|0|Elaborado en España|22612|35|Marisco y pescado|Salazones y ahumados|Ahumados|Productos del momento|Rápido y saludable|Taquitos de salmón ahumado Hacendado||0.1|kg|38.00|€/kg|3.80|salmón (pescado) (salmo salar) (97%), sal, aroma natural y conservador: vinagre tamponado.|8480000226129|0||||||
36|2026-09-16 11:05:51|38|2026|43812|Salmon steaks Seafood & fish Fresh fish Salmon|0|Noruega|87205|36|Marisco y pescado|Pescado fresco|Salmón|Productos del momento|Rápido y saludable|Rodaja de salmón||0.35|kg|19.50|€/kg|6.82|salmón (salmo salar). puede contener crustáceos y moluscos.|8402001049200|0||||||
37|2026-09-16 11:05:51|38|2026|43812|Yellowfin tuna slices Seafood & fish Fresh fish Other|0||87197|37|Marisco y pescado|Pescado fresco|Otros|Productos del momento|Rápido y saludable|Rodajas de atún de aleta amarilla||0.235|kg|22.25|€/kg|5.23|atún de aleta amarilla (95%, pescado), agua, sal, antioxidantes e331 y e301, aroma natural.|8435274119967|0||||||
38|2026-09-16 11:05:51|38|2026|43812|Blackbelly rosefish fillets with added water Seafood & fish Fresh fish Other|0|España|87350|38|Marisco y pescado|Pescado fresco|Otros|Productos del momento|Rápido y saludable|Filetes de Gallineta descongelada||0.38|kg|16.00|€/kg|6.08|gallineta (sebastes spp) (pescado), agua añadida (10%), sal, corrector de acidez (e-331) y antioxidantes (e-330, e-301, e-316). puede contener trazas de moluscos y/o crustáceos.|8402001024597|0||||||
39|2026-09-16 11:05:51|38|2026|43812|Sea bream fillets Seafood & fish Fresh fish Sea bream|0||87302|39|Marisco y pescado|Pescado fresco|Dorada|Productos del momento|Rápido y saludable|Filetes de dorada||0.2|kg|22.50|€/kg|4.50|dorada (pescado) (sparus aurata). puede contener trazas de crustáceos y moluscos.|8402001030055|0||||||
40|2026-09-16 11:05:51|38|2026|43812|Sea bass fillets Seafood & fish Fresh fish Sea bass|0||87313|40|Marisco y pescado|Pescado fresco|Lubina|Productos del momento|Rápido y saludable|Filete de lubina||0.2|kg|22.50|€/kg|4.50|lubina (pescado) (dicentrarchus labrax). puede contener trazas de crustáceos y moluscos.|8402001030062|0||||||
41|2026-09-16 11:05:51|38|2026|43812|Cooked octopus tentacles Seafood & fish Fresh fish Cuttlefish, octopus and squid|0||87775|41|Marisco y pescado|Pescado fresco|Sepia, pulpo y calamar|Productos del momento|Rápido y saludable|Patas de pulpo cocido||0.25|kg|42.00|€/kg|10.50|pulpo (moluscos) (octopus vulgaris) y sal. puede contener pescado y/o crustáceos.|8480000877758|0||||||
42|2026-09-16 11:05:51|38|2026|43812|Frozen raw shrimp tails Hacendado Frozen food Seafood Seafood|0|España|24102|42|Congelados|Marisco|Marisco|Productos del momento|Rápido y saludable|Colas de gambón crudo Hacendado congelado||0.25|kg|24.60|€/kg|6.15|gambón (pleoticus muelleri) (crustáceos), agua, sal y antioxidante: metabisulfito de sodio (sulfitos). puede contener moluscos y/o pescado.|8402001033032|0||||||
43|2026-09-16 11:05:52|38|2026|43812|Deep Frozen king prawn cooked and peeled Hacendado Frozen food Seafood Seafood|0||24477|43|Congelados|Marisco|Marisco|Productos del momento|Rápido y saludable|Langostino cocido y pelado Hacendado ultracongelado||None|kg|22.73|€/kg|5.00|langostino vannamei (penaeus vannamei) (crustáceo), sal, antioxidantes (e 223 (sulfitos), e 330). puede contener: moluscos y/o pescado.|8480000244772|0||||||
44|2026-09-16 11:05:52|38|2026|43812|Frozen yellowfin tuna slices Hacendado Frozen food Fish Fish|0|España|24357|44|Congelados|Pescado|Pescado|Productos del momento|Rápido y saludable|Rodajas de atún de aleta amarilla Hacendado congelado||0.25|kg|17.50|€/kg|4.38|atún de aleta amarilla, (95%,  pescado), agua, sal, antioxidantes e331 y e301, corrector de acidez e500, aroma  natural|8435274110728|0||||||
45|2026-09-16 11:05:52|38|2026|43812|Salmon fillets without skin frozen Hacendado Frozen food Fish Fish|0|España|24511|45|Congelados|Pescado|Pescado|Productos del momento|Rápido y saludable|Lomos de salmón sin piel Hacendado congelado||0.25|kg|23.80|€/kg|5.95|2 piezas de lomo de salmón sin piel (salmo salar) (pescado) de cría de noruega.|8480000245113|0||||||
46|2026-09-16 11:05:52|38|2026|43812|Lightly salted deep-frozen cod fillets MareDeus Frozen food Fish Fish|0|Noruega/Rusia|24016|46|Congelados|Pescado|Pescado|Productos del momento|Rápido y saludable|Filetes de bacalao MareDeus ultracongelado||None|kg|19.73|€/kg|7.40|bacalao (gadus morhua) 90%, agua 8% y sal 2%.|8436542052023|0||||||
47|2026-09-16 11:05:52|38|2026|43812|Diced turkey Meat Poultry Turkey & other fowl|0||12874|47|Carne|Aves y pollo|Pavo y otras aves|Productos del momento|Rápido y saludable|Tacos de pavo||0.57|kg|7.60|€/kg|4.33||8436039782945|0||||||
48|2026-09-16 11:05:52|38|2026|43812|Extra-tender marinated turkey breast fillets Meat Poultry Turkey & other fowl|0||14031|48|Carne|Aves y pollo|Pavo y otras aves|Productos del momento|Rápido y saludable|Filetes pechuga de pavo marinados extra tiernos||0.6|kg|9.00|€/kg|5.40|pechuga de pavo (93%), agua, sal, dextrosa de maíz, aromas, maltodextrina de maíz, estabilizantes (e-451 y e-407), antioxidantes (e-331 y e-300) y conservadores (e-326, e-261 y e-250)|8436039788039|0||||||
49|2026-09-16 11:05:52|38|2026|43812|Boneless and skinless chicken legs Meat Poultry Chicken|0||2789|49|Carne|Aves y pollo|Pollo|Productos del momento|Rápido y saludable|Contramuslos de pollo deshuesados y sin piel||0.55|kg|6.50|€/kg|3.58||2105100027891|0||||||
50|2026-09-16 11:05:53|38|2026|43812|Washed 3 vegetable mix for microwave Fruits & vegetables Vegetables Steamed vegetables|0||69737|50|Fruta y verdura|Verdura|Verduras al vapor|Productos del momento|Rápido y saludable|3 Vegetales para microondas lavados||0.3|kg|6.50|€/kg|1.95|brócoli, coliflor y zanahoria|8436006183454|0||||||
51|2026-09-16 11:05:53|38|2026|43812|Washed broccoli florets for microwave Fruits & vegetables Vegetables Steamed vegetables|0||69622|51|Fruta y verdura|Verdura|Verduras al vapor|Productos del momento|Rápido y saludable|Floretas de brócoli para microondas lavadas||0.23|kg|7.39|€/kg|1.70|brócoli|8437004621900|0||||||
52|2026-09-16 11:05:53|38|2026|43812|Potatoes for microwaving Fruits & vegetables Vegetables Steamed vegetables|0|Francia|69484|52|Fruta y verdura|Verdura|Verduras al vapor|Productos del momento|Rápido y saludable|Patatas para microondas||0.4|kg|3.75|€/kg|1.50|patatas para microondas|8424717004007|0||||||
53|2026-09-16 11:05:53|38|2026|43812|Sweet potatoes for microwave Fruits & vegetables Vegetables Steamed vegetables|0|EEUU|69465|53|Fruta y verdura|Verdura|Verduras al vapor|Productos del momento|Rápido y saludable|Batatas para microondas||0.4|kg|6.25|€/kg|2.50|batatas para microondas|8424717004014|0||||||
54|2026-09-16 11:05:53|38|2026|43812|Portobello mushrooms Fruits & vegetables Vegetables Mushrooms|0||69664|54|Fruta y verdura|Verdura|Setas y champiñones|Productos del momento|Rápido y saludable|Champiñones Portobello||0.3|kg|7.35|€/kg|2.20|champiñón portobello pie cortado|8402001057519|0||||||
55|2026-09-16 11:05:53|38|2026|43812|Mushrooms Fruits & vegetables Vegetables Mushrooms|0|España|69653|55|Fruta y verdura|Verdura|Setas y champiñones|Productos del momento|Rápido y saludable|Setas||0.25|kg|8.35|€/kg|2.09|seta|2105400696537|0||||||
56|2026-09-16 11:05:53|38|2026|43812|Intense mixed mushrooms Fruits & vegetables Vegetables Mushrooms|0|España|69657|56|Fruta y verdura|Verdura|Setas y champiñones|Productos del momento|Rápido y saludable|Mix de setas intenso||0.235|kg|16.00|€/kg|3.76|h.marmoreus, l.edodes, a.bisporus y p. eryngii|8402001051555|0||||||
57|2026-09-16 11:05:53|38|2026|43812|Thick green asparagus Fruits & vegetables Vegetables Other vegetables & greens|0|España, Perú y México|69643|57|Fruta y verdura|Verdura|Otras verduras y hortalizas|Productos del momento|Rápido y saludable|Espárragos verdes gruesos||0.3|kg|13.67|€/kg|4.10|espárragos|8410405000352|0||||||
58|2026-09-16 11:05:54|38|2026|43812|Cooked potatoes Hacendado Cans, soups & creams Vegetable & fruit tins Vegetable tins|0||15534|58|Conservas caldos y cremas|Conservas de verdura y frutas|Conservas verdura|Productos del momento|Rápido y saludable|Patatas cocidas Hacendado||0.66|kg|2.88|€/kg|1.90|patatas, agua, sal y antioxidante; ácido ascórbico|8402001014253|0||||||
59|2026-09-16 11:05:54|38|2026|43812|Vegetable medley Hacendado Cans, soups & creams Vegetable & fruit tins Vegetable tins|0|España|16737|59|Conservas caldos y cremas|Conservas de verdura y frutas|Conservas verdura|Productos del momento|Rápido y saludable|Macedonia de verduras Hacendado||0.535|kg|1.68|€/kg|0.90|zanahoria, patata, guisante, judía verde, agua y sal.|8480000167378|0||||||
60|2026-09-16 11:05:54|38|2026|43812|Whole very thick white asparagus Hacendado Cans, soups & creams Vegetable & fruit tins Vegetable tins|0|Producto originario de China o Perú|16561|60|Conservas caldos y cremas|Conservas de verdura y frutas|Conservas verdura|Productos del momento|Rápido y saludable|Espárragos blancos muy gruesos Hacendado enteros||0.54|kg|6.11|€/kg|3.30|espárragos, agua, sal, azúcar y acidulante; ácido cítrico|8402001001710|0||||||
61|2026-09-16 11:05:53|38|2026|43812|Round green beans Hacendado Cans, soups & creams Vegetable & fruit tins Vegetable tins|0|Milagro- Navarra|16315|61|Conservas caldos y cremas|Conservas de verdura y frutas|Conservas verdura|Productos del momento|Rápido y saludable|Judías verdes redondas Hacendado||0.66|kg|1.67|€/kg|1.10|judia verde, agua y sal|8480000163158|0||||||
62|2026-09-16 11:05:54|38|2026|43812|Artichoke hearts Hacendado Cans, soups & creams Vegetable & fruit tins Vegetable tins|0||19959|62|Conservas caldos y cremas|Conservas de verdura y frutas|Conservas verdura|Productos del momento|Rápido y saludable|Corazones de alcachofa Hacendado||0.26|kg|11.54|€/kg|3.00|alcachofa, aceite de girasol (21%).(contiene antioxidante: extracto rico en tocoferoles), aceite de oliva (0,7%), sal, acidulante: ácido cítrico, antioxidante: ácido ascórbico|8402001043192|0||||||
63|2026-09-16 11:05:54|38|2026|43812|Pasteurized liquid egg whites Eggs, milk & butter Eggs Eggs|0|España|31312|63|Huevos leche y mantequilla|Huevos|Huevos|Productos del momento|Rápido y saludable|Claras de huevo líquidas pasteurizadas||1.0|l|2.85|€/l|2.85|clara de huevo de gallina pasteurizada, conservante e-202. alérgenos: contiene huevo.|8411384100941|0||||||
64|2026-09-16 11:05:54|38|2026|43812|Deep-frozen rustic sautéed Hacendado Frozen food Fruit and vegetable Vegetables|0||21537|64|Congelados|Fruta y verdura|Verdura|Productos del momento|Rápido y saludable|Salteado rústico Hacendado ultracongelado||0.45|kg|4.44|€/kg|2.00|patata asada, boniato asado y cebolla roja asada.|8402001046964|0||||||
65|2026-09-16 11:05:54|38|2026|43812|Deep-frozen vegetable wok mix Hacendado Frozen food Fruit and vegetable Vegetables|1|España|11617|65|Congelados|Fruta y verdura|Verdura|Productos del momento|Rápido y saludable|Wok de verduras Hacendado ultracongelado||0.45|kg|4.22|€/kg|1.90|(brócoli, calabacín asado, zanahoria naranja y amarilla, pimiento rojo, castaña de agua, cebolla roja asada, peapods (tirabeques), edamame grano (soja)), seta shiitake cultivada (lentinula edodes) (9%), sazonador (azúcar, sal aroma, cebolla deshidratada, especias, algarroba en polvo, maltodextrina, ajo deshidratado, fibra de arroz, hierbas, aceite de girasol), aceite de girasol.|8402001028748|0||||Mixed vegetables, frozen, raw|20101|
66|2026-09-16 11:05:54|38|2026|43812|Deep-frozen baby artichoke Hacendado Frozen food Fruit and vegetable Vegetables|0||61229|66|Congelados|Fruta y verdura|Verdura|Productos del momento|Rápido y saludable|Alcachofa baby Hacendado ultracongelada||0.3|kg|10.17|€/kg|3.05|alcachofa.|8402001028182|0||||||
67|2026-09-16 11:05:54|38|2026|43812|Deep-frozen chopped green asparagus Hacendado Frozen food Fruit and vegetable Vegetables|0||61238|67|Congelados|Fruta y verdura|Verdura|Productos del momento|Rápido y saludable|Espárrago verde troceado Hacendado ultracongelado||0.3|kg|8.50|€/kg|2.55|espárrago verde.|8480000612380|0||||||
68|2026-09-16 11:05:55|38|2026|43812|Deep-frozen sautéed vegetables Hacendado Frozen food Fruit and vegetable Vegetables|0||61065|68|Congelados|Fruta y verdura|Verdura|Productos del momento|Rápido y saludable|Salteado de verduras Hacendado ultracongelado||0.6|kg|2.58|€/kg|1.55|hortalizas y verduras en proporción variable (judía verde, brócoli, pimiento  rojo, champiñón cultivado (agaricus bisporus) y cebolla)|8402001011191|0||||||
69|2026-09-16 11:05:54|38|2026|43812|Deep-frozen cauliflower, broccoli and carrots Hacendado Frozen food Fruit and vegetable Vegetables|0||61006|69|Congelados|Fruta y verdura|Verdura|Productos del momento|Rápido y saludable|Coliflor, brócoli y zanahoria Hacendado ultracongelada||1.0|kg|1.80|€/kg|1.80|mezcla de vegetales en  proporción variable (coliflor, brócoli y zanahoria).|8480000610065|0||||||
70|2026-09-16 11:05:55|38|2026|43812|Frozen diced avocado Hacendado Frozen food Fruit and vegetable Fruits|0||14283|70|Congelados|Fruta y verdura|Fruta|Productos del momento|Rápido y saludable|Aguacate en dados Hacendado congelado||0.5|kg|7.00|€/kg|3.50|aguacate 99%, antioxidante: ácido ascórbico, sal y regulador de acidez: ácido cítrico|8402001036965|0||||||
71|2026-09-16 11:05:55|38|2026|43812|Deep frozen for microwaving rice with vegetables Hacendado Frozen food Rice & pasta Rice|0||12756|71|Congelados|Arroz y pasta|Arroz|Productos del momento|Rápido y saludable|Arroz con verduras para microondas Hacendado ultracongelado||0.8|kg|2.50|€/kg|2.00|arroz (67%) (agua y arroz), verduras en proporción variable (33%) (brócoli, guisante, maíz, pimiento rojo y zanahoria).|8402001030932|0||||||
72|2026-09-16 11:05:55|38|2026|43812|Deep frozen rice for microwave Hacendado Frozen food Rice & pasta Rice|0||61302|72|Congelados|Arroz y pasta|Arroz|Productos del momento|Rápido y saludable|Arroz para microondas Hacendado ultracongelado||1.0|kg|1.90|€/kg|1.90|arroz (agua, arroz).|8480000613028|0||||||
73|2026-09-16 11:05:55|38|2026|43812|Long brown rice Hacendado Rice, pulses & pasta Rice Rice|0||5184|73|Arroz legumbres y pasta|Arroz|Arroz|Productos del momento|Rápido y saludable|Arroz integral largo Hacendado||1.0|kg|1.65|€/kg|1.65|arroz|8480000051844|0||||||
74|2026-09-16 11:05:55|38|2026|43812|Fragrant basmati rice Hacendado Rice, pulses & pasta Rice Rice|0||5002|74|Arroz legumbres y pasta|Arroz|Arroz|Productos del momento|Rápido y saludable|Arroz basmati aromático Hacendado||1.0|kg|2.10|€/kg|2.10|arroz|8480000050021|0||||||
75|2026-09-16 11:05:55|38|2026|43812|Pasta trottole vegetable Hacendado Rice, pulses & pasta Pasta & noodles Macaroni, bows & fusilli|0|Italia|6371|75|Arroz legumbres y pasta|Pasta y fideos|Macarrones, pajaritas y hélices|Productos del momento|Rápido y saludable|Pasta trottole vegetales Hacendado||0.5|kg|2.10|€/kg|1.05|100% sémola de trigo duro. pasta alimenticia compuesta al tomate: sémola de trigo duro, 3,5% tomate deshidratado. pasta alimenticia compuesta a las espinacas: sémola de trigo duro 2,5% espinacas deshidratadas . puede contener trazas de soja, mostaza y huevo.|8402001021398|0||||||
76|2026-09-16 11:05:55|38|2026|43812|Pasta fusilloni vegetable Hacendado Rice, pulses & pasta Pasta & noodles Macaroni, bows & fusilli|0||17640|76|Arroz legumbres y pasta|Pasta y fideos|Macarrones, pajaritas y hélices|Productos del momento|Rápido y saludable|Pasta fusilloni vegetal Hacendado||0.5|kg|2.10|€/kg|1.05|pasta alimenticia de calidad superior: 100% sémola de trigo duro (gluten). pasta compuesta al tomate:  sémola de trigo duro (gluten), 3,5% de tomate deshidratado. pasta compuesta a las espinacas: sémola de trigo duro (gluten), 2,2% espinacas deshidratadas. puede contener trazas de huevos, soja y mostaza.|8402001056918|0||||||
77|2026-09-16 11:05:55|38|2026|43812|100% Red lentil pasta fusilli Felicia Rice, pulses & pasta Pasta & noodles Macaroni, bows & fusilli|0|Italia|6106|77|Arroz legumbres y pasta|Pasta y fideos|Macarrones, pajaritas y hélices|Productos del momento|Rápido y saludable|Pasta fusilli 100% lentejas rojas Felicia||0.25|kg|6.60|€/kg|1.65|100% harina de lentejas rojas. no contiene gluten.|8032804430822|0||||||
78|2026-09-16 11:05:56|38|2026|43812|Wholemeal spaghetti Hacendado Rice, pulses & pasta Pasta & noodles Spaghetti & tagliatelle|0||35778|78|Arroz legumbres y pasta|Pasta y fideos|Spaghetti y tallarines|Productos del momento|Rápido y saludable|Spaghetti integral Hacendado||0.5|kg|2.30|€/kg|1.15|sémola integral de trigo duro (gluten). puede contener trazas de huevos, soja y mostaza.|8402001010200|0||||||
79|2026-09-16 11:05:56|38|2026|43812|Pappardelle Hacendado Rice, pulses & pasta Pasta & noodles Spaghetti & tagliatelle|0||21988|79|Arroz legumbres y pasta|Pasta y fideos|Spaghetti y tallarines|Productos del momento|Rápido y saludable|Pappardelle Hacendado||0.45|kg|3.22|€/kg|1.45|sémola de trigo duro (gluten). puede contener trazas de huevos, soja y mostaza.|8402001052620|0||||||
80|2026-09-16 11:05:56|38|2026|43812|Egg tagliatelle Hacendado Rice, pulses & pasta Pasta & noodles Spaghetti & tagliatelle|0|España|6321|80|Arroz legumbres y pasta|Pasta y fideos|Spaghetti y tallarines|Productos del momento|Rápido y saludable|Nidos al huevo Hacendado||0.5|kg|2.90|€/kg|1.45|sémola de trigo duro (gluten), huevo (13%). puede contener trazas de soja y mostaza. 3 huevos por kg de sémola.|8480000063212|0||||||
81|2026-09-16 11:05:56|38|2026|43812|Rice noodles Hacendado Rice, pulses & pasta Pasta & noodles Spaghetti & tagliatelle|0|Viet Nam|35981|81|Arroz legumbres y pasta|Pasta y fideos|Spaghetti y tallarines|Productos del momento|Rápido y saludable|Noodles de arroz Hacendado||0.2|kg|7.25|€/kg|1.45|harina de arroz, almidón de tapioca, sal.|8402001011924|0||||||
82|2026-09-16 11:05:56|38|2026|43812|Gluten-free soy sauce Hacendado Oils, spices & sauces Other sauces Oriental sauces|0|Austria|17382|82|Aceite especias y salsas|Otras salsas|Salsas orientales|Productos del momento|Rápido y saludable|Salsa de Soja sin gluten Hacendado||0.25|l|10.00|€/l|2.50|ingredientes: agua, habas de soja, sal, vinagre de alcohol.|8480000173829|0||||||
83|2026-09-16 11:05:56|38|2026|43812|Fresh Pesto sauce with basil Hacendado Oils, spices & sauces Other sauces Pasta sauces|0||35186|83|Aceite especias y salsas|Otras salsas|Salsas para pasta|Productos del momento|Rápido y saludable|Salsa fresca Pesto con albahaca Hacendado||0.15|kg|12.67|€/kg|1.90|aceite de semillas de girasol, albahaca (24%),  anacardos, aceite de oliva,  queso rallado (3%) (leche, sal, cuajo), sal, piñones (2%), mantequilla (leche), ajo deshidratado, corrector de acidez: ácido láctico, antioxidante: ácido ascórbico, conservador: sorbato de potasio (e202).puede contener frutos de cáscara, cacahuetes, mostaza, apio, sulfitos, soja, pescado, huevos, moluscos y crustáceos.|8402001009044|0||||||
84|2026-09-16 11:05:56|38|2026|43812|Coconut preparation Hacendado Eggs, milk & butter Milk & milk alternatives Milk alternatives|0|Thailandia|17174|84|Huevos leche y mantequilla|Leche y bebidas vegetales|Bebidas vegetales|Productos del momento|Rápido y saludable|Preparado de coco Hacendado||0.4|l|3.25|€/l|1.30|extracto de coco 81-82%, eche de coco 17 -19%, agua, estabilizante (e466 carboxy methyl cellulose), emulsionante (polysorbate60)|8402001019944|0||||||
85|2026-09-16 11:05:57|38|2026|43812|White chocolate filled Rebuenas 1 biscuits Hacendado Cereal & biscuits Biscuits With chocolate & stuffed|0||17929|2|Cereales y galletas|Galletas|Con chocolate y rellenas|Novedades|Novedades|Galletas rebuenas Hacendado rellenas de chocolate blanco||0.5|kg|2.90|€/kg|1.45|crema sabor chocolate blanco [azúcar, grasas vegetales (palma, palmiste), suero de leche en polvo, manteca de cacao, leche en polvo, almidón de trigo, emulgente (lecitinas [contienen soja]), sal, aroma], harina de trigo, azúcar, aceite refinado de girasol alto oleico, cacao desgrasado en polvo [cacao desgrasado en polvo, corrector de acidez (carbonato potásico)], suero de leche en polvo, gasificantes (carbonato ácido de amonio, carbonato ácido de sodio), jarabe de glucosa y fructosa, sal, emulgente [lecitinas (soja)], proteínas de la leche, antioxidante (metabisulfito sódico), leche desnatada en polvo. puede contener trazas de mostaza.|8402001057335|1||||||
86|2026-09-16 11:05:57|38|2026|43812|Soy dessert with caramel Hacendado Dessert & yoghurt Soy desserts Soy desserts|0||24080|3|Postres y yogures|Postres de soja|Postres de soja|Novedades|Novedades|Postre de soja con caramelo Hacendado||0.4|kg|3.88|€/kg|1.55|bebida de soja 80,3% (agua, habas de soja 6.3%*), azúcar,  caramelo 6,6% (azúcar, agua), almidones modificados, aromas naturales, sal, espesante:  carragenanos; azúcar caramelizado, colorante: norbixina de bija. * sobre el producto terminado.|8402001053924|1||||||
87|2026-09-16 11:05:57|38|2026|43812|Tropical drink Hacendado Juice Assorted fruit Assorted fruit & other flavours|0||18370|4|Zumos|Fruta variada|Fruta variada y otros sabores|Novedades|Novedades|Zumo tropical Hacendado||1.0|l|2.40|€/l|2.40|zumo de uva 45%, zumo de naranja 25%, zumo de piña 15%, puré de mango 10% y zumo de maracuyá 5%mantene|8402001060526|1||||||
88|2026-09-16 11:05:57|38|2026|43812|Choco Bom chocolate chip biscuits coated in white chocolate Gullón Cereal & biscuits Biscuits With chocolate & stuffed|0||17928|5|Cereales y galletas|Galletas|Con chocolate y rellenas|Novedades|Novedades|Galletas Choco Bom Gullón con chips de chocolate recubiertas de chocolate blanco||0.1|kg|10.00|€/kg|1.00|chocolate blanco 40% (azúcar, manteca de cacao, leche en polvo, suero de leche en polvo, emulgente (lecitinas [soja]), aroma, aroma natural de vainilla), harina de trigo, chips de chocolate 12 % (azúcar, pasta de cacao, manteca de cacao, emulgente (lecitinas [soja])), aceite refinado de girasol alto oleico, azúcar, oligofructosa, gasificantes (carbonato ácido de amonio y carbonato ácido de sodio), sal, aroma. puede contener trazas de frutos de cáscara y mostaza|8410376012699|1||||||
89|2026-09-16 11:05:57|38|2026|43812|Peru coffee pods Hacendado Chocolate drinks, coffee & tea Coffee pods & single cups Nespresso-compatible pods|0||17674|6|Cacao café e infusiones|Café cápsula y monodosis|Cápsulas compatibles Nespresso|Novedades|Novedades|Café en cápsula Perú Hacendado||0.104|kg|0.19|€/kg|3.80||8402001057489|1||||||
90|2026-09-16 11:05:57|38|2026|43812|100% whole grain sliced bread Bread & bakery Oven bread Sliced bread loaf|0||17912.2|7|Panadería y pastelería|Pan de horno|Pan rebanado|Novedades|Novedades|Barra pan integral 100% rebanado||0.23|kg|3.91|€/kg|0.90|harina integral de trigo (gluten) 70%**, agua, sal, levadura, masa madre de trigo integral (gluten) inactiva, gluten de trigo, emulgente e-472e y antioxidante e-300. puede contener soja y mostaza.|8402001058868|1||||||
91|2026-09-16 11:05:57|38|2026|43812|100% whole grain loaf of bread Bread & bakery Oven bread Bread loaf|0||17912.1|8|Panadería y pastelería|Pan de horno|Barra de pan|Novedades|Novedades|Barra pan integral 100%||0.23|kg|3.91|€/kg|0.90|harina integral de trigo (gluten) 70%**, agua, sal, levadura, masa madre de trigo integral (gluten) inactiva, gluten de trigo, emulgente e-472e y antioxidante e-300. puede contener soja y mostaza.|8402001058868|1||||||
92|2026-09-16 11:05:57|38|2026|43812|Crunchy Milk bars with cereals and milk chocolate filling Hacendado Sugar, sweets & chocolate Chocolate Bars|0||17705|10|Azúcar caramelos y chocolate|Chocolate|Chocolatinas|Novedades|Novedades|Barritas crujientes Crunchy Milk Hacendado con relleno de cereales y chocolate con leche||0.092|kg|19.57|€/kg|1.80|relleno de cereales con chocolate y leche 52% [preparado lácteo 74% (aceites y grasas vegetales (girasol refinado, colza, palma, coco), azúcar, leche entera en polvo (20%), leche desnatada en polvo (8%), suero de leche en polvo (2%), lactosa (leche) (2%), emulgente (lecitinas), antioxidante (e-306), aromas), cereales con chocolate 26% (cereales (sémola de trigo (gluten), harina de trigo (gluten), harina de avena (gluten), harina de arroz, harina integral de trigo (gluten)), azúcar, leche entera en polvo, sal)], cereales (sémola de arroz, harina integral de trigo (gluten), harina de trigo (gluten), harina de avena (gluten)), chocolate en polvo (azúcar, cacao en polvo), grasa vegetal (palmiste, palma), leche entera en polvo, leche desnatada en polvo, suero de leche en polvo, almidón de maíz, fibra de trigo (gluten), jarabe de azúcar caramelizado, sal, emulgente (lecitina de soja), gasificante (bicarbonato sódico), aromas. puede contener frutos de cáscara y mostaza.|8402001057151|1||||||
93|2026-09-16 11:05:58|38|2026|43812|Deep frozen cheese and ham baguette Hacendado Frozen food Pizza Pizza|0||23988|12|Congelados|Pizzas|Pizzas|Novedades|Novedades|Baguette jamón y queso Hacendado ultracongeladas||0.25|kg|8.40|€/kg|2.10|harina de trigo (gluten), agua, queso edam 12,1% (leche), jamón cocido 7,5% (jamón de cerdo (70%), agua, sal, azúcar, aromas, estabilizantes (e-451,e-420,e-407), antioxidantes (e-316 y e-331), conservador (e-250)), aceite refinado de girasol, creme fraiche (nata (leche), fermentos lácticos), nata (nata ligera (leche), almidón modificado, emulgente (e-472e), estabilizantes (e-440i y e-407)), queso rallado fundido en polvo (leche)(queso (leche), almidón, proteína de la leche, mantequilla (leche), sales de fundido (e-452, e-340, e-331), sal, aroma (leche), corrector de acidez (e-270), conservador (e-202), antiapelmazante: almidón de patata), suero de leche en polvo, sal, levadura, almidón modificado de patata, cebollino, cebolla prefrita (cebolla (90%) y aceite refinado de girasol), azúcar, yogur desnatado en polvo (leche), aroma natural, pimienta negra molida, ajo molido, agente de tratamiento de la harina(e920). puede contener trazas de pescado, soja y mostaza.|8402001053566|1||||||
94|2026-09-16 11:05:58|38|2026|43812|Fussion Milk chocolate caramelised cookies filling Hacendado Sugar, sweets & chocolate Chocolate Milk chocolate|0||17996|14|Azúcar caramelos y chocolate|Chocolate|Chocolate con leche|Novedades|Novedades|Chocolate con leche Fussion Hacendado relleno de galleta caramelizada||0.142|kg|12.32|€/kg|1.75||8402001055874|1||||||
95|2026-09-16 11:05:58|38|2026|43812|Cupcakes with chocolate chips Bread & bakery Oven pastries Sweet pastries|0||17700|15|Panadería y pastelería|Bollería de horno|Bollería dulce|Novedades|Novedades|Magdalenas con pepitas de chocolate||0.39|kg|7.95|€/kg|3.10|harina de trigo (gluten), aceite refinado de girasol, azúcar, huevo líquido pasteurizado, pepitas de chocolate (8,9%) [azúcar, pasta de cacao, manteca de cacao, dextrosa, emulgente (lecitina de soja)], agua, jarabe de glucosa y fructosa, humectante (glicerina), mantequilla (leche), gasificantes (difosfato disódico, bicarbonato de sodio), jarabe de azúcar invertido, ralladura de naranja, miel de flores, aroma, sal, espesante (goma xantana), antioxidante (extracto rico en tocoferol), enzimas. puede contener: frutos de cáscara, mostaza, sulfitos|8402001058349|1||||||
96|2026-09-16 11:05:58|38|2026|43812|Whole grain loaf of bread with 20% oats 5% buckwheat Hacendado Bread & bakery Packaged sliced bread & other specialities Other bread|0||18294|16|Panadería y pastelería|Pan de molde y otras especialidades|Otros panes|Novedades|Novedades|Pan de molde integral con 20% avena 5% trigo sarraceno Hacendado||0.55|kg|2.73|€/kg|1.50|harina integral (57%) (trigo (gluten), avena (gluten) (20%), trigo sarraceno (5%)), agua, semillas de girasol (4,5%), levadura, gluten de trigo, aceite de oliva virgen extra (1,3%), sal, sémola integral de trigo (gluten), emulgentes (e-472e, e-471), conservadores (e-282, e-200, e-202), antioxidante (e-300), aroma. puede contener trazas de semillas de sésamo, soja y mostaza. sin lactosa.|8402001059247|1||||||
97|2026-09-16 11:05:58|38|2026|43812|Slices serrano Ham Jamcal Deli & cheese Serrano ham Serrano ham|0||18353|17|Charcutería y quesos|Jamón serrano|Jamón serrano|Novedades|Novedades|Jamón serrano Jamcal lonchas||0.05|kg|22.00|€/kg|1.10|jamón de cerdo, sal, azúcar, conservadores (e-252 y e-250) y antioxidante (e-301).|8437030191019|1||||||
98|2026-09-16 11:05:58|38|2026|43812|Cupcakes with sugar Bread & bakery Oven pastries Sweet pastries|0||17698|18|Panadería y pastelería|Bollería de horno|Bollería dulce|Novedades|Novedades|Magdalenas con azúcar||0.39|kg|6.92|€/kg|2.70|aceite refinado de girasol, harina de trigo (gluten), azúcar (20,8%), huevo líquido pasteurizado, agua, humectante (glicerina), jarabe de glucosa y fructosa, ralladura de naranja, leche entera en polvo, gasificantes (difosfato disódico, bicarbonato de sodio), sal, espesante (goma xantana), aromas, acidulante (ácido cítrico), antioxidante (extracto rico en tocoferol), enzimas. puede contener: soja, frutos de cáscara, mostaza, sulfitos.|8402001058332|1||||||
99|2026-09-16 11:05:58|38|2026|43812|Volcano with cream and coconut Hacendado Bread & bakery Packaged pastries Assorted pastries|0||17951|19|Panadería y pastelería|Bollería envasada|Pastelitos surtidos|Novedades|Novedades|Volcano con crema y coco||0.057|kg|5.75|€/kg|0.33|harina de trigo (gluten), aceite refinado de girasol, azúcar, cobertura blanca (10%) [azúcar, grasa vegetal totalmente hidrogenada (palmiste), suero de leche en polvo, leche en polvo, grasa vegetal (palma), emulgentes vegetales (lecitina de girasol, e472c), conservador (ácido sórbico), aroma], jarabe de glucosa y fructosa, huevo líquido pasteurizado, crema (9%) sabor vainilla [azúcar, agua, jarabe de glucosa y fructosa, cobertura blanca (azúcar, grasa vegetal totalmente hidrogenada (palmiste), suero de leche en polvo, leche en polvo, emulgentes vegetales (e492, lecitina de girasol, e472c), aromas), maltodextrina, almidones modificados, humectante (e422), grasa vegetal (palma), reguladores de la acidez (e516, e330), estabilizantes (e460, e466), emulgentes vegetales (e472c, e471, e475), conservador (e202), sal, gelificante (e407), aromas, colorantes (e160c, e160a)], agua, humectantes (sorbitoles, glicerina), coco rallado (2%), sal, acidulante (e330), conservador (sorbato potásico), espesante (goma xantana), emulgentes vegetales (e471, e1520, e477, e470a), gasificantes (e450i, carbonatos de sodio), aromas. puede contener trazas de mostaza, soja y frutos de cáscara.|8402001059254|1||||||
100|2026-09-16 11:05:58|38|2026|43812|3 Sourdough Baguettes Bread & bakery Oven bread Bread loaf|0||83286|20|Panadería y pastelería|Pan de horno|Barra de pan|Novedades|Novedades|3 Baguettes masa madre||0.75|kg|2.00|€/kg|1.50|harina de trigo (gluten), agua, masa madre de trigo (3%) (gluten), sal, levadura, antioxidante e 300. puede contener trazas de  soja y mostaza.|8480000832863|1||||||
101|2026-09-16 11:05:59|38|2026|43812|Cocoa wafers filled with milk cream and hazelnuts Knoppers Cereal & biscuits Biscuits With chocolate & stuffed|0||17731|21|Cereales y galletas|Galletas|Con chocolate y rellenas|Novedades|Novedades|Barquillos de cacao rellenos con crema de leche y de avellanas Knoppers||0.125|kg|10.00|€/kg|1.25|azúcar, grasas vegetales (palma, karité),  harina de trigo (13,5 %), leche desnatada en polvo (13 %), avellanas (9,2 %), harina integral de trigo (7,2 %), cacao, mantequilla concentrada (2,7 %), cacao, cacao desgrasado en polvo, emulgente: lecitinas (soja), sal, suero lácteo en polvo leche, almidón de trigo, aromas naturales, gasificante: bicarbonato sódico, cacahuetes molidos.  también puede contener almendras, otros frutos de cáscara y huevo.|4014400928884|1||||||
102|2026-09-16 11:05:59|38|2026|43812|Fussion milk chocolate filled with caramel over aerated milk Hacendado Sugar, sweets & chocolate Chocolate Milk chocolate|0||17917|22|Azúcar caramelos y chocolate|Chocolate|Chocolate con leche|Novedades|Novedades|Chocolate con leche Fussion Hacendado relleno de caramelo con leche aireado||0.095|kg|14.21|€/kg|1.35|azúcar, leche en polvo, manteca de cacao, pasta de cacao, jarabe de glucosa, grasa de palma, leche desnatada en polvo, suero lácteo dulce en polvo (leche), leche condensada, emulgentes (lecitinas [soja], mono- y diglicéridos de ácidos grasos), grasa butírica, sal, extracto de vainilla, aromas naturales. contiene grasas vegetales además de manteca de cacao. puede contener cacahuetes, frutos de cáscara, gluten y huevo.|8402001043659|1||||||
103|2026-09-16 11:05:59|38|2026|43812|Guanciale Hacendado Deli & cheese Bacon & sausages Bacon|0||21892|23|Charcutería y quesos|Bacón y salchichas|Bacón|Novedades|Novedades|Guanciale Hacendado||0.31|kg|15.00|€/kg|4.65|papada de cerdo, sal, especias, dextrosa, antioxidante (e-316) y conservador (e-250).|8402001053191|1||||||
104|2026-09-16 11:05:59|38|2026|43812|Cheesecake Caramel wafer bars with white chocolate coating and cheesecake flavor filling Sugar, sweets & chocolate Chocolate Bars|0||24568|24|Azúcar caramelos y chocolate|Chocolate|Chocolatinas|Novedades|Novedades|Barritas de barquillo Cheesecake Caramel Hacendado con cobertura blanca y relleno sabor cheesecake||0.115|kg|15.65|€/kg|1.80|cobertura blanca coloreada (37%) (azúcar, grasa vegetal (palma y palmiste), leche en polvo, emulgentes: lecitina (soja) y e-476, colorante: e-160a, sacarosa caramelizada y aromas), azúcar, gota de cobertura blanca (azúcar, grasa vegetal (coco, palmiste) en proporciones variables, leche desnatada en polvo, emulgente: lecitina (soja), aroma natural de vainilla), harina de trigo (gluten), leche desnatada en polvo, grasa vegetal de palma, emulgentes: lecitina (soja) y e-476, gasificante: bicarbonato de sodio y aromas. puede contener: frutos de cáscara y mostaza.|8402001054037|1||||||
105|2026-09-16 11:05:59|38|2026|43812|Sour Jelly Beans sweets Hacendado Sugar, sweets & chocolate Sweets Sweets|0||17719|25|Azúcar caramelos y chocolate|Golosinas|Golosinas|Novedades|Novedades|Golosinas Jelly Beans ácidas Hacendado||0.085|kg|10.59|€/kg|0.90||8402001055973|1||||||
106|2026-09-16 11:05:59|38|2026|43812|Choco Orange flavored oat cookies with chocolate cream filling Cereal & biscuits Biscuits With chocolate & stuffed|0||17922|26|Cereales y galletas|Galletas|Con chocolate y rellenas|Novedades|Novedades|Galletas con avena sabor Choco Orange con relleno de crema de chocolate Hacendado||0.21|kg|5.95|€/kg|1.25|copos de avena 30%, crema de chocolate 29% [azúcar, grasas vegetales (palma, palmiste), cacao desgrasado en polvo 11%, almidón de trigo, proteínas de la leche, leche desnatada en polvo, emulgente (lecitinas [soja])], harina de trigo, azúcar, aceite refinado de girasol alto oleico, salvado de trigo, oligofructosa, gelificante (goma arábiga), zumo de naranja en polvo 1%, sal, emulgente [lecitinas (soja)], gasificantes (carbonato ácido de sodio, carbonato ácido de amonio), aroma. puede contener trazas de mostaza.|8402001058882|1||||||
107|2026-09-16 11:05:59|38|2026|43812|Fruit + Milk Protein 20 g with Collagen and Vitamin C Don Simón Juice Assorted fruit Fruit + milk|0||24586|27|Zumos|Fruta variada|Fruta + leche|Novedades|Novedades|Fruta + leche Proteína 20 gr Don Simón con colágeno y vitamina C||0.33|l|5.00|€/l|1.65|agua, zumo de frutas parcialmente a partir de concentrado (20 %) en proporción variable (piña, uva, mango y manzana), leche desnatada (15 %), proteína de arroz (4,3 %), colágeno hidrolizado (2 %), estabilizantes [pectina (e-466) y e-460i], acidulantes (ácido málico y ácido cítrico), aromas, colorante (beta-caroteno), edulcorante (sucralosa) y vitamina c.|8410261644240|1||||||
108|2026-09-16 11:05:59|38|2026|43812|Cocktail pork sausages Hacendado Deli & cheese Bacon & sausages Sausages|0||17578|28|Charcutería y quesos|Bacón y salchichas|Salchichas|Novedades|Novedades|Salchichas cocidas cocktail Hacendado de cerdo||0.2|kg|9.50|€/kg|1.90||8402001056161|1||||||
109|2026-09-16 11:06:00|38|2026|43812|Certified half chicken cut into pieces fed 50% corn Meat Poultry Turkey & other fowl|1|España|10000|30|Carne|Aves y pollo|Pavo y otras aves|Novedades|Novedades|Medio pollo certificado troceado alimentado con un 50% de maíz||0.95|kg|5.50|€/kg|5.22|100% pollo|8412610037550|1||"{""letter"": ""A"", ""points"": -5, ""negative_points"": {""negative_points"": 2, ""energy_points"": 1, ""saturated_fats_points"": 1, ""sugar_points"": 0, ""salt_points"": 0}, ""positive_points"": {""positive_points"": 7, ""proteins_points"": 7, ""fibers_points"": 0, ""fruit_percentage_points"": 0}, ""request_made"": {""Energia"": 503.0, ""sucres"": 0.0, ""greixos_saturats"": 1.3, ""sal"": 0.2, ""sodi"": 0.08, ""fibra"": 0, ""proteines"": 21.0, ""fruit_percentage"": 0.0}, ""nutriscore_category"": ""GENERAL_FOOD""}"||Chicken, meat, raw|36003|"{""qualification"": ""1""}"
110|2026-09-16 11:05:59|38|2026|43812|Brasil coffee beans Hacendado Chocolate drinks, coffee & tea Ground coffee & coffee beans Coffee beans|0||17670|31|Cacao café e infusiones|Café molido y en grano|Café en grano|Novedades|Novedades|Café en grano Brasil Hacendado||0.5|kg|14.00|€/kg|7.00|café|8402001057427|1||||||
111|2026-09-16 11:06:00|38|2026|43812|Strong aged goat cheese  in wedge slices Hacendado Deli & cheese Cured, semicured & soft cheese Cured cheese|1|España|11680|32|Charcutería y quesos|Queso curado semicurado y tierno|Queso curado|Novedades|Novedades|Queso añejo fuerte de oveja Hacendado cortado en cuñitas||0.33|kg|21.10|€/kg|6.96|leche cruda de oveja, sal, cuajo, fermentos lácticos (leche). corteza no comestible: contiene conservadores (e-202 y e-235). origen de la leche: españa|8402001028878|1||||Mimolette cheese, old, from cow's milk (cured 12 months minimum)|12738|
112|2026-09-16 11:06:00|38|2026|43812|shelled roasted almonds 0% added salt Hacendado Snacks Nuts, seeds & dried fruit Nuts & seeds|0||17668|33|Aperitivos|Frutos secos y fruta desecada|Frutos secos|Novedades|Novedades|Almendra tostada Hacendado 0% sal añadida pelada||0.2|kg|14.50|€/kg|2.90|almendras tostadas sin piel. trazas de cacahuete y otros frutos de cáscara.|8402001057496|1||||||
113|2026-09-16 11:06:00|38|2026|43812|Original sugar-free fruit-flavoured chewing gums tabs Hacendado Sugar, sweets & chocolate Chewing gum & candy Chewing gum|0||24537|34|Azúcar caramelos y chocolate|Chicles y caramelos|Chicles|Novedades|Novedades|Chicles gragea original frutas sin azúcar Hacendado||0.1|kg|19.50|€/kg|1.95|e edulcorantes: sorbitol y maltitoles, goma base (con antioxidante: extracto rico en tocoferoles), aromas, humectante: glicerina, espesante: goma arábiga, edulcorantes: aspartamo, acesulfamo k y sucralosa, agente de recubrimiento: cera de carnauba.|8402001053481|1||||||
114|2026-09-16 11:06:00|38|2026|43812|Short­grain rice Hacendado Rice, pulses & pasta Rice Rice|0||5044|1|Arroz legumbres y pasta|Arroz|Arroz|Bajadas de precio|Bajadas de precio|Arroz redondo Hacendado||1.0|kg|1.15|€/kg|1.15|arroz|8480000050441|0|1.20|||||
115|2026-09-16 11:06:00|38|2026|43812|Onions Fruits & vegetables Vegetables Onion & garlic|0||69089|2|Fruta y verdura|Verdura|Cebolla y ajo|Bajadas de precio|Bajadas de precio|Cebollas||1.0|kg|1.70|€/kg|1.70|cebolla (allinium cepa)|8414382410005|0|2.00|||||
116|2026-09-16 11:06:00|38|2026|43812|Extra virgin olive oil Hacendado Oils, spices & sauces Oil, vinegar & salt Olive oil|0|Jaén|4740|3|Aceite especias y salsas|Aceite vinagre y sal|Aceite de oliva|Bajadas de precio|Bajadas de precio|Aceite de oliva virgen extra Hacendado||1.0|l|4.45|€/l|4.45|ingredientes: aceite de oliva virgen extra|8402001001185|0|4.70|||||
117|2026-09-16 11:06:01|38|2026|43812|Light olive oil Hacendado Oils, spices & sauces Oil, vinegar & salt Olive oil|0|España|4240|4|Aceite especias y salsas|Aceite vinagre y sal|Aceite de oliva|Bajadas de precio|Bajadas de precio|Aceite de oliva 0,4º Hacendado||1.0|l|3.70|€/l|3.70|ingredientes: aceite de oliva refinado y aceite de oliva virgen.|8402001027475|0|3.80|||||
118|2026-09-16 11:06:00|38|2026|43812|Natural Greek yoghurt Hacendado Dessert & yoghurt Greek yoghurt Greek yoghurt|0||20512|5|Postres y yogures|Yogures griegos|Yogures griegos|Bajadas de precio|Bajadas de precio|Yogur griego natural Hacendado||1.0|kg|2.10|€/kg|2.10|leche pasteurizada entera (origen: españa), nata, leche en polvo desnatada, fermentos lácticos.|8480000205124|0|2.20|||||
119|2026-09-16 11:06:00|38|2026|43812|Pardina lentils Hacendado Rice, pulses & pasta Pulses Lentils & others|0|Lenteja. Origen: USA / Lentilha. Origem: EUA|5330|6|Arroz legumbres y pasta|Legumbres|Lentejas y otros|Bajadas de precio|Bajadas de precio|Lenteja pardina Hacendado||1.0|kg|1.85|€/kg|1.85|lenteja pardina|8480000053305|0|1.95|||||
120|2026-09-16 11:06:01|38|2026|43812|Natural light Greek yoghurt 2% MG Hacendado Dessert & yoghurt Greek yoghurt Greek yoghurt|0||21358|7|Postres y yogures|Yogures griegos|Yogures griegos|Bajadas de precio|Bajadas de precio|Yogur griego natural ligero Hacendado 2% MG||1.0|kg|2.10|€/kg|2.10|leche pasteurizada parcialmente desnatada (origen: españa), leche en polvo desnatada, proteínas de la leche y fermentos lácticos.|8480000213587|0|2.20|||||
121|2026-09-16 11:06:01|38|2026|43812|Onions Fruits & vegetables Vegetables Onion & garlic|0||69079|8|Fruta y verdura|Verdura|Cebolla y ajo|Bajadas de precio|Bajadas de precio|Cebollas||2.0|kg|1.60|€/kg|3.20|cebollas|5600319261069|0|3.60|||||
122|2026-09-16 11:06:01|38|2026|43812|Extra virgin olive oil Hacendado Oils, spices & sauces Oil, vinegar & salt Olive oil|0|Puente de Génave, Sierra de Segura. Jaén.|4717|9|Aceite especias y salsas|Aceite vinagre y sal|Aceite de oliva|Bajadas de precio|Bajadas de precio|Aceite de oliva virgen extra Hacendado||3.0|l|4.27|€/l|12.80|aceite de oliva virgen extra 100%|8402001001192|0|13.55|||||
123|2026-09-16 11:06:01|38|2026|43812|Lemons Fruits & vegetables Fruits Citrus fruit|0||3236|10|Fruta y verdura|Fruta|Cítricos|Bajadas de precio|Bajadas de precio|Limones||1.0|kg|2.65|€/kg|2.65|calibre 3/5 (53-68mm)|8414196132360|0|2.80|||||
124|2026-09-16 11:06:01|38|2026|43812|Extra chorizo slices Hacendado Deli & cheese Cured meat Chorizo|0|España|59086|11|Charcutería y quesos|Embutido curado|Chorizo|Bajadas de precio|Bajadas de precio|Chorizo extra Hacendado lonchas||0.24|kg|7.29|€/kg|1.75|carne de cerdo, panceta, sal, pimentones, lactosa, dextrina, proteínas de la leche, azúcar, dextrosa, ajo, estabilizante (e-450), antioxidantes (e-331, e-301), especias, extracto de pimentón, conservadores (e-250, e-252) y colorante (e-120).|8480000590862|0|1.85|||||
125|2026-09-16 11:06:01|38|2026|43812|Blend ground coffee Hacendado Chocolate drinks, coffee & tea Ground coffee & coffee beans Ground coffee|0||15922|12|Cacao café e infusiones|Café molido y en grano|Café molido|Bajadas de precio|Bajadas de precio|Café molido mezcla Hacendado||0.5|kg|9.00|€/kg|4.50|café y jarabe de glucosa|8480000159229|0|4.60|||||
126|2026-09-16 11:06:01|38|2026|43812|Instant cup noodles chicken flavour Hacendado Rice, pulses & pasta Pasta & noodles Oriental noodles|0||22453|13|Arroz legumbres y pasta|Pasta y fideos|Fideos orientales|Bajadas de precio|Bajadas de precio|Fideos orientales sabor pollo Hacendado||0.065|kg|12.31|€/kg|0.80|fideos instantaneos (80%): harina de trigo, aceite de palma, sal, almidón modificado, azúcar, gasificantes: carbonato de sodio y potasio; extracto de cúrcuma. caldo (20%): zanahorias, maltodextrina, harina de trigo, maíz, grasas de palma, potenciadores del aroma y del sabor: e-621, e-635; sal, azúcar, carne de pollo en polvo, cebollino, cebollas fritas en polvo (cebollas deshidratadas, aceite de girasol), aromas, extracto de levadura, salsa de soja fermentada (soja, trigo, maltodextrina, sal), sofrito ((cebolla, zanahoria, apio), aceite de girasol, cebolla, azúcar, almidón de maíz, sal, puré de ajo, antioxidantes: e-392, e-396, e-300; pimienta negra), azúcar caramelizada, pimienta blanca, chile, jenjibre, extracto de cúrcuma. puede contener trazas de crustaceos, huevos, leche y mostaza.|8480000224538|0|0.90|||||
127|2026-09-16 11:06:01|38|2026|43812|Oriental noodles chicken flavor Hacendado Pizza & ready meals Hot ready meals Oriental noodles|0||35681|14|Pizzas y platos preparados|Platos preparados calientes|Fideos orientales|Bajadas de precio|Bajadas de precio|Fideos orientales sabor pollo Hacendado||0.065|kg|8.46|€/kg|0.55|fideos instantáneos (85%): harina de trigo, aceite de girasol, fécula de patata, sal, gasificantes: carbonatos de sodio y potasio. caldo (15%): maltodextrina, harina de trigo, potenciadores del sabor: e621, e635; sal, azúcar, carne de pollo en polvo, cebolla verde, cebolla frita en polvo, (cebolla, aceite de girasol), aromas, extracto de levadura, salsa de soja fermentada (soja, trigo, maltodextrina, sal), mezcla de sofrito en polvo ((cebolla, zanahoria, apio), aceite de girasol, cebolla, azúcar, almidón de maíz, sal, puré de ajo, antioxidantes: e392, e306. e300; pimienta negra), azúcar caramelizado, aceite de colza, pimienta blanca, chile, jengibre, extracto de curcumina. puede contener trazas de crustáceos, productos lácteos y mostaza.|8402001021985|0|0.65|||||
128|2026-09-16 11:06:02|38|2026|43812|Sliced salami Hacendado Deli & cheese Cured meat Salchichon|0|España|59090|15|Charcutería y quesos|Embutido curado|Salchichón|Bajadas de precio|Bajadas de precio|Salami extra Hacendado lonchas||0.24|kg|7.29|€/kg|1.75|carne de cerdo, tocino, lactosa, sal, proteínas de la leche, dextrosa, especias, aromas, aromas de humo, estabilizantes (e-450, e-451), antioxidante (e-301), conservadores (e-250, e-252), colorante (e-120) y extracto de pimentón.|8480000590909|0|1.85|||||
129|2026-09-16 11:06:01|38|2026|43812|Zero sugar soft drink Coca-Cola Water & soft drinks Cola drinks Zero cola|0||27426|16|Agua y refrescos|Refresco de cola|Cola zero|Bajadas de precio|Bajadas de precio|Refresco Coca-Cola zero azúcar||3.96|l|2.58|€/l|10.20|ingredientes: agua carbonatada, colorante e-150d, edulcorantes: ciclamato sódico, acesulfamo k y aspartamo, acidulante ácido fosfórico, aromas naturales, aroma cafeína y corrector de acidez: citratos de sodio.|5449000133342|0|11.16|||||
130|2026-09-16 11:06:02|38|2026|43812|Battered hake Seafood & fish Fresh fish Other|0||87734|17|Marisco y pescado|Pescado fresco|Otros|Bajadas de precio|Bajadas de precio|Merluza rebozada||0.23|kg|16.52|€/kg|3.80|filetes de merluza del cabo, sin espinas (*) 70%rebozado 30%: agua, aceites vegetales (colza y girasol en proporción variable), harina de trigo, harina de maíz, almidón modificado de maíz, almidón de trigo, gluten de trigo, sal, gasificante: e450i - e500ii, leche en polvo desnatada.|8480000877345|0|3.90|||||
131|2026-09-16 11:06:02|38|2026|43812|Virgin olive oil Hacendado Oils, spices & sauces Oil, vinegar & salt Olive oil|0|Puente de Génave, Sierra de Segura. Jaén.|4749|18|Aceite especias y salsas|Aceite vinagre y sal|Aceite de oliva|Bajadas de precio|Bajadas de precio|Aceite de oliva virgen Hacendado||1.0|l|4.10|€/l|4.10|ingredientes: aceite de oliva virgen extra|8402001047206|0|4.20|||||
132|2026-09-16 11:06:02|38|2026|43812|Deep frozen peeled large shrimp Hacendado Frozen food Seafood Seafood|0||24230|19|Congelados|Marisco|Marisco|Bajadas de precio|Bajadas de precio|Gamba pelada cruda tamaño grande Hacendado ultracongelada||None|kg|16.53|€/kg|5.95|gamba crustáceo, agua, sal, antioxidante metabisulfito de sodio, estabilizante ( e-339,e-451, e-452). contiene crustáceos, sulfitos y puede contener trazas de pescado y molucos.|6944955502742|0|6.15|||||
133|2026-09-16 11:06:02|38|2026|43812|Deep-frozen catfish fillets Hacendado Frozen food Fish Fish|0|Vietnam|62191|20|Congelados|Pescado|Pescado|Bajadas de precio|Bajadas de precio|Filetes de panga Hacendado ultracongelados||None|kg|5.17|€/kg|4.65|filetes de panga (pangasianodon hypophthalmus) (pescado) (78%), agua (21%), sal, estabilizadores (e451), correctores de la acidez (e331, e332). puede contener espinas.|8480000621917|0|4.75|||||
134|2026-09-16 11:06:02|38|2026|43812|Light olive oil Hacendado Oils, spices & sauces Oil, vinegar & salt Olive oil|0|España|4241|21|Aceite especias y salsas|Aceite vinagre y sal|Aceite de oliva|Bajadas de precio|Bajadas de precio|Aceite de oliva 0,4º Hacendado||5.0|l|3.45|€/l|17.25|ingredientes: aceite de oliva refinado y aceite de oliva virgen extra|8402001027482|0|17.75|||||
135|2026-09-16 11:06:02|38|2026|43812|Vegetarian burgers with spinach and carrot Hacendado Pizza & ready meals Hot ready meals Others|0||86511|22|Pizzas y platos preparados|Platos preparados calientes|Otros|Bajadas de precio|Bajadas de precio|Mini burgers vegetales Hacendado con espinacas y zanahoria||0.2|kg|10.00|€/kg|2.00|ingredientes: espinacas 25%, zanahorias 24%, harina de soja reestructurada y rehidratada, aceite de semillas girasol, gluten de trigo, almidones, pan rallado (harina de trigo, levadura de cerveza, sal), copos de patata, harina de arroz, proteínas aisladas de soja, aceite de oliva virgen extra 2%, cebolla, fibra de guisantes, sal, conservador: sorbato potásico, ajo deshidratado, pimienta negra.puede contener apio y mostaza.|8480000865113|0|2.40|||||
136|2026-09-16 11:06:02|38|2026|43812|Virgin olive oil Hacendado Oils, spices & sauces Oil, vinegar & salt Olive oil|0|Puente de Génave, Sierra de Segura. Jaén.|4711|23|Aceite especias y salsas|Aceite vinagre y sal|Aceite de oliva|Bajadas de precio|Bajadas de precio|Aceite de oliva virgen Hacendado||3.0|l|3.88|€/l|11.65|aceite de oliva virgen|8402001047213|0|12.00|||||
137|2026-09-16 11:06:02|38|2026|43812|Extra virgin olive oil Hacendado Oils, spices & sauces Oil, vinegar & salt Olive oil|0|España|4706|24|Aceite especias y salsas|Aceite vinagre y sal|Aceite de oliva|Bajadas de precio|Bajadas de precio|Aceite de oliva virgen extra Hacendado Gran Selección||0.75|l|7.33|€/l|5.50|ingredientes: aceite de oliva virgen extra|8480000047069|0|5.75|||||
138|2026-09-16 11:06:03|38|2026|43812|Deep Frozen Bolognese Lasagne Hacendado Frozen food Rice & pasta Pasta|0||86597|25|Congelados|Arroz y pasta|Pasta|Bajadas de precio|Bajadas de precio|Lasaña a la boloñesa Hacendado ultracongelada||0.6|kg|4.83|€/kg|2.90|agua, carnes (17%), de cerdo y vacuno,  leche pasteurizada, sémola de trigo, concentrado de tomate, cebolla (5%), quesos (leche pasteurizada, sal, fermentos lácticos, coagulante microbiano, colorante (e-160b(ii)), endurecedor (e-509)), tomate (2%), zumo de tomate, harina de trigo, aceite refinado de girasol, almidón modificado, zanahoria, bebida espirituosa, gelatina, azúcar, sal, pan rallado (harina de trigo, agua, sal y levadura), clara de huevo en polvo, especias, gluten de trigo. contiene gluten, huevo, leche. puede contener trazas de: crustáceos, pescado, soja, mostaza, moluscos.|8480000865977|0|3.00|||||
139|2026-09-16 11:06:03|38|2026|43812|Breaded hake fish sticks Deep frozen Hacendado Frozen food Breaded food Battered fish|0|España|63151|26|Congelados|Rebozados|Pescado rebozado|Bajadas de precio|Bajadas de precio|Palitos de merluza a la romana Hacendado ultracongelados||0.5|kg|5.30|€/kg|2.65|merluza (pescado) (35%), rebozado (65%): agua, pan rallado (harina de trigo (gluten), agua, pimentón, sal, cúrcuma y levadura), harina de trigo (gluten), aceite refinado de girasol, almidón, sal, gasificantes (e-450, e-500), corrector de la acidez (e-330), zumo de limón concentrado, lactosa, espesante (e-417), potenciador del sabor (e-621), ajo en polvo y colorante (e-101). puede contener trazas de leche, huevo, crustáceos, moluscos, soja, mostaza y cacahuete.|8480000631510|0|2.75|||||
140|2026-09-16 11:06:03|38|2026|43812|Small pickled mussels Hacendado Cans, soups & creams Cockles & mussels Mussels|0|España|18619|27|Conservas caldos y cremas|Berberechos y mejillones|Mejillones|Bajadas de precio|Bajadas de precio|Mejillones en escabeche Hacendado pequeños||0.111|kg|18.02|€/kg|2.00|mejillones, vinagre de vino, aceite de girasol, especias y sal. puede contener pescado y crustáceo|8480000186096|0|2.15|||||
141|2026-09-16 11:06:03|38|2026|43812|Vegetable burgers with pumpkin Hacendado Pizza & ready meals Hot ready meals Others|0||15269|28|Pizzas y platos preparados|Platos preparados calientes|Otros|Bajadas de precio|Bajadas de precio|Burgers vegetales Hacendado con calabaza||0.16|kg|11.25|€/kg|1.80|ingredientes:  calabaza 40%, aceite de semilla de girasol, cebolla caramelizada 10% (cebolla, aceite de semilla de girasol, azúcar  de caña), zanahorias 9%, harina de soja reestructurada, harina de trigo, almidones, hojuelas de patata, gluten  de trigo, fibra de guisante, proteína de soja, cebolla 1%, perejil, sal, polvo de calabaza 0,9%, espesante:  metilcelulosa; ajo deshidratado, conservador: sorbato potásico; agua, aroma natural, polvo de romero, levadura de  cerveza. puede contener apio, mostaza y altramuces.|8402001041808|0|2.00|||||
142|2026-09-16 11:06:03|38|2026|43812|Beef and pork mini burgers Meat Burgers and minced food Burgers|1|España|10453|29|Carne|Hamburguesas y picadas|Hamburguesas|Bajadas de precio|Bajadas de precio|Mini burgers de vacuno y cerdo||0.28|kg|10.54|€/kg|2.95|carne de vacuno 46%, carne de cerdo 44%, agua, maíz, arroz, fibras vegetales, sal, aromas, especias, conservador (e-221) (sulfito), antioxidantes (e-301 y e-331) y colorante (e-120).|8436021417244|0|3.10|||Meat balls, pork and beef (Swedish-style), prepacked, raw|25186|
143|2026-09-16 11:06:03|38|2026|43812|1º Olive oil Hacendado Oils, spices & sauces Oil, vinegar & salt Olive oil|0|España|4640|30|Aceite especias y salsas|Aceite vinagre y sal|Aceite de oliva|Bajadas de precio|Bajadas de precio|Aceite de oliva 1º Hacendado||1.0|l|3.90|€/l|3.90|ingredientes: aceite de oliva refinado y aceite de oliva virgen|8480000046406|0|4.00|||||
144|2026-09-16 11:06:03|38|2026|43812|PistachioS, coated in milk chocolate Hacendado Sugar, sweets & chocolate Chocolate Bars|0||20891|31|Azúcar caramelos y chocolate|Chocolate|Chocolatinas|Bajadas de precio|Bajadas de precio|Pistachos bañados de chocolate con leche Hacendado||0.1|kg|24.00|€/kg|2.40|chocolate con leche (55%) (azúcar, manteca de cacao, leche entera en polvo, pasta de cacao, lactosuero en polvo (leche), emulgente (lecitinas (soja)) y aroma), pistacho (32%), azúcar caramelizado (12,5%), sal (0,5%), jarabe de glucosa, estabilizante (e-414) y agente de recubrimiento (e-904). cacao: 38% mínimo en chocolate. trazas de cacahuete y otros frutos de cáscara.. sin gluten.|8402001045233|0|2.50|||||
145|2026-09-16 11:06:03|38|2026|43812|Olive oil Hacendado Oils, spices & sauces Oil, vinegar & salt Olive oil|0|España|4641|32|Aceite especias y salsas|Aceite vinagre y sal|Aceite de oliva|Bajadas de precio|Bajadas de precio|Aceite de oliva 1º Hacendado||5.0|l|3.45|€/l|17.25|aceite de oliva virgen y aceite de oliva refinado|8480000046413|0|17.75|||||
146|2026-09-16 11:06:03|38|2026|43812|Virgin coconut oil Hacendado Oils, spices & sauces Oil, vinegar & salt Others oils|0||4193|33|Aceite especias y salsas|Aceite vinagre y sal|Otros aceites|Bajadas de precio|Bajadas de precio|Aceite de coco virgen Hacendado||0.45|l|11.33|€/l|5.10|100% aceite de coco. aceite de coco suave y aromático, prensado en frío.|8402001034664|0|5.25|||||
147|2026-09-16 11:06:03|38|2026|43812|Spicy extra chorizo slices Hacendado Deli & cheese Cured meat Chorizo|0||12084|35|Charcutería y quesos|Embutido curado|Chorizo|Bajadas de precio|Bajadas de precio|Chorizo picante extra Hacendado lonchas||0.24|kg|10.00|€/kg|2.40|carne de cerdo, panceta, sal, pimentones, lactosa, dextrina, proteïnas de la leche, azúcar, dextrosa, ajo, estabilizante (e-450), antioxidante (e-331, e-301), especias, extracto de pimentón, conservadores (e-250, e-252) y colorante (e-120)|8402001030239|0|2.50|||||
148|2026-09-16 11:06:04|38|2026|43812|Red kidney beans Hacendado Rice, pulses & pasta Pulses Beans|0|Alubia. Origen: USA / Feijo, Origem: EUA|67609|36|Arroz legumbres y pasta|Legumbres|Alubias|Bajadas de precio|Bajadas de precio|Alubia roja Hacendado||1.0|kg|3.00|€/kg|3.00|alubia roja.|8480000676092|0|3.10|||||
149|2026-09-16 11:06:04|38|2026|43812|Espresso natural ground coffee Hacendado Chocolate drinks, coffee & tea Ground coffee & coffee beans Ground coffee|0||11714|37|Cacao café e infusiones|Café molido y en grano|Café molido|Bajadas de precio|Bajadas de precio|Café molido natural Hacendado Espresso||0.25|kg|13.80|€/kg|3.45|café|8480000117144|0|3.60|||||
150|2026-09-16 11:06:04|38|2026|43812|Gazpacha cracked greens olives Hacendado Snacks Olives & pickles Green olives|0||23961|38|Aperitivos|Aceitunas y encurtidos|Aceitunas verdes|Bajadas de precio|Bajadas de precio|Aceitunas verdes Gazpacha Hacendado partidas||0.7|kg|3.00|€/kg|2.10|aceitunas verdes aderezadas partidas 70%, variantes 30% (cebollitas, pepinillos, coliflor, zanahoria y ajos blancos (contiene sulfitos)), sal, vinagre de alcohol, acidulante: ácido cítrico, antioxidante: ácido l-ascórbico, potenciador del sabor e-621, oleoresina de pimentón (extracto de pimentón y emulsionante e-433) y especias. producto pasteurizado. sin gluten|8402001052224|0|2.20|||||
151|2026-09-16 11:06:04|38|2026|43812|Deep-frozen family bolognese lasagne Hacendado Frozen food Rice & pasta Pasta|0||35767|39|Congelados|Arroz y pasta|Pasta|Bajadas de precio|Bajadas de precio|Lasaña boloñesa familiar Hacendado ultracongelada||1.1|kg|4.73|€/kg|5.20|agua, leche pasteurizada, carne de cerdo y vacuno (16%), sémola de trigo, concentrado de tomate, quesos (leche pasteurizada, sal, fermentos lácticos, coagulante microbiano, colorante (e-160b(ii)), endurecedor (e-509)), cebolla (5%), harina de trigo, tomate (2%), zumo de tomate, aceite refinado de girasol, almidón modificado, zanahoria, bebida espirituosa, azúcar, gelatina, sal, pan rallado (harina de trigo, agua, sal y levadura), clara de huevo en polvo, especias, gluten de trigo. contiene gluten, huevo, leche. puede contener trazas de: crustáceos, pescado, soja, mostaza, moluscos.|8402001010101|0|5.40|||||
152|2026-09-16 11:06:04|38|2026|43812|Deep frozen black rice Hacendado Frozen food Rice & pasta Rice|0||21529|40|Congelados|Arroz y pasta|Arroz|Bajadas de precio|Bajadas de precio|Arroz negro Hacendado ultracongelado||0.35|kg|5.71|€/kg|2.00|arroz blanco (59%) (agua, arroz), salsa [agua, caldo  de pescado  y marisco deshidratado (sal, extracto de pescado  y  marisco (crustáceos), especias, tomate, extracto de levadura, azafrán),  tomate concentrado, aceite de orujo de oliva, ajo, cebolla prefrita (cebolla y  aceite refinado de girasol), almidón, vino tinto, tinta de sepia (molusco)  (tinta de sepia, agua, sal, espesante: carboximetilcelulosa sódica), pimentón  dulce, azúcar, harina de cebada malteada (gluten),  pimienta negra, laurel y cúrcuma], calamar (molusco), gamba (crustáceos)  pelada (gamba, agua, sal y regulador de la acidez: citratos de sodio), cebolla  prefrita (cebolla y aceite refinado de girasol). puede contener trazas de leche.|8402001046971|0|2.10|||||
153|2026-09-16 11:06:04|38|2026|43812|Soft drink Coca-Cola Water & soft drinks Cola drinks Classic cola|0||27348|41|Agua y refrescos|Refresco de cola|Cola clásica|Bajadas de precio|Bajadas de precio|Refresco Coca-Cola||4.0|l|1.14|€/l|4.54|agua carbonatada, azúcar, colorante e-150d, acidulante e-338 y aromas naturales (incluyendo cafeína).|5449000034298|0|4.84|||||
154|2026-09-16 11:06:04|38|2026|43812|Soft drink Coca-Cola Water & soft drinks Cola drinks Classic cola|0||27321|42|Agua y refrescos|Refresco de cola|Cola clásica|Bajadas de precio|Bajadas de precio|Refresco Coca-Cola||3.96|l|2.73|€/l|10.80|ingredientes: agua carbonatada, azúcar, colorante e-150d, acidulante ácido fosfórico, aromas naturales y aroma cafeína.|5449000055200|0|11.88|||||
155|2026-09-16 11:06:04|38|2026|43812|Big mineral water Solán de Cabras Water & soft drinks Water Still water|0|Manantial Solan de Cabras|27327|44|Agua y refrescos|Agua|Agua sin gas|Bajadas de precio|Bajadas de precio|Agua mineral grande Solán de Cabras||9.0|l|0.57|€/l|5.10|bicarbonato (284 mg/l), calcio (60 mg/l), magnesio (26.7 mg/l),sodio (4.8 mg/l),potasio  (1.0 mg/l)|8411547001092|0|5.34|||||
156|2026-09-16 11:06:04|38|2026|43812|Lemon isotonic drink zero sugar Aquarius Water & soft drinks Isotonic & energy drinks Isotonic|0||29612|45|Agua y refrescos|Isotónico y energético|Isotónico|Bajadas de precio|Bajadas de precio|Bebida isotónica limón Aquarius zero azúcar||1.5|l|1.13|€/l|1.69|ingredientes: agua, acidulante ácido cítrico, estabilizantes: e-576, e-414 y e-445, potenciadores del sabor: cloruro sódico, fosfato potásico y fosfato cálcico, edulcorantes: acesulfamo k, sucralosa y aspartamo, *sales minerales: gluconato de zinc y seleniato de sodio y aromas. contiene una fuente de fenilalanina.|5449000171771|0|2.10|||||
157|2026-09-16 11:06:04|38|2026|43812|Zero zero soft drink Coca-Cola Water & soft drinks Cola drinks Zero cola|0||26997|46|Agua y refrescos|Refresco de cola|Cola zero|Bajadas de precio|Bajadas de precio|Refresco Coca-Cola zero azúcar zero cafeína||3.96|l|2.58|€/l|10.20|ingredientes: agua carbonatada, colorante e-150d, edulcorantes: ciclamato sódico, acesulfamo k y aspartamo, acidulante ácido fosfórico, aromas naturales, aroma cafeína y corrector de acidez: citratos de sodio.|5449000096197|0|11.16|||||
158|2026-09-16 11:06:05|38|2026|43812|Beef and pork burger Meat Burgers and minced food Burgers|0||2872|47|Carne|Hamburguesas y picadas|Hamburguesas|Bajadas de precio|Bajadas de precio|Burger de vacuno y cerdo||0.54|kg|7.31|€/kg|3.95|carne de vacuno 46%, carne de cerdo 44%, agua, maíz, arroz, fibras vegetales, sal, aromas, especias, conservador (e-221) (sulfito), antioxidantes (e-301 y e-331) y colorante (e-120).|8436021411273|0|4.20|||||
159|2026-09-16 11:06:05|38|2026|43812|Mayonnaise Hellmann's Oils, spices & sauces Mayonnaise, ketchup & mustard Mayonnaise|0|España|35840|48|Aceite especias y salsas|Mayonesa ketchup y mostaza|Mayonesa|Bajadas de precio|Bajadas de precio|Mayonesa Hellmann's||0.45|l|5.89|€/l|2.65|ingredientes: aceite de soja2 (64%), agua, vinagre de vino blanco, yema de huevo pasteurizada (5%), zumo de limón concentrado, extracto de pimentón, azúcar, sal, almidón modificado, antioxidante (edta), aroma, colorante (carotenos). 2cultivado de forma sostenible.|8410127050819|0|2.95|||||
160|2026-09-16 11:06:05|38|2026|43812|Lemon flavored tea soft drink Fuze Tea Water & soft drinks Still & tea soft drinks Tea|0||11688|49|Agua y refrescos|Refresco de té y sin gas|Té|Bajadas de precio|Bajadas de precio|Refresco té sabor limón Fuze Tea||1.5|l|0.99|€/l|1.49|ingredientes: agua, azúcar, correctores de acidez: ácido cítrico y citratos de sodio, extracto de té negro (0,1%), zumo de limón a partir de concentrado (0,1%), antioxidante ácido ascórbico, edulcorantes: acesulfamo k y sucralosa y aromas naturales.|5449000329028|0|1.99|||||
161|2026-09-16 11:06:05|38|2026|43812|Smoked bacon slices Monells Deli & cheese Bacon & sausages Bacon|0||21629|50|Charcutería y quesos|Bacón y salchichas|Bacón|Bajadas de precio|Bajadas de precio|Bacón ahumado Monells lonchas||0.225|kg|9.11|€/kg|2.05|panceta de cerdo (95%), sal, conservadores (e-326, e-243, e-250), dextrosa, jarabe de glucosa, estabilizantes (e-451, e-450), antioxidantes (e-331, e-301), aromas, extracto de especias.|8411477916343|0|2.20|||||
162|2026-09-16 11:06:05|38|2026|43812|Chicken 97% stuffed oven roasted slices La Carloteña Deli & cheese Cooked poultry & ham Turkey & others|0|España|56084|51|Charcutería y quesos|Aves y jamón cocido|Pavo y otros|Bajadas de precio|Bajadas de precio|Pollo 97% relleno La Carloteña asado al horno lonchas||0.15|kg|15.33|€/kg|2.30|pollo (97%), [muslo de pollo (48,6%), pollo deshuesado (40%), pechuga de pollo (8,4%)], almidón, proteinas de la leche, proteina de soja, sal, especias, dextrosa, lactosa, almendra molida, estabilizantes (e-450, e-452, e-407), aromas, antioxidantes (e-301, e-331), conservador (e-250). contiene trazas de otros frutos de cascara y huevo. puede contener restos de cartílagos y/o huesos al proceder de un auténtico pollo deshuesado a mano. sin gluten|8437005669765|0|2.40|||||
163|2026-09-16 11:06:05|38|2026|43812|+Proteínas Dairy dessert with strawberry pieces 0% fat 10 g protein Hacendado Dessert & yoghurt Low fat yoghurt Low fat yoghurt|0||20996|52|Postres y yogures|Yogures desnatados|Yogures desnatados|Bajadas de precio|Bajadas de precio|Postre lácteo con fresa +Proteínas 10 g 0% MG||0.48|kg|3.13|€/kg|1.50|leche desnatada pasteurizada, fresa (9.5%), fructosa, almidón modificado, aroma, espesante: pectinas, edulcorantes: acesulfamo potásico y sucralosa, colorante: carmín, fermentos lácticos.|8480000209962|0|1.55|||||
164|2026-09-16 11:06:05|38|2026|43812|Original flavor potato snack Pringles Snacks Potato crisp & snacks Potato crisp|0|EU|33555|54|Aperitivos|Patatas fritas y snacks|Patatas fritas|Bajadas de precio|Bajadas de precio|Aperitivo de patata sabor original Pringles||0.165|kg|12.12|€/kg|2.00|patatas deshidratadas, aceite de girasol, harina de maíz, harina de trigo, harina de arroz, maltodextrina, emulgente (e471), aceite de colza, sal, colorante (norbixina de annato).|5053990101573|0|2.65|||||
165|2026-09-16 11:06:05|38|2026|43812|Wafer bar covered in milk chocolate Huesitos Sugar, sweets & chocolate Chocolate Bars|0||12526|55|Azúcar caramelos y chocolate|Chocolate|Chocolatinas|Bajadas de precio|Bajadas de precio|Barritas de barquillo Huesitos bañadas de chocolate con leche||0.2|kg|9.75|€/kg|1.95|chocolate conleche (44%)[azúcar, manteca de cacao,lechedesnatada en polvo,pasta de cacao,grasas vegetales (palma, shea), lactosueroen polvo(leche), grasa deleche, pasta deavellanas,emulgentes: lecitina (soja)y e-476, aroma], harina detrigo (gluten), azúcar, grasavegetal de palma,lactosueroen polvo(leche), cacao desgrasado (2,7%), pasta deavellanas, lechedesnatada en polvo, harina de arroz, emulgente: lecitina (soja), gasificante: bicarbonato de sodio, sal y aromas.|8410034075103|0|2.50|||||
166|2026-09-16 11:06:05|38|2026|43812|Sour cream and onion potato snack Pringles Snacks Potato crisp & snacks Potato crisp|0|EU|33556|56|Aperitivos|Patatas fritas y snacks|Patatas fritas|Bajadas de precio|Bajadas de precio|Aperitivo de patata sabor crema agria y cebolla Pringles||0.165|kg|12.12|€/kg|2.00|ingredientes: patatas deshidratadas, aceite de girasol, harina de maíz, harina de trigo, harina de arroz, condimento a base de nata acidificada y cebolla (almidón de trigo, potenciadores del sabor {glutamato de monosodio, guanilato disódico, inosinato disódico}, cebolla en polvo, dextrosa, aceite de girasol, sal, almidón de maíz modificado, aromas {leche}, maltodextrina, azúcar, suero de leche dulce en polvo {leche}, nata acidificada en polvo {leche}, jarabe de glucosa en polvo, acidulantes {ácido cítrico, ácido málico}, proteínas de la leche), maltodextrina, emulgente (e471), aceite de colza, sal, colorante (norbixina de annato).|5053990101597|0|2.65|||||
167|2026-09-16 11:06:05|38|2026|43812|Milk chocolate Milka Sugar, sweets & chocolate Chocolate Milk chocolate|0|Alemania|12151|57|Azúcar caramelos y chocolate|Chocolate|Chocolate con leche|Bajadas de precio|Bajadas de precio|Chocolate con leche Milka||0.15|kg|11.00|€/kg|1.65|ingredientes: azúcar, manteca de cacao, pasta de cacao, leche desnatada en polvo, suero de leche en polvo, grasa de leche, emulgente (lecitinas de soja), pasta de avellana, aroma. cacao: 33 % mínimo. puede contener otros frutos decáscara y trigo.|7622201024277|0|1.95|||||
168|2026-09-16 11:06:06|38|2026|43812|Natural coconut-based dessert no added sugar Alpro Dessert & yoghurt Soy desserts Soy desserts|0||22981|58|Postres y yogures|Postres de soja|Postres de soja|Bajadas de precio|Bajadas de precio|Postre de coco natural Alpro sin azúcares añadidos||0.35|kg|6.57|€/kg|2.30|leche de coco (33%) [crema de coco, agua], agua de coco (33%), agua, almidón modificado, fermentos (s. thermophilus, l. bulgaricus). puede contener trazas de soja. sin lácteos y sin gluten. naturalmente sin lactosa.|5411188131380|0|2.60|||||
169|2026-09-16 11:06:06|38|2026|43812|Semi-skimmed Asturiana Eggs, milk & butter Milk & milk alternatives Semi-skimmed milk|1|España|10531|59|Huevos leche y mantequilla|Leche y bebidas vegetales|Leche semidesnatada|Bajadas de precio|Bajadas de precio|Leche semidesnatada Asturiana||6.0|l|1.09|€/l|6.54|leche semidesnatada de vaca|8410297113673|0|7.02|||Milk, semi-skimmed, UHT|19041|
170|2026-09-16 11:06:06|38|2026|43812|Tropical fruit + Milk Bifrutas Juice Assorted fruit Fruit + milk|1|España|10126|60|Zumos|Fruta variada|Fruta + leche|Bajadas de precio|Bajadas de precio|Fruta + leche tropical Bifrutas||1.2|l|1.67|€/l|2.00|agua, leche desnatada (10%), zumo de frutas 7% (piña y mango a partir de concentrado), azúcar, estabilizante (pectina), aroma, acidulante (ácido cítrico), vitaminas c, e y a, edulcorante (sucralosa) y colorante (carotenos).|8410128276003|0|2.19|"{""letter"": ""C"", ""points"": 5, ""negative_points"": {""negative_points"": 5, ""energy_score"": 2, ""sugars_score"": 3, ""saturated_fats_score"": 0, ""salt_score"": 0, ""non_sweeteners_score"": 0}, ""positive_points"": {""positive_points"": 0, ""proteins_score"": 0, ""fiber_score"": 0, ""fruit_percentage_score"": 0}, ""request_made"": {""Energia"": 91.0, ""sucres"": 4.8, ""greixos_saturats"": 0.0, ""sal"": 0.03, ""sodi"": 0.012, ""fibra"": 0.5, ""proteines"": 0.3, ""fruit_percentage"": 7.0, ""ingredients"": ""agua, leche desnatada (10%), zumo de frutas 7% (pi\u00f1a y mango a partir de concentrado), az\u00facar, estabilizante (pectina), aroma, acidulante (\u00e1cido c\u00edtrico), vitaminas c, e y a, edulcorante (sucralosa) y colorante (carotenos).""}, ""nutriscore_category"": ""BEVERAGES""}"||Still beverage with fruit juice and milk|18343|"{""step1"": ""4"", ""step2"": ""2"", ""qualification"": ""4"", ""category"": ""SWEET""}"
171|2026-09-16 11:06:06|38|2026|43812|Beer Estrella Damm Beer, wine & spirits Beer Beer cans|0|EU|66015|61|Bodega|Cerveza|Cerveza lata|Bajadas de precio|Bajadas de precio|Cerveza Estrella Damm|5.4|3.96|l|2.09|€/l|8.28|agua,malta de cebada, arroz, lúpulo.|50648238532|0|10.44|||||
172|2026-09-16 11:06:06|38|2026|43812|+Proteínas Dairy dessert with blueberries 0% fat 10 g protein Hacendado Dessert & yoghurt Low fat yoghurt Low fat yoghurt|0||21073|63|Postres y yogures|Yogures desnatados|Yogures desnatados|Bajadas de precio|Bajadas de precio|Postre lácteo con arándanos +Proteínas 10 g 0% MG||0.48|kg|3.13|€/kg|1.50|leche desnatada pasteurizada, arándano (7.5%), agua, fructosa, almidón modificado, aromas, espesante: pectinas, edulcorantes: acesulfamo potásico y sucralosa, colorante: antocianas, fermentos lácticos.|8480000210739|0|1.55|||||
173|2026-09-16 11:06:06|38|2026|43812|Fresh cow cheese Burgo de Arias Deli & cheese Spreadable cheese, fresh cheese and specialties Fresh cheese|0|España|51044|64|Charcutería y quesos|Queso untable fresco y especialidades|Queso fresco|Bajadas de precio|Bajadas de precio|Queso fresco de vaca Burgo de Arias||0.216|kg|11.57|€/kg|2.50|leche pasterizada de vaca, cuajo y sal. fabricado en una planta donde también se elaboran productos de leche de cabra. sin gluten|8413100611175|0|3.40|||||
174|2026-09-16 11:06:06|38|2026|43812|Special beer San Miguel Beer, wine & spirits Beer Beer cans|0|España|66026|65|Bodega|Cerveza|Cerveza lata|Bajadas de precio|Bajadas de precio|Cerveza especial San Miguel|5.4|3.96|l|1.36|€/l|5.40|agua, malta de cebada, maíz, lúpulo|8410655000874|0|6.96|||||
175|2026-09-16 11:06:06|38|2026|43812|+Proteínas Dairy dessert Coconut flavour 0% fat 10 g protein Hacendado Dessert & yoghurt Low fat yoghurt Low fat yoghurt|0||52855|66|Postres y yogures|Yogures desnatados|Yogures desnatados|Bajadas de precio|Bajadas de precio|Postre lácteo sabor coco +Proteínas 10 g 0% MG||0.48|kg|3.13|€/kg|1.50|leche desnatada, agua, fructosa, coco rallado (0,7%), almidón modificado, aromas, espesante: pectinas, edulcorantes: acesulfame potásico y sucralosa, fermentos lácticos.|8402001019845|0|1.55|||||
176|2026-09-16 11:06:07|38|2026|43812|Whole milk Asturiana Eggs, milk & butter Milk & milk alternatives Whole milk|1|España|10530|67|Huevos leche y mantequilla|Leche y bebidas vegetales|Leche entera|Bajadas de precio|Bajadas de precio|Leche entera Asturiana||6.0|l|1.24|€/l|7.44|leche entera de vaca|8410297113666|0|7.74|||Milk, whole, UHT|19023|
177|2026-09-16 11:06:07|38|2026|43812|Instant cup noodles Yatekomo chicken flavour Gallina Blanca Rice, pulses & pasta Pasta & noodles Oriental noodles|0||8645|68|Arroz legumbres y pasta|Pasta y fideos|Fideos orientales|Bajadas de precio|Bajadas de precio|Fideos orientales Yatekomo sabor pollo Gallina Blanca||0.18|kg|19.17|€/kg|3.45|fideos orientales (harina de trigo, aceite de girasol, sal) (91,7%), condimento (8,3%)(aromas naturales, sal, zanahoria, fibra de avena, azúcar, ajo, grasa de pollo (0,15%), especias, apio , aroma natural de apio, carne de pollo (0,05%), cebada malteada, puerro, perejil). puede contener trazas desoja, pescado, moluscos, crustáceos, leche, mostaza, huevo. contieneapio.|8410300352914|0|4.10|||||
178|2026-09-16 11:06:07|38|2026|43812|Zero orange soft drink with no added sugar Fanta Water & soft drinks Orange & lemon soft drinks Orange|0||27545|69|Agua y refrescos|Refresco de naranja y de limón|Naranja|Bajadas de precio|Bajadas de precio|Refresco Fanta naranja zero azúcares añadidos||2.0|l|0.80|€/l|1.59|ingredientes: agua carbonatada, 4% zumo de naranja *a partir de concentrado, zumo de limon concentrado, acidulantes: ácido cítrico y ácido málico, edulcorantes: acesulfamo k, aspartamo y sacarina sódica, corrector de acidez: citratos de sodio, conservador sorbato potásico, aromas naturales de naranja y otros aromas naturales, antioxidante ácido ascórbico, estabilizante goma guar y colorante carotenes.  contiene azúcares naturalmente presences en el zumo de naranja y limon.|5449000120984|0|1.85|||||
179|2026-09-16 11:06:07|38|2026|43812|Baked beans in tomato sauce Heinz Pizza & ready meals Hot ready meals Stews|0||26138|71|Pizzas y platos preparados|Platos preparados calientes|Platos de cuchara|Bajadas de precio|Bajadas de precio|Alubias con tomate Heinz||0.415|kg|3.13|€/kg|1.30|alubias (51%), tomate (34%), agua, azúcar, vinagre de alcohol, almidón modificado de maiz, sal, extractos de especias y extracto de plantas aromáticas. sin gluten. contiene legumbres, maíz y cebolla . contiene legumbres|5000157024671|0|1.50|||||
180|2026-09-16 11:06:07|38|2026|43812|Florida drink Sunny delight Water & soft drinks Still & tea soft drinks Other still soft drinks|0||27759|75|Agua y refrescos|Refresco de té y sin gas|Otros refrescos sin gas|Bajadas de precio|Bajadas de precio|Bebida Florida Sunny Delight||1.25|l|1.00|€/l|1.25|agua, zumos de frutas a partir de concentrados 5% (naranja 4,4%, pomelo rojo 0,5% y lima 0,1%), azúcar, acidulante: ácido cítrico, estabilizantes: goma arábiga, e-452i y goma de celulosa, aroma natural de naranja con otros aromas naturales, vitaminas: a (añadida como betacaroteno), b6, c, d y e, edulcorantes: sucralosa y ciclamato sódico.|8414100302643|0|1.50|||||
181|2026-09-16 11:06:07|38|2026|43812|Red peach isotonic drink Aquarius Water & soft drinks Isotonic & energy drinks Isotonic|0||16438|76|Agua y refrescos|Isotónico y energético|Isotónico|Bajadas de precio|Bajadas de precio|Bebida isotónica melocotón rojo Aquarius||1.5|l|1.13|€/l|1.69|ingredientes: agua, azúcar, acidulantes: ácido cítrico y ácido málico, potenciadores del sabor: cloruro sódico, fosfato potásico y fosfato cálcico, corrector de acidez: citrato sódico, antioxidante ácido ascórbico, estabilizantes: e-414 y e-445, gluconato de zinc, edulcorantes: sucralosa y acesulfamo k, aromas naturales de limón y otros aromas naturales .|5449000144881|0|2.10|||||
182|2026-09-16 11:06:07|38|2026|43812|Special beer San Miguel Beer, wine & spirits Beer Beer bottles|0|España|66345|78|Bodega|Cerveza|Cerveza botella y botellín|Bajadas de precio|Bajadas de precio|Cerveza especial San Miguel|5.4|3.0|l|1.60|€/l|4.80|agua, lúpulo, maiz, malta de cebada|8410655010552|0|6.84|||||
183|2026-09-16 11:06:08|38|2026|43812|Blueberry flavour soy dessert Alpro Dessert & yoghurt Soy desserts Soy desserts|0||8179|79|Postres y yogures|Postres de soja|Postres de soja|Bajadas de precio|Bajadas de precio|Postre de soja sabor arándanos Alpro||0.4|kg|5.00|€/kg|2.00|base de soja (84,8%)(agua, habas de soja descascarilladas (9,8%)), azúcar, arándano (5,7%), calcio (citratotricálcico), estabilizante (pectinas), ^zanahoria negra, ^zanahoria y arándano, aroma natural, correctores de acidez (citratos de sodio, ácido cítrico), sal marina, antioxidantes (extracto rico en tocoferoles, ésteres de ácidos grasos del ácido ascórbico), vitaminas b2, b12, d2, fermentos del yogur (s. thermophilus, l. bulgaricus). ^concentrados de. puede contener trazas de frutos de cáscara (no cacahuetes). sin lácteos y sin gluten. naturalmente sin lactosa.|5411188137993|0|2.30|||||
184|2026-09-16 11:06:08|38|2026|43812|Energy Ultra drink zero Monster Water & soft drinks Isotonic & energy drinks Energy|0||28670|80|Agua y refrescos|Isotónico y energético|Energético|Bajadas de precio|Bajadas de precio|Bebida energética Energy Ultra zero azúcar Monster||2.0|l|2.64|€/l|5.28|ingredientes: agua carbonatada, acidulante (ácido cítrico), taurina (0.4%), corrector de acidez (citratos de sodio), aromas, extracto de raíz de panax ginseng (0.08%), edulcorantes (sucralosa, acesulfamo k), conservadores (ácido sórbico, ácido benzoico), cafeína (0.03%), l-carnitina l-tartrato (0.015%), vitaminas (b3, b5, b6, b12), cloruro sódico, d-glucuronolactona, extracto de semilla de guaraná (0.002%), inositol.|5060517883836|0|6.68|||||
185|2026-09-16 11:06:08|38|2026|43812|Diet Coke soft drink Coca-Cola Water & soft drinks Cola drinks Zero cola|0||27184|81|Agua y refrescos|Refresco de cola|Cola zero|Bajadas de precio|Bajadas de precio|Refresco Coca-Cola light||2.97|l|2.48|€/l|7.38|agua carbonatada, colorante e-150d, edulcorantes: ciclamato sódico, acesulfamo k y aspartamo, acidulantes: ácido fosfórico y ácido cítrico, aromas naturales y aroma cafeína.|5449000233011|0|8.37|||||
186|2026-09-16 11:06:08|38|2026|43812|Soy natural dessert with coconut Alpro Dessert & yoghurt Soy desserts Soy desserts|0||52513|82|Postres y yogures|Postres de soja|Postres de soja|Bajadas de precio|Bajadas de precio|Postre de soja sabor natural con coco Alpro||0.4|kg|5.00|€/kg|2.00|base de soja (93,1%) (agua, habas de soja descascarilladas (10,4%)), base de coco (6,2%) (agua, crema de coco (2,9%)), azúcar, calcio (citrato tricálcico), estabilizantes (pectinas), correctores de acidez (citratos de sodio, ácido cítrico), aromas naturales, sal marina, antioxidantes (extracto rico en tocoferoles, ésteres ácidos grasos de ácido ascórbico), vitaminas (b12, d2), fermentos (s. thermophilus, l. bulgaricus). puede contener trazas de frutos de cáscara (no cacahuetes). sin lácteos y sin gluten.|5411188138051|0|2.30|||||
187|2026-09-16 11:06:08|38|2026|43812|Pure chocolate with whole almonds Valor Sugar, sweets & chocolate Chocolate Dark chocolate|0||12130|84|Azúcar caramelos y chocolate|Chocolate|Chocolate negro|Bajadas de precio|Bajadas de precio|Chocolate puro Valor con almendras enteras||0.25|kg|15.80|€/kg|3.95|azúcar, pasta de cacao, almendras (25%), manteca de cacao, emulgente: lecitina (soja), aroma. puede contener: leche y otros frutos de cáscara. cacao: 52% mínimo. sin gluten.|8410109000085|0|4.95|||||
188|2026-09-16 11:06:08|38|2026|43812|+Proteínas Dairy dessert with mango and passion fruit purée 0% fat 10 g protein Hacendado Dessert & yoghurt Low fat yoghurt Low fat yoghurt|0||21151|85|Postres y yogures|Yogures desnatados|Yogures desnatados|Bajadas de precio|Bajadas de precio|Postre lácteo con puré mango y maracuya +Proteínas 10 g 0% MG||0.48|kg|3.13|€/kg|1.50|leche desnatada pasteurizada, agua, mango (4.3%), fructosa, maracuyá (0.8%) almidón modificado, aroma, espesante: pectinas, edulcorantes: acesulfamo potásico y sucralosa, colorante: beta carotenos, fermentos lácticos.|8480000211514|0|1.55|||||
189|2026-09-16 11:06:08|38|2026|43812|Lemon and lime flavour soy dessert Alpro Dessert & yoghurt Soy desserts Soy desserts|0||13917|86|Postres y yogures|Postres de soja|Postres de soja|Bajadas de precio|Bajadas de precio|Postre de soja sabor lima limón Alpro||0.4|kg|5.00|€/kg|2.00|base de soja (84,3%) [agua, habas de soja descascarilladas (9,7%), azúcar], jarabe de glucosa-fructosa, mezcla de limón y lima (3,4%), (zumo de limón a partir de concentrado (1,7%), limón (1,1%), zumo de lima a partir de concentrado (0,6%)), correctores de acidez (ácido cítrico, citratos de sodio), estabilizante (pectinas), calcio (fosfato tricálcico), sal marina, concentrado de zanahoria y calabaza, antioxidante (extracto rico en tocoferoles, ésteres de ácidos grasos del ácido ascórbico), aroma, aroma natural de limón con otros aromas naturales, vitaminas b2, b12, d2, fermentos del yogur (s.thermophilus, l. blgaricus). puede contener trazas de frutos de cáscara (no cacahuetes). sin lácteos y sin gluten naturalmente sin lactosa|5411188138013|0|2.30|||||
190|2026-09-16 11:06:08|38|2026|43812|Big mineral water Viladrau Water & soft drinks Water Still water|0|Manantial FONTALEGRE|27253|87|Agua y refrescos|Agua|Agua sin gas|Bajadas de precio|Bajadas de precio|Agua mineral grande Viladrau||9.0|l|0.37|€/l|3.30|bicarbonato (114 mg/l), calcio (28,5 mg/l), sodio (12,2 mg/l), magnesio (4,2 mg/l), sulfato (11,2 mg/l), cloruro (6 mg/l), residuo seco a 180º (137 mg/l)|8411002101206|0|4.14|||||
191|2026-09-16 11:06:09|38|2026|43812|Semi-skimmed Asturiana Eggs, milk & butter Milk & milk alternatives Semi-skimmed milk|1|España|10712|88|Huevos leche y mantequilla|Leche y bebidas vegetales|Leche semidesnatada|Bajadas de precio|Bajadas de precio|Leche semidesnatada Asturiana||1.0|l|1.09|€/l|1.09|leche semidesnatada|8410297012150|0|1.17|||Milk, semi-skimmed, UHT|19041|
192|2026-09-16 11:06:09|38|2026|43812|Fresh cow cheese 0% fat Burgo de Arias Deli & cheese Spreadable cheese, fresh cheese and specialties Fresh cheese|0|España|51043|89|Charcutería y quesos|Queso untable fresco y especialidades|Queso fresco|Bajadas de precio|Bajadas de precio|Queso fresco 0% MG de vaca Burgo de Arias||0.216|kg|11.57|€/kg|2.50|leche pasterizada desnatada vaca, cuajo y sal, elaborado en una fábrica que utiliza leche de cabra,sin gluten|8413100611182|0|3.40|||||
193|2026-09-16 11:06:09|38|2026|43812|Special beer San Miguel Beer, wine & spirits Beer Beer cans|0|España|27103|90|Bodega|Cerveza|Cerveza lata|Bajadas de precio|Bajadas de precio|Cerveza especial San Miguel|5.4|0.33|l|1.52|€/l|0.50|agua, malta de cebada , maiz, lúpulo|8410655000010|0|0.74|||||
194|2026-09-16 11:06:09|38|2026|43812|Beer Estrella Damm Beer, wine & spirits Beer Beer bottles|0|EU|66016|91|Bodega|Cerveza|Cerveza botella y botellín|Bajadas de precio|Bajadas de precio|Cerveza Estrella Damm|5.4|3.0|l|2.32|€/l|6.96|agua,malta de cebada, arroz, lúpulo.|8410793022943|0|8.40|||||
195|2026-09-16 11:06:09|38|2026|43812|Lemon and lime soft drink Sprite Water & soft drinks Orange & lemon soft drinks Lemon and lime|0||28176|92|Agua y refrescos|Refresco de naranja y de limón|Lima limón|Bajadas de precio|Bajadas de precio|Refresco lima limón Sprite||2.64|l|1.52|€/l|4.00|ingredientes: agua carbonatada, azúcar, correctores de acidez: ácido cítrico (e-330) y citratos de sodio (e-331), edulcorantes: acesulfamo k (e-950), aspartamo y neohesperidina dc (e-959) y aromas naturales de limón y lima. contiene una fuente de fenilalanina.|5449000226785|0|4.88|||||
196|2026-09-16 11:06:09|38|2026|43812|Milk chocolate whole almonds Valor Sugar, sweets & chocolate Chocolate Milk chocolate|0||12107|93|Azúcar caramelos y chocolate|Chocolate|Chocolate con leche|Bajadas de precio|Bajadas de precio|Chocolate con leche Valor almendras enteras||0.25|kg|15.80|€/kg|3.95|azúcar, almendra (25%), manteca de cacao, pasta de cacao, leche en polvo, lactosuero en polvo (leche), emulgente: lecitina de soja, aromas. puede contener trazas de avellana.|8410109000078|0|4.95|||||
197|2026-09-16 11:06:09|38|2026|43812|Natural probiotics bifidus 0% fat 0% added sugars Activia Dessert & yoghurt Bífidus Natural bifidus|0||23477|94|Postres y yogures|Bífidus|Bífidus naturales|Bajadas de precio|Bajadas de precio|Bífidus natural probióticos Activia 0% MG  0% azúcares añadidos||0.96|kg|3.44|€/kg|3.30|leche desnatada, leche en polvo, bifidobacterias y fermentos lácticos y gelatina. origen de la leche: españa.|8410500008871|0|3.99|||||
198|2026-09-16 11:06:10|38|2026|43812|Natural probiotics bifidus with artificial sweeteners 0% fat 0% added sugars Activia Dessert & yoghurt Bífidus Natural bifidus|0||23476|95|Postres y yogures|Bífidus|Bífidus naturales|Bajadas de precio|Bajadas de precio|Bífidus natural edulcorado probióticos Activia 0% MG 0% azúcares añadidos||0.96|kg|3.44|€/kg|3.30|leche parcialmente desnatada pasteurizada, leche desnatada en polvo, gelatina, bifidobacterias y fermentos lácticos y edulcorantes (acesulfamo k y sucralosa).|8410500014421|0|3.99|||||
199|2026-09-16 11:06:10|38|2026|43812|Whole milk Asturiana Eggs, milk & butter Milk & milk alternatives Whole milk|1|España|10617|96|Huevos leche y mantequilla|Leche y bebidas vegetales|Leche entera|Bajadas de precio|Bajadas de precio|Leche entera Asturiana||1.0|l|1.24|€/l|1.24|leche entera|8410297112010|0|1.29|||Milk, whole, UHT|19023|
200|2026-09-16 11:06:10|38|2026|43812|Orange soft drink Fanta Water & soft drinks Orange & lemon soft drinks Orange|0||17542|97|Agua y refrescos|Refresco de naranja y de limón|Naranja|Bajadas de precio|Bajadas de precio|Refresco Fanta naranja||4.0|l|0.75|€/l|2.98|ingredientes: agua carbonatada, 5% zumo de naranja *a partir de concentrado, azúcar, acidulantes: ácido cítrico y ácido málico, estabilizantes: e-414, e-444, e-445 y e-412, edulcorantes: e-950 y aspartamo, corrector de acidez: citratos de sodio, conservador: e-202, aromas naturales de naranja y otros aromas naturales, colorante carotenos y antioxidante ácido ascórbico.|5449000350923|0|3.60|||||
201|2026-09-16 11:06:10|38|2026|43812|Lemon and lime soft drink Sprite Water & soft drinks Orange & lemon soft drinks Lemon and lime|0||27845|98|Agua y refrescos|Refresco de naranja y de limón|Lima limón|Bajadas de precio|Bajadas de precio|Refresco lima limón Sprite||0.33|l|1.67|€/l|0.55|ingredientes: agua carbonatada, azúcar, correctores de acidez: ácido cítrico (e-330) y citratos de sodio (e-331), edulcorantes: acesulfamo k (e-950), aspartamo y neohesperidina dc (e-959) y aromas naturales de limón y lima. contiene una fuente de fenilalanina.|5449000205520|0|0.65|||||
202|2026-09-16 11:06:10|38|2026|43812|Cured pancetta without rind slices La Selva Deli & cheese Bacon & sausages Bacon|0|España|29606|99|Charcutería y quesos|Bacón y salchichas|Bacón|Bajadas de precio|Bajadas de precio|Panceta curada sin corteza La Selva lonchas||0.2|kg|12.50|€/kg|2.50|panceta de cerdo, sal, azúcar, conservadores (e262, e252, e250), especias, extractos de especias.|8410973583363|0|2.65|||||
203|2026-09-16 11:06:10|38|2026|43812|Beer Estrella Damm Beer, wine & spirits Beer Beer cans|0|EU|27134|100|Bodega|Cerveza|Cerveza lata|Bajadas de precio|Bajadas de precio|Cerveza Estrella Damm|5.4|0.33|l|2.27|€/l|0.75|agua,malta de cebada, arroz, lúpulo.|8410793026132|0|0.89|||||
204|2026-09-16 11:06:10|38|2026|43812|Melted cheese with breadsticks La vaca que ríe Deli & cheese Sliced, grated & portioned cheese Cheese portions|0|Francia|51068|101|Charcutería y quesos|Queso lonchas rallado y en porciones|Queso en porciones|Bajadas de precio|Bajadas de precio|Queso fundido con palitos La vaca que ríe||0.14|kg|16.79|€/kg|2.35|@queso@ fundido (19.5% de materia grasa) (71,4%): @leche@ desnatada rehidratada, @quesos@, @mantequilla@, concentrado de minerales @lácteos@, proteínas de la @leche@, sales de fundido (polifosfatos), concentrado de @suero láctico@. bastoncitos de pan (28,6%): harina de @trigo@, aceite de girasol, malta de @cebada@, sal, levadura. puede contener trazas de sésamo. se utilizan 102 g de harina de @trigo@ para fabricar 100g de bastoncitos de pan.|3073780810661|0|2.59|||||
205|2026-09-16 11:06:10|38|2026|43812|Thin delicate Crisp Toasted Bread with Sesame and Sea Salt Wasa Bread & bakery Toasted bread & breadcrumbs Toasted bread|0||17572|102|Panadería y pastelería|Pan tostado y rallado|Pan tostado|Bajadas de precio|Bajadas de precio|Pan tostado fino con sésamo y sal marina Delicate Crisp Wasa||0.19|kg|7.37|€/kg|1.40|harina de trigo integral, harina de trigo, granos de sésamo (13%), aceite de colza, sal marina (1,4%), extracto de malta decebada, sal, levadura, antioxidante: extractos de romero.|7300400482615|0|1.80|||||
206|2026-09-16 11:06:10|38|2026|43812|Mango flavour soy dessert with no added sugar Alpro Dessert & yoghurt Soy desserts Soy desserts|0||21369|104|Postres y yogures|Postres de soja|Postres de soja|Bajadas de precio|Bajadas de precio|Postre de soja sabor mango Alpro sin azúcares añadidos||0.4|kg|5.75|€/kg|2.30|base de soja (agua, habas de soja descascarilladas (9,7%)), mango (17,7%) (zumo a partir de concentrado (11%), fruta(6,7%)), citrato tricálcico, estabilizante (pectinas), correctores de acidez (citratos de sodio, ácido cítrico), aroma natural,almidón modificado, sal marina, antioxidantes (extracto rico en tocoferoles, ésteres ácidos grasos de ácido ascórbico),vitaminas (b2, b12, d), extracto de calabaza, extracto de zanahorias, fermentos (s. thermophilus, l. bulgaricus). naturalmente sin lactosa y sin gluten.|5411188125808|0|2.60|||||
207|2026-09-16 11:06:11|38|2026|43812|Energy drink Monster Water & soft drinks Isotonic & energy drinks Energy|0||28664|105|Agua y refrescos|Isotónico y energético|Energético|Bajadas de precio|Bajadas de precio|Bebida energética Energy Monster||2.0|l|2.88|€/l|5.76|ingredientes: agua carbonatada, sacarosa, jarabe de glucosa, acidulante (ácido cítrico), aromas, taurina (0.4%), corrector de acidez (citratos de sodio), extracto de raíz de panax ginseng (0.08%), l-carnitina l-tartrato (0.04%), conservadores (ácido sórbico, ácido benzoico), cafeína (0.03%), colorante (antocianinas), vitaminas (b3, b6, b2, b12), edulcorante (sucralosa), cloruro sódico, d-glucuronolactona, extracto de semilla de guaraná (0.002%), inositol, maltodextrina.|5060517883805|0|7.08|||||
208|2026-09-16 11:06:11|38|2026|43812|Instant cup noodles Yatekomo chicken flavour Gallina Blanca Rice, pulses & pasta Pasta & noodles Oriental noodles|0|España|8618|106|Arroz legumbres y pasta|Pasta y fideos|Fideos orientales|Bajadas de precio|Bajadas de precio|Fideos orientales Yatekomo sabor pollo Gallina Blanca||0.06|kg|23.33|€/kg|1.40|fideos orientales (harina de trigo, aceite de girasol, sal) (91,7%), condimento (8,3%)(aromas naturales, sal, zanahoria, fibra de avena, azúcar, ajo, grasa de pollo (0,15%), especias, apio , aroma natural de apio, carne de pollo (0,05%), cebada malteada, puerro, perejil). puede contener trazas de soja, pescado, moluscos, crustáceos, leche, mostaza, huevo. contiene apio.|8410300349952|0|1.65|||||
209|2026-09-16 11:06:11|38|2026|43812|Frizzante verdejo white DulZ.Ze Beer, wine & spirits Lambrusco & sparkling wine Lambrusco & sparkling wine|0||23972|108|Bodega|Vino lambrusco y espumoso|Vino lambrusco y espumoso|Bajadas de precio|Bajadas de precio|Frizzante blanco verdejo DulZ.Ze|5.5|0.33|l|2.27|€/l|0.75|vino (uvas, conservador: anhídrido sulfuroso (sulfitos)), mosto de uva, agente estabilizante: ácido metatartárico, dioxido de carbono.|8402001053801|0|0.95|||||
210|2026-09-16 11:06:11|38|2026|43812|Mango Loco energy drink Monster Water & soft drinks Isotonic & energy drinks Energy|0||13815|110|Agua y refrescos|Isotónico y energético|Energético|Bajadas de precio|Bajadas de precio|Bebida energética Mango Loco Monster||2.0|l|2.88|€/l|5.76|ingredientes: agua carbonatada, zumo de frutas a base de concentrado (9%) (mango, guayaba, uva blanca, manzana, piña, naranja, albaricoque, melocotón, fruta de la pasión, limón), sacarosa, jarabe de glucosa, acidulantes (ácido cítrico, ácido málico), taurina (0.4%), aromas, correctores de acidez (citratos de potasio, citratos de sodio), conservadores (sorbato potásico, benzoato sódico), cafeína (0.03%), colorante (carotenos), edulcorante (sucralosa), vitaminas (b3, b6, b2, b12), estabilizantes (goma xantana, alginato sódico, goma arábiga), l-carnitina l-tartrato (0.004%), inositol (0.002%), concentrados de frutas y verduras (uva, zanahoria, boniato).|5060751213130|0|7.08|||||
211|2026-09-16 11:06:11|38|2026|43812|Sangria Rosé Casón Histórico Beer, wine & spirits Tinto de verano & sangria Tinto de verano & sangria|0||24530|112|Bodega|Tinto de verano y sangría|Tinto de verano y sangría|Bajadas de precio|Bajadas de precio|Sangría Rosé Casón Histórico|7.0|0.33|l|2.12|€/l|0.70|vino rosado (uvas, conservador: sulfitos), agua, azúcar, acidulante: ácido cítrico, extractos naturales de cítricos y de canela.|8402001053832|0|0.90|||||
212|2026-09-16 11:06:11|38|2026|43812|Energy Ultra drink zero Monster Water & soft drinks Isotonic & energy drinks Energy|0||28119|114|Agua y refrescos|Isotónico y energético|Energético|Bajadas de precio|Bajadas de precio|Bebida energética Energy Ultra zero azúcar Monster||0.5|l|2.90|€/l|1.45|ingredientes: agua carbonatada, acidulante (ácido cítrico), taurina (0.4%), corrector de acidez (citratos de sodio), aromas, extracto de raíz de panax ginseng (0.08%), edulcorantes (sucralosa, acesulfamo k), conservadores (ácido sórbico, ácido benzoico), cafeína (0.03%), l-carnitina l-tartrato (0.015%), vitaminas (b3, b5, b6, b12), cloruro sódico, d-glucuronolactona, extracto de semilla de guaraná (0.002%), inositol.|5060337501316|0|1.79|||||
213|2026-09-16 11:06:11|38|2026|43812|8 Cereals baby food with María biscuit +6 months Nestlé Baby Baby food Porridge|0|España|35602|115|Bebé|Alimentación infantil|Papillas|Bajadas de precio|Bajadas de precio|Papilla 8 cereales con galleta María Nestlé +6 meses||0.725|kg|6.83|€/kg|4.95|cereales (78,7%) [harinas de trigo hidrolizada, trigo integral (12,6%), avena integral (6%), cebada, centeno, maíz, espelta, arroz, triticale], galleta molida (15,4%) (harina de trigo y leche en polvo), leche en polvo (5,2%), sales minerales (calcio, hierro, zinc y yodo), vitaminas (c, e, b3, b1, a, b6, ácido fólico y d), aromas.|8445290686879|0|5.75|||||
214|2026-09-16 11:06:12|38|2026|43812|Tostada beer Turia Beer, wine & spirits Beer Beer cans|0||60600|117|Bodega|Cerveza|Cerveza lata|Bajadas de precio|Bajadas de precio|Cerveza tostada Turia|5.4|3.96|l|2.09|€/l|8.28|agua,malta de cebada, arroz, lúpulo.|8413194098531|0|10.20|||||
215|2026-09-16 11:06:12|38|2026|43812|Wafer bar covered in milk chocolate Kit-kat Sugar, sweets & chocolate Chocolate Bars|0||16285|119|Azúcar caramelos y chocolate|Chocolate|Chocolatinas|Bajadas de precio|Bajadas de precio|Barritas de barquillo Kit-Kat bañadas de chocolate con leche||0.1245|kg|15.66|€/kg|1.95|azúcar, harina de trigo (contiene calcio, hierro, tiamina y niacina), pasta de cacao', manteca de cacao', leche en polvo, grasas vegetales (palma, shea,palmiste, sal), leche desnatada en polvo, suero de leche filtrado en polvo, emulgente (lecitinas), levadura, gasificante (carbonatos de sodio), jarabe de glucosa, grasa láctea anhidra, suero de leche en polvo, aromas naturales.|8445291354548|0|2.30|||||
216|2026-09-16 11:06:12|38|2026|43812|Soft beer Xibeca Damm Beer, wine & spirits Beer Beer bottles|0|EU|27144|121|Bodega|Cerveza|Cerveza botella y botellín|Bajadas de precio|Bajadas de precio|Cerveza suave Xibeca Damm|4.6|1.0|l|1.41|€/l|1.41|agua,malta de cebada, maíz, arroz, lúpulo.|8410793013118|0|1.73|||||
217|2026-09-16 11:06:12|38|2026|43812|Mango Loco energy drink Monster Water & soft drinks Isotonic & energy drinks Energy|0||13814|122|Agua y refrescos|Isotónico y energético|Energético|Bajadas de precio|Bajadas de precio|Bebida energética Mango Loco Monster||0.5|l|3.10|€/l|1.55|ingredientes: agua carbonatada, zumo de frutas a base de concentrado (9%) (mango, guayaba, uva blanca, manzana, piña, naranja, albaricoque, melocotón, fruta de la pasión, limón), sacarosa, jarabe de glucosa, acidulantes (ácido cítrico, ácido málico), taurina (0.4%), aromas, correctores de acidez (citratos de potasio, citratos de sodio), conservadores (sorbato potásico, benzoato sódico), cafeína (0.03%), colorante (carotenos), edulcorante (sucralosa), vitaminas (b3, b6, b2, b12), estabilizantes (goma xantana, alginato sódico, goma arábiga), l-carnitina l-tartrato (0.004%), inositol (0.002%), concentrados de frutas y verduras (uva, zanahoria, boniato).|5060639121915|0|1.89|||||
218|2026-09-16 11:06:12|38|2026|43812|8 Cereals baby food with honey +6 months Nestlé Baby Baby food Porridge|0|España|35601|123|Bebé|Alimentación infantil|Papillas|Bajadas de precio|Bajadas de precio|Papilla 8 cereales con miel Nestlé +6 meses||0.725|kg|6.83|€/kg|4.95|cereales (87,2%) [harinas de trigo hidrolizada, trigo integral (10,5%), avena integral (5%), cebada, centeno, maíz, espelta, arroz y triticale], miel (9,4%), aceites vegetales (girasol alto oleico, girasol y nabina), sales minerales (calcio, hierro, zinc y yodo), vitaminas (c, e, b3, b1, a, b6, ácido fólico y d), aroma.|8445290686848|0|5.75|||||
219|2026-09-16 11:06:12|38|2026|43812|Energy drink Monster Water & soft drinks Isotonic & energy drinks Energy|0||28016|124|Agua y refrescos|Isotónico y energético|Energético|Bajadas de precio|Bajadas de precio|Bebida energética Energy Monster||0.5|l|3.10|€/l|1.55|ingredientes: agua carbonatada, sacarosa, jarabe de glucosa, acidulante (ácido cítrico), aromas, taurina (0.4%), corrector de acidez (citratos de sodio), extracto de raíz de panax ginseng (0.08%), l-carnitina l-tartrato (0.04%), conservadores (ácido sórbico, ácido benzoico), cafeína (0.03%), colorante (antocianinas), vitaminas (b3, b6, b2, b12), edulcorante (sucralosa), cloruro sódico, d-glucuronolactona, extracto de semilla de guaraná (0.002%), inositol, maltodextrina.|5060166690380|0|1.89|||||
220|2026-09-16 11:06:12|38|2026|43812|Soft beer Xibeca Damm Beer, wine & spirits Beer Beer bottles|0|EU|60333|126|Bodega|Cerveza|Cerveza botella y botellín|Bajadas de precio|Bajadas de precio|Cerveza suave Xibeca Damm|4.6|6.0|l|1.41|€/l|8.46|agua,malta de cebada, maíz, arroz, lúpulo.|8410793013316|0|10.38|||||
221|2026-09-16 11:06:12|38|2026|43812|Tostada beer Turia Beer, wine & spirits Beer Beer cans|0|EU|60980|129|Bodega|Cerveza|Cerveza lata|Bajadas de precio|Bajadas de precio|Cerveza tostada Turia|5.4|0.33|l|2.18|€/l|0.72|agua,malta de cebada, arroz, lúpulo.|8413194096131|0|0.87|||||
222|2026-09-16 11:06:12|38|2026|43812|Strawberry Energy Ultra drink zero Monster Water & soft drinks Isotonic & energy drinks Energy|0||16440|130|Agua y refrescos|Isotónico y energético|Energético|Bajadas de precio|Bajadas de precio|Bebida energética Strawberry Energy Ultra zero azúcar Monster||0.5|l|2.90|€/l|1.45|ingredientes: agua carbonada, potenciador del sabor (eritritol), ácido (ácido cítrico), taurina (0,4%), regulador de acidez (citratos de sodio), aroma natural de fresa con otros aromas naturales, extracto de raíz de panax ginseng (0,08%), conservantes (sorbato de potasio, benzoato de sodio), cafeína (0,03%), edulcorantes (sucralosa, acesulfame k), l-carnitina l-tartrato (0,015%), vitaminas (b3, b5, b6, b12), estabilizante (ésteres glicerol de resinas de madera), extracto de semilla de guaraná (0,002%), inositol, colorantes (e129, e110, e133).|5056784900826|0|1.79|||||
223|2026-09-16 11:06:13|38|2026|43812|Skimmed milk Asturiana Eggs, milk & butter Milk & milk alternatives Skimmed milk|1|España|10532|131|Huevos leche y mantequilla|Leche y bebidas vegetales|Leche desnatada|Bajadas de precio|Bajadas de precio|Leche desnatada Asturiana||6.0|l|1.06|€/l|6.36|leche desnatada de vaca|8410297113680|0|6.78|||Milk, skimmed, UHT|19050|
224|2026-09-16 11:06:13|38|2026|43812|Hake and shrimp preparation Seafood & fish Fresh fish Other|0||27548|133|Marisco y pescado|Pescado fresco|Otros|Bajadas de precio|Bajadas de precio|Elaborado de merluza y langostino||0.2|kg|14.75|€/kg|2.95|62% merluza (pescado), 11% langostino ((crustáceo), agua, sal, antioxidantes e330, e331, estabilizante e451, e452), harina de arroz, aceite refinado de girasol, fibras vegetales, almidón, azúcar, corrector de la acidez (vinagre tamponado), especias (perejil y ajo) y aromas. puede contener trazas de huevos y derivados, moluscos y derivados y sulfitos.|8480000275486|0|3.30|||||
225|2026-09-16 11:06:13|38|2026|43812|Mango flavored frizzante Piccolo Giovanni Beer, wine & spirits Lambrusco & sparkling wine Lambrusco & sparkling wine|0||23967|134|Bodega|Vino lambrusco y espumoso|Vino lambrusco y espumoso|Bajadas de precio|Bajadas de precio|Frizzante sabor mango Piccolo Giovanni|3.9|0.75|l|2.67|€/l|2.00|agua, vino (uvas, conservador: anhídrido sulfuroso (sulfitos)), azúcar, acidulante: ácido cítrico, dióxido de carbono, aromas y colorantes: e-102 y e-110.|8402001053818|0|2.35|||||
226|2026-09-16 11:06:13|38|2026|43812|Skimmed milk Asturiana Eggs, milk & butter Milk & milk alternatives Skimmed milk|1|España|10801|136|Huevos leche y mantequilla|Leche y bebidas vegetales|Leche desnatada|Bajadas de precio|Bajadas de precio|Leche desnatada Asturiana||1.0|l|1.06|€/l|1.06|leche desnatada|8410297012105|0|1.13|||Milk, skimmed, UHT|19050|
227|2026-09-16 11:06:13|38|2026|43812|Omega 3 dairy drink with skimmed milk Puleva Eggs, milk & butter Milk & milk alternatives Skimmed milk|1|España|10146|137|Huevos leche y mantequilla|Leche y bebidas vegetales|Leche desnatada|Bajadas de precio|Bajadas de precio|Bebida láctea Omega 3 Puleva con leche desnatada||6.0|l|1.69|€/l|10.14|leche desnatada (80%), permeado de leche reconstituido, aceites vegetales (girasol alto oleico y oliva (0,05%)), emulgentes (lecitinas (soja)) y ésteres cítricos de monoglicéridos y diglicéridos), aceite de pescado azul, estabilizantes (citrato tripotásico, trifosfato pentasódico), vitaminas (a, b6, ácido fólico, c, d, e y b12), antioxidantes (extracto rico en tocoferoles y palmitato de ascorbilo), extracto de té verde (0,005%), extracto de uva (0,001%)|8411700811117|0|11.34|"{""letter"": ""B"", ""points"": -1, ""negative_points"": {""negative_points"": 6, ""energy_score"": 3, ""sugars_score"": 3, ""saturated_fats_score"": 0, ""salt_score"": 0, ""non_sweeteners_score"": 0}, ""positive_points"": {""positive_points"": 7, ""proteins_score"": 7, ""fiber_score"": 0, ""fruit_percentage_score"": 0}, ""request_made"": {""Energia"": 185.0, ""sucres"": 4.8, ""greixos_saturats"": 0.2, ""sal"": 0.18, ""sodi"": 0.072, ""fibra"": 0.0, ""proteines"": 4.4, ""fruit_percentage"": 0.0, ""ingredients"": ""leche desnatada (80%), permeado de leche reconstituido, aceites vegetales (girasol alto oleico y oliva (0,05%)), emulgentes (lecitinas (soja)) y \u00e9steres c\u00edtricos de monoglic\u00e9ridos y diglic\u00e9ridos), aceite de pescado azul, estabilizantes (citrato tripot\u00e1sico, trifosfato pentas\u00f3dico), vitaminas (a, b6, \u00e1cido f\u00f3lico, c, d, e y b12), antioxidantes (extracto rico en tocoferoles y palmitato de ascorbilo), extracto de t\u00e9 verde (0,005%), extracto de uva (0,001%)""}, ""nutriscore_category"": ""BEVERAGES""}"||Milk, skimmed, UHT|19050|"{""step1"": ""2"", ""step2"": ""2"", ""qualification"": ""2"", ""category"": ""SWEET""}"
228|2026-09-16 11:06:13|38|2026|43812|Omega 3 dairy drink with skimmed milk Puleva Eggs, milk & butter Milk & milk alternatives Skimmed milk|1|España|10884|138|Huevos leche y mantequilla|Leche y bebidas vegetales|Leche desnatada|Bajadas de precio|Bajadas de precio|Bebida láctea Omega 3 Puleva con leche desnatada||1.0|l|1.69|€/l|1.69|leche desnatada (80%), permeado de leche reconstituido, aceites vegetales (girasol alto oleico y oliva (0,05%)), emulgentes (lecitinas (soja)) y ésteres cítricos de monoglicéridos y diglicéridos), aceite de pescado azul, estabilizantes (citrato tripotásico, trifosfato pentasódico), vitaminas (a, b6, ácido fólico, c, d, e y b12), antioxidantes (extracto rico en tocoferoles y palmitato de ascorbilo), extracto de té verde (0,005%), extracto de uva (0,001%)|8411700011111|0|1.89|||Milk, skimmed, UHT|19050|
229|2026-09-16 11:06:13|38|2026|43812|Chicken and beef with vegetables baby food +6 months Hero Solo Baby Baby food Savoury pots|0|España|9058|140|Bebé|Alimentación infantil|Tarritos salados|Bajadas de precio|Bajadas de precio|Papilla verduritas con pollo y ternera Hero Solo +6 meses||0.235|kg|7.66|€/kg|1.80|verduras y legumbres (45%) (zanahoria (14%), judías verdes (10%), tomate (9%), cebolla, guisantes, brócoli (3%)), patata (27%), agua de cocción, carne de pollo (6%), carne de ternera (2%), aceite de oliva virgen extra (2%).|8410175050021|0|1.85|||||
230|2026-09-16 11:06:13|38|2026|43812|Omega-3 nuts skim milk drink Puleva Eggs, milk & butter Milk & milk alternatives Skimmed milk|1|España|10282|142|Huevos leche y mantequilla|Leche y bebidas vegetales|Leche desnatada|Bajadas de precio|Bajadas de precio|Bebida láctea Omega 3 Puleva con nueces y leche desnatada||1.0|l|1.69|€/l|1.69|leche desnatada (80%), permeado de leche reconstituido, aceites vegetales (girasol alto oleico y oliva (0,05%)), emulgentes (lecitinas (soja)) y ésteres cítricos de monoglicéridos y diglicéridos), estabilizantes (citrato tripotásico, e-460 y e-466), aceite de pescado azul, colorante (e-150c), preparado de nuez en polvo (0,04% de nuez), fosfato tricálcico, aroma, vitaminas (a, b6, ácido fólico, c, d, e y b12), extracto de té verde (0,005%), extracto de uva (0,001%) y edulcorante (sucralosa)|8411700011302|0|1.95|"{""letter"": ""B"", ""points"": 0, ""negative_points"": {""negative_points"": 6, ""energy_score"": 3, ""sugars_score"": 3, ""saturated_fats_score"": 0, ""salt_score"": 0, ""non_sweeteners_score"": 0}, ""positive_points"": {""positive_points"": 6, ""proteins_score"": 6, ""fiber_score"": 0, ""fruit_percentage_score"": 0}, ""request_made"": {""Energia"": 208.0, ""sucres"": 4.4, ""greixos_saturats"": 0.5, ""sal"": 0.1, ""sodi"": 0.04, ""fibra"": 0, ""proteines"": 2.8, ""fruit_percentage"": 0.0, ""ingredients"": ""leche desnatada (80%), permeado de leche reconstituido, aceites vegetales (girasol alto oleico y oliva (0,05%)), emulgentes (lecitinas (soja)) y \u00e9steres c\u00edtricos de monoglic\u00e9ridos y diglic\u00e9ridos), estabilizantes (citrato tripot\u00e1sico, e-460 y e-466), aceite de pescado azul, colorante (e-150c), preparado de nuez en polvo (0,04% de nuez), fosfato tric\u00e1lcico, aroma, vitaminas (a, b6, \u00e1cido f\u00f3lico, c, d, e y b12), extracto de t\u00e9 verde (0,005%), extracto de uva (0,001%) y edulcorante (sucralosa)""}, ""nutriscore_category"": ""BEVERAGES""}"||Milk, skimmed, UHT|19050|"{""step1"": ""4"", ""step2"": ""2"", ""qualification"": ""4"", ""category"": ""SWEET""}"
231|2026-09-16 11:06:13|38|2026|43812|Johnnie Walker Scotch whisky Red Label Beer, wine & spirits Spirits Whiskey|0||28610|143|Bodega|Licores|Whisky|Bajadas de precio|Bajadas de precio|Whisky escocés Red Label Johnnie Walker|40.0|0.7|l|20.93|€/l|14.65||5000267014203|0|16.00|||||
232|2026-09-16 11:06:14|38|2026|43812|Max energy and growth milk drink with cereals Puleva Eggs, milk & butter Milk & milk alternatives Children's milk|1|España|10820|144|Huevos leche y mantequilla|Leche y bebidas vegetales|Leche Infantil|Bajadas de precio|Bajadas de precio|Bebida láctea con cereales crecimiento y desarrollo Puleva Max||6.0|l|1.59|€/l|9.54|leche parcialmente desnatada (0,8% m.g), agua, cereales hidrolizados 4% (trigo, arroz, maíz, avena, cebada, centeno, triticale y espelta), azúcar, aceites vegetales (girasol alto oleico y oliva),emulgentes (e-472c y lecitinas (soja)), sales minerales (fosfaro tricálcico, citrato magnésico, pirofosfato férrico y sulfato de zinc), aceite de pescado azul rico en dha, estabilizantes (e-339ii, carragenato, celulosa y goma celulosa), antioxidantes (tocoferol y palminato de ascorbilo), fructosa, vitaminas (a, b1, b2, b3, b5, b6, b8,b12, c, d, e y k) y aroma.|8411700603613|0|11.34|||Baby milk, growing-up milk, ready to drink|19012|
233|2026-09-16 11:06:14|38|2026|43812|Big mineral water Viladrau Water & soft drinks Water Still water|0|Manantial FONTALEGRE|27221|145|Agua y refrescos|Agua|Agua sin gas|Bajadas de precio|Bajadas de precio|Agua mineral grande Viladrau||1.5|l|0.37|€/l|0.55|bicarbonato (114 mg/l), calcio (28,5 mg/l), sodio (12,2 mg/l), magnesio (4,2 mg/l), sulfato (11,2 mg/l), cloruro (6 mg/l), residuo seco a 180º (137 mg/l)|8411002101305|0|0.69|||||
234|2026-09-16 11:06:14|38|2026|43812|Max growth and development milk drink Puleva Eggs, milk & butter Milk & milk alternatives Children's milk|1|España|10781|146|Huevos leche y mantequilla|Leche y bebidas vegetales|Leche Infantil|Bajadas de precio|Bajadas de precio|Bebida láctea con cereales crecimiento y desarrollo Puleva Max||1.0|l|1.59|€/l|1.59|leche parcialmente desnatada (0,8% m.g), agua, cereales hidrolizados 4% (trigo, arroz, maíz, avena, cebada, centeno, triticale y espelta), azúcar, aceites vegetales (girasol alto oleico y oliva),emulgentes (e-472c y lecitinas (soja)), sales minerales (fosfaro tricálcico, citrato magnésico, pirofosfato férrico y sulfato de zinc), aceite de pescado   azul rico en dha, estabilizantes (e-339ii, carragenato, celulosa y goma   celulosa), antioxidantes (tocoferol y palminato de ascorbilo),   fructosa, vitaminas (a, b1, b2, b3, b5, b6, b8,b12, c, d, e y k) y   aroma.|8411700010121|0|1.89|||Baby milk, growing-up milk, ready to drink|19012|
235|2026-09-16 11:06:14|38|2026|43812|Original tonic Schweppes Water & soft drinks Tonic & bitter Tonic & bitter|0||16461|148|Agua y refrescos|Tónica y bitter|Tónica y bitter|Bajadas de precio|Bajadas de precio|Tónica original Schweppes||1.0|l|1.80|€/l|1.80|agua, azúcar, anhídrido carbónico, acidulante: ácido cítrico, aromas naturales, edulcorantes: ciclamato sódico y sacarina sódica, aroma quinina.|8414100381631|0|1.99|||||
236|2026-09-16 11:06:14|38|2026|43812|Omega 3 dairy drink with nuts and skimmed milk Puleva Eggs, milk & butter Milk & milk alternatives Skimmed milk|1|España|10281|149|Huevos leche y mantequilla|Leche y bebidas vegetales|Leche desnatada|Bajadas de precio|Bajadas de precio|Bebida láctea Omega 3 Puleva con nueces y leche desnatada||6.0|l|1.69|€/l|10.14|leche desnatada (80%), permeado de leche reconstituido, aceites vegetales (girasol alto oleico y oliva (0,05%)), emulgentes (lecitinas (soja)) y ésteres cítricos de monoglicéridos y diglicéridos), estabilizantes (citrato tripotásico, e-460 y e-466), aceite de pescado azul, colorante (e-150c), preparado de nuez en polvo (0,04% de nuez), fosfato tricálcico, aroma, vitaminas (a, b6, ácido fólico, c, d, e y b12), extracto de té verde (0,005%), extracto de uva (0,001%) y edulcorante (sucralosa)|8411700911305|0|11.70|"{""letter"": ""B"", ""points"": 0, ""negative_points"": {""negative_points"": 6, ""energy_score"": 3, ""sugars_score"": 3, ""saturated_fats_score"": 0, ""salt_score"": 0, ""non_sweeteners_score"": 0}, ""positive_points"": {""positive_points"": 6, ""proteins_score"": 6, ""fiber_score"": 0, ""fruit_percentage_score"": 0}, ""request_made"": {""Energia"": 208.0, ""sucres"": 4.4, ""greixos_saturats"": 0.5, ""sal"": 0.1, ""sodi"": 0.04, ""fibra"": 0, ""proteines"": 2.8, ""fruit_percentage"": 0.0, ""ingredients"": ""leche desnatada (80%), permeado de leche reconstituido, aceites vegetales (girasol alto oleico y oliva (0,05%)), emulgentes (lecitinas (soja)) y \u00e9steres c\u00edtricos de monoglic\u00e9ridos y diglic\u00e9ridos), estabilizantes (citrato tripot\u00e1sico, e-460 y e-466), aceite de pescado azul, colorante (e-150c), preparado de nuez en polvo (0,04% de nuez), fosfato tric\u00e1lcico, aroma, vitaminas (a, b6, \u00e1cido f\u00f3lico, c, d, e y b12), extracto de t\u00e9 verde (0,005%), extracto de uva (0,001%) y edulcorante (sucralosa)""}, ""nutriscore_category"": ""BEVERAGES""}"||Milk, skimmed, UHT|19050|"{""step1"": ""4"", ""step2"": ""2"", ""qualification"": ""4"", ""category"": ""SWEET""}"
237|2026-09-16 11:06:14|38|2026|43812|Original lemon soft drink Schweppes Water & soft drinks Orange & lemon soft drinks Lemon & lemon-lime|0||27761|150|Agua y refrescos|Refresco de naranja y de limón|Limón|Bajadas de precio|Bajadas de precio|Refresco limón Schweppes original||2.64|l|1.91|€/l|5.04|agua, azúcar, zumo de limón procedente de concentrado (2,5%), extractos de limón (0,5%), anhídrido carbónico, acidulante: ácido cítrico, aroma natural de limón con otros aromas naturales, edulcorantes: ciclamato sódico y sucralosa, estabilizantes: octenilsuccinato sódico de almidón, ésteres glicéridos de colofonia de madera y acetato de isobutirato de sacarosa, conservador: sorbato potásico.|8410600008030|0|5.20|||||
238|2026-09-16 11:06:14|38|2026|43812|Instant chocolate drink Nesquik Chocolate drinks, coffee & tea Chocolate drinks & hot chocolate Chocolate drinks|0||21985|153|Cacao café e infusiones|Cacao soluble y chocolate a la taza|Cacao soluble|Bajadas de precio|Bajadas de precio|Cacao soluble instantáneo Nesquik||2.5|kg|6.34|€/kg|15.85|azúcar, cacao natural desgrasado en polvo (23%), emulgente (lecitina de soja), sal, vitaminas (c,d), aroma natural, canela. sin gluten y sin lactosa.|8445290092830|0|16.15|||||
239|2026-09-16 11:06:14|38|2026|43812|Rice with chicken baby food +6 months Hero Solo Baby Baby food Savoury pots|0|España|9247|155|Bebé|Alimentación infantil|Tarritos salados|Bajadas de precio|Bajadas de precio|Papilla arroz con pollo Hero Solo +6 meses||0.235|kg|7.66|€/kg|1.80|agua de cocción, arroz (20%), carne de pollo (8%), zanahoria, tomate, cebolla, apio y aceite de oliva virgen (1,6%). sin gluten.|8410175050120|0|1.85|||||
240|2026-09-16 11:06:15|38|2026|43812|Scotch whisky J&B Beer, wine & spirits Spirits Whiskey|0||28613|156|Bodega|Licores|Whisky|Bajadas de precio|Bajadas de precio|Whisky escocés J&B|40.0|0.7|l|16.57|€/l|11.60||5010103800259|0|11.95|||||
241|2026-09-16 11:06:15|38|2026|43812|Puleva growth milk mix Peques 3 Baby Baby food Milk|0||9049|159|Bebé|Alimentación infantil|Leche|Bajadas de precio|Bajadas de precio|Preparado lácteo crecimiento Peques 3 Puleva||6.0|l|1.79|€/l|10.74|leche parcialmente desnatada (2,5% m.g.), agua, maltodextrina, aceites vegetales (girasol alto oleico y oliva), sales minerales (fosfato tricálcico, citrato tripotásico, pirofosfato férrico, sulfato de zinc, citrato de magnesio, sulfato de manganeso, yoduro potásico, fosfato dipotásico, carbonato cálcico, fosfato dicálcico y yodato potásico), emulgentes (e-472c y lecitinas (soja)), concentrado de proteína de suero (leche), aceite de pescado azul rico en dha, aromas, estabilizante (fosfato disódico), vitaminas (a, b1, b2, b3, b5, b6, b8, b9, b12, c, d, e y k), cloruro de colina y lactasa.|8411700812213|0|12.00|||||
242|2026-09-16 11:06:15|38|2026|43812|Puleva growth milk mix cereal and fruit Peques 3 Baby Baby food Milk|0||20321|160|Bebé|Alimentación infantil|Leche|Bajadas de precio|Bajadas de precio|Preparado lácteo con cereales y frutas Peques 3 Puleva||0.6|l|2.98|€/l|1.79|ingredientes: leche parcialmente desnatada (2,9% m.g.), agua, zumo de manzana y plátano reconstituido a partir de concentrado (8%), harinas de cereales hidrolizados (4%) (trigo, maíz, arroz, avena, cebada, centeno, triticale y espelta), sacarosa, maltodextrinas, aceites vegetales (girasol alto oleico y oliva), concentrado de proteína de suero (leche), fructosa, sales minerales (fosfato tricálcico, citrato tripotásico, pirofosfato férrico, sulfato de zinc, citrato de magnesio, sulfato de manganeso, yoduro potásico, fosfato disódico, fosfato dipotásico, carbonato cálcico, fosfato dicálcico y yodato potásico), emulgentes (e-472c y lecitinas (soja)), estabilizantes (celulosa, goma de celulosa y carragenato),  aceite de pescado azul rico en dha, aromas, vitaminas (a, b1, b2, b3, b5, b6, b8, b9, b12, c, d, e y k),  y cloruro de colina.|8411700412321|0|2.00|||||
243|2026-09-16 11:06:15|38|2026|43812|Max energy and growth milk drink Puleva Eggs, milk & butter Milk & milk alternatives Children's milk|1|España|10726|161|Huevos leche y mantequilla|Leche y bebidas vegetales|Leche Infantil|Bajadas de precio|Bajadas de precio|Bebida láctea crecimiento y desarrollo Puleva Max||6.0|l|1.59|€/l|9.54|leche semidesnatada, agua, aceites vegetales (girasol alto oleico y oliva), sales minerales (citrato tripotásico, fosfato tricálcico, pirofosfato de hierro, sulfato de zinc), aceite de pescado rico en dha, emulgentes (lecitinas (soja)), aromas, vitaminas (a, d, e, b1, b2, b3, b6, b12, b5, b8, b9 y c), antioxidantes (extracto rico en tocoferoles y ascorbil palmitato) y lactasa.|8411700810011|0|10.74|||Baby milk, growing-up milk, ready to drink|19012|
244|2026-09-16 11:06:15|38|2026|43812|Max energy and growth milk drink Puleva Eggs, milk & butter Milk & milk alternatives Children's milk|1|España|10723|162|Huevos leche y mantequilla|Leche y bebidas vegetales|Leche Infantil|Bajadas de precio|Bajadas de precio|Bebida láctea crecimiento y desarrollo Puleva Max||1.0|l|1.59|€/l|1.59|leche semidesnatada, agua, aceites vegetales (girasol alto oleico y oliva), sales minerales (citrato tripotásico, fosfato tricálcico, pirofosfato de hierro, sulfato de zinc), aceite de pescado rico en dha, emulgentes (lecitinas (soja)), aromas, vitaminas (a, d, e, b1, b2, b3, b6, b12, b5, b8, b9 y c), antioxidantes (extracto rico en tocoferoles y ascorbil palmitato) y lactasa.|8411700010015|0|1.79|||Baby milk, growing-up milk, ready to drink|19012|
245|2026-09-16 11:06:15|38|2026|43812|Vegetables with hake baby food +6 months Hero Solo Baby Baby food Savoury pots|0|España|9280|163|Bebé|Alimentación infantil|Tarritos salados|Bajadas de precio|Bajadas de precio|Papilla verduritas con merluza Hero Solo +6 meses||0.235|kg|7.66|€/kg|1.80|verduras y legumbres (40%) (zanahoria (14%), tomate (10%), judías verdes (6%), cebolla, guisantes (3%), apio), patata (30%), leche entera (11%), merluza (8,5%), agua de cocción, aceite de oliva virgen extra (2,1%). sin gluten.|8410175052223|0|1.85|||||
246|2026-09-16 11:06:15|38|2026|43812|Puleva growth milk mix with cereal Peques 3 Baby Baby food Milk|0||9057|164|Bebé|Alimentación infantil|Leche|Bajadas de precio|Bajadas de precio|Preparado lácteo con cereales crecimiento Peques 3 Puleva||6.0|l|1.79|€/l|10.74|leche parcialmente desnatada (2,6 % m.g.), agua, harinas de cereales hidrolizados (4%) (trigo, maíz, arroz, avena, cebada, centeno, triticale y espelta), maltodextrinas, aceites vegetales (girasol alto oleico y oliva), sacarosa, concentrado de proteína de suero (leche),   fructosa, sales minerales (fosfato tricálcico, citrato tripotásico,   pirofosfato férrico, sulfato de zinc, citrato de magnesio, sulfato de   manganeso, yoduro potásico, fosfato disódico, fosfato dipotásico,   carbonato cálcico, fosfato dicálcico y yodato potásico), emulgentes   (e-472c y lecitinas (soja)), aceite de pescado azul rico   en dha, vitaminas (a, b1, b2, b3, b5, b6, b8, b9, b12, c, d, e y k),   estabilizantes (celulosa, goma de celulosa y carragenato) y cloruro de   colina.|8411700912418|0|12.00|||||
247|2026-09-16 11:06:15|38|2026|43812|Beef with baby carrots baby food +6 months Hero Solo Baby Baby food Savoury pots|0|España|9242|165|Bebé|Alimentación infantil|Tarritos salados|Bajadas de precio|Bajadas de precio|Papilla zanahorias baby con ternera Hero Solo +6 meses||0.235|kg|7.66|€/kg|1.80|verduras (40%) (zanahoria (20%), tomate, apio, cebolla), patata (31%), agua de cocción, carne de ternera (8%), aceite de oliva virgen extra (1,4%).|8410175050229|0|1.85|||||
248|2026-09-16 11:06:16|38|2026|43812|Natur Turkey with vegetables baby food +6 months Hero Solo Baby Baby food Savoury pots|0|España|9246|167|Bebé|Alimentación infantil|Tarritos salados|Bajadas de precio|Bajadas de precio|Papilla verduritas con delicias de pavo Hero Solo natur +6 meses||0.235|kg|7.66|€/kg|1.80|verduras y legumbres (40%) (tomate, calabaza (10%), zanahoria (9%), cebolla, guisantes (2%)), patata (30%), agua de cocción, carne de pavo (8%), aceite de oliva virgen extra (2,3%).|8410175052421|0|1.85|||||
249|2026-09-16 11:06:16|38|2026|43812|Sangre de Toro red wine, DO Catalunya Bodegas Torres Beer, wine & spirits Red wine Other red wines|0||66510|168|Bodega|Vino tinto|Otros vinos tintos|Bajadas de precio|Bajadas de precio|Vino tinto Sangre de Toro Bodegas Torres DO Catalunya|13.5|0.75|l|5.33|€/l|4.00|uvas, correctores de la acidez (ácido tartárico[l(+)]), agentes estabilizantes (goma arábiga, manoproteínas de levadura), conservadores (sulfitos), embotellado en atmósfera protectora.|8410113003027|0|4.30|||||
250|2026-09-16 11:06:16|38|2026|43812|Puleva growth milk mix Peques 3 Baby Baby food Milk|0||9040|169|Bebé|Alimentación infantil|Leche|Bajadas de precio|Bajadas de precio|Preparado lácteo crecimiento Peques 3 Puleva||1.0|l|1.79|€/l|1.79|leche parcialmente desnatada (2,5% m.g.), agua,  maltodextrina, aceites vegetales (girasol alto oleico y oliva), sales minerales (fosfato tricálcico, citrato tripotásico, pirofosfato férrico, sulfato de zinc, citrato de magnesio, sulfato de manganeso, yoduro potásico, fosfato dipotásico, carbonato cálcico, fosfato dicálcico y yodato potásico),  emulgentes (e-472c y lecitinas (soja)), concentrado de proteína de suero (leche), aceite de pescado azul rico en dha, aromas, estabilizante (fosfato disódico),  vitaminas (a, b1, b2, b3, b5, b6, b8, b9, b12, c, d, e y k), cloruro de colina y lactasa.|8411700012217|0|2.00|||||
251|2026-09-16 11:06:16|38|2026|43812|Puleva growth milk mix with cereal Peques 3 Baby Baby food Milk|0||9034|170|Bebé|Alimentación infantil|Leche|Bajadas de precio|Bajadas de precio|Preparado lácteo con cereales crecimiento Peques 3 Puleva||1.0|l|1.79|€/l|1.79|leche parcialmente desnatada (2,6 % m.g.), agua, harinas de cereales hidrolizados (4%) (trigo, maíz, arroz, avena, cebada, centeno, triticale y espelta), maltodextrinas, aceites vegetales (girasol alto oleico y oliva), sacarosa, concentrado de proteína de suero (leche), fructosa, sales minerales (fosfato tricálcico, citrato tripotásico, pirofosfato férrico, sulfato de zinc, citrato de magnesio, sulfato de manganeso, yoduro potásico, fosfato disódico, fosfato dipotásico, carbonato cálcico, fosfato dicálcico y yodato potásico), emulgentes (e-472c y lecitinas (soja)), aceite de pescado azul rico en dha, vitaminas (a, b1, b2, b3, b5, b6, b8, b9, b12, c, d, e y k), estabilizantes (celulosa, goma de celulosa y carragenato) y cloruro de colina.|8411700012415|0|2.00|||||
252|2026-09-16 11:06:16|38|2026|43812|Carrots and rice in chicken soup baby food +6 months Hero Solo Baby Baby food Savoury pots|0|España|9259|171|Bebé|Alimentación infantil|Tarritos salados|Bajadas de precio|Bajadas de precio|Papilla zanahorias con arroz en caldito de pollo Hero Solo +6 meses||0.235|kg|7.66|€/kg|1.80|verduras (40%) (zanahoria (35%), cebolla (5%)), caldo de pollo (28%), arroz cocido (24%), carne de pollo (6%), aceite de oliva virgen extra (2%), laurel. sin gluten.|8410175051226|0|1.85|||||
253|2026-09-16 11:06:16|38|2026|43812|Pork salted meat preparation Meat Meat boxes Meat boxes|0||1423|2|Carne|Arreglos|Arreglos|Han vuelto|Han vuelto|Preparado de cerdo salado||0.5|kg|5.20|€/kg|2.60|hueso blanco salado (hueso de cerdo y sal), tocino ibérico salado (tocino de cerdo ibérico, sal, dextrosa, antioxidante (e-301) y conservador (e-250)),  hueso de jamón curado (jamón de cerdo, sal marina, antioxidante (e-301), corrector de la acidez (e-331iii), conservador (e-252)), tocino con corteza añejo (tocino con corteza y sal) y sal.|2105100014235|0||||||
254|2026-09-16 11:06:16|38|2026|43812|M cockles in spring water Hacendado Cans, soups & creams Cockles & mussels Cockles & clams|0||18564|3|Conservas caldos y cremas|Berberechos y mejillones|Berberechos y almejas|Han vuelto|Han vuelto|Berberechos al natural M Hacendado||0.111|kg|41.89|€/kg|4.65|berberechos (moluscos), agua y sal. puede contener trazas de pescado y crustáceos.|8410721055647|0||||||
255|2026-09-16 11:06:16|38|2026|43812|Tangerine Fruits & vegetables Fruits Citrus fruit|0|España|3238|4|Fruta y verdura|Fruta|Cítricos|Han vuelto|Han vuelto|Mandarina||0.117|kg|2.65|€/kg|0.31|tratado con agentes de recubrimiento (e903, e-473) imazalil y fludioxonil.|5607761300018|0||||||
256|2026-09-16 11:06:16|38|2026|43812|Sweet red apples Fruits & vegetables Fruits Apple  & pear|0||8280|5|Fruta y verdura|Fruta|Manzana y pera|Han vuelto|Han vuelto|Manzanas rojas dulces||1.57|kg|1.80|€/kg|2.83|manzana roja dulce (scilate)|2308280001808|0||||||
257|2026-09-16 11:06:16|38|2026|43812|XXL sugar-free fruit-flavoured mixed chewing gums tabs Hacendado Sugar, sweets & chocolate Chewing gum & candy Chewing gum|0||65213|6|Azúcar caramelos y chocolate|Chicles y caramelos|Chicles|Han vuelto|Han vuelto|Chicles gragea XXL frutal mix sin azúcar Hacendado||0.1|kg|18.00|€/kg|1.80|edulcorantes: sorbitol e isomalt, goma base (con antioxidante: extracto rico en tocoferoles), edulcorantes: xilitol, jarabe de maltitol y manitol, aromas, humectantes: glicerina y triacetina, espesante: goma arábiga, acidulantes: ácido málico, ácido cítrico y ácido tartárico, edulcorantes: aspartamo y acesulfamo k, agente de recubrimiento: cera de carnauba, colorantes: carotenos y ácido carmínico, extracto vegetal (cártamo) y concentrado de espirulina|8402001035036|0||||||
258|2026-09-16 11:06:16|38|2026|43812|Acid sweet red apples Fruits & vegetables Fruits Apple  & pear|0|Italia|8268|7|Fruta y verdura|Fruta|Manzana y pera|Han vuelto|Han vuelto|Manzanas rojas acidulces||1.57|kg|2.60|€/kg|4.08|manzanas rojas acidulces|5609014019487|0||||||
259|2026-09-16 11:06:17|38|2026|43812|Meats for escudella Meat Meat boxes Meat boxes|0||3739|8|Carne|Arreglos|Arreglos|Han vuelto|Han vuelto|Arreglo para escudella||1.0|kg|6.90|€/kg|6.90|ingredientes: pollo, preparado carne vacuno (carne de vacuno 90%, agua, fibra vegetal (guisante), aromas naturales, antioxidantes (e-301 y e-331)), cerdo (manos, papada), preparado de espinazo de cerdo (espinazo de cerdo 98%, agua, antioxidante e-301 y extracto vegetal), hueso salado [hueso de cerdo salado, sal (21%)], hueso de jamón curado [jamón de cerdo, sal, azúcar, antioxidante (e-331, e301) y conservadores (e-252, e-250)], pelota [burger meat: carne de cerdo (61%) y de vacuno (21%), agua, proteína de cerdo, sal, harina de guisante, especias, fibra vegetal, maltodextrina, almidón, antioxidantes (e-300, e-301), aromas, conservador (e-221) (sulfitos) y colorantes (e-150c, e-120)] y butifarra negra [papada, magro y sangre de cerdo, sal, almidón, fibra vegetal, pimienta, conservador (e-262i), antioxidante (e-300), extracto de especias, tripa fina natural de cerdo].|2105100037395|0||||||
260|2026-09-16 11:06:17|38|2026|43812|Pork spine Meat Meat boxes Meat boxes|0||2689|9|Carne|Arreglos|Arreglos|Han vuelto|Han vuelto|Espinazo de cerdo||0.3|kg|7.00|€/kg|2.10|espinazo de cerdo (98%), agua, antioxidante e-301 y  extracto vegetal.|2105100026894|0||||||
261|2026-09-16 11:06:17|38|2026|43812|Pork and beef meatball Meat Meat boxes Meat boxes|0|España|35862|10|Carne|Arreglos|Arreglos|Han vuelto|Han vuelto|Pelota de cerdo y vacuno||0.28|kg|11.20|€/kg|3.14|carne de cerdo (52%) y de vacuno (20%), agua, proteína de cerdo, sal, harina de guisante, especias, fibra vegetal, maltodextrina, harina de arroz, almidón,  antioxidantes (e-300, e-301), aromas, conservador (sulfito e-221) y colorantes (e-150c, e-120).|8402001010828|0||||||
262|2026-09-16 11:06:17|38|2026|43812|Pork fatback Meat Meat boxes Meat boxes|0||35805|11|Carne|Arreglos|Arreglos|Han vuelto|Han vuelto|Tocino de cerdo||0.19|kg|7.80|€/kg|1.48||8402001010422|0||||||
263|2026-09-16 11:06:17|38|2026|43812|Original wafer bar Tokke Sugar, sweets & chocolate Chocolate Bars|0||12509|12|Azúcar caramelos y chocolate|Chocolate|Chocolatinas|Han vuelto|Han vuelto|Barritas de barquillo Tokke original||0.141|kg|10.64|€/kg|1.50|chocolate con leche[azúcar, manteca de cacao, leche desnatada en polvo, pasta de cacao, grasas vegetales (palma, shea), lactosuero en polvo (leche), grasa de leche, pasta de avellanas, emulgentes: lecitina (soja) y e-476, aroma], azúcar, harina de trigo (gluten), grasa vegetal de palma, arroz inflado [harina de trigo (gluten), harina de arroz, azúcar, sal,emulgente: lecitina], lactosuero en polvo (leche), cacao desgrasado (2,8%), pasta de avellanas, leche desnatada en polvo,emulgentes: lecitina (soja) y e-476, gasificante: bicarbonato de sodio, aromas.|8410109102246|0||||||
264|2026-09-16 11:06:17|38|2026|43812|Oak-aged red wine DO Ribera del Duero 13 Hectáreas Beer, wine & spirits Red wine Ribera del Duero|0|DO Ribera del Duero|52785|13|Bodega|Vino tinto|Ribera del Duero|Han vuelto|Han vuelto|Vino tinto roble 13 Hectáreas DO Ribera del Duero||0.75|l|6.00|€/l|4.50|uva, correctores de la acidez (ácido tartárico[l(+)]), conservadores y antioxidantes (anhídrido sulfuroso), agentes estabilizantes (goma arábiga, manoproteínas de levadura, poliaspartato de potasio). contiene sulfitos.|8402001015618|0||||||
265|2026-09-16 11:34:32|38|2026|08032|Pineapple Fruits & vegetables Fruits Tropical fruit|0||3076|1|Fruta y verdura|Fruta|Fruta tropical|Productos del momento|Rápido y saludable|Piña||2.0|kg|2.00|€/kg|4.00|piña|8480000030764|0||||||
266|2026-09-16 11:34:32|38|2026|08032|Seedless white grapes Fruits & vegetables Fruits Banana & grape|0|Marruecos|3313|2|Fruta y verdura|Fruta|Plátano y uva|Productos del momento|Rápido y saludable|Uva blanca sin semillas||0.6|kg|2.75|€/kg|1.65|uva sin semilla|2105400033134|0||||||
267|2026-09-16 11:34:32|38|2026|08032|Free range eggs Eggs, milk & butter Eggs Eggs|0||15768|3|Huevos leche y mantequilla|Huevos|Huevos|Productos del momento|Rápido y saludable|Huevos de gallinas camperas||12.0|ud|0.28|€/ud|3.35|huevo|8410603125215|0||||||
268|2026-09-16 11:34:32|38|2026|08032|Family Whole fresh chicken breast Meat Poultry Chicken|0|Planta de sacrificio Hijos de Juan Pujante, S.A. ubicada en España|3682|4|Carne|Aves y pollo|Pollo|Productos del momento|Rápido y saludable|Pechugas enteras familiar de pollo||1.2|kg|6.20|€/kg|7.44||2105100036824|0||||||
269|2026-09-16 11:34:32|38|2026|08032|Seed mix Hacendado Snacks Nuts, seeds & dried fruit Nuts & seeds|0|Italia|34963|5|Aperitivos|Frutos secos y fruta desecada|Frutos secos|Productos del momento|Rápido y saludable|Mezcla semillas Hacendado||0.2|kg|7.30|€/kg|1.46|semillas de girasol peladas, semillas de sésamo natural, semillas de lino marrón, semillas de calabaza peladas y semillas de chía.|8402001002021|0||||||
270|2026-09-16 11:34:32|38|2026|08032|Natural Kefir mild flavour Dessert & yoghurt Natural & flavoured yoghurt Natural yoghurt|0||20029|6|Postres y yogures|Yogures naturales y sabores|Yogures naturales|Productos del momento|Rápido y saludable|Kéfir natural sabor suave||0.5|kg|2.20|€/kg|1.10|leche pasteurizada de vaca. nata (leche de vaca pasteurizada). leche en polvo desnatada pasteurizada de vaca y fermentos lácticos kéfir (cepas de lactococcus,leuconostoc,lactobacillus y streptococcus).|8436547770137|0||||||
271|2026-09-16 11:34:32|38|2026|08032|Cherry tomatoes Fruits & vegetables Vegetables Tomato|0|España|69990|7|Fruta y verdura|Verdura|Tomate|Productos del momento|Rápido y saludable|Tomates cherry||0.5|kg|4.40|€/kg|2.20|tomates cherry|8412276727222|0||||||
272|2026-09-16 11:34:33|38|2026|08032|Shelled natural walnut Hacendado Snacks Nuts, seeds & dried fruit Nuts & seeds|0|Chile|34024|8|Aperitivos|Frutos secos y fruta desecada|Frutos secos|Productos del momento|Rápido y saludable|Nuez natural Hacendado pelada||0.2|kg|12.50|€/kg|2.50|nueces. trazas de cacahuete y otros frutos de cáscara.|8402001001345|0||||||
273|2026-09-16 11:34:33|38|2026|08032|Blueberries Fruits & vegetables Fruits Other fruit|0|España|5507|9|Fruta y verdura|Fruta|Otras frutas|Productos del momento|Rápido y saludable|Arándanos||0.5|kg|13.00|€/kg|6.50|arándano|5608495000052|0||||||
274|2026-09-16 11:34:33|38|2026|08032|Green Kiwis Fruits & vegetables Fruits Tropical fruit|0|España|3832|10|Fruta y verdura|Fruta|Fruta tropical|Productos del momento|Rápido y saludable|Kiwis verdes||1.07|kg|4.55|€/kg|4.87|kiwi|2105400038320|0||||||
275|2026-09-16 11:34:33|38|2026|08032|Pasta salad Listo para Comer Fruits & vegetables Lettuce & prepared salad Prepared salad|0||13241|11|Fruta y verdura|Lechuga y ensalada preparada|Ensalada preparada|Productos del momento|Rápido y saludable|Ensalada de pasta Listo para Comer||0.366|kg|4.00|€/kg|4.00|pasta espiral 52,90% [sémola de trigo duro (gluten), tomate deshidratado 5%, espinacas deshidratadas 2,5%], huevo cocido de gallina, atún 10,29% (pescado), aceite refinado de girasol y sal. surimi 9,70% [carne de pescado, agua, almidón, clara de huevo, aceite refinado de nabina, sal, aroma (contiene crustaceo), proteína de soja (soja), almidón modificado, azúcar, colorante e160c, (puede contener moluscos), estabilizantes e420, e450, e451, e452]. mozzarella [leche pasteurizada de vaca, sal, fermentos lácticos (leche), corrector de acidez ácido cítrico, cuajo], cebolla blanca, aceite refinado de girasol, conservantes e262, e326. aliño: aceite de oliva virgen extra, vinagre (sulfito) y sal. puede contener trazas de frutos de cascara , mostaza y apio.|8402001033261|0||||||
276|2026-09-16 11:34:33|38|2026|08032|Seafood salad Listo para Comer Pizza & ready meals Ready to eat Cold meals|0||13242|12|Pizzas y platos preparados|Listo para Comer|Platos fríos|Productos del momento|Rápido y saludable|Ensalada de marisco Listo para Comer||0.3|kg|5.50|€/kg|5.50|pasta ((sémola de trigo duro (gluten), tomate, espinacas), aceite refinado de girasol), potón (15%) (potón (moluscos), sal, estabilizante (e450) y correctores de acidez (e501, e330 y e331)), cebolla roja encurtida (cebolla, azúcar, vinagre de alcohol, vinagre de arroz y sal), zanahoria encurtida (zanahoria, agua, vinagre, azúcar, sal y acidulante (e330)), gambón (8%) (gambón (crustáceos), agua, sal, antioxidantes (e331 y e223 (sulfitos)) y acidulante (e330)), langostino cocido (8%) (langostino (crustáceos), sal y azúcar), vinagreta (aceite refinado de girasol, vinagre de vino tinto (antioxidante (e220 (sulfitos))) y sal) y aceituna negra (aceituna, agua y sal y gluconato ferroso (e579)), aroma natural, vinagre, conservadores (e267,e326 y e262). puede contener trazas de pescado, huevo, soja, mostaza, leche y sus derivados, sésamo, frutos de cáscara, cacahuete y apio.|8402001023262|0||||||
277|2026-09-16 11:34:33|38|2026|08032|Salmon with vegetables Listo para Comer Pizza & ready meals Ready to eat Hot meals|0||13243|13|Pizzas y platos preparados|Listo para Comer|Platos calientes|Productos del momento|Rápido y saludable|Salmón con verduras Listo para Comer||0.4|kg|5.75|€/kg|5.75|salmón marinado (salmón 30% (pescado) (agua, sal), miel, salsa romescu (aceite refinado de girasol, tomate, agua, almendra (frutos de cáscara), vinagre de vino (sulfitos), aceite de oliva, ajo, azúcar, pimentón dulce, pimienta negra, sal y conservador (e202)), mostaza (agua, semillas de mostaza, vinagre de alcohol y sal), zumo de mandarina, zumo de limón (antioxidante (e224 (sulfitos)), conservador (e267), ajo, sal y aroma natural)), arroz aliñado (arroz, aceite refinado de girasol, mix ajo asado (aroma natural, sal, ajo y pimienta negra)), verduras asadas (20%) (calabacín, patata, pimiento rojo y boniato), salsa romescu (aceite refinado de girasol, tomate, agua, almendra (frutos de cáscara), vinagre de vino (sulfitos), aceite de oliva, ajo, azúcar, pimentón dulce, pimienta negra, sal y conservador (e202)). puede contener espinas. puede contener trazas de moluscos, crustáceos, soja, huevo, gluten, leche y sus derivados, sésamo, cacahuete y apio.|8402001023255|0||||||
278|2026-09-16 11:34:33|38|2026|08032|Beef carpaccio Meat Beef Beef|0||2632|14|Carne|Vacuno|Vacuno|Productos del momento|Rápido y saludable|Carpaccio de vacuno||0.11|kg|37.27|€/kg|4.10|producto cárnico marinado. ingredientes: carne de vacuno (92%), agua (4%), sal, dextrosa, antioxidantes (e-301, e-331), estabilizante (e-407)  y conservadores (e-250, e-252, e-325 y e-262(i)). queso parmigiano reggiano. ingredientes: leche, sal y cuajo.|8422930950071|0||||||
279|2026-09-16 11:34:34|38|2026|08032|Marinated beef steak tartare Meat Beef Beef|0||8308|15|Carne|Vacuno|Vacuno|Productos del momento|Rápido y saludable|Steak Tartar de vacuno marinado||0.2|kg|27.00|€/kg|5.40|producto cárnico de vacuno marinado con salsa. ingredientes: 70% producto cárnico (carne de vacuno (92%), agua (4%), sal, dextrosa, antioxidantes (e-301, e-331), estabilizante (e-407) y conservadores (e-250, e-252, e-325 y e-262(i))) y 30% salsa (agua, aceite refinado de girasol, pepinillos agridulces (pepinillos, agua, vinagre de alcohol, azúcar y sal), dextrosa, mezcla de especias (contiene mostaza), salsa worcester (agua, vinagre de alcohol, azúcar, sal, concentrado de tamarindo, azúcar caramelizado, cebolla, ajo, especias y zumo concentrado de limón), cebolla, vinagre de vino blanco, sal, almidón modificado de maíz, yema de huevo en polvo, estabilizante (e-415), tomate, conservador (e-200), acidulante (e-330), colorante (e-150d), aroma natural y antioxidante (e-385)). contiene alérgenos: mostaza y huevo. sin gluten.|8436569263198|0||||||
280|2026-09-16 11:34:34|38|2026|08032|Poke salmon Pizza & ready meals Ready to eat Cold meals|0||13237|16|Pizzas y platos preparados|Listo para Comer|Platos fríos|Productos del momento|Rápido y saludable|Poke salmón||0.4|kg|5.50|€/kg|5.50|arroz de sushi, salmón, semillas, pepino, mango, cebolla encurtida, alga wakame y salsa ponzu.arroz cocido [arroz, aderezo de vinagre (azúcar, vinagre de alcohol, agua, vinagre de arroz, sal), aceite refinado de maíz, zumo de limón (zumo de limón pasteurizado, antioxidante e-224 (sulfitos)) y emulgente e-322 (soja)], salmón 10% (salmo salar) (pescado), mango [mango, agua, antioxidantes (e-302, e-300), acidulante e-330], pepino, ensalada wakame [algas abeto marino (undaria pinnatifida), condimentos (jarabe de maíz de alto contenido en fructosa, agua, aceite de sésamo de presión, azúcar, vinagre de arroz, sal, humectante e-420, colorantes e-133 y e-102*), seta negra (auricularia polytricha), agar agar (gelidium amansii), granos de sésamo, chile rojo], cebolla [cebolla roja, aderezo de vinagre (azúcar, vinagre de alcohol, agua, vinagre de arroz, sal)] y mezcla de semillas [girasol, sésamo, lino marrón, calabaza y amapola]. puede contener crustáceos, huevo, cacahuete, leche, frutos de cáscara, apio, mostaza y moluscos. salsa ponzu: salsa de soja [agua, soja, sal, alcohol, jarabe de maíz de alta fructosa, azúcar, potenciador del sabor (e-635)], aderezo de vinagre [azúcar, vinagre de alcohol, agua, vinagre de arroz, sal], zumo de limón [zumo de limón pasteurizado y antioxidante e-224 (sulfitos)], zumo de mandarina y conservador e-202. sin gluten|8402001001888|0||||||
281|2026-09-16 11:34:34|38|2026|08032|Portuguese-style salad Hacendado Pizza & ready meals Cold ready meals Salad|0||24534|17|Pizzas y platos preparados|Platos preparados fríos|Ensaladilla|Productos del momento|Rápido y saludable|Ensaladilla al estilo Portuguesa Hacendado||0.25|kg|6.80|€/kg|1.70|alubias cocidas 59.5%, huevo cocido 9.5%, atún 9% (atún (pescado), aceite refinado de girasol, sal), clara de huevo cocida 7.5%, cebolla 5%, aceite de oliva virgen extra 3%, aceite refinado de girasol 3%, vinagre de vino blanco 1.5%, perejil, sal, aroma natural. puede contener trazas de crustáceos.|8435605401839|0||||||
282|2026-09-16 11:34:34|38|2026|08032|Italian-style pasta salad Hacendado Pizza & ready meals Cold ready meals Salad|0||24083|18|Pizzas y platos preparados|Platos preparados fríos|Ensaladilla|Productos del momento|Rápido y saludable|Ensalada de pasta al estilo Italiana Hacendado||0.2|kg|10.00|€/kg|2.00|ingredientes: pasta de  sémola de trigo duro cocida (60%) (agua, sémola de trigo duro, vinagre de vino blanco), salsa pesto con albahaca y anacardos (20%) (pasta de albahaca (8,4%) (albahaca, aceite refinado de girasol,  sal marina, antioxidante: e-300), aceite refinado de girasol, anacardos (2,4%), queso (2%) (leche, sal, coagulante de  leche microbiano, fermentos lácticos (leche)), mantequilla  (nata, cultivos de ácido  láctico, concentrado de ácido láctico), aceite de oliva virgen extra, leche desnatada en polvo, acidulante: e-270, antioxidante:  e-300, ajo), pollo marinado frito (10%)  (solomillo de pollo, sal, agua, almidón de tapioca, xilosa y aceite de soja  refinado), queso madurado en salmuera (6%) (queso (leche pasteurizada de vaca, sal, fermentos  lácticos, coagulante de leche microbiano), salmuera (agua, sal, acidulante:  e-270, endurecedor: e-509)), tomate semiseco (4%). puede contener trazas  de soja, huevo, crustáceos, sulfitos, granos de  sésamo, mostaza y pescado.|8402001054921|0||||||
283|2026-09-16 11:34:34|38|2026|08032|Roasted vegetables Hacendado Cans, soups & creams Vegetable & fruit tins Vegetable tins|0||22411|19|Conservas caldos y cremas|Conservas de verdura y frutas|Conservas verdura|Productos del momento|Rápido y saludable|Verduras asadas Hacendado||0.29|kg|10.00|€/kg|2.90|pimiento (34%), cebolla (31%), berenjena (30%), aceite refinado de girasol, aceite de oliva virgen y sal.|8480000224118|0||||||
284|2026-09-16 11:34:34|38|2026|08032|Pasta salad Fruits & vegetables Lettuce & prepared salad Prepared salad|0||69461|20|Fruta y verdura|Lechuga y ensalada preparada|Ensalada preparada|Productos del momento|Rápido y saludable|Ensalada de pasta||0.25|kg|10.40|€/kg|2.60|espirales de pasta de trigo simple cocida 34% (sémola de trigo duro), salsa de yogur 22% (aceite de girasol, agua, azúcar, nata en polvo, yema de huevo, vinagre, yogur en polvo 1,5%, sal, eneldo, jugo de limón concentrado, almidón modificado de maíz, aromas naturales (leche), acidulante (e270), conservador (e202), estabilizante (e415) y antioxidante (e385)), tomate 20%, fiambre de jamón de pavo cocido sabor ahumado 14% (jamón de pavo 46%, agua, fécula, sal, fibra alimentaria, estabilizantes (e451i, e407, e415 y e410), azúcar, aromas, antioxidante (e316), extracto de levadura, conservador (e250) y aroma de humo) y mezcla de brotes de lechuga en proporción variable 10% (brotes de lechuga roja y brotes de lechuga verde). trazas de soja.|8437013139748|0||||||
285|2026-09-16 11:34:34|38|2026|08032|Goats cheese salad Fruits & vegetables Lettuce & prepared salad Prepared salad|0||69474|21|Fruta y verdura|Lechuga y ensalada preparada|Ensalada preparada|Productos del momento|Rápido y saludable|Ensalada queso de cabra||0.153|kg|18.30|€/kg|2.80|mezcla de hortalizas en proporción variable 31% (mezcla de brotes(lechuga batavia verde, lechuga batavia roja y lechuga lollo rosso), brotes de espinaca y rúcula), vinagreta balsámica 24% (agua, vinagre balsámico de módena (vinagre de vino, mosto de uva concentrado, mosto de uva cocido, colorante (e150d)y conservador (metabisulfito potásico)), azúcar, aceite de oliva, sal, colorante (e150d), estabilizante (e414), correctores de la acidez (e262 y e500) y conservador (e202)), manzana roja* 18% (manzana roja y antioxidante (ascorbato de calcio)), queso de cabra fresco* 15% (leche de cabra pasteurizada, cuajo, sal, antiaglomerante (e460ii)), fibra cítrica y conservador (e202)), nueces* 6% y uvas pasas* 5% (uvas pasas y aceite de algodón). trazas de cacahuetes, frutos de cáscara, sésamo, soja, pescado, sulfitos y gluten.|8480000694744|0||||||
286|2026-09-16 11:34:35|38|2026|08032|California salad Fruits & vegetables Lettuce & prepared salad Prepared salad|0||69714|22|Fruta y verdura|Lechuga y ensalada preparada|Ensalada preparada|Productos del momento|Rápido y saludable|Ensalada California||0.192|kg|13.54|€/kg|2.60|hortalizas en proporción variable 34% (escarola rizada, canónigos y achicoria), salsa de miel y mostaza 31% (agua, aceite vegetal de girasol, mostaza 8% (agua, vinagre de alcohol, mostaza, jarabe de glucosa y fructosa, sal, estabilizantes (e412,e410 y e407) y especias), miel 7%, vinagre de alcohol, azúcar, sal, estabilizantes (e415, e412), almidón modificado de maíz, colorante (e150d) y conservadores (e211 y e202)), bacon sabor ahumado 8% (magro de panceta de cerdo, sal, conservadores (e326, e262, e250), azúcar, estabilizantes (e451i, e407), concentrado de manzana-hibisco-melaza, aroma de humo, aromas y antioxidante (e316)), cebolla frita 7,5% (cebolla, aceite vegetal de palma, harina de trigo y sal), nueces 7%, pasas 6% (pasas y aceite de algodón), picatostes 5% (harina de trigo, aceite vegetal de girasol, dextrosa, gluten de trigo, levadura, sal, suero de leche, extracto de malta de cebada, antioxidante (e300)). trazas de cacahuete, soja , sésamo y sulfitos.|8437004621771|0||||||
287|2026-09-16 11:34:35|38|2026|08032|Caesar salad consisting of fresh vegetables, chicken, cheese, croutons and sauces, includes fork Fruits & vegetables Lettuce & prepared salad Prepared salad|0||69849|23|Fruta y verdura|Lechuga y ensalada preparada|Ensalada preparada|Productos del momento|Rápido y saludable|Ensalada César||0.21|kg|12.38|€/kg|2.60|mezcla de hortalizas 36% (lechuga hoja de roble verde, lechuga iceberg), salsa césar 26% (agua, aceite vegetal de girasol, vinagre de alcohol, azúcar, queso, sal, acidulante (e270), pasta de anchoa (anchoa y sal), yema de huevo, estabilizantes (e412 y e415) y especias (cebolla, ajo, perejil y pimienta), conservadores (e211 y e202) y antioxidante (e385)), pechuga de pollo cocida 24% (pechuga de pollo 96%, extractos de fermentación, sal, dextrosa, aroma, estabilizante (e451i) y fibra), queso curado granulado 9% (leche pasteurizada, sal, cuajo y fécula de patata), picatostes 5% (harina de trigo, agua, sal, antioxidante (e300) y levadura).|8480000698490|0||||||
288|2026-09-16 11:34:35|38|2026|08032|Ensatun salad Fruits & vegetables Lettuce & prepared salad Prepared salad|0||69872|24|Fruta y verdura|Lechuga y ensalada preparada|Ensalada preparada|Productos del momento|Rápido y saludable|Ensalada ensatún||0.25|kg|10.40|€/kg|2.60|mezcla de hortalizas en proporcion variable 42% ( tomate cherry, lechuga hoja de roble verde, zanahoria y lechuga iceberg), atún en aceite vegetal (atun, aceite de girasol y sal), maíz dulce en grano 12% (maíz dulce, azúcar y sal), queso de leche de vaca blanco pasteurizado 8% (leche pasteurizada, sal, cuajo y acidulante (e330)), aceitunas verdes deshuesadas 8% (aceitunas, agua, sal, acidulantes (e 270 y 330) y antioxidante (e300)), aceite de oliva virgen extras 6%, vinagre de vino 4% (vinagre de vino y conservador aníhidrido sulfuroso) y sal 0,4% (sal iodada y antiaglomerante (e535). trazas de gluten y frutos de cáscara.|8437013139441|0||||||
289|2026-09-16 11:34:35|38|2026|08032|Garden soup Hacendado Cans, soups & creams Soups & stock Soup|0||19882|25|Conservas caldos y cremas|Sopa y caldo|Sopa|Productos del momento|Rápido y saludable|Sopa hortelana Hacendado||0.35|kg|4.86|€/kg|1.70|agua, verduras 16% (hortalizas en proporción variable: patatas, cebollas, puerros), zanahorias 8%, judías verdes 4%, lentejas rojas y verdes 3%, guisantes 3%, cereales 3% (cebada perlada (gluten) y espelta perlada (gluten)), legumbres 2% (judías azuki verdes, judías blancas), aceite de oliva virgen extra, sal, doble concentrado de tomate, plantas aromáticas, pimienta negra. puede contener trazas de otros cereales que contienen gluten, frutos de cáscara, leche, apio, soja y huevo.|8402001042669|0||||||
290|2026-09-16 11:34:35|38|2026|08032|Cream of lentils Hacendado Cans, soups & creams Gazpacho & creams Creams & puree|1|Italia|11628|26|Conservas caldos y cremas|Gazpacho y cremas|Cremas y puré|Productos del momento|Rápido y saludable|Crema de lentejas Hacendado||0.35|kg|4.86|€/kg|1.70|agua, lentejas 13%, calabaza, zanahoria 4%, cebolla 4%, grelos, aceites de oliva virgen extra, guisantes, pasta de tomate doble, sal, hierbas, especias. puede contener trazas de cereales con gluten, frutos de cáscara, leche, apio, soja y huevo.|8402001030840|0||||Lentils seeds, sprouted, fresh, raw|20521|
291|2026-09-16 11:34:35|38|2026|08032|Cream of zucchini Hacendado Cans, soups & creams Gazpacho & creams Creams & puree|0|Manerbio|35870|27|Conservas caldos y cremas|Gazpacho y cremas|Cremas y puré|Productos del momento|Rápido y saludable|Crema de calabacín Hacendado||0.35|kg|4.86|€/kg|1.70|calabacín 40%, agua, cebolla, zanahoria, apio nabo 5%, aceite de oliva virgen extra, sal. puede contener trazas de cereales con gluten, frutos de cáscara, leche, soja y huevo. sin conservantes ni colorantes.|8402001012310|0||||||
292|2026-09-16 11:34:35|38|2026|08032|Cream of vegetables Hacendado Cans, soups & creams Gazpacho & creams Creams & puree|0||8722|28|Conservas caldos y cremas|Gazpacho y cremas|Cremas y puré|Productos del momento|Rápido y saludable|Crema de verduras Hacendado||0.35|kg|4.86|€/kg|1.70|verduras 48% (verduras en proporción variable: patata, zanahoria, calabacín, calabaza, acelga, puerro, judía verde, berza), agua, guisante, aceite de oliva virgen extra, sal.|8480000087225|0||||||
293|2026-09-16 11:34:36|38|2026|08032|Cream of asparagus Hacendado Cans, soups & creams Gazpacho & creams Creams & puree|0|Italia|86587|29|Conservas caldos y cremas|Gazpacho y cremas|Cremas y puré|Productos del momento|Rápido y saludable|Crema de espárragos Hacendado||0.35|kg|4.86|€/kg|1.70|agua, patata, espárragos 23%, bebida de soja (agua, semillas de soja libres de ogm, sal), aceite de oliva, puerro, sal, aromas. puede contener trazas de gluten, frutos de cáscara, leche, apio y huevo.|8480000865878|0||||||
294|2026-09-16 11:34:36|38|2026|08032|Cream of pumpkin and carrot Hacendado Cans, soups & creams Gazpacho & creams Creams & puree|0|Italia|23225|30|Conservas caldos y cremas|Gazpacho y cremas|Cremas y puré|Productos del momento|Rápido y saludable|Crema de calabaza y zanahoria Hacendado||0.35|kg|4.86|€/kg|1.70|agua, calabaza 24%, zanahoria 17%, patata, puerro, jugo de soja (agua, semilla de soja libre de ogm, sal), aceite de oliva, sal, especias, aroma natural.|8480000232250|0||||||
295|2026-09-16 11:34:36|38|2026|08032|Natural Burgos cheese Hacendado Deli & cheese Spreadable cheese, fresh cheese and specialties Fresh cheese|0||52408|31|Charcutería y quesos|Queso untable fresco y especialidades|Queso fresco|Productos del momento|Rápido y saludable|Queso fresco Burgos natural Hacendado||0.25|kg|4.60|€/kg|1.15|leche pasteurizada (origen: españa), sal y cuajo (microbiano). sin gluten.|8480000524089|0||||||
296|2026-09-16 11:34:36|38|2026|08032|Fresh cow cheese Hacendado Deli & cheese Spreadable cheese, fresh cheese and specialties Fresh cheese|0||51191|32|Charcutería y quesos|Queso untable fresco y especialidades|Queso fresco|Productos del momento|Rápido y saludable|Queso fresco de vaca Hacendado||0.25|kg|6.40|€/kg|1.60|leche de vaca pasteurizada, sal y cuajo microbiano.origen de la leche: españa|8480000511911|0||||||
297|2026-09-16 11:34:36|38|2026|08032|Light cow fresh cheese Hacendado Deli & cheese Spreadable cheese, fresh cheese and specialties Fresh cheese|0||51192|33|Charcutería y quesos|Queso untable fresco y especialidades|Queso fresco|Productos del momento|Rápido y saludable|Queso fresco light de vaca Hacendado||0.25|kg|8.80|€/kg|2.20|leche de vaca pasteurizada semidesnatada, sal y cuajo microbiano.origen de la leche: españa|8480000511928|0||||||
298|2026-09-16 11:34:36|38|2026|08032|Fresh goat cheese Hacendado Deli & cheese Spreadable cheese, fresh cheese and specialties Fresh cheese|0||51194|34|Charcutería y quesos|Queso untable fresco y especialidades|Queso fresco|Productos del momento|Rápido y saludable|Queso fresco de cabra Hacendado||0.25|kg|11.80|€/kg|2.95|leche de cabra pasteurizada, sal y cuajo microbiano.origen de la leche: españa|8480000511942|0||||||
299|2026-09-16 11:34:36|38|2026|08032|Smoked salmon cubes Hacendado Seafood & fish Salted & smoked fish Smoked|0|Elaborado en España|22612|35|Marisco y pescado|Salazones y ahumados|Ahumados|Productos del momento|Rápido y saludable|Taquitos de salmón ahumado Hacendado||0.1|kg|38.00|€/kg|3.80|salmón (pescado) (salmo salar) (97%), sal, aroma natural y conservador: vinagre tamponado.|8480000226129|0||||||
300|2026-09-16 11:34:36|38|2026|08032|Salmon steaks Seafood & fish Fresh fish Salmon|0|Noruega|87205|36|Marisco y pescado|Pescado fresco|Salmón|Productos del momento|Rápido y saludable|Rodaja de salmón||0.35|kg|19.50|€/kg|6.82|salmón (salmo salar). puede contener crustáceos y moluscos.|8402001049200|0||||||
301|2026-09-16 11:34:36|38|2026|08032|Yellowfin tuna slices Seafood & fish Fresh fish Other|0||87197|37|Marisco y pescado|Pescado fresco|Otros|Productos del momento|Rápido y saludable|Rodajas de atún de aleta amarilla||0.235|kg|22.25|€/kg|5.23|atún de aleta amarilla (95%, pescado), agua, sal, antioxidantes e331 y e301, aroma natural.|8435274119967|0||||||
302|2026-09-16 11:34:36|38|2026|08032|Blackbelly rosefish fillets with added water Seafood & fish Fresh fish Other|0|España|87350|38|Marisco y pescado|Pescado fresco|Otros|Productos del momento|Rápido y saludable|Filetes de Gallineta descongelada||0.38|kg|16.00|€/kg|6.08|gallineta (sebastes spp) (pescado), agua añadida (10%), sal, corrector de acidez (e-331) y antioxidantes (e-330, e-301, e-316). puede contener trazas de moluscos y/o crustáceos.|8402001024597|0||||||
303|2026-09-16 11:34:37|38|2026|08032|Sea bream fillets Seafood & fish Fresh fish Sea bream|0||87302|39|Marisco y pescado|Pescado fresco|Dorada|Productos del momento|Rápido y saludable|Filetes de dorada||0.2|kg|22.50|€/kg|4.50|dorada (pescado) (sparus aurata). puede contener trazas de crustáceos y moluscos.|8402001030055|0||||||
304|2026-09-16 11:34:36|38|2026|08032|Sea bass fillets Seafood & fish Fresh fish Sea bass|0||87313|40|Marisco y pescado|Pescado fresco|Lubina|Productos del momento|Rápido y saludable|Filete de lubina||0.2|kg|22.50|€/kg|4.50|lubina (pescado) (dicentrarchus labrax). puede contener trazas de crustáceos y moluscos.|8402001030062|0||||||
305|2026-09-16 11:34:36|38|2026|08032|Cooked octopus tentacles Seafood & fish Fresh fish Cuttlefish, octopus and squid|0||87775|41|Marisco y pescado|Pescado fresco|Sepia, pulpo y calamar|Productos del momento|Rápido y saludable|Patas de pulpo cocido||0.25|kg|42.00|€/kg|10.50|pulpo (moluscos) (octopus vulgaris) y sal. puede contener pescado y/o crustáceos.|8480000877758|0||||||
306|2026-09-16 11:34:37|38|2026|08032|Frozen raw shrimp tails Hacendado Frozen food Seafood Seafood|0|España|24102|42|Congelados|Marisco|Marisco|Productos del momento|Rápido y saludable|Colas de gambón crudo Hacendado congelado||0.25|kg|24.60|€/kg|6.15|gambón (pleoticus muelleri) (crustáceos), agua, sal y antioxidante: metabisulfito de sodio (sulfitos). puede contener moluscos y/o pescado.|8402001033032|0||||||
307|2026-09-16 11:34:37|38|2026|08032|Deep Frozen king prawn cooked and peeled Hacendado Frozen food Seafood Seafood|0||24477|43|Congelados|Marisco|Marisco|Productos del momento|Rápido y saludable|Langostino cocido y pelado Hacendado ultracongelado||None|kg|22.73|€/kg|5.00|langostino vannamei (penaeus vannamei) (crustáceo), sal, antioxidantes (e 223 (sulfitos), e 330). puede contener: moluscos y/o pescado.|8480000244772|0||||||
308|2026-09-16 11:34:37|38|2026|08032|Frozen yellowfin tuna slices Hacendado Frozen food Fish Fish|0|España|24357|44|Congelados|Pescado|Pescado|Productos del momento|Rápido y saludable|Rodajas de atún de aleta amarilla Hacendado congelado||0.25|kg|17.50|€/kg|4.38|atún de aleta amarilla, (95%,  pescado), agua, sal, antioxidantes e331 y e301, corrector de acidez e500, aroma  natural|8435274110728|0||||||
309|2026-09-16 11:34:37|38|2026|08032|Salmon fillets without skin frozen Hacendado Frozen food Fish Fish|0|España|24511|45|Congelados|Pescado|Pescado|Productos del momento|Rápido y saludable|Lomos de salmón sin piel Hacendado congelado||0.25|kg|23.80|€/kg|5.95|2 piezas de lomo de salmón sin piel (salmo salar) (pescado) de cría de noruega.|8480000245113|0||||||
310|2026-09-16 11:34:37|38|2026|08032|Lightly salted deep-frozen cod fillets MareDeus Frozen food Fish Fish|0|Noruega/Rusia|24016|46|Congelados|Pescado|Pescado|Productos del momento|Rápido y saludable|Filetes de bacalao MareDeus ultracongelado||None|kg|19.73|€/kg|7.40|bacalao (gadus morhua) 90%, agua 8% y sal 2%.|8436542052023|0||||||
311|2026-09-16 11:34:37|38|2026|08032|Diced turkey Meat Poultry Turkey & other fowl|0||12874|47|Carne|Aves y pollo|Pavo y otras aves|Productos del momento|Rápido y saludable|Tacos de pavo||0.57|kg|7.60|€/kg|4.33||8436039782945|0||||||
312|2026-09-16 11:34:37|38|2026|08032|Extra-tender marinated turkey breast fillets Meat Poultry Turkey & other fowl|0||14031|48|Carne|Aves y pollo|Pavo y otras aves|Productos del momento|Rápido y saludable|Filetes pechuga de pavo marinados extra tiernos||0.6|kg|9.00|€/kg|5.40|pechuga de pavo (93%), agua, sal, dextrosa de maíz, aromas, maltodextrina de maíz, estabilizantes (e-451 y e-407), antioxidantes (e-331 y e-300) y conservadores (e-326, e-261 y e-250)|8436039788039|0||||||
313|2026-09-16 11:34:37|38|2026|08032|Boneless and skinless chicken legs Meat Poultry Chicken|0||2789|49|Carne|Aves y pollo|Pollo|Productos del momento|Rápido y saludable|Contramuslos de pollo deshuesados y sin piel||0.55|kg|6.50|€/kg|3.58||2105100027891|0||||||
314|2026-09-16 11:34:38|38|2026|08032|Washed 3 vegetable mix for microwave Fruits & vegetables Vegetables Steamed vegetables|0||69737|50|Fruta y verdura|Verdura|Verduras al vapor|Productos del momento|Rápido y saludable|3 Vegetales para microondas lavados||0.3|kg|6.50|€/kg|1.95|brócoli, coliflor y zanahoria|8436006183454|0||||||
315|2026-09-16 11:34:38|38|2026|08032|Washed broccoli florets for microwave Fruits & vegetables Vegetables Steamed vegetables|0||69622|51|Fruta y verdura|Verdura|Verduras al vapor|Productos del momento|Rápido y saludable|Floretas de brócoli para microondas lavadas||0.23|kg|7.39|€/kg|1.70|brócoli|8437004621900|0||||||
316|2026-09-16 11:34:38|38|2026|08032|Potatoes for microwaving Fruits & vegetables Vegetables Steamed vegetables|0|Francia|69484|52|Fruta y verdura|Verdura|Verduras al vapor|Productos del momento|Rápido y saludable|Patatas para microondas||0.4|kg|3.75|€/kg|1.50|patatas para microondas|8424717004007|0||||||
317|2026-09-16 11:34:38|38|2026|08032|Sweet potatoes for microwave Fruits & vegetables Vegetables Steamed vegetables|0|EEUU|69465|53|Fruta y verdura|Verdura|Verduras al vapor|Productos del momento|Rápido y saludable|Batatas para microondas||0.4|kg|6.25|€/kg|2.50|batatas para microondas|8424717004014|0||||||
318|2026-09-16 11:34:38|38|2026|08032|Portobello mushrooms Fruits & vegetables Vegetables Mushrooms|0||69664|54|Fruta y verdura|Verdura|Setas y champiñones|Productos del momento|Rápido y saludable|Champiñones Portobello||0.3|kg|7.35|€/kg|2.20|champiñón portobello pie cortado|8402001057519|0||||||
319|2026-09-16 11:34:38|38|2026|08032|Mushrooms Fruits & vegetables Vegetables Mushrooms|0|España|69653|55|Fruta y verdura|Verdura|Setas y champiñones|Productos del momento|Rápido y saludable|Setas||0.25|kg|8.35|€/kg|2.09|seta|2105400696537|0||||||
320|2026-09-16 11:34:38|38|2026|08032|Intense mixed mushrooms Fruits & vegetables Vegetables Mushrooms|0|España|69657|56|Fruta y verdura|Verdura|Setas y champiñones|Productos del momento|Rápido y saludable|Mix de setas intenso||0.235|kg|16.00|€/kg|3.76|h.marmoreus, l.edodes, a.bisporus y p. eryngii|8402001051555|0||||||
321|2026-09-16 11:34:39|38|2026|08032|Thick green asparagus Fruits & vegetables Vegetables Other vegetables & greens|0|España, Perú y México|69643|57|Fruta y verdura|Verdura|Otras verduras y hortalizas|Productos del momento|Rápido y saludable|Espárragos verdes gruesos||0.3|kg|13.67|€/kg|4.10|espárragos|8410405000352|0||||||
322|2026-09-16 11:34:39|38|2026|08032|Cooked potatoes Hacendado Cans, soups & creams Vegetable & fruit tins Vegetable tins|0||15534|58|Conservas caldos y cremas|Conservas de verdura y frutas|Conservas verdura|Productos del momento|Rápido y saludable|Patatas cocidas Hacendado||0.66|kg|2.88|€/kg|1.90|patatas, agua, sal y antioxidante; ácido ascórbico|8402001014253|0||||||
323|2026-09-16 11:34:39|38|2026|08032|Vegetable medley Hacendado Cans, soups & creams Vegetable & fruit tins Vegetable tins|0|España|16737|59|Conservas caldos y cremas|Conservas de verdura y frutas|Conservas verdura|Productos del momento|Rápido y saludable|Macedonia de verduras Hacendado||0.535|kg|1.68|€/kg|0.90|zanahoria, patata, guisante, judía verde, agua y sal.|8480000167378|0||||||
324|2026-09-16 11:34:39|38|2026|08032|Whole very thick white asparagus Hacendado Cans, soups & creams Vegetable & fruit tins Vegetable tins|0|Producto originario de China o Perú|16561|60|Conservas caldos y cremas|Conservas de verdura y frutas|Conservas verdura|Productos del momento|Rápido y saludable|Espárragos blancos muy gruesos Hacendado enteros||0.54|kg|6.11|€/kg|3.30|espárragos, agua, sal, azúcar y acidulante; ácido cítrico|8402001001710|0||||||
325|2026-09-16 11:34:39|38|2026|08032|Round green beans Hacendado Cans, soups & creams Vegetable & fruit tins Vegetable tins|0|Milagro- Navarra|16315|61|Conservas caldos y cremas|Conservas de verdura y frutas|Conservas verdura|Productos del momento|Rápido y saludable|Judías verdes redondas Hacendado||0.66|kg|1.67|€/kg|1.10|judia verde, agua y sal|8480000163158|0||||||
326|2026-09-16 11:34:39|38|2026|08032|Artichoke hearts Hacendado Cans, soups & creams Vegetable & fruit tins Vegetable tins|0||19959|62|Conservas caldos y cremas|Conservas de verdura y frutas|Conservas verdura|Productos del momento|Rápido y saludable|Corazones de alcachofa Hacendado||0.26|kg|11.54|€/kg|3.00|alcachofa, aceite de girasol (21%).(contiene antioxidante: extracto rico en tocoferoles), aceite de oliva (0,7%), sal, acidulante: ácido cítrico, antioxidante: ácido ascórbico|8402001043192|0||||||
327|2026-09-16 11:34:39|38|2026|08032|Pasteurized liquid egg whites Eggs, milk & butter Eggs Eggs|0|España|31312|63|Huevos leche y mantequilla|Huevos|Huevos|Productos del momento|Rápido y saludable|Claras de huevo líquidas pasteurizadas||1.0|l|2.85|€/l|2.85|clara de huevo de gallina pasteurizada, conservante e-202. alérgenos: contiene huevo.|8411384100941|0||||||
328|2026-09-16 11:34:39|38|2026|08032|Deep-frozen rustic sautéed Hacendado Frozen food Fruit and vegetable Vegetables|0||21537|64|Congelados|Fruta y verdura|Verdura|Productos del momento|Rápido y saludable|Salteado rústico Hacendado ultracongelado||0.45|kg|4.44|€/kg|2.00|patata asada, boniato asado y cebolla roja asada.|8402001046964|0||||||
329|2026-09-16 11:34:39|38|2026|08032|Deep-frozen vegetable wok mix Hacendado Frozen food Fruit and vegetable Vegetables|1|España|11617|65|Congelados|Fruta y verdura|Verdura|Productos del momento|Rápido y saludable|Wok de verduras Hacendado ultracongelado||0.45|kg|4.22|€/kg|1.90|(brócoli, calabacín asado, zanahoria naranja y amarilla, pimiento rojo, castaña de agua, cebolla roja asada, peapods (tirabeques), edamame grano (soja)), seta shiitake cultivada (lentinula edodes) (9%), sazonador (azúcar, sal aroma, cebolla deshidratada, especias, algarroba en polvo, maltodextrina, ajo deshidratado, fibra de arroz, hierbas, aceite de girasol), aceite de girasol.|8402001028748|0||||Mixed vegetables, frozen, raw|20101|
330|2026-09-16 11:34:40|38|2026|08032|Deep-frozen baby artichoke Hacendado Frozen food Fruit and vegetable Vegetables|0||61229|66|Congelados|Fruta y verdura|Verdura|Productos del momento|Rápido y saludable|Alcachofa baby Hacendado ultracongelada||0.3|kg|10.17|€/kg|3.05|alcachofa.|8402001028182|0||||||
331|2026-09-16 11:34:40|38|2026|08032|Deep-frozen chopped green asparagus Hacendado Frozen food Fruit and vegetable Vegetables|0||61238|67|Congelados|Fruta y verdura|Verdura|Productos del momento|Rápido y saludable|Espárrago verde troceado Hacendado ultracongelado||0.3|kg|8.50|€/kg|2.55|espárrago verde.|8480000612380|0||||||
332|2026-09-16 11:34:40|38|2026|08032|Deep-frozen sautéed vegetables Hacendado Frozen food Fruit and vegetable Vegetables|0||61065|68|Congelados|Fruta y verdura|Verdura|Productos del momento|Rápido y saludable|Salteado de verduras Hacendado ultracongelado||0.6|kg|2.58|€/kg|1.55|hortalizas y verduras en proporción variable (judía verde, brócoli, pimiento  rojo, champiñón cultivado (agaricus bisporus) y cebolla)|8402001011191|0||||||
333|2026-09-16 11:34:40|38|2026|08032|Deep-frozen cauliflower, broccoli and carrots Hacendado Frozen food Fruit and vegetable Vegetables|0||61006|69|Congelados|Fruta y verdura|Verdura|Productos del momento|Rápido y saludable|Coliflor, brócoli y zanahoria Hacendado ultracongelada||1.0|kg|1.80|€/kg|1.80|mezcla de vegetales en  proporción variable (coliflor, brócoli y zanahoria).|8480000610065|0||||||
334|2026-09-16 11:34:40|38|2026|08032|Frozen diced avocado Hacendado Frozen food Fruit and vegetable Fruits|0||14283|70|Congelados|Fruta y verdura|Fruta|Productos del momento|Rápido y saludable|Aguacate en dados Hacendado congelado||0.5|kg|7.00|€/kg|3.50|aguacate 99%, antioxidante: ácido ascórbico, sal y regulador de acidez: ácido cítrico|8402001036965|0||||||
335|2026-09-16 11:34:40|38|2026|08032|Deep frozen for microwaving rice with vegetables Hacendado Frozen food Rice & pasta Rice|0||12756|71|Congelados|Arroz y pasta|Arroz|Productos del momento|Rápido y saludable|Arroz con verduras para microondas Hacendado ultracongelado||0.8|kg|2.50|€/kg|2.00|arroz (67%) (agua y arroz), verduras en proporción variable (33%) (brócoli, guisante, maíz, pimiento rojo y zanahoria).|8402001030932|0||||||
336|2026-09-16 11:34:40|38|2026|08032|Deep frozen rice for microwave Hacendado Frozen food Rice & pasta Rice|0||61302|72|Congelados|Arroz y pasta|Arroz|Productos del momento|Rápido y saludable|Arroz para microondas Hacendado ultracongelado||1.0|kg|1.90|€/kg|1.90|arroz (agua, arroz).|8480000613028|0||||||
337|2026-09-16 11:34:40|38|2026|08032|Quinoa Hacendado Rice, pulses & pasta Rice Rice|0|Origen: Perú|9430|73|Arroz legumbres y pasta|Arroz|Arroz|Productos del momento|Rápido y saludable|Quinoa Hacendado||0.5|kg|5.30|€/kg|2.65|granos de quinoa (100%). sin gluten.|8011515946617|0||||||
338|2026-09-16 11:34:40|38|2026|08032|Long brown rice Hacendado Rice, pulses & pasta Rice Rice|0||5184|74|Arroz legumbres y pasta|Arroz|Arroz|Productos del momento|Rápido y saludable|Arroz integral largo Hacendado||1.0|kg|1.65|€/kg|1.65|arroz|8480000051844|0||||||
339|2026-09-16 11:34:40|38|2026|08032|Fragrant basmati rice Hacendado Rice, pulses & pasta Rice Rice|0||5002|75|Arroz legumbres y pasta|Arroz|Arroz|Productos del momento|Rápido y saludable|Arroz basmati aromático Hacendado||1.0|kg|2.10|€/kg|2.10|arroz|8480000050021|0||||||
340|2026-09-16 11:34:40|38|2026|08032|Pasta trottole vegetable Hacendado Rice, pulses & pasta Pasta & noodles Macaroni, bows & fusilli|0|Italia|6371|76|Arroz legumbres y pasta|Pasta y fideos|Macarrones, pajaritas y hélices|Productos del momento|Rápido y saludable|Pasta trottole vegetales Hacendado||0.5|kg|2.10|€/kg|1.05|100% sémola de trigo duro. pasta alimenticia compuesta al tomate: sémola de trigo duro, 3,5% tomate deshidratado. pasta alimenticia compuesta a las espinacas: sémola de trigo duro 2,5% espinacas deshidratadas . puede contener trazas de soja, mostaza y huevo.|8402001021398|0||||||
341|2026-09-16 11:34:40|38|2026|08032|Pasta fusilloni vegetable Hacendado Rice, pulses & pasta Pasta & noodles Macaroni, bows & fusilli|0||17640|77|Arroz legumbres y pasta|Pasta y fideos|Macarrones, pajaritas y hélices|Productos del momento|Rápido y saludable|Pasta fusilloni vegetal Hacendado||0.5|kg|2.10|€/kg|1.05|pasta alimenticia de calidad superior: 100% sémola de trigo duro (gluten). pasta compuesta al tomate:  sémola de trigo duro (gluten), 3,5% de tomate deshidratado. pasta compuesta a las espinacas: sémola de trigo duro (gluten), 2,2% espinacas deshidratadas. puede contener trazas de huevos, soja y mostaza.|8402001056918|0||||||
342|2026-09-16 11:34:41|38|2026|08032|100% Red lentil pasta fusilli Felicia Rice, pulses & pasta Pasta & noodles Macaroni, bows & fusilli|0|Italia|6106|78|Arroz legumbres y pasta|Pasta y fideos|Macarrones, pajaritas y hélices|Productos del momento|Rápido y saludable|Pasta fusilli 100% lentejas rojas Felicia||0.25|kg|6.60|€/kg|1.65|100% harina de lentejas rojas. no contiene gluten.|8032804430822|0||||||
343|2026-09-16 11:34:41|38|2026|08032|Wholemeal spaghetti Hacendado Rice, pulses & pasta Pasta & noodles Spaghetti & tagliatelle|0||35778|79|Arroz legumbres y pasta|Pasta y fideos|Spaghetti y tallarines|Productos del momento|Rápido y saludable|Spaghetti integral Hacendado||0.5|kg|2.30|€/kg|1.15|sémola integral de trigo duro (gluten). puede contener trazas de huevos, soja y mostaza.|8402001010200|0||||||
344|2026-09-16 11:34:41|38|2026|08032|Pappardelle Hacendado Rice, pulses & pasta Pasta & noodles Spaghetti & tagliatelle|0||21988|80|Arroz legumbres y pasta|Pasta y fideos|Spaghetti y tallarines|Productos del momento|Rápido y saludable|Pappardelle Hacendado||0.45|kg|3.22|€/kg|1.45|sémola de trigo duro (gluten). puede contener trazas de huevos, soja y mostaza.|8402001052620|0||||||
345|2026-09-16 11:34:41|38|2026|08032|Egg tagliatelle Hacendado Rice, pulses & pasta Pasta & noodles Spaghetti & tagliatelle|0|España|6321|81|Arroz legumbres y pasta|Pasta y fideos|Spaghetti y tallarines|Productos del momento|Rápido y saludable|Nidos al huevo Hacendado||0.5|kg|2.90|€/kg|1.45|sémola de trigo duro (gluten), huevo (13%). puede contener trazas de soja y mostaza. 3 huevos por kg de sémola.|8480000063212|0||||||
346|2026-09-16 11:34:41|38|2026|08032|Rice noodles Hacendado Rice, pulses & pasta Pasta & noodles Spaghetti & tagliatelle|0|Viet Nam|35981|82|Arroz legumbres y pasta|Pasta y fideos|Spaghetti y tallarines|Productos del momento|Rápido y saludable|Noodles de arroz Hacendado||0.2|kg|7.25|€/kg|1.45|harina de arroz, almidón de tapioca, sal.|8402001011924|0||||||
347|2026-09-16 11:34:41|38|2026|08032|Gluten-free soy sauce Hacendado Oils, spices & sauces Other sauces Oriental sauces|0|Austria|17382|83|Aceite especias y salsas|Otras salsas|Salsas orientales|Productos del momento|Rápido y saludable|Salsa de Soja sin gluten Hacendado||0.25|l|10.00|€/l|2.50|ingredientes: agua, habas de soja, sal, vinagre de alcohol.|8480000173829|0||||||
348|2026-09-16 11:34:41|38|2026|08032|Fresh Pesto sauce with basil Hacendado Oils, spices & sauces Other sauces Pasta sauces|0||35186|84|Aceite especias y salsas|Otras salsas|Salsas para pasta|Productos del momento|Rápido y saludable|Salsa fresca Pesto con albahaca Hacendado||0.15|kg|12.67|€/kg|1.90|aceite de semillas de girasol, albahaca (24%),  anacardos, aceite de oliva,  queso rallado (3%) (leche, sal, cuajo), sal, piñones (2%), mantequilla (leche), ajo deshidratado, corrector de acidez: ácido láctico, antioxidante: ácido ascórbico, conservador: sorbato de potasio (e202).puede contener frutos de cáscara, cacahuetes, mostaza, apio, sulfitos, soja, pescado, huevos, moluscos y crustáceos.|8402001009044|0||||||
349|2026-09-16 11:34:42|38|2026|08032|Coconut preparation Hacendado Eggs, milk & butter Milk & milk alternatives Milk alternatives|0|Thailandia|17174|85|Huevos leche y mantequilla|Leche y bebidas vegetales|Bebidas vegetales|Productos del momento|Rápido y saludable|Preparado de coco Hacendado||0.4|l|3.25|€/l|1.30|extracto de coco 81-82%, eche de coco 17 -19%, agua, estabilizante (e466 carboxy methyl cellulose), emulsionante (polysorbate60)|8402001019944|0||||||
350|2026-09-16 11:34:42|38|2026|08032|Carrot cake Hacendado Bread & bakery Packaged pastries Packaged pastries|0||24585|1|Panadería y pastelería|Bollería envasada|Bollería envasada|Novedades|Novedades|Bizcocho con zanahoria Hacendado||0.29|kg|6.55|€/kg|1.90|harina de trigo, aceite refinado de girasol, azúcar, huevo líquido, agua, clara de huevo líquida, humectantes (e-420, e-422), almidón de trigo, zanahoria deshidratada (2%)* (zanahoria, zumo de zanahoria concentrado, jarabe de glucosa, maltodextrina, almidón), jarabe de glucosa y fructosa, almidón modificado, harina de centeno malteada, aromas, gasificantes (e-450, e-500), suero de leche en polvo, gluten de trigo, emulsificante (e-471), conservadores (e-202, e-282), sal, canela molida, corrector de acidez (e-270), espesantes (e-415, e-412). *equivalente a 8 % de zanahoria en producto final. puede contener mostaza, soja y frutos de cáscara.|8402001060199|1||||||
351|2026-09-16 11:34:42|38|2026|08032|Soy dessert with caramel Hacendado Dessert & yoghurt Soy desserts Soy desserts|0||24080|2|Postres y yogures|Postres de soja|Postres de soja|Novedades|Novedades|Postre de soja con caramelo Hacendado||0.4|kg|3.88|€/kg|1.55|bebida de soja 80,3% (agua, habas de soja 6.3%*), azúcar,  caramelo 6,6% (azúcar, agua), almidones modificados, aromas naturales, sal, espesante:  carragenanos; azúcar caramelizado, colorante: norbixina de bija. * sobre el producto terminado.|8402001053924|1||||||
352|2026-09-16 11:34:42|38|2026|08032|White chocolate filled Rebuenas 1 biscuits Hacendado Cereal & biscuits Biscuits With chocolate & stuffed|0||17929|3|Cereales y galletas|Galletas|Con chocolate y rellenas|Novedades|Novedades|Galletas rebuenas Hacendado rellenas de chocolate blanco||0.5|kg|2.90|€/kg|1.45|crema sabor chocolate blanco [azúcar, grasas vegetales (palma, palmiste), suero de leche en polvo, manteca de cacao, leche en polvo, almidón de trigo, emulgente (lecitinas [contienen soja]), sal, aroma], harina de trigo, azúcar, aceite refinado de girasol alto oleico, cacao desgrasado en polvo [cacao desgrasado en polvo, corrector de acidez (carbonato potásico)], suero de leche en polvo, gasificantes (carbonato ácido de amonio, carbonato ácido de sodio), jarabe de glucosa y fructosa, sal, emulgente [lecitinas (soja)], proteínas de la leche, antioxidante (metabisulfito sódico), leche desnatada en polvo. puede contener trazas de mostaza.|8402001057335|1||||||
353|2026-09-16 11:34:42|38|2026|08032|100% Acorn Fed Iberian Machine-sliced into pieces and vacuum packed Deli & cheese Serrano ham Serrano ham|0||24576|4|Charcutería y quesos|Jamón serrano|Jamón serrano|Novedades|Novedades|Jamón de bellota ibérico 100% cortado a máquina||0.16|kg|140.00|€/kg|22.40|jamón de cerdo de bellota 100% ibérico, sal, azúcar, antioxidantes (e-331, e-301) y  conservadores (e-252, e-250). puede contener trazas de proteína de soja.|8402001060519|1||||||
354|2026-09-16 11:34:42|38|2026|08032|Choco Bom chocolate chip biscuits coated in white chocolate Gullón Cereal & biscuits Biscuits With chocolate & stuffed|0||17928|5|Cereales y galletas|Galletas|Con chocolate y rellenas|Novedades|Novedades|Galletas Choco Bom Gullón con chips de chocolate recubiertas de chocolate blanco||0.1|kg|10.00|€/kg|1.00|chocolate blanco 40% (azúcar, manteca de cacao, leche en polvo, suero de leche en polvo, emulgente (lecitinas [soja]), aroma, aroma natural de vainilla), harina de trigo, chips de chocolate 12 % (azúcar, pasta de cacao, manteca de cacao, emulgente (lecitinas [soja])), aceite refinado de girasol alto oleico, azúcar, oligofructosa, gasificantes (carbonato ácido de amonio y carbonato ácido de sodio), sal, aroma. puede contener trazas de frutos de cáscara y mostaza|8410376012699|1||||||
355|2026-09-16 11:34:42|38|2026|08032|Tropical drink Hacendado Juice Assorted fruit Assorted fruit & other flavours|0||18370|6|Zumos|Fruta variada|Fruta variada y otros sabores|Novedades|Novedades|Zumo tropical Hacendado||1.0|l|2.40|€/l|2.40|zumo de uva 45%, zumo de naranja 25%, zumo de piña 15%, puré de mango 10% y zumo de maracuyá 5%mantene|8402001060526|1||||||
356|2026-09-16 11:34:42|38|2026|08032|Peru coffee pods Hacendado Chocolate drinks, coffee & tea Coffee pods & single cups Nespresso-compatible pods|0||17674|7|Cacao café e infusiones|Café cápsula y monodosis|Cápsulas compatibles Nespresso|Novedades|Novedades|Café en cápsula Perú Hacendado||0.104|kg|0.19|€/kg|3.80||8402001057489|1||||||
357|2026-09-16 11:34:43|38|2026|08032|100% whole grain sliced bread Bread & bakery Oven bread Sliced bread loaf|0||17912.2|8|Panadería y pastelería|Pan de horno|Pan rebanado|Novedades|Novedades|Barra pan integral 100% rebanado||0.23|kg|3.91|€/kg|0.90|harina integral de trigo (gluten) 70%**, agua, sal, levadura, masa madre de trigo integral (gluten) inactiva, gluten de trigo, emulgente e-472e y antioxidante e-300. puede contener soja y mostaza.|8402001058868|1||||||
358|2026-09-16 11:34:43|38|2026|08032|100% whole grain loaf of bread Bread & bakery Oven bread Bread loaf|0||17912.1|9|Panadería y pastelería|Pan de horno|Barra de pan|Novedades|Novedades|Barra pan integral 100%||0.23|kg|3.91|€/kg|0.90|harina integral de trigo (gluten) 70%**, agua, sal, levadura, masa madre de trigo integral (gluten) inactiva, gluten de trigo, emulgente e-472e y antioxidante e-300. puede contener soja y mostaza.|8402001058868|1||||||
359|2026-09-16 11:34:43|38|2026|08032|Fussion Milk chocolate caramelised cookies filling Hacendado Sugar, sweets & chocolate Chocolate Milk chocolate|0||17996|10|Azúcar caramelos y chocolate|Chocolate|Chocolate con leche|Novedades|Novedades|Chocolate con leche Fussion Hacendado relleno de galleta caramelizada||0.142|kg|12.32|€/kg|1.75||8402001055874|1||||||
360|2026-09-16 11:34:43|38|2026|08032|Cupcakes with chocolate chips Bread & bakery Oven pastries Sweet pastries|0||17700|12|Panadería y pastelería|Bollería de horno|Bollería dulce|Novedades|Novedades|Magdalenas con pepitas de chocolate||0.39|kg|7.95|€/kg|3.10|harina de trigo (gluten), aceite refinado de girasol, azúcar, huevo líquido pasteurizado, pepitas de chocolate (8,9%) [azúcar, pasta de cacao, manteca de cacao, dextrosa, emulgente (lecitina de soja)], agua, jarabe de glucosa y fructosa, humectante (glicerina), mantequilla (leche), gasificantes (difosfato disódico, bicarbonato de sodio), jarabe de azúcar invertido, ralladura de naranja, miel de flores, aroma, sal, espesante (goma xantana), antioxidante (extracto rico en tocoferol), enzimas. puede contener: frutos de cáscara, mostaza, sulfitos|8402001058349|1||||||
361|2026-09-16 11:34:43|38|2026|08032|Whole grain loaf of bread with 20% oats 5% buckwheat Hacendado Bread & bakery Packaged sliced bread & other specialities Other bread|0||18294|13|Panadería y pastelería|Pan de molde y otras especialidades|Otros panes|Novedades|Novedades|Pan de molde integral con 20% avena 5% trigo sarraceno Hacendado||0.55|kg|2.73|€/kg|1.50|harina integral (57%) (trigo (gluten), avena (gluten) (20%), trigo sarraceno (5%)), agua, semillas de girasol (4,5%), levadura, gluten de trigo, aceite de oliva virgen extra (1,3%), sal, sémola integral de trigo (gluten), emulgentes (e-472e, e-471), conservadores (e-282, e-200, e-202), antioxidante (e-300), aroma. puede contener trazas de semillas de sésamo, soja y mostaza. sin lactosa.|8402001059247|1||||||
362|2026-09-16 11:34:43|38|2026|08032|Sliced soft cow cheese Hacendado Deli & cheese Sliced, grated & portioned cheese Sliced cheese|0||16551|14|Charcutería y quesos|Queso lonchas rallado y en porciones|Queso lonchas|Novedades|Novedades|Queso lonchas tierno de vaca Hacendado||0.5|kg|7.00|€/kg|3.50||8402001055249|1||||||
363|2026-09-16 11:34:43|38|2026|08032|Cupcakes with sugar Bread & bakery Oven pastries Sweet pastries|0||17698|15|Panadería y pastelería|Bollería de horno|Bollería dulce|Novedades|Novedades|Magdalenas con azúcar||0.39|kg|6.92|€/kg|2.70|aceite refinado de girasol, harina de trigo (gluten), azúcar (20,8%), huevo líquido pasteurizado, agua, humectante (glicerina), jarabe de glucosa y fructosa, ralladura de naranja, leche entera en polvo, gasificantes (difosfato disódico, bicarbonato de sodio), sal, espesante (goma xantana), aromas, acidulante (ácido cítrico), antioxidante (extracto rico en tocoferol), enzimas. puede contener: soja, frutos de cáscara, mostaza, sulfitos.|8402001058332|1||||||
364|2026-09-16 11:34:43|38|2026|08032|Oat biscuits and seeds Hacendado Cereal & biscuits Biscuits Wholemeal & digestive biscuits|0||17639|16|Cereales y galletas|Galletas|Galletas integrales y digestive|Novedades|Novedades|Galletas avena y semillas Hacendado||0.32|kg|5.94|€/kg|1.90|copos de avena, harina de trigo, arroz inflado (harina de arroz, harina de trigo, sal), azúcar, aceite refinado de girasol alto oleico 13%, copos de maíz (maíz, sal, azúcar, jarabe de malta de cebada), oligofructosa, almidón de trigo, semillas de lino, semillas de chía (salvia hispanica), gelificante (goma arábiga), gasificantes (carbonato ácido de potasio, carbonato ácido de amonio), sal, emulgente [lecitinas (soja)], aroma, aroma natural, suero de leche en polvo. puede contener trazas de granos de sésamo, frutos de cáscara, huevo y mostaza.|8402001056321|1||||||
365|2026-09-16 11:34:43|38|2026|08032|Slices serrano Ham Jamcal Deli & cheese Serrano ham Serrano ham|0||18353|18|Charcutería y quesos|Jamón serrano|Jamón serrano|Novedades|Novedades|Jamón serrano Jamcal lonchas||0.05|kg|22.00|€/kg|1.10|jamón de cerdo, sal, azúcar, conservadores (e-252 y e-250) y antioxidante (e-301).|8437030191019|1||||||
366|2026-09-16 11:34:43|38|2026|08032|Cocoa wafers filled with milk cream and hazelnuts Knoppers Cereal & biscuits Biscuits With chocolate & stuffed|0||17731|19|Cereales y galletas|Galletas|Con chocolate y rellenas|Novedades|Novedades|Barquillos de cacao rellenos con crema de leche y de avellanas Knoppers||0.125|kg|10.00|€/kg|1.25|azúcar, grasas vegetales (palma, karité),  harina de trigo (13,5 %), leche desnatada en polvo (13 %), avellanas (9,2 %), harina integral de trigo (7,2 %), cacao, mantequilla concentrada (2,7 %), cacao, cacao desgrasado en polvo, emulgente: lecitinas (soja), sal, suero lácteo en polvo leche, almidón de trigo, aromas naturales, gasificante: bicarbonato sódico, cacahuetes molidos.  también puede contener almendras, otros frutos de cáscara y huevo.|4014400928884|1||||||
367|2026-09-16 11:34:43|38|2026|08032|Guanciale Hacendado Deli & cheese Bacon & sausages Bacon|0||21892|20|Charcutería y quesos|Bacón y salchichas|Bacón|Novedades|Novedades|Guanciale Hacendado||0.31|kg|15.00|€/kg|4.65|papada de cerdo, sal, especias, dextrosa, antioxidante (e-316) y conservador (e-250).|8402001053191|1||||||
368|2026-09-16 11:34:43|38|2026|08032|Volcano with cream and coconut Hacendado Bread & bakery Packaged pastries Assorted pastries|0||17951|22|Panadería y pastelería|Bollería envasada|Pastelitos surtidos|Novedades|Novedades|Volcano con crema y coco||0.057|kg|5.75|€/kg|0.33|harina de trigo (gluten), aceite refinado de girasol, azúcar, cobertura blanca (10%) [azúcar, grasa vegetal totalmente hidrogenada (palmiste), suero de leche en polvo, leche en polvo, grasa vegetal (palma), emulgentes vegetales (lecitina de girasol, e472c), conservador (ácido sórbico), aroma], jarabe de glucosa y fructosa, huevo líquido pasteurizado, crema (9%) sabor vainilla [azúcar, agua, jarabe de glucosa y fructosa, cobertura blanca (azúcar, grasa vegetal totalmente hidrogenada (palmiste), suero de leche en polvo, leche en polvo, emulgentes vegetales (e492, lecitina de girasol, e472c), aromas), maltodextrina, almidones modificados, humectante (e422), grasa vegetal (palma), reguladores de la acidez (e516, e330), estabilizantes (e460, e466), emulgentes vegetales (e472c, e471, e475), conservador (e202), sal, gelificante (e407), aromas, colorantes (e160c, e160a)], agua, humectantes (sorbitoles, glicerina), coco rallado (2%), sal, acidulante (e330), conservador (sorbato potásico), espesante (goma xantana), emulgentes vegetales (e471, e1520, e477, e470a), gasificantes (e450i, carbonatos de sodio), aromas. puede contener trazas de mostaza, soja y frutos de cáscara.|8402001059254|1||||||
369|2026-09-16 11:34:44|38|2026|08032|Deep frozen cheese and ham baguette Hacendado Frozen food Pizza Pizza|0||23988|23|Congelados|Pizzas|Pizzas|Novedades|Novedades|Baguette jamón y queso Hacendado ultracongeladas||0.25|kg|8.40|€/kg|2.10|harina de trigo (gluten), agua, queso edam 12,1% (leche), jamón cocido 7,5% (jamón de cerdo (70%), agua, sal, azúcar, aromas, estabilizantes (e-451,e-420,e-407), antioxidantes (e-316 y e-331), conservador (e-250)), aceite refinado de girasol, creme fraiche (nata (leche), fermentos lácticos), nata (nata ligera (leche), almidón modificado, emulgente (e-472e), estabilizantes (e-440i y e-407)), queso rallado fundido en polvo (leche)(queso (leche), almidón, proteína de la leche, mantequilla (leche), sales de fundido (e-452, e-340, e-331), sal, aroma (leche), corrector de acidez (e-270), conservador (e-202), antiapelmazante: almidón de patata), suero de leche en polvo, sal, levadura, almidón modificado de patata, cebollino, cebolla prefrita (cebolla (90%) y aceite refinado de girasol), azúcar, yogur desnatado en polvo (leche), aroma natural, pimienta negra molida, ajo molido, agente de tratamiento de la harina(e920). puede contener trazas de pescado, soja y mostaza.|8402001053566|1||||||
370|2026-09-16 11:34:44|38|2026|08032|Fussion milk chocolate filled with caramel over aerated milk Hacendado Sugar, sweets & chocolate Chocolate Milk chocolate|0||17917|24|Azúcar caramelos y chocolate|Chocolate|Chocolate con leche|Novedades|Novedades|Chocolate con leche Fussion Hacendado relleno de caramelo con leche aireado||0.095|kg|14.21|€/kg|1.35|azúcar, leche en polvo, manteca de cacao, pasta de cacao, jarabe de glucosa, grasa de palma, leche desnatada en polvo, suero lácteo dulce en polvo (leche), leche condensada, emulgentes (lecitinas [soja], mono- y diglicéridos de ácidos grasos), grasa butírica, sal, extracto de vainilla, aromas naturales. contiene grasas vegetales además de manteca de cacao. puede contener cacahuetes, frutos de cáscara, gluten y huevo.|8402001043659|1||||||
371|2026-09-16 11:34:44|38|2026|08032|3 Sourdough Baguettes Bread & bakery Oven bread Bread loaf|0||83286|25|Panadería y pastelería|Pan de horno|Barra de pan|Novedades|Novedades|3 Baguettes masa madre||0.75|kg|2.00|€/kg|1.50|harina de trigo (gluten), agua, masa madre de trigo (3%) (gluten), sal, levadura, antioxidante e 300. puede contener trazas de  soja y mostaza.|8480000832863|1||||||
372|2026-09-16 11:34:44|38|2026|08032|Crunchy Milk bars with cereals and milk chocolate filling Hacendado Sugar, sweets & chocolate Chocolate Bars|0||17705|26|Azúcar caramelos y chocolate|Chocolate|Chocolatinas|Novedades|Novedades|Barritas crujientes Crunchy Milk Hacendado con relleno de cereales y chocolate con leche||0.092|kg|19.57|€/kg|1.80|relleno de cereales con chocolate y leche 52% [preparado lácteo 74% (aceites y grasas vegetales (girasol refinado, colza, palma, coco), azúcar, leche entera en polvo (20%), leche desnatada en polvo (8%), suero de leche en polvo (2%), lactosa (leche) (2%), emulgente (lecitinas), antioxidante (e-306), aromas), cereales con chocolate 26% (cereales (sémola de trigo (gluten), harina de trigo (gluten), harina de avena (gluten), harina de arroz, harina integral de trigo (gluten)), azúcar, leche entera en polvo, sal)], cereales (sémola de arroz, harina integral de trigo (gluten), harina de trigo (gluten), harina de avena (gluten)), chocolate en polvo (azúcar, cacao en polvo), grasa vegetal (palmiste, palma), leche entera en polvo, leche desnatada en polvo, suero de leche en polvo, almidón de maíz, fibra de trigo (gluten), jarabe de azúcar caramelizado, sal, emulgente (lecitina de soja), gasificante (bicarbonato sódico), aromas. puede contener frutos de cáscara y mostaza.|8402001057151|1||||||
373|2026-09-16 11:34:44|38|2026|08032|Cheesecake Caramel wafer bars with white chocolate coating and cheesecake flavor filling Sugar, sweets & chocolate Chocolate Bars|0||24568|27|Azúcar caramelos y chocolate|Chocolate|Chocolatinas|Novedades|Novedades|Barritas de barquillo Cheesecake Caramel Hacendado con cobertura blanca y relleno sabor cheesecake||0.115|kg|15.65|€/kg|1.80|cobertura blanca coloreada (37%) (azúcar, grasa vegetal (palma y palmiste), leche en polvo, emulgentes: lecitina (soja) y e-476, colorante: e-160a, sacarosa caramelizada y aromas), azúcar, gota de cobertura blanca (azúcar, grasa vegetal (coco, palmiste) en proporciones variables, leche desnatada en polvo, emulgente: lecitina (soja), aroma natural de vainilla), harina de trigo (gluten), leche desnatada en polvo, grasa vegetal de palma, emulgentes: lecitina (soja) y e-476, gasificante: bicarbonato de sodio y aromas. puede contener: frutos de cáscara y mostaza.|8402001054037|1||||||
374|2026-09-16 11:34:44|38|2026|08032|Sour Jelly Beans sweets Hacendado Sugar, sweets & chocolate Sweets Sweets|0||17719|28|Azúcar caramelos y chocolate|Golosinas|Golosinas|Novedades|Novedades|Golosinas Jelly Beans ácidas Hacendado||0.085|kg|10.59|€/kg|0.90||8402001055973|1||||||
375|2026-09-16 11:34:44|38|2026|08032|Choco Orange flavored oat cookies with chocolate cream filling Cereal & biscuits Biscuits With chocolate & stuffed|0||17922|29|Cereales y galletas|Galletas|Con chocolate y rellenas|Novedades|Novedades|Galletas con avena sabor Choco Orange con relleno de crema de chocolate Hacendado||0.21|kg|5.95|€/kg|1.25|copos de avena 30%, crema de chocolate 29% [azúcar, grasas vegetales (palma, palmiste), cacao desgrasado en polvo 11%, almidón de trigo, proteínas de la leche, leche desnatada en polvo, emulgente (lecitinas [soja])], harina de trigo, azúcar, aceite refinado de girasol alto oleico, salvado de trigo, oligofructosa, gelificante (goma arábiga), zumo de naranja en polvo 1%, sal, emulgente [lecitinas (soja)], gasificantes (carbonato ácido de sodio, carbonato ácido de amonio), aroma. puede contener trazas de mostaza.|8402001058882|1||||||
376|2026-09-16 11:34:45|38|2026|08032|Fruit + Milk Protein 20 g with Collagen and Vitamin C Don Simón Juice Assorted fruit Fruit + milk|0||24586|30|Zumos|Fruta variada|Fruta + leche|Novedades|Novedades|Fruta + leche Proteína 20 gr Don Simón con colágeno y vitamina C||0.33|l|5.00|€/l|1.65|agua, zumo de frutas parcialmente a partir de concentrado (20 %) en proporción variable (piña, uva, mango y manzana), leche desnatada (15 %), proteína de arroz (4,3 %), colágeno hidrolizado (2 %), estabilizantes [pectina (e-466) y e-460i], acidulantes (ácido málico y ácido cítrico), aromas, colorante (beta-caroteno), edulcorante (sucralosa) y vitamina c.|8410261644240|1||||||
377|2026-09-16 11:34:45|38|2026|08032|Beer Brutus Beer, wine & spirits Beer Beer cans|0||18152|31|Bodega|Cerveza|Cerveza lata|Novedades|Novedades|Cerveza Brutus|5.0|0.5|l|2.38|€/l|1.19|agua, malta de cebada , maiz, lúpulo|8411327014410|1||||||
378|2026-09-16 11:34:45|38|2026|08032|Cocktail pork sausages Hacendado Deli & cheese Bacon & sausages Sausages|0||17578|32|Charcutería y quesos|Bacón y salchichas|Salchichas|Novedades|Novedades|Salchichas cocidas cocktail Hacendado de cerdo||0.2|kg|9.50|€/kg|1.90||8402001056161|1||||||
379|2026-09-16 11:34:45|38|2026|08032|shelled roasted almonds 0% added salt Hacendado Snacks Nuts, seeds & dried fruit Nuts & seeds|0||17668|33|Aperitivos|Frutos secos y fruta desecada|Frutos secos|Novedades|Novedades|Almendra tostada Hacendado 0% sal añadida pelada||0.2|kg|14.50|€/kg|2.90|almendras tostadas sin piel. trazas de cacahuete y otros frutos de cáscara.|8402001057496|1||||||
380|2026-09-16 11:34:45|38|2026|08032|Brasil coffee beans Hacendado Chocolate drinks, coffee & tea Ground coffee & coffee beans Coffee beans|0||17670|34|Cacao café e infusiones|Café molido y en grano|Café en grano|Novedades|Novedades|Café en grano Brasil Hacendado||0.5|kg|14.00|€/kg|7.00|café|8402001057427|1||||||
381|2026-09-16 11:34:45|38|2026|08032|Strong aged goat cheese  in wedge slices Hacendado Deli & cheese Cured, semicured & soft cheese Cured cheese|1|España|11680|35|Charcutería y quesos|Queso curado semicurado y tierno|Queso curado|Novedades|Novedades|Queso añejo fuerte de oveja Hacendado cortado en cuñitas||0.33|kg|21.10|€/kg|6.96|leche cruda de oveja, sal, cuajo, fermentos lácticos (leche). corteza no comestible: contiene conservadores (e-202 y e-235). origen de la leche: españa|8402001028878|1||||Mimolette cheese, old, from cow's milk (cured 12 months minimum)|12738|
382|2026-09-16 11:34:45|38|2026|08032|Short­grain rice Hacendado Rice, pulses & pasta Rice Rice|0||5044|1|Arroz legumbres y pasta|Arroz|Arroz|Bajadas de precio|Bajadas de precio|Arroz redondo Hacendado||1.0|kg|1.15|€/kg|1.15|arroz|8480000050441|0|1.20|||||
383|2026-09-16 11:34:45|38|2026|08032|Onions Fruits & vegetables Vegetables Onion & garlic|0||69089|2|Fruta y verdura|Verdura|Cebolla y ajo|Bajadas de precio|Bajadas de precio|Cebollas||1.0|kg|1.70|€/kg|1.70|cebolla (allinium cepa)|8414382410005|0|2.00|||||
384|2026-09-16 11:34:45|38|2026|08032|Extra virgin olive oil Hacendado Oils, spices & sauces Oil, vinegar & salt Olive oil|0|Jaén|4740|3|Aceite especias y salsas|Aceite vinagre y sal|Aceite de oliva|Bajadas de precio|Bajadas de precio|Aceite de oliva virgen extra Hacendado||1.0|l|4.45|€/l|4.45|ingredientes: aceite de oliva virgen extra|8402001001185|0|4.70|||||
385|2026-09-16 11:34:46|38|2026|08032|Light olive oil Hacendado Oils, spices & sauces Oil, vinegar & salt Olive oil|0|España|4240|4|Aceite especias y salsas|Aceite vinagre y sal|Aceite de oliva|Bajadas de precio|Bajadas de precio|Aceite de oliva 0,4º Hacendado||1.0|l|3.70|€/l|3.70|ingredientes: aceite de oliva refinado y aceite de oliva virgen.|8402001027475|0|3.80|||||
386|2026-09-16 11:34:46|38|2026|08032|Natural Greek yoghurt Hacendado Dessert & yoghurt Greek yoghurt Greek yoghurt|0||20512|5|Postres y yogures|Yogures griegos|Yogures griegos|Bajadas de precio|Bajadas de precio|Yogur griego natural Hacendado||1.0|kg|2.10|€/kg|2.10|leche pasteurizada entera (origen: españa), nata, leche en polvo desnatada, fermentos lácticos.|8480000205124|0|2.20|||||
387|2026-09-16 11:34:46|38|2026|08032|Pardina lentils Hacendado Rice, pulses & pasta Pulses Lentils & others|0|Lenteja. Origen: USA / Lentilha. Origem: EUA|5330|6|Arroz legumbres y pasta|Legumbres|Lentejas y otros|Bajadas de precio|Bajadas de precio|Lenteja pardina Hacendado||1.0|kg|1.85|€/kg|1.85|lenteja pardina|8480000053305|0|1.95|||||
388|2026-09-16 11:34:46|38|2026|08032|Natural light Greek yoghurt 2% MG Hacendado Dessert & yoghurt Greek yoghurt Greek yoghurt|0||21358|7|Postres y yogures|Yogures griegos|Yogures griegos|Bajadas de precio|Bajadas de precio|Yogur griego natural ligero Hacendado 2% MG||1.0|kg|2.10|€/kg|2.10|leche pasteurizada parcialmente desnatada (origen: españa), leche en polvo desnatada, proteínas de la leche y fermentos lácticos.|8480000213587|0|2.20|||||
389|2026-09-16 11:34:46|38|2026|08032|Onions Fruits & vegetables Vegetables Onion & garlic|0||69079|8|Fruta y verdura|Verdura|Cebolla y ajo|Bajadas de precio|Bajadas de precio|Cebollas||2.0|kg|1.60|€/kg|3.20|cebollas|5600319261069|0|3.60|||||
390|2026-09-16 11:34:46|38|2026|08032|Extra virgin olive oil Hacendado Oils, spices & sauces Oil, vinegar & salt Olive oil|0|Puente de Génave, Sierra de Segura. Jaén.|4717|9|Aceite especias y salsas|Aceite vinagre y sal|Aceite de oliva|Bajadas de precio|Bajadas de precio|Aceite de oliva virgen extra Hacendado||3.0|l|4.27|€/l|12.80|aceite de oliva virgen extra 100%|8402001001192|0|13.55|||||
391|2026-09-16 11:34:46|38|2026|08032|Lemons Fruits & vegetables Fruits Citrus fruit|0||3236|10|Fruta y verdura|Fruta|Cítricos|Bajadas de precio|Bajadas de precio|Limones||1.0|kg|2.65|€/kg|2.65|calibre 3/5 (53-68mm)|8414196132360|0|2.80|||||
392|2026-09-16 11:34:46|38|2026|08032|Extra chorizo slices Hacendado Deli & cheese Cured meat Chorizo|0|España|59086|11|Charcutería y quesos|Embutido curado|Chorizo|Bajadas de precio|Bajadas de precio|Chorizo extra Hacendado lonchas||0.24|kg|7.29|€/kg|1.75|carne de cerdo, panceta, sal, pimentones, lactosa, dextrina, proteínas de la leche, azúcar, dextrosa, ajo, estabilizante (e-450), antioxidantes (e-331, e-301), especias, extracto de pimentón, conservadores (e-250, e-252) y colorante (e-120).|8480000590862|0|1.85|||||
393|2026-09-16 11:34:46|38|2026|08032|Blend ground coffee Hacendado Chocolate drinks, coffee & tea Ground coffee & coffee beans Ground coffee|0||15922|12|Cacao café e infusiones|Café molido y en grano|Café molido|Bajadas de precio|Bajadas de precio|Café molido mezcla Hacendado||0.5|kg|9.00|€/kg|4.50|café y jarabe de glucosa|8480000159229|0|4.60|||||
394|2026-09-16 11:34:46|38|2026|08032|Instant cup noodles chicken flavour Hacendado Rice, pulses & pasta Pasta & noodles Oriental noodles|0||22453|13|Arroz legumbres y pasta|Pasta y fideos|Fideos orientales|Bajadas de precio|Bajadas de precio|Fideos orientales sabor pollo Hacendado||0.065|kg|12.31|€/kg|0.80|fideos instantaneos (80%): harina de trigo, aceite de palma, sal, almidón modificado, azúcar, gasificantes: carbonato de sodio y potasio; extracto de cúrcuma. caldo (20%): zanahorias, maltodextrina, harina de trigo, maíz, grasas de palma, potenciadores del aroma y del sabor: e-621, e-635; sal, azúcar, carne de pollo en polvo, cebollino, cebollas fritas en polvo (cebollas deshidratadas, aceite de girasol), aromas, extracto de levadura, salsa de soja fermentada (soja, trigo, maltodextrina, sal), sofrito ((cebolla, zanahoria, apio), aceite de girasol, cebolla, azúcar, almidón de maíz, sal, puré de ajo, antioxidantes: e-392, e-396, e-300; pimienta negra), azúcar caramelizada, pimienta blanca, chile, jenjibre, extracto de cúrcuma. puede contener trazas de crustaceos, huevos, leche y mostaza.|8480000224538|0|0.90|||||
395|2026-09-16 11:34:46|38|2026|08032|Oriental noodles chicken flavor Hacendado Pizza & ready meals Hot ready meals Oriental noodles|0||35681|14|Pizzas y platos preparados|Platos preparados calientes|Fideos orientales|Bajadas de precio|Bajadas de precio|Fideos orientales sabor pollo Hacendado||0.065|kg|8.46|€/kg|0.55|fideos instantáneos (85%): harina de trigo, aceite de girasol, fécula de patata, sal, gasificantes: carbonatos de sodio y potasio. caldo (15%): maltodextrina, harina de trigo, potenciadores del sabor: e621, e635; sal, azúcar, carne de pollo en polvo, cebolla verde, cebolla frita en polvo, (cebolla, aceite de girasol), aromas, extracto de levadura, salsa de soja fermentada (soja, trigo, maltodextrina, sal), mezcla de sofrito en polvo ((cebolla, zanahoria, apio), aceite de girasol, cebolla, azúcar, almidón de maíz, sal, puré de ajo, antioxidantes: e392, e306. e300; pimienta negra), azúcar caramelizado, aceite de colza, pimienta blanca, chile, jengibre, extracto de curcumina. puede contener trazas de crustáceos, productos lácteos y mostaza.|8402001021985|0|0.65|||||
396|2026-09-16 11:34:46|38|2026|08032|Sliced salami Hacendado Deli & cheese Cured meat Salchichon|0|España|59090|15|Charcutería y quesos|Embutido curado|Salchichón|Bajadas de precio|Bajadas de precio|Salami extra Hacendado lonchas||0.24|kg|7.29|€/kg|1.75|carne de cerdo, tocino, lactosa, sal, proteínas de la leche, dextrosa, especias, aromas, aromas de humo, estabilizantes (e-450, e-451), antioxidante (e-301), conservadores (e-250, e-252), colorante (e-120) y extracto de pimentón.|8480000590909|0|1.85|||||
397|2026-09-16 11:34:47|38|2026|08032|Zero sugar soft drink Coca-Cola Water & soft drinks Cola drinks Zero cola|0||27426|16|Agua y refrescos|Refresco de cola|Cola zero|Bajadas de precio|Bajadas de precio|Refresco Coca-Cola zero azúcar||3.96|l|2.58|€/l|10.20|ingredientes: agua carbonatada, colorante e-150d, edulcorantes: ciclamato sódico, acesulfamo k y aspartamo, acidulante ácido fosfórico, aromas naturales, aroma cafeína y corrector de acidez: citratos de sodio.|5449000133342|0|11.16|||||
398|2026-09-16 11:34:47|38|2026|08032|Battered hake Seafood & fish Fresh fish Other|0||87734|17|Marisco y pescado|Pescado fresco|Otros|Bajadas de precio|Bajadas de precio|Merluza rebozada||0.23|kg|16.52|€/kg|3.80|filetes de merluza del cabo, sin espinas (*) 70%rebozado 30%: agua, aceites vegetales (colza y girasol en proporción variable), harina de trigo, harina de maíz, almidón modificado de maíz, almidón de trigo, gluten de trigo, sal, gasificante: e450i - e500ii, leche en polvo desnatada.|8480000877345|0|3.90|||||
399|2026-09-16 11:34:47|38|2026|08032|Virgin olive oil Hacendado Oils, spices & sauces Oil, vinegar & salt Olive oil|0|Puente de Génave, Sierra de Segura. Jaén.|4749|18|Aceite especias y salsas|Aceite vinagre y sal|Aceite de oliva|Bajadas de precio|Bajadas de precio|Aceite de oliva virgen Hacendado||1.0|l|4.10|€/l|4.10|ingredientes: aceite de oliva virgen extra|8402001047206|0|4.20|||||
400|2026-09-16 11:34:47|38|2026|08032|Deep frozen peeled large shrimp Hacendado Frozen food Seafood Seafood|0||24230|19|Congelados|Marisco|Marisco|Bajadas de precio|Bajadas de precio|Gamba pelada cruda tamaño grande Hacendado ultracongelada||None|kg|16.53|€/kg|5.95|gamba crustáceo, agua, sal, antioxidante metabisulfito de sodio, estabilizante ( e-339,e-451, e-452). contiene crustáceos, sulfitos y puede contener trazas de pescado y molucos.|6944955502742|0|6.15|||||
401|2026-09-16 11:34:47|38|2026|08032|Deep-frozen catfish fillets Hacendado Frozen food Fish Fish|0|Vietnam|62191|20|Congelados|Pescado|Pescado|Bajadas de precio|Bajadas de precio|Filetes de panga Hacendado ultracongelados||None|kg|5.17|€/kg|4.65|filetes de panga (pangasianodon hypophthalmus) (pescado) (78%), agua (21%), sal, estabilizadores (e451), correctores de la acidez (e331, e332). puede contener espinas.|8480000621917|0|4.75|||||
402|2026-09-16 11:34:47|38|2026|08032|Light olive oil Hacendado Oils, spices & sauces Oil, vinegar & salt Olive oil|0|España|4241|21|Aceite especias y salsas|Aceite vinagre y sal|Aceite de oliva|Bajadas de precio|Bajadas de precio|Aceite de oliva 0,4º Hacendado||5.0|l|3.45|€/l|17.25|ingredientes: aceite de oliva refinado y aceite de oliva virgen extra|8402001027482|0|17.75|||||
403|2026-09-16 11:34:47|38|2026|08032|Vegetarian burgers with spinach and carrot Hacendado Pizza & ready meals Hot ready meals Others|0||86511|22|Pizzas y platos preparados|Platos preparados calientes|Otros|Bajadas de precio|Bajadas de precio|Mini burgers vegetales Hacendado con espinacas y zanahoria||0.2|kg|10.00|€/kg|2.00|ingredientes: espinacas 25%, zanahorias 24%, harina de soja reestructurada y rehidratada, aceite de semillas girasol, gluten de trigo, almidones, pan rallado (harina de trigo, levadura de cerveza, sal), copos de patata, harina de arroz, proteínas aisladas de soja, aceite de oliva virgen extra 2%, cebolla, fibra de guisantes, sal, conservador: sorbato potásico, ajo deshidratado, pimienta negra.puede contener apio y mostaza.|8480000865113|0|2.40|||||
404|2026-09-16 11:34:48|38|2026|08032|Virgin olive oil Hacendado Oils, spices & sauces Oil, vinegar & salt Olive oil|0|Puente de Génave, Sierra de Segura. Jaén.|4711|23|Aceite especias y salsas|Aceite vinagre y sal|Aceite de oliva|Bajadas de precio|Bajadas de precio|Aceite de oliva virgen Hacendado||3.0|l|3.88|€/l|11.65|aceite de oliva virgen|8402001047213|0|12.00|||||
405|2026-09-16 11:34:48|38|2026|08032|Extra virgin olive oil Hacendado Oils, spices & sauces Oil, vinegar & salt Olive oil|0|España|4706|24|Aceite especias y salsas|Aceite vinagre y sal|Aceite de oliva|Bajadas de precio|Bajadas de precio|Aceite de oliva virgen extra Hacendado Gran Selección||0.75|l|7.33|€/l|5.50|ingredientes: aceite de oliva virgen extra|8480000047069|0|5.75|||||
406|2026-09-16 11:34:48|38|2026|08032|Deep Frozen Bolognese Lasagne Hacendado Frozen food Rice & pasta Pasta|0||86597|25|Congelados|Arroz y pasta|Pasta|Bajadas de precio|Bajadas de precio|Lasaña a la boloñesa Hacendado ultracongelada||0.6|kg|4.83|€/kg|2.90|agua, carnes (17%), de cerdo y vacuno,  leche pasteurizada, sémola de trigo, concentrado de tomate, cebolla (5%), quesos (leche pasteurizada, sal, fermentos lácticos, coagulante microbiano, colorante (e-160b(ii)), endurecedor (e-509)), tomate (2%), zumo de tomate, harina de trigo, aceite refinado de girasol, almidón modificado, zanahoria, bebida espirituosa, gelatina, azúcar, sal, pan rallado (harina de trigo, agua, sal y levadura), clara de huevo en polvo, especias, gluten de trigo. contiene gluten, huevo, leche. puede contener trazas de: crustáceos, pescado, soja, mostaza, moluscos.|8480000865977|0|3.00|||||
407|2026-09-16 11:34:48|38|2026|08032|Breaded hake fish sticks Deep frozen Hacendado Frozen food Breaded food Battered fish|0|España|63151|26|Congelados|Rebozados|Pescado rebozado|Bajadas de precio|Bajadas de precio|Palitos de merluza a la romana Hacendado ultracongelados||0.5|kg|5.30|€/kg|2.65|merluza (pescado) (35%), rebozado (65%): agua, pan rallado (harina de trigo (gluten), agua, pimentón, sal, cúrcuma y levadura), harina de trigo (gluten), aceite refinado de girasol, almidón, sal, gasificantes (e-450, e-500), corrector de la acidez (e-330), zumo de limón concentrado, lactosa, espesante (e-417), potenciador del sabor (e-621), ajo en polvo y colorante (e-101). puede contener trazas de leche, huevo, crustáceos, moluscos, soja, mostaza y cacahuete.|8480000631510|0|2.75|||||
408|2026-09-16 11:34:48|38|2026|08032|Small pickled mussels Hacendado Cans, soups & creams Cockles & mussels Mussels|0|España|18619|27|Conservas caldos y cremas|Berberechos y mejillones|Mejillones|Bajadas de precio|Bajadas de precio|Mejillones en escabeche Hacendado pequeños||0.111|kg|18.02|€/kg|2.00|mejillones, vinagre de vino, aceite de girasol, especias y sal. puede contener pescado y crustáceo|8480000186096|0|2.15|||||
409|2026-09-16 11:34:48|38|2026|08032|Vegetable burgers with pumpkin Hacendado Pizza & ready meals Hot ready meals Others|0||15269|28|Pizzas y platos preparados|Platos preparados calientes|Otros|Bajadas de precio|Bajadas de precio|Burgers vegetales Hacendado con calabaza||0.16|kg|11.25|€/kg|1.80|ingredientes:  calabaza 40%, aceite de semilla de girasol, cebolla caramelizada 10% (cebolla, aceite de semilla de girasol, azúcar  de caña), zanahorias 9%, harina de soja reestructurada, harina de trigo, almidones, hojuelas de patata, gluten  de trigo, fibra de guisante, proteína de soja, cebolla 1%, perejil, sal, polvo de calabaza 0,9%, espesante:  metilcelulosa; ajo deshidratado, conservador: sorbato potásico; agua, aroma natural, polvo de romero, levadura de  cerveza. puede contener apio, mostaza y altramuces.|8402001041808|0|2.00|||||
410|2026-09-16 11:34:48|38|2026|08032|Beef and pork mini burgers Meat Burgers and minced food Burgers|1|España|10453|29|Carne|Hamburguesas y picadas|Hamburguesas|Bajadas de precio|Bajadas de precio|Mini burgers de vacuno y cerdo||0.28|kg|10.54|€/kg|2.95|carne de vacuno 46%, carne de cerdo 44%, agua, maíz, arroz, fibras vegetales, sal, aromas, especias, conservador (e-221) (sulfito), antioxidantes (e-301 y e-331) y colorante (e-120).|8436021417244|0|3.10|||Meat balls, pork and beef (Swedish-style), prepacked, raw|25186|
411|2026-09-16 11:34:49|38|2026|08032|1º Olive oil Hacendado Oils, spices & sauces Oil, vinegar & salt Olive oil|0|España|4640|30|Aceite especias y salsas|Aceite vinagre y sal|Aceite de oliva|Bajadas de precio|Bajadas de precio|Aceite de oliva 1º Hacendado||1.0|l|3.90|€/l|3.90|ingredientes: aceite de oliva refinado y aceite de oliva virgen|8480000046406|0|4.00|||||
412|2026-09-16 11:34:49|38|2026|08032|PistachioS, coated in milk chocolate Hacendado Sugar, sweets & chocolate Chocolate Bars|0||20891|31|Azúcar caramelos y chocolate|Chocolate|Chocolatinas|Bajadas de precio|Bajadas de precio|Pistachos bañados de chocolate con leche Hacendado||0.1|kg|24.00|€/kg|2.40|chocolate con leche (55%) (azúcar, manteca de cacao, leche entera en polvo, pasta de cacao, lactosuero en polvo (leche), emulgente (lecitinas (soja)) y aroma), pistacho (32%), azúcar caramelizado (12,5%), sal (0,5%), jarabe de glucosa, estabilizante (e-414) y agente de recubrimiento (e-904). cacao: 38% mínimo en chocolate. trazas de cacahuete y otros frutos de cáscara.. sin gluten.|8402001045233|0|2.50|||||
413|2026-09-16 11:34:49|38|2026|08032|Olive oil Hacendado Oils, spices & sauces Oil, vinegar & salt Olive oil|0|España|4641|32|Aceite especias y salsas|Aceite vinagre y sal|Aceite de oliva|Bajadas de precio|Bajadas de precio|Aceite de oliva 1º Hacendado||5.0|l|3.45|€/l|17.25|aceite de oliva virgen y aceite de oliva refinado|8480000046413|0|17.75|||||
414|2026-09-16 11:34:49|38|2026|08032|Virgin coconut oil Hacendado Oils, spices & sauces Oil, vinegar & salt Others oils|0||4193|33|Aceite especias y salsas|Aceite vinagre y sal|Otros aceites|Bajadas de precio|Bajadas de precio|Aceite de coco virgen Hacendado||0.45|l|11.33|€/l|5.10|100% aceite de coco. aceite de coco suave y aromático, prensado en frío.|8402001034664|0|5.25|||||
415|2026-09-16 11:34:49|38|2026|08032|Spicy extra chorizo slices Hacendado Deli & cheese Cured meat Chorizo|0||12084|35|Charcutería y quesos|Embutido curado|Chorizo|Bajadas de precio|Bajadas de precio|Chorizo picante extra Hacendado lonchas||0.24|kg|10.00|€/kg|2.40|carne de cerdo, panceta, sal, pimentones, lactosa, dextrina, proteïnas de la leche, azúcar, dextrosa, ajo, estabilizante (e-450), antioxidante (e-331, e-301), especias, extracto de pimentón, conservadores (e-250, e-252) y colorante (e-120)|8402001030239|0|2.50|||||
416|2026-09-16 11:34:49|38|2026|08032|Red kidney beans Hacendado Rice, pulses & pasta Pulses Beans|0|Alubia. Origen: USA / Feijo, Origem: EUA|67609|36|Arroz legumbres y pasta|Legumbres|Alubias|Bajadas de precio|Bajadas de precio|Alubia roja Hacendado||1.0|kg|3.00|€/kg|3.00|alubia roja.|8480000676092|0|3.10|||||
417|2026-09-16 11:34:49|38|2026|08032|Espresso natural ground coffee Hacendado Chocolate drinks, coffee & tea Ground coffee & coffee beans Ground coffee|0||11714|37|Cacao café e infusiones|Café molido y en grano|Café molido|Bajadas de precio|Bajadas de precio|Café molido natural Hacendado Espresso||0.25|kg|13.80|€/kg|3.45|café|8480000117144|0|3.60|||||
418|2026-09-16 11:34:49|38|2026|08032|Gazpacha cracked greens olives Hacendado Snacks Olives & pickles Green olives|0||23961|38|Aperitivos|Aceitunas y encurtidos|Aceitunas verdes|Bajadas de precio|Bajadas de precio|Aceitunas verdes Gazpacha Hacendado partidas||0.7|kg|3.00|€/kg|2.10|aceitunas verdes aderezadas partidas 70%, variantes 30% (cebollitas, pepinillos, coliflor, zanahoria y ajos blancos (contiene sulfitos)), sal, vinagre de alcohol, acidulante: ácido cítrico, antioxidante: ácido l-ascórbico, potenciador del sabor e-621, oleoresina de pimentón (extracto de pimentón y emulsionante e-433) y especias. producto pasteurizado. sin gluten|8402001052224|0|2.20|||||
419|2026-09-16 11:34:49|38|2026|08032|Deep-frozen family bolognese lasagne Hacendado Frozen food Rice & pasta Pasta|0||35767|39|Congelados|Arroz y pasta|Pasta|Bajadas de precio|Bajadas de precio|Lasaña boloñesa familiar Hacendado ultracongelada||1.1|kg|4.73|€/kg|5.20|agua, leche pasteurizada, carne de cerdo y vacuno (16%), sémola de trigo, concentrado de tomate, quesos (leche pasteurizada, sal, fermentos lácticos, coagulante microbiano, colorante (e-160b(ii)), endurecedor (e-509)), cebolla (5%), harina de trigo, tomate (2%), zumo de tomate, aceite refinado de girasol, almidón modificado, zanahoria, bebida espirituosa, azúcar, gelatina, sal, pan rallado (harina de trigo, agua, sal y levadura), clara de huevo en polvo, especias, gluten de trigo. contiene gluten, huevo, leche. puede contener trazas de: crustáceos, pescado, soja, mostaza, moluscos.|8402001010101|0|5.40|||||
420|2026-09-16 11:34:49|38|2026|08032|Deep frozen black rice Hacendado Frozen food Rice & pasta Rice|0||21529|40|Congelados|Arroz y pasta|Arroz|Bajadas de precio|Bajadas de precio|Arroz negro Hacendado ultracongelado||0.35|kg|5.71|€/kg|2.00|arroz blanco (59%) (agua, arroz), salsa [agua, caldo  de pescado  y marisco deshidratado (sal, extracto de pescado  y  marisco (crustáceos), especias, tomate, extracto de levadura, azafrán),  tomate concentrado, aceite de orujo de oliva, ajo, cebolla prefrita (cebolla y  aceite refinado de girasol), almidón, vino tinto, tinta de sepia (molusco)  (tinta de sepia, agua, sal, espesante: carboximetilcelulosa sódica), pimentón  dulce, azúcar, harina de cebada malteada (gluten),  pimienta negra, laurel y cúrcuma], calamar (molusco), gamba (crustáceos)  pelada (gamba, agua, sal y regulador de la acidez: citratos de sodio), cebolla  prefrita (cebolla y aceite refinado de girasol). puede contener trazas de leche.|8402001046971|0|2.10|||||
421|2026-09-16 11:34:50|38|2026|08032|Soft drink Coca-Cola Water & soft drinks Cola drinks Classic cola|0||27348|41|Agua y refrescos|Refresco de cola|Cola clásica|Bajadas de precio|Bajadas de precio|Refresco Coca-Cola||4.0|l|1.14|€/l|4.54|agua carbonatada, azúcar, colorante e-150d, acidulante e-338 y aromas naturales (incluyendo cafeína).|5449000034298|0|4.84|||||
422|2026-09-16 11:34:50|38|2026|08032|Soft drink Coca-Cola Water & soft drinks Cola drinks Classic cola|0||27321|42|Agua y refrescos|Refresco de cola|Cola clásica|Bajadas de precio|Bajadas de precio|Refresco Coca-Cola||3.96|l|2.73|€/l|10.80|ingredientes: agua carbonatada, azúcar, colorante e-150d, acidulante ácido fosfórico, aromas naturales y aroma cafeína.|5449000055200|0|11.88|||||
423|2026-09-16 11:34:50|38|2026|08032|Big mineral water Solán de Cabras Water & soft drinks Water Still water|0|Manantial Solan de Cabras|27327|44|Agua y refrescos|Agua|Agua sin gas|Bajadas de precio|Bajadas de precio|Agua mineral grande Solán de Cabras||9.0|l|0.57|€/l|5.10|bicarbonato (284 mg/l), calcio (60 mg/l), magnesio (26.7 mg/l),sodio (4.8 mg/l),potasio  (1.0 mg/l)|8411547001092|0|5.34|||||
424|2026-09-16 11:34:50|38|2026|08032|Lemon isotonic drink zero sugar Aquarius Water & soft drinks Isotonic & energy drinks Isotonic|0||29612|45|Agua y refrescos|Isotónico y energético|Isotónico|Bajadas de precio|Bajadas de precio|Bebida isotónica limón Aquarius zero azúcar||1.5|l|1.13|€/l|1.69|ingredientes: agua, acidulante ácido cítrico, estabilizantes: e-576, e-414 y e-445, potenciadores del sabor: cloruro sódico, fosfato potásico y fosfato cálcico, edulcorantes: acesulfamo k, sucralosa y aspartamo, *sales minerales: gluconato de zinc y seleniato de sodio y aromas. contiene una fuente de fenilalanina.|5449000171771|0|2.10|||||
425|2026-09-16 11:34:50|38|2026|08032|Zero zero soft drink Coca-Cola Water & soft drinks Cola drinks Zero cola|0||26997|46|Agua y refrescos|Refresco de cola|Cola zero|Bajadas de precio|Bajadas de precio|Refresco Coca-Cola zero azúcar zero cafeína||3.96|l|2.58|€/l|10.20|ingredientes: agua carbonatada, colorante e-150d, edulcorantes: ciclamato sódico, acesulfamo k y aspartamo, acidulante ácido fosfórico, aromas naturales, aroma cafeína y corrector de acidez: citratos de sodio.|5449000096197|0|11.16|||||
426|2026-09-16 11:34:50|38|2026|08032|Beef and pork burger Meat Burgers and minced food Burgers|0||2872|47|Carne|Hamburguesas y picadas|Hamburguesas|Bajadas de precio|Bajadas de precio|Burger de vacuno y cerdo||0.54|kg|7.31|€/kg|3.95|carne de vacuno 46%, carne de cerdo 44%, agua, maíz, arroz, fibras vegetales, sal, aromas, especias, conservador (e-221) (sulfito), antioxidantes (e-301 y e-331) y colorante (e-120).|8436021411273|0|4.20|||||
427|2026-09-16 11:34:50|38|2026|08032|Mayonnaise Hellmann's Oils, spices & sauces Mayonnaise, ketchup & mustard Mayonnaise|0|España|35840|48|Aceite especias y salsas|Mayonesa ketchup y mostaza|Mayonesa|Bajadas de precio|Bajadas de precio|Mayonesa Hellmann's||0.45|l|5.89|€/l|2.65|ingredientes: aceite de soja2 (64%), agua, vinagre de vino blanco, yema de huevo pasteurizada (5%), zumo de limón concentrado, extracto de pimentón, azúcar, sal, almidón modificado, antioxidante (edta), aroma, colorante (carotenos). 2cultivado de forma sostenible.|8410127050819|0|2.95|||||
428|2026-09-16 11:34:50|38|2026|08032|Lemon flavored tea soft drink Fuze Tea Water & soft drinks Still & tea soft drinks Tea|0||11688|49|Agua y refrescos|Refresco de té y sin gas|Té|Bajadas de precio|Bajadas de precio|Refresco té sabor limón Fuze Tea||1.5|l|0.99|€/l|1.49|ingredientes: agua, azúcar, correctores de acidez: ácido cítrico y citratos de sodio, extracto de té negro (0,1%), zumo de limón a partir de concentrado (0,1%), antioxidante ácido ascórbico, edulcorantes: acesulfamo k y sucralosa y aromas naturales.|5449000329028|0|1.99|||||
429|2026-09-16 11:34:51|38|2026|08032|Smoked bacon slices Monells Deli & cheese Bacon & sausages Bacon|0||21629|50|Charcutería y quesos|Bacón y salchichas|Bacón|Bajadas de precio|Bajadas de precio|Bacón ahumado Monells lonchas||0.225|kg|9.11|€/kg|2.05|panceta de cerdo (95%), sal, conservadores (e-326, e-243, e-250), dextrosa, jarabe de glucosa, estabilizantes (e-451, e-450), antioxidantes (e-331, e-301), aromas, extracto de especias.|8411477916343|0|2.20|||||
430|2026-09-16 11:34:51|38|2026|08032|Chicken 97% stuffed oven roasted slices La Carloteña Deli & cheese Cooked poultry & ham Turkey & others|0|España|56084|51|Charcutería y quesos|Aves y jamón cocido|Pavo y otros|Bajadas de precio|Bajadas de precio|Pollo 97% relleno La Carloteña asado al horno lonchas||0.15|kg|15.33|€/kg|2.30|pollo (97%), [muslo de pollo (48,6%), pollo deshuesado (40%), pechuga de pollo (8,4%)], almidón, proteinas de la leche, proteina de soja, sal, especias, dextrosa, lactosa, almendra molida, estabilizantes (e-450, e-452, e-407), aromas, antioxidantes (e-301, e-331), conservador (e-250). contiene trazas de otros frutos de cascara y huevo. puede contener restos de cartílagos y/o huesos al proceder de un auténtico pollo deshuesado a mano. sin gluten|8437005669765|0|2.40|||||
431|2026-09-16 11:34:51|38|2026|08032|+Proteínas Dairy dessert with strawberry pieces 0% fat 10 g protein Hacendado Dessert & yoghurt Low fat yoghurt Low fat yoghurt|0||20996|52|Postres y yogures|Yogures desnatados|Yogures desnatados|Bajadas de precio|Bajadas de precio|Postre lácteo con fresa +Proteínas 10 g 0% MG||0.48|kg|3.13|€/kg|1.50|leche desnatada pasteurizada, fresa (9.5%), fructosa, almidón modificado, aroma, espesante: pectinas, edulcorantes: acesulfamo potásico y sucralosa, colorante: carmín, fermentos lácticos.|8480000209962|0|1.55|||||
432|2026-09-16 11:34:51|38|2026|08032|Original flavor potato snack Pringles Snacks Potato crisp & snacks Potato crisp|0|EU|33555|54|Aperitivos|Patatas fritas y snacks|Patatas fritas|Bajadas de precio|Bajadas de precio|Aperitivo de patata sabor original Pringles||0.165|kg|12.12|€/kg|2.00|patatas deshidratadas, aceite de girasol, harina de maíz, harina de trigo, harina de arroz, maltodextrina, emulgente (e471), aceite de colza, sal, colorante (norbixina de annato).|5053990101573|0|2.65|||||
433|2026-09-16 11:34:51|38|2026|08032|Wafer bar covered in milk chocolate Huesitos Sugar, sweets & chocolate Chocolate Bars|0||12526|55|Azúcar caramelos y chocolate|Chocolate|Chocolatinas|Bajadas de precio|Bajadas de precio|Barritas de barquillo Huesitos bañadas de chocolate con leche||0.2|kg|9.75|€/kg|1.95|chocolate conleche (44%)[azúcar, manteca de cacao,lechedesnatada en polvo,pasta de cacao,grasas vegetales (palma, shea), lactosueroen polvo(leche), grasa deleche, pasta deavellanas,emulgentes: lecitina (soja)y e-476, aroma], harina detrigo (gluten), azúcar, grasavegetal de palma,lactosueroen polvo(leche), cacao desgrasado (2,7%), pasta deavellanas, lechedesnatada en polvo, harina de arroz, emulgente: lecitina (soja), gasificante: bicarbonato de sodio, sal y aromas.|8410034075103|0|2.50|||||
434|2026-09-16 11:34:51|38|2026|08032|Sour cream and onion potato snack Pringles Snacks Potato crisp & snacks Potato crisp|0|EU|33556|56|Aperitivos|Patatas fritas y snacks|Patatas fritas|Bajadas de precio|Bajadas de precio|Aperitivo de patata sabor crema agria y cebolla Pringles||0.165|kg|12.12|€/kg|2.00|ingredientes: patatas deshidratadas, aceite de girasol, harina de maíz, harina de trigo, harina de arroz, condimento a base de nata acidificada y cebolla (almidón de trigo, potenciadores del sabor {glutamato de monosodio, guanilato disódico, inosinato disódico}, cebolla en polvo, dextrosa, aceite de girasol, sal, almidón de maíz modificado, aromas {leche}, maltodextrina, azúcar, suero de leche dulce en polvo {leche}, nata acidificada en polvo {leche}, jarabe de glucosa en polvo, acidulantes {ácido cítrico, ácido málico}, proteínas de la leche), maltodextrina, emulgente (e471), aceite de colza, sal, colorante (norbixina de annato).|5053990101597|0|2.65|||||
435|2026-09-16 11:34:51|38|2026|08032|Milk chocolate Milka Sugar, sweets & chocolate Chocolate Milk chocolate|0|Alemania|12151|57|Azúcar caramelos y chocolate|Chocolate|Chocolate con leche|Bajadas de precio|Bajadas de precio|Chocolate con leche Milka||0.15|kg|11.00|€/kg|1.65|ingredientes: azúcar, manteca de cacao, pasta de cacao, leche desnatada en polvo, suero de leche en polvo, grasa de leche, emulgente (lecitinas de soja), pasta de avellana, aroma. cacao: 33 % mínimo. puede contener otros frutos decáscara y trigo.|7622201024277|0|1.95|||||
436|2026-09-16 11:34:51|38|2026|08032|Natural coconut-based dessert no added sugar Alpro Dessert & yoghurt Soy desserts Soy desserts|0||22981|58|Postres y yogures|Postres de soja|Postres de soja|Bajadas de precio|Bajadas de precio|Postre de coco natural Alpro sin azúcares añadidos||0.35|kg|6.57|€/kg|2.30|leche de coco (33%) [crema de coco, agua], agua de coco (33%), agua, almidón modificado, fermentos (s. thermophilus, l. bulgaricus). puede contener trazas de soja. sin lácteos y sin gluten. naturalmente sin lactosa.|5411188131380|0|2.60|||||
437|2026-09-16 11:34:51|38|2026|08032|Semi-skimmed Asturiana Eggs, milk & butter Milk & milk alternatives Semi-skimmed milk|1|España|10531|59|Huevos leche y mantequilla|Leche y bebidas vegetales|Leche semidesnatada|Bajadas de precio|Bajadas de precio|Leche semidesnatada Asturiana||6.0|l|1.09|€/l|6.54|leche semidesnatada de vaca|8410297113673|0|7.02|||Milk, semi-skimmed, UHT|19041|
438|2026-09-16 11:34:52|38|2026|08032|Tropical fruit + Milk Bifrutas Juice Assorted fruit Fruit + milk|1|España|10126|60|Zumos|Fruta variada|Fruta + leche|Bajadas de precio|Bajadas de precio|Fruta + leche tropical Bifrutas||1.2|l|1.67|€/l|2.00|agua, leche desnatada (10%), zumo de frutas 7% (piña y mango a partir de concentrado), azúcar, estabilizante (pectina), aroma, acidulante (ácido cítrico), vitaminas c, e y a, edulcorante (sucralosa) y colorante (carotenos).|8410128276003|0|2.19|"{""letter"": ""C"", ""points"": 5, ""negative_points"": {""negative_points"": 5, ""energy_score"": 2, ""sugars_score"": 3, ""saturated_fats_score"": 0, ""salt_score"": 0, ""non_sweeteners_score"": 0}, ""positive_points"": {""positive_points"": 0, ""proteins_score"": 0, ""fiber_score"": 0, ""fruit_percentage_score"": 0}, ""request_made"": {""Energia"": 91.0, ""sucres"": 4.8, ""greixos_saturats"": 0.0, ""sal"": 0.03, ""sodi"": 0.012, ""fibra"": 0.5, ""proteines"": 0.3, ""fruit_percentage"": 7.0, ""ingredients"": ""agua, leche desnatada (10%), zumo de frutas 7% (pi\u00f1a y mango a partir de concentrado), az\u00facar, estabilizante (pectina), aroma, acidulante (\u00e1cido c\u00edtrico), vitaminas c, e y a, edulcorante (sucralosa) y colorante (carotenos).""}, ""nutriscore_category"": ""BEVERAGES""}"||Still beverage with fruit juice and milk|18343|"{""step1"": ""4"", ""step2"": ""2"", ""qualification"": ""4"", ""category"": ""SWEET""}"
439|2026-09-16 11:34:52|38|2026|08032|Beer Estrella Damm Beer, wine & spirits Beer Beer cans|0|EU|66015|61|Bodega|Cerveza|Cerveza lata|Bajadas de precio|Bajadas de precio|Cerveza Estrella Damm|5.4|3.96|l|2.09|€/l|8.28|agua,malta de cebada, arroz, lúpulo.|50648238532|0|10.44|||||
440|2026-09-16 11:34:52|38|2026|08032|+Proteínas Dairy dessert with blueberries 0% fat 10 g protein Hacendado Dessert & yoghurt Low fat yoghurt Low fat yoghurt|0||21073|63|Postres y yogures|Yogures desnatados|Yogures desnatados|Bajadas de precio|Bajadas de precio|Postre lácteo con arándanos +Proteínas 10 g 0% MG||0.48|kg|3.13|€/kg|1.50|leche desnatada pasteurizada, arándano (7.5%), agua, fructosa, almidón modificado, aromas, espesante: pectinas, edulcorantes: acesulfamo potásico y sucralosa, colorante: antocianas, fermentos lácticos.|8480000210739|0|1.55|||||
441|2026-09-16 11:34:52|38|2026|08032|Fresh cow cheese Burgo de Arias Deli & cheese Spreadable cheese, fresh cheese and specialties Fresh cheese|0|España|51044|64|Charcutería y quesos|Queso untable fresco y especialidades|Queso fresco|Bajadas de precio|Bajadas de precio|Queso fresco de vaca Burgo de Arias||0.216|kg|11.57|€/kg|2.50|leche pasterizada de vaca, cuajo y sal. fabricado en una planta donde también se elaboran productos de leche de cabra. sin gluten|8413100611175|0|3.40|||||
442|2026-09-16 11:34:52|38|2026|08032|Special beer San Miguel Beer, wine & spirits Beer Beer cans|0|España|66026|65|Bodega|Cerveza|Cerveza lata|Bajadas de precio|Bajadas de precio|Cerveza especial San Miguel|5.4|3.96|l|1.36|€/l|5.40|agua, malta de cebada, maíz, lúpulo|8410655000874|0|6.96|||||
443|2026-09-16 11:34:52|38|2026|08032|+Proteínas Dairy dessert Coconut flavour 0% fat 10 g protein Hacendado Dessert & yoghurt Low fat yoghurt Low fat yoghurt|0||52855|66|Postres y yogures|Yogures desnatados|Yogures desnatados|Bajadas de precio|Bajadas de precio|Postre lácteo sabor coco +Proteínas 10 g 0% MG||0.48|kg|3.13|€/kg|1.50|leche desnatada, agua, fructosa, coco rallado (0,7%), almidón modificado, aromas, espesante: pectinas, edulcorantes: acesulfame potásico y sucralosa, fermentos lácticos.|8402001019845|0|1.55|||||
444|2026-09-16 11:34:52|38|2026|08032|Whole milk Asturiana Eggs, milk & butter Milk & milk alternatives Whole milk|1|España|10530|67|Huevos leche y mantequilla|Leche y bebidas vegetales|Leche entera|Bajadas de precio|Bajadas de precio|Leche entera Asturiana||6.0|l|1.24|€/l|7.44|leche entera de vaca|8410297113666|0|7.74|||Milk, whole, UHT|19023|
445|2026-09-16 11:34:52|38|2026|08032|Instant cup noodles Yatekomo chicken flavour Gallina Blanca Rice, pulses & pasta Pasta & noodles Oriental noodles|0||8645|68|Arroz legumbres y pasta|Pasta y fideos|Fideos orientales|Bajadas de precio|Bajadas de precio|Fideos orientales Yatekomo sabor pollo Gallina Blanca||0.18|kg|19.17|€/kg|3.45|fideos orientales (harina de trigo, aceite de girasol, sal) (91,7%), condimento (8,3%)(aromas naturales, sal, zanahoria, fibra de avena, azúcar, ajo, grasa de pollo (0,15%), especias, apio , aroma natural de apio, carne de pollo (0,05%), cebada malteada, puerro, perejil). puede contener trazas desoja, pescado, moluscos, crustáceos, leche, mostaza, huevo. contieneapio.|8410300352914|0|4.10|||||
446|2026-09-16 11:34:52|38|2026|08032|Zero orange soft drink with no added sugar Fanta Water & soft drinks Orange & lemon soft drinks Orange|0||27545|69|Agua y refrescos|Refresco de naranja y de limón|Naranja|Bajadas de precio|Bajadas de precio|Refresco Fanta naranja zero azúcares añadidos||2.0|l|0.80|€/l|1.59|ingredientes: agua carbonatada, 4% zumo de naranja *a partir de concentrado, zumo de limon concentrado, acidulantes: ácido cítrico y ácido málico, edulcorantes: acesulfamo k, aspartamo y sacarina sódica, corrector de acidez: citratos de sodio, conservador sorbato potásico, aromas naturales de naranja y otros aromas naturales, antioxidante ácido ascórbico, estabilizante goma guar y colorante carotenes.  contiene azúcares naturalmente presences en el zumo de naranja y limon.|5449000120984|0|1.85|||||
447|2026-09-16 11:34:52|38|2026|08032|Baked beans in tomato sauce Heinz Pizza & ready meals Hot ready meals Stews|0||26138|71|Pizzas y platos preparados|Platos preparados calientes|Platos de cuchara|Bajadas de precio|Bajadas de precio|Alubias con tomate Heinz||0.415|kg|3.13|€/kg|1.30|alubias (51%), tomate (34%), agua, azúcar, vinagre de alcohol, almidón modificado de maiz, sal, extractos de especias y extracto de plantas aromáticas. sin gluten. contiene legumbres, maíz y cebolla . contiene legumbres|5000157024671|0|1.50|||||
448|2026-09-16 11:34:53|38|2026|08032|Florida drink Sunny delight Water & soft drinks Still & tea soft drinks Other still soft drinks|0||27759|75|Agua y refrescos|Refresco de té y sin gas|Otros refrescos sin gas|Bajadas de precio|Bajadas de precio|Bebida Florida Sunny Delight||1.25|l|1.00|€/l|1.25|agua, zumos de frutas a partir de concentrados 5% (naranja 4,4%, pomelo rojo 0,5% y lima 0,1%), azúcar, acidulante: ácido cítrico, estabilizantes: goma arábiga, e-452i y goma de celulosa, aroma natural de naranja con otros aromas naturales, vitaminas: a (añadida como betacaroteno), b6, c, d y e, edulcorantes: sucralosa y ciclamato sódico.|8414100302643|0|1.50|||||
449|2026-09-16 11:34:53|38|2026|08032|Red peach isotonic drink Aquarius Water & soft drinks Isotonic & energy drinks Isotonic|0||16438|76|Agua y refrescos|Isotónico y energético|Isotónico|Bajadas de precio|Bajadas de precio|Bebida isotónica melocotón rojo Aquarius||1.5|l|1.13|€/l|1.69|ingredientes: agua, azúcar, acidulantes: ácido cítrico y ácido málico, potenciadores del sabor: cloruro sódico, fosfato potásico y fosfato cálcico, corrector de acidez: citrato sódico, antioxidante ácido ascórbico, estabilizantes: e-414 y e-445, gluconato de zinc, edulcorantes: sucralosa y acesulfamo k, aromas naturales de limón y otros aromas naturales .|5449000144881|0|2.10|||||
450|2026-09-16 11:34:53|38|2026|08032|Special beer San Miguel Beer, wine & spirits Beer Beer bottles|0|España|66345|78|Bodega|Cerveza|Cerveza botella y botellín|Bajadas de precio|Bajadas de precio|Cerveza especial San Miguel|5.4|3.0|l|1.60|€/l|4.80|agua, lúpulo, maiz, malta de cebada|8410655010552|0|6.84|||||
451|2026-09-16 11:34:53|38|2026|08032|Blueberry flavour soy dessert Alpro Dessert & yoghurt Soy desserts Soy desserts|0||8179|79|Postres y yogures|Postres de soja|Postres de soja|Bajadas de precio|Bajadas de precio|Postre de soja sabor arándanos Alpro||0.4|kg|5.00|€/kg|2.00|base de soja (84,8%)(agua, habas de soja descascarilladas (9,8%)), azúcar, arándano (5,7%), calcio (citratotricálcico), estabilizante (pectinas), ^zanahoria negra, ^zanahoria y arándano, aroma natural, correctores de acidez (citratos de sodio, ácido cítrico), sal marina, antioxidantes (extracto rico en tocoferoles, ésteres de ácidos grasos del ácido ascórbico), vitaminas b2, b12, d2, fermentos del yogur (s. thermophilus, l. bulgaricus). ^concentrados de. puede contener trazas de frutos de cáscara (no cacahuetes). sin lácteos y sin gluten. naturalmente sin lactosa.|5411188137993|0|2.30|||||
452|2026-09-16 11:34:53|38|2026|08032|Energy Ultra drink zero Monster Water & soft drinks Isotonic & energy drinks Energy|0||28670|80|Agua y refrescos|Isotónico y energético|Energético|Bajadas de precio|Bajadas de precio|Bebida energética Energy Ultra zero azúcar Monster||2.0|l|2.64|€/l|5.28|ingredientes: agua carbonatada, acidulante (ácido cítrico), taurina (0.4%), corrector de acidez (citratos de sodio), aromas, extracto de raíz de panax ginseng (0.08%), edulcorantes (sucralosa, acesulfamo k), conservadores (ácido sórbico, ácido benzoico), cafeína (0.03%), l-carnitina l-tartrato (0.015%), vitaminas (b3, b5, b6, b12), cloruro sódico, d-glucuronolactona, extracto de semilla de guaraná (0.002%), inositol.|5060517883836|0|6.68|||||
453|2026-09-16 11:34:53|38|2026|08032|Diet Coke soft drink Coca-Cola Water & soft drinks Cola drinks Zero cola|0||27184|81|Agua y refrescos|Refresco de cola|Cola zero|Bajadas de precio|Bajadas de precio|Refresco Coca-Cola light||2.97|l|2.48|€/l|7.38|agua carbonatada, colorante e-150d, edulcorantes: ciclamato sódico, acesulfamo k y aspartamo, acidulantes: ácido fosfórico y ácido cítrico, aromas naturales y aroma cafeína.|5449000233011|0|8.37|||||
454|2026-09-16 11:34:53|38|2026|08032|Soy natural dessert with coconut Alpro Dessert & yoghurt Soy desserts Soy desserts|0||52513|82|Postres y yogures|Postres de soja|Postres de soja|Bajadas de precio|Bajadas de precio|Postre de soja sabor natural con coco Alpro||0.4|kg|5.00|€/kg|2.00|base de soja (93,1%) (agua, habas de soja descascarilladas (10,4%)), base de coco (6,2%) (agua, crema de coco (2,9%)), azúcar, calcio (citrato tricálcico), estabilizantes (pectinas), correctores de acidez (citratos de sodio, ácido cítrico), aromas naturales, sal marina, antioxidantes (extracto rico en tocoferoles, ésteres ácidos grasos de ácido ascórbico), vitaminas (b12, d2), fermentos (s. thermophilus, l. bulgaricus). puede contener trazas de frutos de cáscara (no cacahuetes). sin lácteos y sin gluten.|5411188138051|0|2.30|||||
455|2026-09-16 11:34:54|38|2026|08032|Pure chocolate with whole almonds Valor Sugar, sweets & chocolate Chocolate Dark chocolate|0||12130|84|Azúcar caramelos y chocolate|Chocolate|Chocolate negro|Bajadas de precio|Bajadas de precio|Chocolate puro Valor con almendras enteras||0.25|kg|15.80|€/kg|3.95|azúcar, pasta de cacao, almendras (25%), manteca de cacao, emulgente: lecitina (soja), aroma. puede contener: leche y otros frutos de cáscara. cacao: 52% mínimo. sin gluten.|8410109000085|0|4.95|||||
456|2026-09-16 11:34:54|38|2026|08032|+Proteínas Dairy dessert with mango and passion fruit purée 0% fat 10 g protein Hacendado Dessert & yoghurt Low fat yoghurt Low fat yoghurt|0||21151|85|Postres y yogures|Yogures desnatados|Yogures desnatados|Bajadas de precio|Bajadas de precio|Postre lácteo con puré mango y maracuya +Proteínas 10 g 0% MG||0.48|kg|3.13|€/kg|1.50|leche desnatada pasteurizada, agua, mango (4.3%), fructosa, maracuyá (0.8%) almidón modificado, aroma, espesante: pectinas, edulcorantes: acesulfamo potásico y sucralosa, colorante: beta carotenos, fermentos lácticos.|8480000211514|0|1.55|||||
457|2026-09-16 11:34:54|38|2026|08032|Lemon and lime flavour soy dessert Alpro Dessert & yoghurt Soy desserts Soy desserts|0||13917|86|Postres y yogures|Postres de soja|Postres de soja|Bajadas de precio|Bajadas de precio|Postre de soja sabor lima limón Alpro||0.4|kg|5.00|€/kg|2.00|base de soja (84,3%) [agua, habas de soja descascarilladas (9,7%), azúcar], jarabe de glucosa-fructosa, mezcla de limón y lima (3,4%), (zumo de limón a partir de concentrado (1,7%), limón (1,1%), zumo de lima a partir de concentrado (0,6%)), correctores de acidez (ácido cítrico, citratos de sodio), estabilizante (pectinas), calcio (fosfato tricálcico), sal marina, concentrado de zanahoria y calabaza, antioxidante (extracto rico en tocoferoles, ésteres de ácidos grasos del ácido ascórbico), aroma, aroma natural de limón con otros aromas naturales, vitaminas b2, b12, d2, fermentos del yogur (s.thermophilus, l. blgaricus). puede contener trazas de frutos de cáscara (no cacahuetes). sin lácteos y sin gluten naturalmente sin lactosa|5411188138013|0|2.30|||||
458|2026-09-16 11:34:54|38|2026|08032|Big mineral water Viladrau Water & soft drinks Water Still water|0|Manantial FONTALEGRE|27253|87|Agua y refrescos|Agua|Agua sin gas|Bajadas de precio|Bajadas de precio|Agua mineral grande Viladrau||9.0|l|0.37|€/l|3.30|bicarbonato (114 mg/l), calcio (28,5 mg/l), sodio (12,2 mg/l), magnesio (4,2 mg/l), sulfato (11,2 mg/l), cloruro (6 mg/l), residuo seco a 180º (137 mg/l)|8411002101206|0|4.14|||||
459|2026-09-16 11:34:54|38|2026|08032|Semi-skimmed Asturiana Eggs, milk & butter Milk & milk alternatives Semi-skimmed milk|1|España|10712|88|Huevos leche y mantequilla|Leche y bebidas vegetales|Leche semidesnatada|Bajadas de precio|Bajadas de precio|Leche semidesnatada Asturiana||1.0|l|1.09|€/l|1.09|leche semidesnatada|8410297012150|0|1.17|||Milk, semi-skimmed, UHT|19041|
460|2026-09-16 11:34:54|38|2026|08032|Fresh cow cheese 0% fat Burgo de Arias Deli & cheese Spreadable cheese, fresh cheese and specialties Fresh cheese|0|España|51043|89|Charcutería y quesos|Queso untable fresco y especialidades|Queso fresco|Bajadas de precio|Bajadas de precio|Queso fresco 0% MG de vaca Burgo de Arias||0.216|kg|11.57|€/kg|2.50|leche pasterizada desnatada vaca, cuajo y sal, elaborado en una fábrica que utiliza leche de cabra,sin gluten|8413100611182|0|3.40|||||
461|2026-09-16 11:34:54|38|2026|08032|Special beer San Miguel Beer, wine & spirits Beer Beer cans|0|España|27103|90|Bodega|Cerveza|Cerveza lata|Bajadas de precio|Bajadas de precio|Cerveza especial San Miguel|5.4|0.33|l|1.52|€/l|0.50|agua, malta de cebada , maiz, lúpulo|8410655000010|0|0.74|||||
462|2026-09-16 11:34:55|38|2026|08032|Beer Estrella Damm Beer, wine & spirits Beer Beer bottles|0|EU|66016|91|Bodega|Cerveza|Cerveza botella y botellín|Bajadas de precio|Bajadas de precio|Cerveza Estrella Damm|5.4|3.0|l|2.32|€/l|6.96|agua,malta de cebada, arroz, lúpulo.|8410793022943|0|8.40|||||
463|2026-09-16 11:34:55|38|2026|08032|Lemon and lime soft drink Sprite Water & soft drinks Orange & lemon soft drinks Lemon and lime|0||28176|92|Agua y refrescos|Refresco de naranja y de limón|Lima limón|Bajadas de precio|Bajadas de precio|Refresco lima limón Sprite||2.64|l|1.52|€/l|4.00|ingredientes: agua carbonatada, azúcar, correctores de acidez: ácido cítrico (e-330) y citratos de sodio (e-331), edulcorantes: acesulfamo k (e-950), aspartamo y neohesperidina dc (e-959) y aromas naturales de limón y lima. contiene una fuente de fenilalanina.|5449000226785|0|4.88|||||
464|2026-09-16 11:34:55|38|2026|08032|Milk chocolate whole almonds Valor Sugar, sweets & chocolate Chocolate Milk chocolate|0||12107|93|Azúcar caramelos y chocolate|Chocolate|Chocolate con leche|Bajadas de precio|Bajadas de precio|Chocolate con leche Valor almendras enteras||0.25|kg|15.80|€/kg|3.95|azúcar, almendra (25%), manteca de cacao, pasta de cacao, leche en polvo, lactosuero en polvo (leche), emulgente: lecitina de soja, aromas. puede contener trazas de avellana.|8410109000078|0|4.95|||||
465|2026-09-16 11:34:55|38|2026|08032|Natural probiotics bifidus 0% fat 0% added sugars Activia Dessert & yoghurt Bífidus Natural bifidus|0||23477|94|Postres y yogures|Bífidus|Bífidus naturales|Bajadas de precio|Bajadas de precio|Bífidus natural probióticos Activia 0% MG  0% azúcares añadidos||0.96|kg|3.44|€/kg|3.30|leche desnatada, leche en polvo, bifidobacterias y fermentos lácticos y gelatina. origen de la leche: españa.|8410500008871|0|3.99|||||
466|2026-09-16 11:34:55|38|2026|08032|Natural probiotics bifidus with artificial sweeteners 0% fat 0% added sugars Activia Dessert & yoghurt Bífidus Natural bifidus|0||23476|95|Postres y yogures|Bífidus|Bífidus naturales|Bajadas de precio|Bajadas de precio|Bífidus natural edulcorado probióticos Activia 0% MG 0% azúcares añadidos||0.96|kg|3.44|€/kg|3.30|leche parcialmente desnatada pasteurizada, leche desnatada en polvo, gelatina, bifidobacterias y fermentos lácticos y edulcorantes (acesulfamo k y sucralosa).|8410500014421|0|3.99|||||
467|2026-09-16 11:34:55|38|2026|08032|Whole milk Asturiana Eggs, milk & butter Milk & milk alternatives Whole milk|1|España|10617|96|Huevos leche y mantequilla|Leche y bebidas vegetales|Leche entera|Bajadas de precio|Bajadas de precio|Leche entera Asturiana||1.0|l|1.24|€/l|1.24|leche entera|8410297112010|0|1.29|||Milk, whole, UHT|19023|
468|2026-09-16 11:34:55|38|2026|08032|Orange soft drink Fanta Water & soft drinks Orange & lemon soft drinks Orange|0||17542|97|Agua y refrescos|Refresco de naranja y de limón|Naranja|Bajadas de precio|Bajadas de precio|Refresco Fanta naranja||4.0|l|0.75|€/l|2.98|ingredientes: agua carbonatada, 5% zumo de naranja *a partir de concentrado, azúcar, acidulantes: ácido cítrico y ácido málico, estabilizantes: e-414, e-444, e-445 y e-412, edulcorantes: e-950 y aspartamo, corrector de acidez: citratos de sodio, conservador: e-202, aromas naturales de naranja y otros aromas naturales, colorante carotenos y antioxidante ácido ascórbico.|5449000350923|0|3.60|||||
469|2026-09-16 11:34:55|38|2026|08032|Lemon and lime soft drink Sprite Water & soft drinks Orange & lemon soft drinks Lemon and lime|0||27845|98|Agua y refrescos|Refresco de naranja y de limón|Lima limón|Bajadas de precio|Bajadas de precio|Refresco lima limón Sprite||0.33|l|1.67|€/l|0.55|ingredientes: agua carbonatada, azúcar, correctores de acidez: ácido cítrico (e-330) y citratos de sodio (e-331), edulcorantes: acesulfamo k (e-950), aspartamo y neohesperidina dc (e-959) y aromas naturales de limón y lima. contiene una fuente de fenilalanina.|5449000205520|0|0.65|||||
470|2026-09-16 11:34:56|38|2026|08032|Cured pancetta without rind slices La Selva Deli & cheese Bacon & sausages Bacon|0|España|29606|99|Charcutería y quesos|Bacón y salchichas|Bacón|Bajadas de precio|Bajadas de precio|Panceta curada sin corteza La Selva lonchas||0.2|kg|12.50|€/kg|2.50|panceta de cerdo, sal, azúcar, conservadores (e262, e252, e250), especias, extractos de especias.|8410973583363|0|2.65|||||
471|2026-09-16 11:34:56|38|2026|08032|Beer Estrella Damm Beer, wine & spirits Beer Beer cans|0|EU|27134|100|Bodega|Cerveza|Cerveza lata|Bajadas de precio|Bajadas de precio|Cerveza Estrella Damm|5.4|0.33|l|2.27|€/l|0.75|agua,malta de cebada, arroz, lúpulo.|8410793026132|0|0.89|||||
472|2026-09-16 11:34:56|38|2026|08032|Melted cheese with breadsticks La vaca que ríe Deli & cheese Sliced, grated & portioned cheese Cheese portions|0|Francia|51068|101|Charcutería y quesos|Queso lonchas rallado y en porciones|Queso en porciones|Bajadas de precio|Bajadas de precio|Queso fundido con palitos La vaca que ríe||0.14|kg|16.79|€/kg|2.35|@queso@ fundido (19.5% de materia grasa) (71,4%): @leche@ desnatada rehidratada, @quesos@, @mantequilla@, concentrado de minerales @lácteos@, proteínas de la @leche@, sales de fundido (polifosfatos), concentrado de @suero láctico@. bastoncitos de pan (28,6%): harina de @trigo@, aceite de girasol, malta de @cebada@, sal, levadura. puede contener trazas de sésamo. se utilizan 102 g de harina de @trigo@ para fabricar 100g de bastoncitos de pan.|3073780810661|0|2.59|||||
473|2026-09-16 11:34:56|38|2026|08032|Thin delicate Crisp Toasted Bread with Sesame and Sea Salt Wasa Bread & bakery Toasted bread & breadcrumbs Toasted bread|0||17572|102|Panadería y pastelería|Pan tostado y rallado|Pan tostado|Bajadas de precio|Bajadas de precio|Pan tostado fino con sésamo y sal marina Delicate Crisp Wasa||0.19|kg|7.37|€/kg|1.40|harina de trigo integral, harina de trigo, granos de sésamo (13%), aceite de colza, sal marina (1,4%), extracto de malta decebada, sal, levadura, antioxidante: extractos de romero.|7300400482615|0|1.80|||||
474|2026-09-16 11:34:56|38|2026|08032|Mango flavour soy dessert with no added sugar Alpro Dessert & yoghurt Soy desserts Soy desserts|0||21369|104|Postres y yogures|Postres de soja|Postres de soja|Bajadas de precio|Bajadas de precio|Postre de soja sabor mango Alpro sin azúcares añadidos||0.4|kg|5.75|€/kg|2.30|base de soja (agua, habas de soja descascarilladas (9,7%)), mango (17,7%) (zumo a partir de concentrado (11%), fruta(6,7%)), citrato tricálcico, estabilizante (pectinas), correctores de acidez (citratos de sodio, ácido cítrico), aroma natural,almidón modificado, sal marina, antioxidantes (extracto rico en tocoferoles, ésteres ácidos grasos de ácido ascórbico),vitaminas (b2, b12, d), extracto de calabaza, extracto de zanahorias, fermentos (s. thermophilus, l. bulgaricus). naturalmente sin lactosa y sin gluten.|5411188125808|0|2.60|||||
475|2026-09-16 11:34:56|38|2026|08032|Energy drink Monster Water & soft drinks Isotonic & energy drinks Energy|0||28664|105|Agua y refrescos|Isotónico y energético|Energético|Bajadas de precio|Bajadas de precio|Bebida energética Energy Monster||2.0|l|2.88|€/l|5.76|ingredientes: agua carbonatada, sacarosa, jarabe de glucosa, acidulante (ácido cítrico), aromas, taurina (0.4%), corrector de acidez (citratos de sodio), extracto de raíz de panax ginseng (0.08%), l-carnitina l-tartrato (0.04%), conservadores (ácido sórbico, ácido benzoico), cafeína (0.03%), colorante (antocianinas), vitaminas (b3, b6, b2, b12), edulcorante (sucralosa), cloruro sódico, d-glucuronolactona, extracto de semilla de guaraná (0.002%), inositol, maltodextrina.|5060517883805|0|7.08|||||
476|2026-09-16 11:34:56|38|2026|08032|Instant cup noodles Yatekomo chicken flavour Gallina Blanca Rice, pulses & pasta Pasta & noodles Oriental noodles|0|España|8618|106|Arroz legumbres y pasta|Pasta y fideos|Fideos orientales|Bajadas de precio|Bajadas de precio|Fideos orientales Yatekomo sabor pollo Gallina Blanca||0.06|kg|23.33|€/kg|1.40|fideos orientales (harina de trigo, aceite de girasol, sal) (91,7%), condimento (8,3%)(aromas naturales, sal, zanahoria, fibra de avena, azúcar, ajo, grasa de pollo (0,15%), especias, apio , aroma natural de apio, carne de pollo (0,05%), cebada malteada, puerro, perejil). puede contener trazas de soja, pescado, moluscos, crustáceos, leche, mostaza, huevo. contiene apio.|8410300349952|0|1.65|||||
477|2026-09-16 11:34:56|38|2026|08032|Frizzante verdejo white DulZ.Ze Beer, wine & spirits Lambrusco & sparkling wine Lambrusco & sparkling wine|0||23972|108|Bodega|Vino lambrusco y espumoso|Vino lambrusco y espumoso|Bajadas de precio|Bajadas de precio|Frizzante blanco verdejo DulZ.Ze|5.5|0.33|l|2.27|€/l|0.75|vino (uvas, conservador: anhídrido sulfuroso (sulfitos)), mosto de uva, agente estabilizante: ácido metatartárico, dioxido de carbono.|8402001053801|0|0.95|||||
478|2026-09-16 11:34:57|38|2026|08032|Mango Loco energy drink Monster Water & soft drinks Isotonic & energy drinks Energy|0||13815|110|Agua y refrescos|Isotónico y energético|Energético|Bajadas de precio|Bajadas de precio|Bebida energética Mango Loco Monster||2.0|l|2.88|€/l|5.76|ingredientes: agua carbonatada, zumo de frutas a base de concentrado (9%) (mango, guayaba, uva blanca, manzana, piña, naranja, albaricoque, melocotón, fruta de la pasión, limón), sacarosa, jarabe de glucosa, acidulantes (ácido cítrico, ácido málico), taurina (0.4%), aromas, correctores de acidez (citratos de potasio, citratos de sodio), conservadores (sorbato potásico, benzoato sódico), cafeína (0.03%), colorante (carotenos), edulcorante (sucralosa), vitaminas (b3, b6, b2, b12), estabilizantes (goma xantana, alginato sódico, goma arábiga), l-carnitina l-tartrato (0.004%), inositol (0.002%), concentrados de frutas y verduras (uva, zanahoria, boniato).|5060751213130|0|7.08|||||
479|2026-09-16 11:34:57|38|2026|08032|Sangria Rosé Casón Histórico Beer, wine & spirits Tinto de verano & sangria Tinto de verano & sangria|0||24530|112|Bodega|Tinto de verano y sangría|Tinto de verano y sangría|Bajadas de precio|Bajadas de precio|Sangría Rosé Casón Histórico|7.0|0.33|l|2.12|€/l|0.70|vino rosado (uvas, conservador: sulfitos), agua, azúcar, acidulante: ácido cítrico, extractos naturales de cítricos y de canela.|8402001053832|0|0.90|||||
480|2026-09-16 11:34:57|38|2026|08032|Energy Ultra drink zero Monster Water & soft drinks Isotonic & energy drinks Energy|0||28119|114|Agua y refrescos|Isotónico y energético|Energético|Bajadas de precio|Bajadas de precio|Bebida energética Energy Ultra zero azúcar Monster||0.5|l|2.90|€/l|1.45|ingredientes: agua carbonatada, acidulante (ácido cítrico), taurina (0.4%), corrector de acidez (citratos de sodio), aromas, extracto de raíz de panax ginseng (0.08%), edulcorantes (sucralosa, acesulfamo k), conservadores (ácido sórbico, ácido benzoico), cafeína (0.03%), l-carnitina l-tartrato (0.015%), vitaminas (b3, b5, b6, b12), cloruro sódico, d-glucuronolactona, extracto de semilla de guaraná (0.002%), inositol.|5060337501316|0|1.79|||||
481|2026-09-16 11:34:57|38|2026|08032|8 Cereals baby food with María biscuit +6 months Nestlé Baby Baby food Porridge|0|España|35602|115|Bebé|Alimentación infantil|Papillas|Bajadas de precio|Bajadas de precio|Papilla 8 cereales con galleta María Nestlé +6 meses||0.725|kg|6.83|€/kg|4.95|cereales (78,7%) [harinas de trigo hidrolizada, trigo integral (12,6%), avena integral (6%), cebada, centeno, maíz, espelta, arroz, triticale], galleta molida (15,4%) (harina de trigo y leche en polvo), leche en polvo (5,2%), sales minerales (calcio, hierro, zinc y yodo), vitaminas (c, e, b3, b1, a, b6, ácido fólico y d), aromas.|8445290686879|0|5.75|||||
482|2026-09-16 11:34:57|38|2026|08032|Tostada beer Turia Beer, wine & spirits Beer Beer cans|0||60600|117|Bodega|Cerveza|Cerveza lata|Bajadas de precio|Bajadas de precio|Cerveza tostada Turia|5.4|3.96|l|2.09|€/l|8.28|agua,malta de cebada, arroz, lúpulo.|8413194098531|0|10.20|||||
483|2026-09-16 11:34:57|38|2026|08032|Wafer bar covered in milk chocolate Kit-kat Sugar, sweets & chocolate Chocolate Bars|0||16285|119|Azúcar caramelos y chocolate|Chocolate|Chocolatinas|Bajadas de precio|Bajadas de precio|Barritas de barquillo Kit-Kat bañadas de chocolate con leche||0.1245|kg|15.66|€/kg|1.95|azúcar, harina de trigo (contiene calcio, hierro, tiamina y niacina), pasta de cacao', manteca de cacao', leche en polvo, grasas vegetales (palma, shea,palmiste, sal), leche desnatada en polvo, suero de leche filtrado en polvo, emulgente (lecitinas), levadura, gasificante (carbonatos de sodio), jarabe de glucosa, grasa láctea anhidra, suero de leche en polvo, aromas naturales.|8445291354548|0|2.30|||||
484|2026-09-16 11:34:57|38|2026|08032|Soft beer Xibeca Damm Beer, wine & spirits Beer Beer bottles|0|EU|27144|121|Bodega|Cerveza|Cerveza botella y botellín|Bajadas de precio|Bajadas de precio|Cerveza suave Xibeca Damm|4.6|1.0|l|1.41|€/l|1.41|agua,malta de cebada, maíz, arroz, lúpulo.|8410793013118|0|1.73|||||
485|2026-09-16 11:34:57|38|2026|08032|Mango Loco energy drink Monster Water & soft drinks Isotonic & energy drinks Energy|0||13814|122|Agua y refrescos|Isotónico y energético|Energético|Bajadas de precio|Bajadas de precio|Bebida energética Mango Loco Monster||0.5|l|3.10|€/l|1.55|ingredientes: agua carbonatada, zumo de frutas a base de concentrado (9%) (mango, guayaba, uva blanca, manzana, piña, naranja, albaricoque, melocotón, fruta de la pasión, limón), sacarosa, jarabe de glucosa, acidulantes (ácido cítrico, ácido málico), taurina (0.4%), aromas, correctores de acidez (citratos de potasio, citratos de sodio), conservadores (sorbato potásico, benzoato sódico), cafeína (0.03%), colorante (carotenos), edulcorante (sucralosa), vitaminas (b3, b6, b2, b12), estabilizantes (goma xantana, alginato sódico, goma arábiga), l-carnitina l-tartrato (0.004%), inositol (0.002%), concentrados de frutas y verduras (uva, zanahoria, boniato).|5060639121915|0|1.89|||||
486|2026-09-16 11:34:58|38|2026|08032|8 Cereals baby food with honey +6 months Nestlé Baby Baby food Porridge|0|España|35601|123|Bebé|Alimentación infantil|Papillas|Bajadas de precio|Bajadas de precio|Papilla 8 cereales con miel Nestlé +6 meses||0.725|kg|6.83|€/kg|4.95|cereales (87,2%) [harinas de trigo hidrolizada, trigo integral (10,5%), avena integral (5%), cebada, centeno, maíz, espelta, arroz y triticale], miel (9,4%), aceites vegetales (girasol alto oleico, girasol y nabina), sales minerales (calcio, hierro, zinc y yodo), vitaminas (c, e, b3, b1, a, b6, ácido fólico y d), aroma.|8445290686848|0|5.75|||||
487|2026-09-16 11:34:58|38|2026|08032|Energy drink Monster Water & soft drinks Isotonic & energy drinks Energy|0||28016|124|Agua y refrescos|Isotónico y energético|Energético|Bajadas de precio|Bajadas de precio|Bebida energética Energy Monster||0.5|l|3.10|€/l|1.55|ingredientes: agua carbonatada, sacarosa, jarabe de glucosa, acidulante (ácido cítrico), aromas, taurina (0.4%), corrector de acidez (citratos de sodio), extracto de raíz de panax ginseng (0.08%), l-carnitina l-tartrato (0.04%), conservadores (ácido sórbico, ácido benzoico), cafeína (0.03%), colorante (antocianinas), vitaminas (b3, b6, b2, b12), edulcorante (sucralosa), cloruro sódico, d-glucuronolactona, extracto de semilla de guaraná (0.002%), inositol, maltodextrina.|5060166690380|0|1.89|||||
488|2026-09-16 11:34:58|38|2026|08032|Soft beer Xibeca Damm Beer, wine & spirits Beer Beer bottles|0|EU|60333|126|Bodega|Cerveza|Cerveza botella y botellín|Bajadas de precio|Bajadas de precio|Cerveza suave Xibeca Damm|4.6|6.0|l|1.41|€/l|8.46|agua,malta de cebada, maíz, arroz, lúpulo.|8410793013316|0|10.38|||||
489|2026-09-16 11:34:58|38|2026|08032|Tostada beer Turia Beer, wine & spirits Beer Beer cans|0|EU|60980|129|Bodega|Cerveza|Cerveza lata|Bajadas de precio|Bajadas de precio|Cerveza tostada Turia|5.4|0.33|l|2.18|€/l|0.72|agua,malta de cebada, arroz, lúpulo.|8413194096131|0|0.87|||||
490|2026-09-16 11:34:58|38|2026|08032|Strawberry Energy Ultra drink zero Monster Water & soft drinks Isotonic & energy drinks Energy|0||16440|130|Agua y refrescos|Isotónico y energético|Energético|Bajadas de precio|Bajadas de precio|Bebida energética Strawberry Energy Ultra zero azúcar Monster||0.5|l|2.90|€/l|1.45|ingredientes: agua carbonada, potenciador del sabor (eritritol), ácido (ácido cítrico), taurina (0,4%), regulador de acidez (citratos de sodio), aroma natural de fresa con otros aromas naturales, extracto de raíz de panax ginseng (0,08%), conservantes (sorbato de potasio, benzoato de sodio), cafeína (0,03%), edulcorantes (sucralosa, acesulfame k), l-carnitina l-tartrato (0,015%), vitaminas (b3, b5, b6, b12), estabilizante (ésteres glicerol de resinas de madera), extracto de semilla de guaraná (0,002%), inositol, colorantes (e129, e110, e133).|5056784900826|0|1.79|||||
491|2026-09-16 11:34:58|38|2026|08032|Skimmed milk Asturiana Eggs, milk & butter Milk & milk alternatives Skimmed milk|1|España|10532|131|Huevos leche y mantequilla|Leche y bebidas vegetales|Leche desnatada|Bajadas de precio|Bajadas de precio|Leche desnatada Asturiana||6.0|l|1.06|€/l|6.36|leche desnatada de vaca|8410297113680|0|6.78|||Milk, skimmed, UHT|19050|
492|2026-09-16 11:34:58|38|2026|08032|Hake and shrimp preparation Seafood & fish Fresh fish Other|0||27548|133|Marisco y pescado|Pescado fresco|Otros|Bajadas de precio|Bajadas de precio|Elaborado de merluza y langostino||0.2|kg|14.75|€/kg|2.95|62% merluza (pescado), 11% langostino ((crustáceo), agua, sal, antioxidantes e330, e331, estabilizante e451, e452), harina de arroz, aceite refinado de girasol, fibras vegetales, almidón, azúcar, corrector de la acidez (vinagre tamponado), especias (perejil y ajo) y aromas. puede contener trazas de huevos y derivados, moluscos y derivados y sulfitos.|8480000275486|0|3.30|||||
493|2026-09-16 11:34:59|38|2026|08032|Mango flavored frizzante Piccolo Giovanni Beer, wine & spirits Lambrusco & sparkling wine Lambrusco & sparkling wine|0||23967|134|Bodega|Vino lambrusco y espumoso|Vino lambrusco y espumoso|Bajadas de precio|Bajadas de precio|Frizzante sabor mango Piccolo Giovanni|3.9|0.75|l|2.67|€/l|2.00|agua, vino (uvas, conservador: anhídrido sulfuroso (sulfitos)), azúcar, acidulante: ácido cítrico, dióxido de carbono, aromas y colorantes: e-102 y e-110.|8402001053818|0|2.35|||||
494|2026-09-16 11:34:59|38|2026|08032|Skimmed milk Asturiana Eggs, milk & butter Milk & milk alternatives Skimmed milk|1|España|10801|136|Huevos leche y mantequilla|Leche y bebidas vegetales|Leche desnatada|Bajadas de precio|Bajadas de precio|Leche desnatada Asturiana||1.0|l|1.06|€/l|1.06|leche desnatada|8410297012105|0|1.13|||Milk, skimmed, UHT|19050|
495|2026-09-16 11:34:59|38|2026|08032|Omega 3 dairy drink with skimmed milk Puleva Eggs, milk & butter Milk & milk alternatives Skimmed milk|1|España|10146|137|Huevos leche y mantequilla|Leche y bebidas vegetales|Leche desnatada|Bajadas de precio|Bajadas de precio|Bebida láctea Omega 3 Puleva con leche desnatada||6.0|l|1.69|€/l|10.14|leche desnatada (80%), permeado de leche reconstituido, aceites vegetales (girasol alto oleico y oliva (0,05%)), emulgentes (lecitinas (soja)) y ésteres cítricos de monoglicéridos y diglicéridos), aceite de pescado azul, estabilizantes (citrato tripotásico, trifosfato pentasódico), vitaminas (a, b6, ácido fólico, c, d, e y b12), antioxidantes (extracto rico en tocoferoles y palmitato de ascorbilo), extracto de té verde (0,005%), extracto de uva (0,001%)|8411700811117|0|11.34|"{""letter"": ""B"", ""points"": -1, ""negative_points"": {""negative_points"": 6, ""energy_score"": 3, ""sugars_score"": 3, ""saturated_fats_score"": 0, ""salt_score"": 0, ""non_sweeteners_score"": 0}, ""positive_points"": {""positive_points"": 7, ""proteins_score"": 7, ""fiber_score"": 0, ""fruit_percentage_score"": 0}, ""request_made"": {""Energia"": 185.0, ""sucres"": 4.8, ""greixos_saturats"": 0.2, ""sal"": 0.18, ""sodi"": 0.072, ""fibra"": 0.0, ""proteines"": 4.4, ""fruit_percentage"": 0.0, ""ingredients"": ""leche desnatada (80%), permeado de leche reconstituido, aceites vegetales (girasol alto oleico y oliva (0,05%)), emulgentes (lecitinas (soja)) y \u00e9steres c\u00edtricos de monoglic\u00e9ridos y diglic\u00e9ridos), aceite de pescado azul, estabilizantes (citrato tripot\u00e1sico, trifosfato pentas\u00f3dico), vitaminas (a, b6, \u00e1cido f\u00f3lico, c, d, e y b12), antioxidantes (extracto rico en tocoferoles y palmitato de ascorbilo), extracto de t\u00e9 verde (0,005%), extracto de uva (0,001%)""}, ""nutriscore_category"": ""BEVERAGES""}"||Milk, skimmed, UHT|19050|"{""step1"": ""2"", ""step2"": ""2"", ""qualification"": ""2"", ""category"": ""SWEET""}"
496|2026-09-16 11:34:59|38|2026|08032|Omega 3 dairy drink with skimmed milk Puleva Eggs, milk & butter Milk & milk alternatives Skimmed milk|1|España|10884|138|Huevos leche y mantequilla|Leche y bebidas vegetales|Leche desnatada|Bajadas de precio|Bajadas de precio|Bebida láctea Omega 3 Puleva con leche desnatada||1.0|l|1.69|€/l|1.69|leche desnatada (80%), permeado de leche reconstituido, aceites vegetales (girasol alto oleico y oliva (0,05%)), emulgentes (lecitinas (soja)) y ésteres cítricos de monoglicéridos y diglicéridos), aceite de pescado azul, estabilizantes (citrato tripotásico, trifosfato pentasódico), vitaminas (a, b6, ácido fólico, c, d, e y b12), antioxidantes (extracto rico en tocoferoles y palmitato de ascorbilo), extracto de té verde (0,005%), extracto de uva (0,001%)|8411700011111|0|1.89|||Milk, skimmed, UHT|19050|
497|2026-09-16 11:34:59|38|2026|08032|Chicken and beef with vegetables baby food +6 months Hero Solo Baby Baby food Savoury pots|0|España|9058|140|Bebé|Alimentación infantil|Tarritos salados|Bajadas de precio|Bajadas de precio|Papilla verduritas con pollo y ternera Hero Solo +6 meses||0.235|kg|7.66|€/kg|1.80|verduras y legumbres (45%) (zanahoria (14%), judías verdes (10%), tomate (9%), cebolla, guisantes, brócoli (3%)), patata (27%), agua de cocción, carne de pollo (6%), carne de ternera (2%), aceite de oliva virgen extra (2%).|8410175050021|0|1.85|||||
498|2026-09-16 11:34:59|38|2026|08032|Omega-3 nuts skim milk drink Puleva Eggs, milk & butter Milk & milk alternatives Skimmed milk|1|España|10282|142|Huevos leche y mantequilla|Leche y bebidas vegetales|Leche desnatada|Bajadas de precio|Bajadas de precio|Bebida láctea Omega 3 Puleva con nueces y leche desnatada||1.0|l|1.69|€/l|1.69|leche desnatada (80%), permeado de leche reconstituido, aceites vegetales (girasol alto oleico y oliva (0,05%)), emulgentes (lecitinas (soja)) y ésteres cítricos de monoglicéridos y diglicéridos), estabilizantes (citrato tripotásico, e-460 y e-466), aceite de pescado azul, colorante (e-150c), preparado de nuez en polvo (0,04% de nuez), fosfato tricálcico, aroma, vitaminas (a, b6, ácido fólico, c, d, e y b12), extracto de té verde (0,005%), extracto de uva (0,001%) y edulcorante (sucralosa)|8411700011302|0|1.95|"{""letter"": ""B"", ""points"": 0, ""negative_points"": {""negative_points"": 6, ""energy_score"": 3, ""sugars_score"": 3, ""saturated_fats_score"": 0, ""salt_score"": 0, ""non_sweeteners_score"": 0}, ""positive_points"": {""positive_points"": 6, ""proteins_score"": 6, ""fiber_score"": 0, ""fruit_percentage_score"": 0}, ""request_made"": {""Energia"": 208.0, ""sucres"": 4.4, ""greixos_saturats"": 0.5, ""sal"": 0.1, ""sodi"": 0.04, ""fibra"": 0, ""proteines"": 2.8, ""fruit_percentage"": 0.0, ""ingredients"": ""leche desnatada (80%), permeado de leche reconstituido, aceites vegetales (girasol alto oleico y oliva (0,05%)), emulgentes (lecitinas (soja)) y \u00e9steres c\u00edtricos de monoglic\u00e9ridos y diglic\u00e9ridos), estabilizantes (citrato tripot\u00e1sico, e-460 y e-466), aceite de pescado azul, colorante (e-150c), preparado de nuez en polvo (0,04% de nuez), fosfato tric\u00e1lcico, aroma, vitaminas (a, b6, \u00e1cido f\u00f3lico, c, d, e y b12), extracto de t\u00e9 verde (0,005%), extracto de uva (0,001%) y edulcorante (sucralosa)""}, ""nutriscore_category"": ""BEVERAGES""}"||Milk, skimmed, UHT|19050|"{""step1"": ""4"", ""step2"": ""2"", ""qualification"": ""4"", ""category"": ""SWEET""}"
499|2026-09-16 11:34:59|38|2026|08032|Johnnie Walker Scotch whisky Red Label Beer, wine & spirits Spirits Whiskey|0||28610|143|Bodega|Licores|Whisky|Bajadas de precio|Bajadas de precio|Whisky escocés Red Label Johnnie Walker|40.0|0.7|l|20.93|€/l|14.65||5000267014203|0|16.00|||||
500|2026-09-16 11:35:00|38|2026|08032|Max energy and growth milk drink with cereals Puleva Eggs, milk & butter Milk & milk alternatives Children's milk|1|España|10820|144|Huevos leche y mantequilla|Leche y bebidas vegetales|Leche Infantil|Bajadas de precio|Bajadas de precio|Bebida láctea con cereales crecimiento y desarrollo Puleva Max||6.0|l|1.59|€/l|9.54|leche parcialmente desnatada (0,8% m.g), agua, cereales hidrolizados 4% (trigo, arroz, maíz, avena, cebada, centeno, triticale y espelta), azúcar, aceites vegetales (girasol alto oleico y oliva),emulgentes (e-472c y lecitinas (soja)), sales minerales (fosfaro tricálcico, citrato magnésico, pirofosfato férrico y sulfato de zinc), aceite de pescado azul rico en dha, estabilizantes (e-339ii, carragenato, celulosa y goma celulosa), antioxidantes (tocoferol y palminato de ascorbilo), fructosa, vitaminas (a, b1, b2, b3, b5, b6, b8,b12, c, d, e y k) y aroma.|8411700603613|0|11.34|||Baby milk, growing-up milk, ready to drink|19012|
501|2026-09-16 11:34:59|38|2026|08032|Big mineral water Viladrau Water & soft drinks Water Still water|0|Manantial FONTALEGRE|27221|145|Agua y refrescos|Agua|Agua sin gas|Bajadas de precio|Bajadas de precio|Agua mineral grande Viladrau||1.5|l|0.37|€/l|0.55|bicarbonato (114 mg/l), calcio (28,5 mg/l), sodio (12,2 mg/l), magnesio (4,2 mg/l), sulfato (11,2 mg/l), cloruro (6 mg/l), residuo seco a 180º (137 mg/l)|8411002101305|0|0.69|||||
502|2026-09-16 11:35:00|38|2026|08032|Max growth and development milk drink Puleva Eggs, milk & butter Milk & milk alternatives Children's milk|1|España|10781|146|Huevos leche y mantequilla|Leche y bebidas vegetales|Leche Infantil|Bajadas de precio|Bajadas de precio|Bebida láctea con cereales crecimiento y desarrollo Puleva Max||1.0|l|1.59|€/l|1.59|leche parcialmente desnatada (0,8% m.g), agua, cereales hidrolizados 4% (trigo, arroz, maíz, avena, cebada, centeno, triticale y espelta), azúcar, aceites vegetales (girasol alto oleico y oliva),emulgentes (e-472c y lecitinas (soja)), sales minerales (fosfaro tricálcico, citrato magnésico, pirofosfato férrico y sulfato de zinc), aceite de pescado   azul rico en dha, estabilizantes (e-339ii, carragenato, celulosa y goma   celulosa), antioxidantes (tocoferol y palminato de ascorbilo),   fructosa, vitaminas (a, b1, b2, b3, b5, b6, b8,b12, c, d, e y k) y   aroma.|8411700010121|0|1.89|||Baby milk, growing-up milk, ready to drink|19012|
503|2026-09-16 11:35:00|38|2026|08032|Reserve Bohemia beer Estrella Damm Beer, wine & spirits Beer Beer bottles|0||21867|147|Bodega|Cerveza|Cerveza botella y botellín|Bajadas de precio|Bajadas de precio|Cerveza Bohemia Estrella Damm reserva|6.2|1.98|l|3.61|€/l|7.14|agua, malta de cebada, arroz, lúpulo|8410793433831|0|8.34|||||
504|2026-09-16 11:35:00|38|2026|08032|Original tonic Schweppes Water & soft drinks Tonic & bitter Tonic & bitter|0||16461|149|Agua y refrescos|Tónica y bitter|Tónica y bitter|Bajadas de precio|Bajadas de precio|Tónica original Schweppes||1.0|l|1.80|€/l|1.80|agua, azúcar, anhídrido carbónico, acidulante: ácido cítrico, aromas naturales, edulcorantes: ciclamato sódico y sacarina sódica, aroma quinina.|8414100381631|0|1.99|||||
505|2026-09-16 11:35:00|38|2026|08032|Omega 3 dairy drink with nuts and skimmed milk Puleva Eggs, milk & butter Milk & milk alternatives Skimmed milk|1|España|10281|150|Huevos leche y mantequilla|Leche y bebidas vegetales|Leche desnatada|Bajadas de precio|Bajadas de precio|Bebida láctea Omega 3 Puleva con nueces y leche desnatada||6.0|l|1.69|€/l|10.14|leche desnatada (80%), permeado de leche reconstituido, aceites vegetales (girasol alto oleico y oliva (0,05%)), emulgentes (lecitinas (soja)) y ésteres cítricos de monoglicéridos y diglicéridos), estabilizantes (citrato tripotásico, e-460 y e-466), aceite de pescado azul, colorante (e-150c), preparado de nuez en polvo (0,04% de nuez), fosfato tricálcico, aroma, vitaminas (a, b6, ácido fólico, c, d, e y b12), extracto de té verde (0,005%), extracto de uva (0,001%) y edulcorante (sucralosa)|8411700911305|0|11.70|"{""letter"": ""B"", ""points"": 0, ""negative_points"": {""negative_points"": 6, ""energy_score"": 3, ""sugars_score"": 3, ""saturated_fats_score"": 0, ""salt_score"": 0, ""non_sweeteners_score"": 0}, ""positive_points"": {""positive_points"": 6, ""proteins_score"": 6, ""fiber_score"": 0, ""fruit_percentage_score"": 0}, ""request_made"": {""Energia"": 208.0, ""sucres"": 4.4, ""greixos_saturats"": 0.5, ""sal"": 0.1, ""sodi"": 0.04, ""fibra"": 0, ""proteines"": 2.8, ""fruit_percentage"": 0.0, ""ingredients"": ""leche desnatada (80%), permeado de leche reconstituido, aceites vegetales (girasol alto oleico y oliva (0,05%)), emulgentes (lecitinas (soja)) y \u00e9steres c\u00edtricos de monoglic\u00e9ridos y diglic\u00e9ridos), estabilizantes (citrato tripot\u00e1sico, e-460 y e-466), aceite de pescado azul, colorante (e-150c), preparado de nuez en polvo (0,04% de nuez), fosfato tric\u00e1lcico, aroma, vitaminas (a, b6, \u00e1cido f\u00f3lico, c, d, e y b12), extracto de t\u00e9 verde (0,005%), extracto de uva (0,001%) y edulcorante (sucralosa)""}, ""nutriscore_category"": ""BEVERAGES""}"||Milk, skimmed, UHT|19050|"{""step1"": ""4"", ""step2"": ""2"", ""qualification"": ""4"", ""category"": ""SWEET""}"
506|2026-09-16 11:35:00|38|2026|08032|Original lemon soft drink Schweppes Water & soft drinks Orange & lemon soft drinks Lemon & lemon-lime|0||27761|151|Agua y refrescos|Refresco de naranja y de limón|Limón|Bajadas de precio|Bajadas de precio|Refresco limón Schweppes original||2.64|l|1.91|€/l|5.04|agua, azúcar, zumo de limón procedente de concentrado (2,5%), extractos de limón (0,5%), anhídrido carbónico, acidulante: ácido cítrico, aroma natural de limón con otros aromas naturales, edulcorantes: ciclamato sódico y sucralosa, estabilizantes: octenilsuccinato sódico de almidón, ésteres glicéridos de colofonia de madera y acetato de isobutirato de sacarosa, conservador: sorbato potásico.|8410600008030|0|5.20|||||
507|2026-09-16 11:35:00|38|2026|08032|Fartons Bread & bakery Oven pastries Sweet pastries|0||21990|152|Panadería y pastelería|Bollería de horno|Bollería dulce|Bajadas de precio|Bajadas de precio|Fartons||0.215|kg|9.30|€/kg|2.00|harina de trigo, manteca de cerdo [manteca de cerdo en rama y antioxidante (e-306)], agua, cobertura [azúcar, jarabe de glucosa, agua, emulsionante (e-471), conservador (e-202), espesantes (e-410 y e-412) y regulador de la acidez (e-330)], azúcar, huevo líquido pasteurizado, levadura, mejorante panario [gluten de trigo, harina de trigo, emulgentes (e-471, e-472e y e-481), antiaglomerante (e-170), agente de tratamiento de la harina (ácido ascórbico), levadura desactivada y enzimas], sal, aceite refinado de girasol y aroma.puede contener trazas de leche, sulfitos, soja, frutos de cáscara y mostaza.|8436554810161|0|2.25|||||
508|2026-09-16 11:35:00|38|2026|08032|Instant chocolate drink Nesquik Chocolate drinks, coffee & tea Chocolate drinks & hot chocolate Chocolate drinks|0||21985|155|Cacao café e infusiones|Cacao soluble y chocolate a la taza|Cacao soluble|Bajadas de precio|Bajadas de precio|Cacao soluble instantáneo Nesquik||2.5|kg|6.34|€/kg|15.85|azúcar, cacao natural desgrasado en polvo (23%), emulgente (lecitina de soja), sal, vitaminas (c,d), aroma natural, canela. sin gluten y sin lactosa.|8445290092830|0|16.15|||||
509|2026-09-16 11:35:00|38|2026|08032|Rice with chicken baby food +6 months Hero Solo Baby Baby food Savoury pots|0|España|9247|157|Bebé|Alimentación infantil|Tarritos salados|Bajadas de precio|Bajadas de precio|Papilla arroz con pollo Hero Solo +6 meses||0.235|kg|7.66|€/kg|1.80|agua de cocción, arroz (20%), carne de pollo (8%), zanahoria, tomate, cebolla, apio y aceite de oliva virgen (1,6%). sin gluten.|8410175050120|0|1.85|||||
510|2026-09-16 11:35:00|38|2026|08032|Scotch whisky J&B Beer, wine & spirits Spirits Whiskey|0||28613|158|Bodega|Licores|Whisky|Bajadas de precio|Bajadas de precio|Whisky escocés J&B|40.0|0.7|l|16.57|€/l|11.60||5010103800259|0|11.95|||||
511|2026-09-16 11:35:00|38|2026|08032|Puleva growth milk mix Peques 3 Baby Baby food Milk|0||9049|161|Bebé|Alimentación infantil|Leche|Bajadas de precio|Bajadas de precio|Preparado lácteo crecimiento Peques 3 Puleva||6.0|l|1.79|€/l|10.74|leche parcialmente desnatada (2,5% m.g.), agua, maltodextrina, aceites vegetales (girasol alto oleico y oliva), sales minerales (fosfato tricálcico, citrato tripotásico, pirofosfato férrico, sulfato de zinc, citrato de magnesio, sulfato de manganeso, yoduro potásico, fosfato dipotásico, carbonato cálcico, fosfato dicálcico y yodato potásico), emulgentes (e-472c y lecitinas (soja)), concentrado de proteína de suero (leche), aceite de pescado azul rico en dha, aromas, estabilizante (fosfato disódico), vitaminas (a, b1, b2, b3, b5, b6, b8, b9, b12, c, d, e y k), cloruro de colina y lactasa.|8411700812213|0|12.00|||||
512|2026-09-16 11:35:01|38|2026|08032|Puleva growth milk mix cereal and fruit Peques 3 Baby Baby food Milk|0||20321|162|Bebé|Alimentación infantil|Leche|Bajadas de precio|Bajadas de precio|Preparado lácteo con cereales y frutas Peques 3 Puleva||0.6|l|2.98|€/l|1.79|ingredientes: leche parcialmente desnatada (2,9% m.g.), agua, zumo de manzana y plátano reconstituido a partir de concentrado (8%), harinas de cereales hidrolizados (4%) (trigo, maíz, arroz, avena, cebada, centeno, triticale y espelta), sacarosa, maltodextrinas, aceites vegetales (girasol alto oleico y oliva), concentrado de proteína de suero (leche), fructosa, sales minerales (fosfato tricálcico, citrato tripotásico, pirofosfato férrico, sulfato de zinc, citrato de magnesio, sulfato de manganeso, yoduro potásico, fosfato disódico, fosfato dipotásico, carbonato cálcico, fosfato dicálcico y yodato potásico), emulgentes (e-472c y lecitinas (soja)), estabilizantes (celulosa, goma de celulosa y carragenato),  aceite de pescado azul rico en dha, aromas, vitaminas (a, b1, b2, b3, b5, b6, b8, b9, b12, c, d, e y k),  y cloruro de colina.|8411700412321|0|2.00|||||
513|2026-09-16 11:35:01|38|2026|08032|Max energy and growth milk drink Puleva Eggs, milk & butter Milk & milk alternatives Children's milk|1|España|10726|163|Huevos leche y mantequilla|Leche y bebidas vegetales|Leche Infantil|Bajadas de precio|Bajadas de precio|Bebida láctea crecimiento y desarrollo Puleva Max||6.0|l|1.59|€/l|9.54|leche semidesnatada, agua, aceites vegetales (girasol alto oleico y oliva), sales minerales (citrato tripotásico, fosfato tricálcico, pirofosfato de hierro, sulfato de zinc), aceite de pescado rico en dha, emulgentes (lecitinas (soja)), aromas, vitaminas (a, d, e, b1, b2, b3, b6, b12, b5, b8, b9 y c), antioxidantes (extracto rico en tocoferoles y ascorbil palmitato) y lactasa.|8411700810011|0|10.74|||Baby milk, growing-up milk, ready to drink|19012|
514|2026-09-16 11:35:01|38|2026|08032|Max energy and growth milk drink Puleva Eggs, milk & butter Milk & milk alternatives Children's milk|1|España|10723|164|Huevos leche y mantequilla|Leche y bebidas vegetales|Leche Infantil|Bajadas de precio|Bajadas de precio|Bebida láctea crecimiento y desarrollo Puleva Max||1.0|l|1.59|€/l|1.59|leche semidesnatada, agua, aceites vegetales (girasol alto oleico y oliva), sales minerales (citrato tripotásico, fosfato tricálcico, pirofosfato de hierro, sulfato de zinc), aceite de pescado rico en dha, emulgentes (lecitinas (soja)), aromas, vitaminas (a, d, e, b1, b2, b3, b6, b12, b5, b8, b9 y c), antioxidantes (extracto rico en tocoferoles y ascorbil palmitato) y lactasa.|8411700010015|0|1.79|||Baby milk, growing-up milk, ready to drink|19012|
515|2026-09-16 11:35:01|38|2026|08032|Vegetables with hake baby food +6 months Hero Solo Baby Baby food Savoury pots|0|España|9280|165|Bebé|Alimentación infantil|Tarritos salados|Bajadas de precio|Bajadas de precio|Papilla verduritas con merluza Hero Solo +6 meses||0.235|kg|7.66|€/kg|1.80|verduras y legumbres (40%) (zanahoria (14%), tomate (10%), judías verdes (6%), cebolla, guisantes (3%), apio), patata (30%), leche entera (11%), merluza (8,5%), agua de cocción, aceite de oliva virgen extra (2,1%). sin gluten.|8410175052223|0|1.85|||||
516|2026-09-16 11:35:01|38|2026|08032|Puleva growth milk mix with cereal Peques 3 Baby Baby food Milk|0||9057|166|Bebé|Alimentación infantil|Leche|Bajadas de precio|Bajadas de precio|Preparado lácteo con cereales crecimiento Peques 3 Puleva||6.0|l|1.79|€/l|10.74|leche parcialmente desnatada (2,6 % m.g.), agua, harinas de cereales hidrolizados (4%) (trigo, maíz, arroz, avena, cebada, centeno, triticale y espelta), maltodextrinas, aceites vegetales (girasol alto oleico y oliva), sacarosa, concentrado de proteína de suero (leche),   fructosa, sales minerales (fosfato tricálcico, citrato tripotásico,   pirofosfato férrico, sulfato de zinc, citrato de magnesio, sulfato de   manganeso, yoduro potásico, fosfato disódico, fosfato dipotásico,   carbonato cálcico, fosfato dicálcico y yodato potásico), emulgentes   (e-472c y lecitinas (soja)), aceite de pescado azul rico   en dha, vitaminas (a, b1, b2, b3, b5, b6, b8, b9, b12, c, d, e y k),   estabilizantes (celulosa, goma de celulosa y carragenato) y cloruro de   colina.|8411700912418|0|12.00|||||
517|2026-09-16 11:35:01|38|2026|08032|Beef with baby carrots baby food +6 months Hero Solo Baby Baby food Savoury pots|0|España|9242|167|Bebé|Alimentación infantil|Tarritos salados|Bajadas de precio|Bajadas de precio|Papilla zanahorias baby con ternera Hero Solo +6 meses||0.235|kg|7.66|€/kg|1.80|verduras (40%) (zanahoria (20%), tomate, apio, cebolla), patata (31%), agua de cocción, carne de ternera (8%), aceite de oliva virgen extra (1,4%).|8410175050229|0|1.85|||||
518|2026-09-16 11:35:01|38|2026|08032|Natur Turkey with vegetables baby food +6 months Hero Solo Baby Baby food Savoury pots|0|España|9246|169|Bebé|Alimentación infantil|Tarritos salados|Bajadas de precio|Bajadas de precio|Papilla verduritas con delicias de pavo Hero Solo natur +6 meses||0.235|kg|7.66|€/kg|1.80|verduras y legumbres (40%) (tomate, calabaza (10%), zanahoria (9%), cebolla, guisantes (2%)), patata (30%), agua de cocción, carne de pavo (8%), aceite de oliva virgen extra (2,3%).|8410175052421|0|1.85|||||
519|2026-09-16 11:35:01|38|2026|08032|Sangre de Toro red wine, DO Catalunya Bodegas Torres Beer, wine & spirits Red wine Other red wines|0||66510|170|Bodega|Vino tinto|Otros vinos tintos|Bajadas de precio|Bajadas de precio|Vino tinto Sangre de Toro Bodegas Torres DO Catalunya|13.5|0.75|l|5.33|€/l|4.00|uvas, correctores de la acidez (ácido tartárico[l(+)]), agentes estabilizantes (goma arábiga, manoproteínas de levadura), conservadores (sulfitos), embotellado en atmósfera protectora.|8410113003027|0|4.30|||||
520|2026-09-16 11:35:02|38|2026|08032|Puleva growth milk mix Peques 3 Baby Baby food Milk|0||9040|171|Bebé|Alimentación infantil|Leche|Bajadas de precio|Bajadas de precio|Preparado lácteo crecimiento Peques 3 Puleva||1.0|l|1.79|€/l|1.79|leche parcialmente desnatada (2,5% m.g.), agua,  maltodextrina, aceites vegetales (girasol alto oleico y oliva), sales minerales (fosfato tricálcico, citrato tripotásico, pirofosfato férrico, sulfato de zinc, citrato de magnesio, sulfato de manganeso, yoduro potásico, fosfato dipotásico, carbonato cálcico, fosfato dicálcico y yodato potásico),  emulgentes (e-472c y lecitinas (soja)), concentrado de proteína de suero (leche), aceite de pescado azul rico en dha, aromas, estabilizante (fosfato disódico),  vitaminas (a, b1, b2, b3, b5, b6, b8, b9, b12, c, d, e y k), cloruro de colina y lactasa.|8411700012217|0|2.00|||||
521|2026-09-16 11:35:02|38|2026|08032|Puleva growth milk mix with cereal Peques 3 Baby Baby food Milk|0||9034|172|Bebé|Alimentación infantil|Leche|Bajadas de precio|Bajadas de precio|Preparado lácteo con cereales crecimiento Peques 3 Puleva||1.0|l|1.79|€/l|1.79|leche parcialmente desnatada (2,6 % m.g.), agua, harinas de cereales hidrolizados (4%) (trigo, maíz, arroz, avena, cebada, centeno, triticale y espelta), maltodextrinas, aceites vegetales (girasol alto oleico y oliva), sacarosa, concentrado de proteína de suero (leche), fructosa, sales minerales (fosfato tricálcico, citrato tripotásico, pirofosfato férrico, sulfato de zinc, citrato de magnesio, sulfato de manganeso, yoduro potásico, fosfato disódico, fosfato dipotásico, carbonato cálcico, fosfato dicálcico y yodato potásico), emulgentes (e-472c y lecitinas (soja)), aceite de pescado azul rico en dha, vitaminas (a, b1, b2, b3, b5, b6, b8, b9, b12, c, d, e y k), estabilizantes (celulosa, goma de celulosa y carragenato) y cloruro de colina.|8411700012415|0|2.00|||||
522|2026-09-16 11:35:02|38|2026|08032|Carrots and rice in chicken soup baby food +6 months Hero Solo Baby Baby food Savoury pots|0|España|9259|173|Bebé|Alimentación infantil|Tarritos salados|Bajadas de precio|Bajadas de precio|Papilla zanahorias con arroz en caldito de pollo Hero Solo +6 meses||0.235|kg|7.66|€/kg|1.80|verduras (40%) (zanahoria (35%), cebolla (5%)), caldo de pollo (28%), arroz cocido (24%), carne de pollo (6%), aceite de oliva virgen extra (2%), laurel. sin gluten.|8410175051226|0|1.85|||||
523|2026-09-16 11:35:02|38|2026|08032|XXL sugar-free fruit-flavoured mixed chewing gums tabs Hacendado Sugar, sweets & chocolate Chewing gum & candy Chewing gum|0||65213|2|Azúcar caramelos y chocolate|Chicles y caramelos|Chicles|Han vuelto|Han vuelto|Chicles gragea XXL frutal mix sin azúcar Hacendado||0.1|kg|18.00|€/kg|1.80|edulcorantes: sorbitol e isomalt, goma base (con antioxidante: extracto rico en tocoferoles), edulcorantes: xilitol, jarabe de maltitol y manitol, aromas, humectantes: glicerina y triacetina, espesante: goma arábiga, acidulantes: ácido málico, ácido cítrico y ácido tartárico, edulcorantes: aspartamo y acesulfamo k, agente de recubrimiento: cera de carnauba, colorantes: carotenos y ácido carmínico, extracto vegetal (cártamo) y concentrado de espirulina|8402001035036|0||||||
524|2026-09-16 11:35:02|38|2026|08032|Cured ham shoulder Incarlopsa Deli & cheese Serrano ham Serrano ham|0||19966|3|Charcutería y quesos|Jamón serrano|Jamón serrano|Han vuelto|Han vuelto|Paleta de cerdo curada Incarlopsa||4.0|kg|7.50|€/kg|30.00|paleta de  cerdo, sal, conservadores (e-252, e-250).|8421384153601|0||||||
525|2026-09-16 11:35:02|38|2026|08032|Acid sweet red apples Fruits & vegetables Fruits Apple  & pear|0|Italia|8268|4|Fruta y verdura|Fruta|Manzana y pera|Han vuelto|Han vuelto|Manzanas rojas acidulces||1.57|kg|2.60|€/kg|4.08|manzanas rojas acidulces|5609014019487|0||||||
526|2026-09-16 11:35:02|38|2026|08032|Pork spine Meat Meat boxes Meat boxes|0||2689|5|Carne|Arreglos|Arreglos|Han vuelto|Han vuelto|Espinazo de cerdo||0.3|kg|7.00|€/kg|2.10|espinazo de cerdo (98%), agua, antioxidante e-301 y  extracto vegetal.|2105100026894|0||||||
527|2026-09-16 11:35:02|38|2026|08032|Pork fatback Meat Meat boxes Meat boxes|0||35805|6|Carne|Arreglos|Arreglos|Han vuelto|Han vuelto|Tocino de cerdo||0.19|kg|7.80|€/kg|1.48||8402001010422|0||||||
528|2026-09-16 11:35:02|38|2026|08032|Pork osso buco Meat Meat boxes Meat boxes|0||2690|7|Carne|Arreglos|Arreglos|Han vuelto|Han vuelto|Osobuco de cerdo||0.23|kg|8.20|€/kg|1.89|porciones de codillo fresco de cerdo (paleta o  jamón) sin piel.|2105100026900|0||||||
529|2026-09-16 11:35:03|38|2026|08032|Pork and beef meatball Meat Meat boxes Meat boxes|0|España|35862|8|Carne|Arreglos|Arreglos|Han vuelto|Han vuelto|Pelota de cerdo y vacuno||0.28|kg|11.20|€/kg|3.14|carne de cerdo (52%) y de vacuno (20%), agua, proteína de cerdo, sal, harina de guisante, especias, fibra vegetal, maltodextrina, harina de arroz, almidón,  antioxidantes (e-300, e-301), aromas, conservador (sulfito e-221) y colorantes (e-150c, e-120).|8402001010828|0||||||
530|2026-09-16 11:35:03|38|2026|08032|Meats for escudella Meat Meat boxes Meat boxes|0||3739|9|Carne|Arreglos|Arreglos|Han vuelto|Han vuelto|Arreglo para escudella||1.0|kg|6.90|€/kg|6.90|ingredientes: pollo, preparado carne vacuno (carne de vacuno 90%, agua, fibra vegetal (guisante), aromas naturales, antioxidantes (e-301 y e-331)), cerdo (manos, papada), preparado de espinazo de cerdo (espinazo de cerdo 98%, agua, antioxidante e-301 y extracto vegetal), hueso salado [hueso de cerdo salado, sal (21%)], hueso de jamón curado [jamón de cerdo, sal, azúcar, antioxidante (e-331, e301) y conservadores (e-252, e-250)], pelota [burger meat: carne de cerdo (61%) y de vacuno (21%), agua, proteína de cerdo, sal, harina de guisante, especias, fibra vegetal, maltodextrina, almidón, antioxidantes (e-300, e-301), aromas, conservador (e-221) (sulfitos) y colorantes (e-150c, e-120)] y butifarra negra [papada, magro y sangre de cerdo, sal, almidón, fibra vegetal, pimienta, conservador (e-262i), antioxidante (e-300), extracto de especias, tripa fina natural de cerdo].|2105100037395|0||||||
531|2026-09-16 11:35:03|38|2026|08032|Tangerine Fruits & vegetables Fruits Citrus fruit|0|España|3238|10|Fruta y verdura|Fruta|Cítricos|Han vuelto|Han vuelto|Mandarina||0.12|kg|2.65|€/kg|0.32|tratado con agentes de recubrimiento (e903, e-473) imazalil y fludioxonil.|5607761300018|0||||||
532|2026-09-16 11:35:03|38|2026|08032|Original wafer bar Tokke Sugar, sweets & chocolate Chocolate Bars|0||12509|11|Azúcar caramelos y chocolate|Chocolate|Chocolatinas|Han vuelto|Han vuelto|Barritas de barquillo Tokke original||0.141|kg|10.64|€/kg|1.50|chocolate con leche[azúcar, manteca de cacao, leche desnatada en polvo, pasta de cacao, grasas vegetales (palma, shea), lactosuero en polvo (leche), grasa de leche, pasta de avellanas, emulgentes: lecitina (soja) y e-476, aroma], azúcar, harina de trigo (gluten), grasa vegetal de palma, arroz inflado [harina de trigo (gluten), harina de arroz, azúcar, sal,emulgente: lecitina], lactosuero en polvo (leche), cacao desgrasado (2,8%), pasta de avellanas, leche desnatada en polvo,emulgentes: lecitina (soja) y e-476, gasificante: bicarbonato de sodio, aromas.|8410109102246|0||||||
533|2026-09-16 11:35:03|38|2026|08032|Certified half chicken cut into pieces fed 50% corn Meat Poultry Turkey & other fowl|1|España|10000|12|Carne|Aves y pollo|Pavo y otras aves|Han vuelto|Han vuelto|Medio pollo certificado troceado alimentado con un 50% de maíz||0.95|kg|5.50|€/kg|5.22|100% pollo|8412610037550|0||"{""letter"": ""A"", ""points"": -5, ""negative_points"": {""negative_points"": 2, ""energy_points"": 1, ""saturated_fats_points"": 1, ""sugar_points"": 0, ""salt_points"": 0}, ""positive_points"": {""positive_points"": 7, ""proteins_points"": 7, ""fibers_points"": 0, ""fruit_percentage_points"": 0}, ""request_made"": {""Energia"": 503.0, ""sucres"": 0.0, ""greixos_saturats"": 1.3, ""sal"": 0.2, ""sodi"": 0.08, ""fibra"": 0, ""proteines"": 21.0, ""fruit_percentage"": 0.0}, ""nutriscore_category"": ""GENERAL_FOOD""}"||Chicken, meat, raw|36003|"{""qualification"": ""1""}"
534|2026-09-16 11:35:03|38|2026|08032|Oak-aged red wine DO Ribera del Duero 13 Hectáreas Beer, wine & spirits Red wine Ribera del Duero|0|DO Ribera del Duero|52785|13|Bodega|Vino tinto|Ribera del Duero|Han vuelto|Han vuelto|Vino tinto roble 13 Hectáreas DO Ribera del Duero||0.75|l|6.00|€/l|4.50|uva, correctores de la acidez (ácido tartárico[l(+)]), conservadores y antioxidantes (anhídrido sulfuroso), agentes estabilizantes (goma arábiga, manoproteínas de levadura, poliaspartato de potasio). contiene sulfitos.|8402001015618|0||||||
535|2026-09-16 12:43:26|38|2026|43812|Pineapple Fruits & vegetables Fruits Tropical fruit|0||3076|1|Fruta y verdura|Fruta|Fruta tropical|Productos del momento|Rápido y saludable|Piña||1.89|kg|2.00|€/kg|3.78|piña|8480000030764|0||||||
536|2026-09-16 12:43:25|38|2026|43812|Seedless white grapes Fruits & vegetables Fruits Banana & grape|0|Marruecos|3313|2|Fruta y verdura|Fruta|Plátano y uva|Productos del momento|Rápido y saludable|Uva blanca sin semillas||0.6|kg|2.75|€/kg|1.65|uva sin semilla|2105400033134|0||||||
537|2026-09-16 12:43:26|38|2026|43812|Free range eggs Eggs, milk & butter Eggs Eggs|0||15768|3|Huevos leche y mantequilla|Huevos|Huevos|Productos del momento|Rápido y saludable|Huevos de gallinas camperas||12.0|ud|0.28|€/ud|3.35|huevo|8410603125215|0||||||
538|2026-09-16 12:43:25|38|2026|43812|Family Whole fresh chicken breast Meat Poultry Chicken|0|Planta de sacrificio Hijos de Juan Pujante, S.A. ubicada en España|3682|4|Carne|Aves y pollo|Pollo|Productos del momento|Rápido y saludable|Pechugas enteras familiar de pollo||1.2|kg|6.20|€/kg|7.44||2105100036824|0||||||
539|2026-09-16 12:43:26|38|2026|43812|Seed mix Hacendado Snacks Nuts, seeds & dried fruit Nuts & seeds|0|Italia|34963|5|Aperitivos|Frutos secos y fruta desecada|Frutos secos|Productos del momento|Rápido y saludable|Mezcla semillas Hacendado||0.2|kg|7.30|€/kg|1.46|semillas de girasol peladas, semillas de sésamo natural, semillas de lino marrón, semillas de calabaza peladas y semillas de chía.|8402001002021|0||||||
540|2026-09-16 12:43:26|38|2026|43812|Natural Kefir mild flavour Dessert & yoghurt Natural & flavoured yoghurt Natural yoghurt|0||20029|6|Postres y yogures|Yogures naturales y sabores|Yogures naturales|Productos del momento|Rápido y saludable|Kéfir natural sabor suave||0.5|kg|2.20|€/kg|1.10|leche pasteurizada de vaca. nata (leche de vaca pasteurizada). leche en polvo desnatada pasteurizada de vaca y fermentos lácticos kéfir (cepas de lactococcus,leuconostoc,lactobacillus y streptococcus).|8436547770137|0||||||
541|2026-09-16 12:43:26|38|2026|43812|Cherry tomatoes Fruits & vegetables Vegetables Tomato|0|España|69990|7|Fruta y verdura|Verdura|Tomate|Productos del momento|Rápido y saludable|Tomates cherry||0.5|kg|4.40|€/kg|2.20|tomates cherry|8412276727222|0||||||
542|2026-09-16 12:43:26|38|2026|43812|Shelled natural walnut Hacendado Snacks Nuts, seeds & dried fruit Nuts & seeds|0|Chile|34024|8|Aperitivos|Frutos secos y fruta desecada|Frutos secos|Productos del momento|Rápido y saludable|Nuez natural Hacendado pelada||0.2|kg|12.50|€/kg|2.50|nueces. trazas de cacahuete y otros frutos de cáscara.|8402001001345|0||||||
543|2026-09-16 12:43:26|38|2026|43812|Blueberries Fruits & vegetables Fruits Other fruit|0|España|5507|9|Fruta y verdura|Fruta|Otras frutas|Productos del momento|Rápido y saludable|Arándanos||0.5|kg|13.00|€/kg|6.50|arándano|5608495000052|0||||||
544|2026-09-16 12:43:26|38|2026|43812|Green Kiwis Fruits & vegetables Fruits Tropical fruit|0|España|3832|10|Fruta y verdura|Fruta|Fruta tropical|Productos del momento|Rápido y saludable|Kiwis verdes||1.07|kg|4.55|€/kg|4.87|kiwi|2105400038320|0||||||
545|2026-09-16 12:43:26|38|2026|43812|Pasta salad Listo para Comer Fruits & vegetables Lettuce & prepared salad Prepared salad|0||13241|11|Fruta y verdura|Lechuga y ensalada preparada|Ensalada preparada|Productos del momento|Rápido y saludable|Ensalada de pasta Listo para Comer||0.366|kg|4.00|€/kg|4.00|pasta espiral 52,90% [sémola de trigo duro (gluten), tomate deshidratado 5%, espinacas deshidratadas 2,5%], huevo cocido de gallina, atún 10,29% (pescado), aceite refinado de girasol y sal. surimi 9,70% [carne de pescado, agua, almidón, clara de huevo, aceite refinado de nabina, sal, aroma (contiene crustaceo), proteína de soja (soja), almidón modificado, azúcar, colorante e160c, (puede contener moluscos), estabilizantes e420, e450, e451, e452]. mozzarella [leche pasteurizada de vaca, sal, fermentos lácticos (leche), corrector de acidez ácido cítrico, cuajo], cebolla blanca, aceite refinado de girasol, conservantes e262, e326. aliño: aceite de oliva virgen extra, vinagre (sulfito) y sal. puede contener trazas de frutos de cascara , mostaza y apio.|8402001033261|0||||||
546|2026-09-16 12:43:26|38|2026|43812|Seafood salad Listo para Comer Pizza & ready meals Ready to eat Cold meals|0||13242|12|Pizzas y platos preparados|Listo para Comer|Platos fríos|Productos del momento|Rápido y saludable|Ensalada de marisco Listo para Comer||0.3|kg|5.50|€/kg|5.50|pasta ((sémola de trigo duro (gluten), tomate, espinacas), aceite refinado de girasol), potón (15%) (potón (moluscos), sal, estabilizante (e450) y correctores de acidez (e501, e330 y e331)), cebolla roja encurtida (cebolla, azúcar, vinagre de alcohol, vinagre de arroz y sal), zanahoria encurtida (zanahoria, agua, vinagre, azúcar, sal y acidulante (e330)), gambón (8%) (gambón (crustáceos), agua, sal, antioxidantes (e331 y e223 (sulfitos)) y acidulante (e330)), langostino cocido (8%) (langostino (crustáceos), sal y azúcar), vinagreta (aceite refinado de girasol, vinagre de vino tinto (antioxidante (e220 (sulfitos))) y sal) y aceituna negra (aceituna, agua y sal y gluconato ferroso (e579)), aroma natural, vinagre, conservadores (e267,e326 y e262). puede contener trazas de pescado, huevo, soja, mostaza, leche y sus derivados, sésamo, frutos de cáscara, cacahuete y apio.|8402001023262|0||||||
547|2026-09-16 12:43:26|38|2026|43812|Salmon with vegetables Listo para Comer Pizza & ready meals Ready to eat Hot meals|0||13243|13|Pizzas y platos preparados|Listo para Comer|Platos calientes|Productos del momento|Rápido y saludable|Salmón con verduras Listo para Comer||0.4|kg|5.75|€/kg|5.75|salmón marinado (salmón 30% (pescado) (agua, sal), miel, salsa romescu (aceite refinado de girasol, tomate, agua, almendra (frutos de cáscara), vinagre de vino (sulfitos), aceite de oliva, ajo, azúcar, pimentón dulce, pimienta negra, sal y conservador (e202)), mostaza (agua, semillas de mostaza, vinagre de alcohol y sal), zumo de mandarina, zumo de limón (antioxidante (e224 (sulfitos)), conservador (e267), ajo, sal y aroma natural)), arroz aliñado (arroz, aceite refinado de girasol, mix ajo asado (aroma natural, sal, ajo y pimienta negra)), verduras asadas (20%) (calabacín, patata, pimiento rojo y boniato), salsa romescu (aceite refinado de girasol, tomate, agua, almendra (frutos de cáscara), vinagre de vino (sulfitos), aceite de oliva, ajo, azúcar, pimentón dulce, pimienta negra, sal y conservador (e202)). puede contener espinas. puede contener trazas de moluscos, crustáceos, soja, huevo, gluten, leche y sus derivados, sésamo, cacahuete y apio.|8402001023255|0||||||
548|2026-09-16 12:43:26|38|2026|43812|Beef carpaccio Meat Beef Beef|0||2632|14|Carne|Vacuno|Vacuno|Productos del momento|Rápido y saludable|Carpaccio de vacuno||0.11|kg|37.27|€/kg|4.10|producto cárnico marinado. ingredientes: carne de vacuno (92%), agua (4%), sal, dextrosa, antioxidantes (e-301, e-331), estabilizante (e-407)  y conservadores (e-250, e-252, e-325 y e-262(i)). queso parmigiano reggiano. ingredientes: leche, sal y cuajo.|8422930950071|0||||||
549|2026-09-16 12:43:27|38|2026|43812|Marinated beef steak tartare Meat Beef Beef|0||8308|15|Carne|Vacuno|Vacuno|Productos del momento|Rápido y saludable|Steak Tartar de vacuno marinado||0.2|kg|27.00|€/kg|5.40|producto cárnico de vacuno marinado con salsa. ingredientes: 70% producto cárnico (carne de vacuno (92%), agua (4%), sal, dextrosa, antioxidantes (e-301, e-331), estabilizante (e-407) y conservadores (e-250, e-252, e-325 y e-262(i))) y 30% salsa (agua, aceite refinado de girasol, pepinillos agridulces (pepinillos, agua, vinagre de alcohol, azúcar y sal), dextrosa, mezcla de especias (contiene mostaza), salsa worcester (agua, vinagre de alcohol, azúcar, sal, concentrado de tamarindo, azúcar caramelizado, cebolla, ajo, especias y zumo concentrado de limón), cebolla, vinagre de vino blanco, sal, almidón modificado de maíz, yema de huevo en polvo, estabilizante (e-415), tomate, conservador (e-200), acidulante (e-330), colorante (e-150d), aroma natural y antioxidante (e-385)). contiene alérgenos: mostaza y huevo. sin gluten.|8436569263198|0||||||
550|2026-09-16 12:43:27|38|2026|43812|Poke salmon Pizza & ready meals Ready to eat Cold meals|0||13237|16|Pizzas y platos preparados|Listo para Comer|Platos fríos|Productos del momento|Rápido y saludable|Poke salmón||0.4|kg|5.50|€/kg|5.50|arroz de sushi, salmón, semillas, pepino, mango, cebolla encurtida, alga wakame y salsa ponzu.arroz cocido [arroz, aderezo de vinagre (azúcar, vinagre de alcohol, agua, vinagre de arroz, sal), aceite refinado de maíz, zumo de limón (zumo de limón pasteurizado, antioxidante e-224 (sulfitos)) y emulgente e-322 (soja)], salmón 10% (salmo salar) (pescado), mango [mango, agua, antioxidantes (e-302, e-300), acidulante e-330], pepino, ensalada wakame [algas abeto marino (undaria pinnatifida), condimentos (jarabe de maíz de alto contenido en fructosa, agua, aceite de sésamo de presión, azúcar, vinagre de arroz, sal, humectante e-420, colorantes e-133 y e-102*), seta negra (auricularia polytricha), agar agar (gelidium amansii), granos de sésamo, chile rojo], cebolla [cebolla roja, aderezo de vinagre (azúcar, vinagre de alcohol, agua, vinagre de arroz, sal)] y mezcla de semillas [girasol, sésamo, lino marrón, calabaza y amapola]. puede contener crustáceos, huevo, cacahuete, leche, frutos de cáscara, apio, mostaza y moluscos. salsa ponzu: salsa de soja [agua, soja, sal, alcohol, jarabe de maíz de alta fructosa, azúcar, potenciador del sabor (e-635)], aderezo de vinagre [azúcar, vinagre de alcohol, agua, vinagre de arroz, sal], zumo de limón [zumo de limón pasteurizado y antioxidante e-224 (sulfitos)], zumo de mandarina y conservador e-202. sin gluten|8402001001888|0||||||
551|2026-09-16 12:43:27|38|2026|43812|Portuguese-style salad Hacendado Pizza & ready meals Cold ready meals Salad|0||24534|17|Pizzas y platos preparados|Platos preparados fríos|Ensaladilla|Productos del momento|Rápido y saludable|Ensaladilla al estilo Portuguesa Hacendado||0.25|kg|6.80|€/kg|1.70|alubias cocidas 59.5%, huevo cocido 9.5%, atún 9% (atún (pescado), aceite refinado de girasol, sal), clara de huevo cocida 7.5%, cebolla 5%, aceite de oliva virgen extra 3%, aceite refinado de girasol 3%, vinagre de vino blanco 1.5%, perejil, sal, aroma natural. puede contener trazas de crustáceos.|8435605401839|0||||||
552|2026-09-16 12:43:27|38|2026|43812|Italian-style pasta salad Hacendado Pizza & ready meals Cold ready meals Salad|0||24083|18|Pizzas y platos preparados|Platos preparados fríos|Ensaladilla|Productos del momento|Rápido y saludable|Ensalada de pasta al estilo Italiana Hacendado||0.2|kg|10.00|€/kg|2.00|ingredientes: pasta de  sémola de trigo duro cocida (60%) (agua, sémola de trigo duro, vinagre de vino blanco), salsa pesto con albahaca y anacardos (20%) (pasta de albahaca (8,4%) (albahaca, aceite refinado de girasol,  sal marina, antioxidante: e-300), aceite refinado de girasol, anacardos (2,4%), queso (2%) (leche, sal, coagulante de  leche microbiano, fermentos lácticos (leche)), mantequilla  (nata, cultivos de ácido  láctico, concentrado de ácido láctico), aceite de oliva virgen extra, leche desnatada en polvo, acidulante: e-270, antioxidante:  e-300, ajo), pollo marinado frito (10%)  (solomillo de pollo, sal, agua, almidón de tapioca, xilosa y aceite de soja  refinado), queso madurado en salmuera (6%) (queso (leche pasteurizada de vaca, sal, fermentos  lácticos, coagulante de leche microbiano), salmuera (agua, sal, acidulante:  e-270, endurecedor: e-509)), tomate semiseco (4%). puede contener trazas  de soja, huevo, crustáceos, sulfitos, granos de  sésamo, mostaza y pescado.|8402001054921|0||||||
553|2026-09-16 12:43:27|38|2026|43812|Roasted vegetables Hacendado Cans, soups & creams Vegetable & fruit tins Vegetable tins|0||22411|19|Conservas caldos y cremas|Conservas de verdura y frutas|Conservas verdura|Productos del momento|Rápido y saludable|Verduras asadas Hacendado||0.29|kg|10.00|€/kg|2.90|pimiento (34%), cebolla (31%), berenjena (30%), aceite refinado de girasol, aceite de oliva virgen y sal.|8480000224118|0||||||
554|2026-09-16 12:43:27|38|2026|43812|Pasta salad Fruits & vegetables Lettuce & prepared salad Prepared salad|0||69461|20|Fruta y verdura|Lechuga y ensalada preparada|Ensalada preparada|Productos del momento|Rápido y saludable|Ensalada de pasta||0.25|kg|10.40|€/kg|2.60|espirales de pasta de trigo simple cocida 34% (sémola de trigo duro), salsa de yogur 22% (aceite de girasol, agua, azúcar, nata en polvo, yema de huevo, vinagre, yogur en polvo 1,5%, sal, eneldo, jugo de limón concentrado, almidón modificado de maíz, aromas naturales (leche), acidulante (e270), conservador (e202), estabilizante (e415) y antioxidante (e385)), tomate 20%, fiambre de jamón de pavo cocido sabor ahumado 14% (jamón de pavo 46%, agua, fécula, sal, fibra alimentaria, estabilizantes (e451i, e407, e415 y e410), azúcar, aromas, antioxidante (e316), extracto de levadura, conservador (e250) y aroma de humo) y mezcla de brotes de lechuga en proporción variable 10% (brotes de lechuga roja y brotes de lechuga verde). trazas de soja.|8437013139748|0||||||
555|2026-09-16 12:43:27|38|2026|43812|Goats cheese salad Fruits & vegetables Lettuce & prepared salad Prepared salad|0||69474|21|Fruta y verdura|Lechuga y ensalada preparada|Ensalada preparada|Productos del momento|Rápido y saludable|Ensalada queso de cabra||0.153|kg|18.30|€/kg|2.80|mezcla de hortalizas en proporción variable 31% (mezcla de brotes(lechuga batavia verde, lechuga batavia roja y lechuga lollo rosso), brotes de espinaca y rúcula), vinagreta balsámica 24% (agua, vinagre balsámico de módena (vinagre de vino, mosto de uva concentrado, mosto de uva cocido, colorante (e150d)y conservador (metabisulfito potásico)), azúcar, aceite de oliva, sal, colorante (e150d), estabilizante (e414), correctores de la acidez (e262 y e500) y conservador (e202)), manzana roja* 18% (manzana roja y antioxidante (ascorbato de calcio)), queso de cabra fresco* 15% (leche de cabra pasteurizada, cuajo, sal, antiaglomerante (e460ii)), fibra cítrica y conservador (e202)), nueces* 6% y uvas pasas* 5% (uvas pasas y aceite de algodón). trazas de cacahuetes, frutos de cáscara, sésamo, soja, pescado, sulfitos y gluten.|8480000694744|0||||||
556|2026-09-16 12:43:28|38|2026|43812|California salad Fruits & vegetables Lettuce & prepared salad Prepared salad|0||69714|22|Fruta y verdura|Lechuga y ensalada preparada|Ensalada preparada|Productos del momento|Rápido y saludable|Ensalada California||0.192|kg|13.54|€/kg|2.60|hortalizas en proporción variable 34% (escarola rizada, canónigos y achicoria), salsa de miel y mostaza 31% (agua, aceite vegetal de girasol, mostaza 8% (agua, vinagre de alcohol, mostaza, jarabe de glucosa y fructosa, sal, estabilizantes (e412,e410 y e407) y especias), miel 7%, vinagre de alcohol, azúcar, sal, estabilizantes (e415, e412), almidón modificado de maíz, colorante (e150d) y conservadores (e211 y e202)), bacon sabor ahumado 8% (magro de panceta de cerdo, sal, conservadores (e326, e262, e250), azúcar, estabilizantes (e451i, e407), concentrado de manzana-hibisco-melaza, aroma de humo, aromas y antioxidante (e316)), cebolla frita 7,5% (cebolla, aceite vegetal de palma, harina de trigo y sal), nueces 7%, pasas 6% (pasas y aceite de algodón), picatostes 5% (harina de trigo, aceite vegetal de girasol, dextrosa, gluten de trigo, levadura, sal, suero de leche, extracto de malta de cebada, antioxidante (e300)). trazas de cacahuete, soja , sésamo y sulfitos.|8437004621771|0||||||
557|2026-09-16 12:43:28|38|2026|43812|Caesar salad consisting of fresh vegetables, chicken, cheese, croutons and sauces, includes fork Fruits & vegetables Lettuce & prepared salad Prepared salad|0||69849|23|Fruta y verdura|Lechuga y ensalada preparada|Ensalada preparada|Productos del momento|Rápido y saludable|Ensalada César||0.21|kg|12.38|€/kg|2.60|mezcla de hortalizas 36% (lechuga hoja de roble verde, lechuga iceberg), salsa césar 26% (agua, aceite vegetal de girasol, vinagre de alcohol, azúcar, queso, sal, acidulante (e270), pasta de anchoa (anchoa y sal), yema de huevo, estabilizantes (e412 y e415) y especias (cebolla, ajo, perejil y pimienta), conservadores (e211 y e202) y antioxidante (e385)), pechuga de pollo cocida 24% (pechuga de pollo 96%, extractos de fermentación, sal, dextrosa, aroma, estabilizante (e451i) y fibra), queso curado granulado 9% (leche pasteurizada, sal, cuajo y fécula de patata), picatostes 5% (harina de trigo, agua, sal, antioxidante (e300) y levadura).|8480000698490|0||||||
558|2026-09-16 12:43:28|38|2026|43812|Ensatun salad Fruits & vegetables Lettuce & prepared salad Prepared salad|0||69872|24|Fruta y verdura|Lechuga y ensalada preparada|Ensalada preparada|Productos del momento|Rápido y saludable|Ensalada ensatún||0.25|kg|10.40|€/kg|2.60|mezcla de hortalizas en proporcion variable 42% ( tomate cherry, lechuga hoja de roble verde, zanahoria y lechuga iceberg), atún en aceite vegetal (atun, aceite de girasol y sal), maíz dulce en grano 12% (maíz dulce, azúcar y sal), queso de leche de vaca blanco pasteurizado 8% (leche pasteurizada, sal, cuajo y acidulante (e330)), aceitunas verdes deshuesadas 8% (aceitunas, agua, sal, acidulantes (e 270 y 330) y antioxidante (e300)), aceite de oliva virgen extras 6%, vinagre de vino 4% (vinagre de vino y conservador aníhidrido sulfuroso) y sal 0,4% (sal iodada y antiaglomerante (e535). trazas de gluten y frutos de cáscara.|8437013139441|0||||||
559|2026-09-16 12:43:28|38|2026|43812|Garden soup Hacendado Cans, soups & creams Soups & stock Soup|0||19882|25|Conservas caldos y cremas|Sopa y caldo|Sopa|Productos del momento|Rápido y saludable|Sopa hortelana Hacendado||0.35|kg|4.86|€/kg|1.70|agua, verduras 16% (hortalizas en proporción variable: patatas, cebollas, puerros), zanahorias 8%, judías verdes 4%, lentejas rojas y verdes 3%, guisantes 3%, cereales 3% (cebada perlada (gluten) y espelta perlada (gluten)), legumbres 2% (judías azuki verdes, judías blancas), aceite de oliva virgen extra, sal, doble concentrado de tomate, plantas aromáticas, pimienta negra. puede contener trazas de otros cereales que contienen gluten, frutos de cáscara, leche, apio, soja y huevo.|8402001042669|0||||||
560|2026-09-16 12:43:28|38|2026|43812|Cream of lentils Hacendado Cans, soups & creams Gazpacho & creams Creams & puree|1|Italia|11628|26|Conservas caldos y cremas|Gazpacho y cremas|Cremas y puré|Productos del momento|Rápido y saludable|Crema de lentejas Hacendado||0.35|kg|4.86|€/kg|1.70|agua, lentejas 13%, calabaza, zanahoria 4%, cebolla 4%, grelos, aceites de oliva virgen extra, guisantes, pasta de tomate doble, sal, hierbas, especias. puede contener trazas de cereales con gluten, frutos de cáscara, leche, apio, soja y huevo.|8402001030840|0||||Lentils seeds, sprouted, fresh, raw|20521|
561|2026-09-16 12:43:28|38|2026|43812|Cream of zucchini Hacendado Cans, soups & creams Gazpacho & creams Creams & puree|0|Manerbio|35870|27|Conservas caldos y cremas|Gazpacho y cremas|Cremas y puré|Productos del momento|Rápido y saludable|Crema de calabacín Hacendado||0.35|kg|4.86|€/kg|1.70|calabacín 40%, agua, cebolla, zanahoria, apio nabo 5%, aceite de oliva virgen extra, sal. puede contener trazas de cereales con gluten, frutos de cáscara, leche, soja y huevo. sin conservantes ni colorantes.|8402001012310|0||||||
562|2026-09-16 12:43:28|38|2026|43812|Cream of vegetables Hacendado Cans, soups & creams Gazpacho & creams Creams & puree|0||8722|28|Conservas caldos y cremas|Gazpacho y cremas|Cremas y puré|Productos del momento|Rápido y saludable|Crema de verduras Hacendado||0.35|kg|4.86|€/kg|1.70|verduras 48% (verduras en proporción variable: patata, zanahoria, calabacín, calabaza, acelga, puerro, judía verde, berza), agua, guisante, aceite de oliva virgen extra, sal.|8480000087225|0||||||
563|2026-09-16 12:43:29|38|2026|43812|Cream of asparagus Hacendado Cans, soups & creams Gazpacho & creams Creams & puree|0|Italia|86587|29|Conservas caldos y cremas|Gazpacho y cremas|Cremas y puré|Productos del momento|Rápido y saludable|Crema de espárragos Hacendado||0.35|kg|4.86|€/kg|1.70|agua, patata, espárragos 23%, bebida de soja (agua, semillas de soja libres de ogm, sal), aceite de oliva, puerro, sal, aromas. puede contener trazas de gluten, frutos de cáscara, leche, apio y huevo.|8480000865878|0||||||
564|2026-09-16 12:43:29|38|2026|43812|Cream of pumpkin and carrot Hacendado Cans, soups & creams Gazpacho & creams Creams & puree|0|Italia|23225|30|Conservas caldos y cremas|Gazpacho y cremas|Cremas y puré|Productos del momento|Rápido y saludable|Crema de calabaza y zanahoria Hacendado||0.35|kg|4.86|€/kg|1.70|agua, calabaza 24%, zanahoria 17%, patata, puerro, jugo de soja (agua, semilla de soja libre de ogm, sal), aceite de oliva, sal, especias, aroma natural.|8480000232250|0||||||
565|2026-09-16 12:43:29|38|2026|43812|Natural Burgos cheese Hacendado Deli & cheese Spreadable cheese, fresh cheese and specialties Fresh cheese|0||52408|31|Charcutería y quesos|Queso untable fresco y especialidades|Queso fresco|Productos del momento|Rápido y saludable|Queso fresco Burgos natural Hacendado||0.25|kg|4.60|€/kg|1.15|leche pasteurizada (origen: españa), sal y cuajo (microbiano). sin gluten.|8480000524089|0||||||
566|2026-09-16 12:43:29|38|2026|43812|Fresh cow cheese Hacendado Deli & cheese Spreadable cheese, fresh cheese and specialties Fresh cheese|0||51191|32|Charcutería y quesos|Queso untable fresco y especialidades|Queso fresco|Productos del momento|Rápido y saludable|Queso fresco de vaca Hacendado||0.25|kg|6.40|€/kg|1.60|leche de vaca pasteurizada, sal y cuajo microbiano.origen de la leche: españa|8480000511911|0||||||
567|2026-09-16 12:43:29|38|2026|43812|Light cow fresh cheese Hacendado Deli & cheese Spreadable cheese, fresh cheese and specialties Fresh cheese|0||51192|33|Charcutería y quesos|Queso untable fresco y especialidades|Queso fresco|Productos del momento|Rápido y saludable|Queso fresco light de vaca Hacendado||0.25|kg|8.80|€/kg|2.20|leche de vaca pasteurizada semidesnatada, sal y cuajo microbiano.origen de la leche: españa|8480000511928|0||||||
568|2026-09-16 12:43:29|38|2026|43812|Fresh goat cheese Hacendado Deli & cheese Spreadable cheese, fresh cheese and specialties Fresh cheese|0||51194|34|Charcutería y quesos|Queso untable fresco y especialidades|Queso fresco|Productos del momento|Rápido y saludable|Queso fresco de cabra Hacendado||0.25|kg|11.80|€/kg|2.95|leche de cabra pasteurizada, sal y cuajo microbiano.origen de la leche: españa|8480000511942|0||||||
569|2026-09-16 12:43:29|38|2026|43812|Smoked salmon cubes Hacendado Seafood & fish Salted & smoked fish Smoked|0|Elaborado en España|22612|35|Marisco y pescado|Salazones y ahumados|Ahumados|Productos del momento|Rápido y saludable|Taquitos de salmón ahumado Hacendado||0.1|kg|38.00|€/kg|3.80|salmón (pescado) (salmo salar) (97%), sal, aroma natural y conservador: vinagre tamponado.|8480000226129|0||||||
570|2026-09-16 12:43:29|38|2026|43812|Salmon steaks Seafood & fish Fresh fish Salmon|0|Noruega|87205|36|Marisco y pescado|Pescado fresco|Salmón|Productos del momento|Rápido y saludable|Rodaja de salmón||0.35|kg|19.50|€/kg|6.82|salmón (salmo salar). puede contener crustáceos y moluscos.|8402001049200|0||||||
571|2026-09-16 12:43:30|38|2026|43812|Yellowfin tuna slices Seafood & fish Fresh fish Other|0||87197|37|Marisco y pescado|Pescado fresco|Otros|Productos del momento|Rápido y saludable|Rodajas de atún de aleta amarilla||0.235|kg|22.25|€/kg|5.23|atún de aleta amarilla (95%, pescado), agua, sal, antioxidantes e331 y e301, aroma natural.|8435274119967|0||||||
572|2026-09-16 12:43:30|38|2026|43812|Blackbelly rosefish fillets with added water Seafood & fish Fresh fish Other|0|España|87350|38|Marisco y pescado|Pescado fresco|Otros|Productos del momento|Rápido y saludable|Filetes de Gallineta descongelada||0.38|kg|16.00|€/kg|6.08|gallineta (sebastes spp) (pescado), agua añadida (10%), sal, corrector de acidez (e-331) y antioxidantes (e-330, e-301, e-316). puede contener trazas de moluscos y/o crustáceos.|8402001024597|0||||||
573|2026-09-16 12:43:30|38|2026|43812|Sea bream fillets Seafood & fish Fresh fish Sea bream|0||87302|39|Marisco y pescado|Pescado fresco|Dorada|Productos del momento|Rápido y saludable|Filetes de dorada||0.2|kg|22.50|€/kg|4.50|dorada (pescado) (sparus aurata). puede contener trazas de crustáceos y moluscos.|8402001030055|0||||||
574|2026-09-16 12:43:30|38|2026|43812|Sea bass fillets Seafood & fish Fresh fish Sea bass|0||87313|40|Marisco y pescado|Pescado fresco|Lubina|Productos del momento|Rápido y saludable|Filete de lubina||0.2|kg|22.50|€/kg|4.50|lubina (pescado) (dicentrarchus labrax). puede contener trazas de crustáceos y moluscos.|8402001030062|0||||||
575|2026-09-16 12:43:30|38|2026|43812|Cooked octopus tentacles Seafood & fish Fresh fish Cuttlefish, octopus and squid|0||87775|41|Marisco y pescado|Pescado fresco|Sepia, pulpo y calamar|Productos del momento|Rápido y saludable|Patas de pulpo cocido||0.25|kg|42.00|€/kg|10.50|pulpo (moluscos) (octopus vulgaris) y sal. puede contener pescado y/o crustáceos.|8480000877758|0||||||
576|2026-09-16 12:43:30|38|2026|43812|Frozen raw shrimp tails Hacendado Frozen food Seafood Seafood|0|España|24102|42|Congelados|Marisco|Marisco|Productos del momento|Rápido y saludable|Colas de gambón crudo Hacendado congelado||0.25|kg|24.60|€/kg|6.15|gambón (pleoticus muelleri) (crustáceos), agua, sal y antioxidante: metabisulfito de sodio (sulfitos). puede contener moluscos y/o pescado.|8402001033032|0||||||
577|2026-09-16 12:43:30|38|2026|43812|Deep Frozen king prawn cooked and peeled Hacendado Frozen food Seafood Seafood|0||24477|43|Congelados|Marisco|Marisco|Productos del momento|Rápido y saludable|Langostino cocido y pelado Hacendado ultracongelado||None|kg|22.73|€/kg|5.00|langostino vannamei (penaeus vannamei) (crustáceo), sal, antioxidantes (e 223 (sulfitos), e 330). puede contener: moluscos y/o pescado.|8480000244772|0||||||
578|2026-09-16 12:43:30|38|2026|43812|Frozen yellowfin tuna slices Hacendado Frozen food Fish Fish|0|España|24357|44|Congelados|Pescado|Pescado|Productos del momento|Rápido y saludable|Rodajas de atún de aleta amarilla Hacendado congelado||0.25|kg|17.50|€/kg|4.38|atún de aleta amarilla, (95%,  pescado), agua, sal, antioxidantes e331 y e301, corrector de acidez e500, aroma  natural|8435274110728|0||||||
579|2026-09-16 12:43:30|38|2026|43812|Salmon fillets without skin frozen Hacendado Frozen food Fish Fish|0|España|24511|45|Congelados|Pescado|Pescado|Productos del momento|Rápido y saludable|Lomos de salmón sin piel Hacendado congelado||0.25|kg|23.80|€/kg|5.95|2 piezas de lomo de salmón sin piel (salmo salar) (pescado) de cría de noruega.|8480000245113|0||||||
580|2026-09-16 12:43:30|38|2026|43812|Lightly salted deep-frozen cod fillets MareDeus Frozen food Fish Fish|0|Noruega/Rusia|24016|46|Congelados|Pescado|Pescado|Productos del momento|Rápido y saludable|Filetes de bacalao MareDeus ultracongelado||None|kg|19.73|€/kg|7.40|bacalao (gadus morhua) 90%, agua 8% y sal 2%.|8436542052023|0||||||
581|2026-09-16 12:43:31|38|2026|43812|Diced turkey Meat Poultry Turkey & other fowl|0||12874|47|Carne|Aves y pollo|Pavo y otras aves|Productos del momento|Rápido y saludable|Tacos de pavo||0.57|kg|7.60|€/kg|4.33||8436039782945|0||||||
582|2026-09-16 12:43:31|38|2026|43812|Extra-tender marinated turkey breast fillets Meat Poultry Turkey & other fowl|0||14031|48|Carne|Aves y pollo|Pavo y otras aves|Productos del momento|Rápido y saludable|Filetes pechuga de pavo marinados extra tiernos||0.6|kg|9.00|€/kg|5.40|pechuga de pavo (93%), agua, sal, dextrosa de maíz, aromas, maltodextrina de maíz, estabilizantes (e-451 y e-407), antioxidantes (e-331 y e-300) y conservadores (e-326, e-261 y e-250)|8436039788039|0||||||
583|2026-09-16 12:43:31|38|2026|43812|Boneless and skinless chicken legs Meat Poultry Chicken|0||2789|49|Carne|Aves y pollo|Pollo|Productos del momento|Rápido y saludable|Contramuslos de pollo deshuesados y sin piel||0.55|kg|6.50|€/kg|3.58||2105100027891|0||||||
584|2026-09-16 12:43:31|38|2026|43812|Washed 3 vegetable mix for microwave Fruits & vegetables Vegetables Steamed vegetables|0||69737|50|Fruta y verdura|Verdura|Verduras al vapor|Productos del momento|Rápido y saludable|3 Vegetales para microondas lavados||0.3|kg|6.50|€/kg|1.95|brócoli, coliflor y zanahoria|8436006183454|0||||||
585|2026-09-16 12:43:31|38|2026|43812|Washed broccoli florets for microwave Fruits & vegetables Vegetables Steamed vegetables|0||69622|51|Fruta y verdura|Verdura|Verduras al vapor|Productos del momento|Rápido y saludable|Floretas de brócoli para microondas lavadas||0.23|kg|7.39|€/kg|1.70|brócoli|8437004621900|0||||||
586|2026-09-16 12:43:31|38|2026|43812|Potatoes for microwaving Fruits & vegetables Vegetables Steamed vegetables|0|Francia|69484|52|Fruta y verdura|Verdura|Verduras al vapor|Productos del momento|Rápido y saludable|Patatas para microondas||0.4|kg|3.75|€/kg|1.50|patatas para microondas|8424717004007|0||||||
587|2026-09-16 12:43:31|38|2026|43812|Sweet potatoes for microwave Fruits & vegetables Vegetables Steamed vegetables|0|EEUU|69465|53|Fruta y verdura|Verdura|Verduras al vapor|Productos del momento|Rápido y saludable|Batatas para microondas||0.4|kg|6.25|€/kg|2.50|batatas para microondas|8424717004014|0||||||
588|2026-09-16 12:43:31|38|2026|43812|Portobello mushrooms Fruits & vegetables Vegetables Mushrooms|0||69664|54|Fruta y verdura|Verdura|Setas y champiñones|Productos del momento|Rápido y saludable|Champiñones Portobello||0.3|kg|7.35|€/kg|2.20|champiñón portobello pie cortado|8402001057519|0||||||
589|2026-09-16 12:43:31|38|2026|43812|Mushrooms Fruits & vegetables Vegetables Mushrooms|0|España|69653|55|Fruta y verdura|Verdura|Setas y champiñones|Productos del momento|Rápido y saludable|Setas||0.25|kg|8.35|€/kg|2.09|seta|2105400696537|0||||||
590|2026-09-16 12:43:31|38|2026|43812|Intense mixed mushrooms Fruits & vegetables Vegetables Mushrooms|0|España|69657|56|Fruta y verdura|Verdura|Setas y champiñones|Productos del momento|Rápido y saludable|Mix de setas intenso||0.235|kg|16.00|€/kg|3.76|h.marmoreus, l.edodes, a.bisporus y p. eryngii|8402001051555|0||||||
591|2026-09-16 12:43:32|38|2026|43812|Thick green asparagus Fruits & vegetables Vegetables Other vegetables & greens|0|España, Perú y México|69643|57|Fruta y verdura|Verdura|Otras verduras y hortalizas|Productos del momento|Rápido y saludable|Espárragos verdes gruesos||0.3|kg|13.67|€/kg|4.10|espárragos|8410405000352|0||||||
592|2026-09-16 12:43:32|38|2026|43812|Cooked potatoes Hacendado Cans, soups & creams Vegetable & fruit tins Vegetable tins|0||15534|58|Conservas caldos y cremas|Conservas de verdura y frutas|Conservas verdura|Productos del momento|Rápido y saludable|Patatas cocidas Hacendado||0.66|kg|2.88|€/kg|1.90|patatas, agua, sal y antioxidante; ácido ascórbico|8402001014253|0||||||
593|2026-09-16 12:43:32|38|2026|43812|Vegetable medley Hacendado Cans, soups & creams Vegetable & fruit tins Vegetable tins|0|España|16737|59|Conservas caldos y cremas|Conservas de verdura y frutas|Conservas verdura|Productos del momento|Rápido y saludable|Macedonia de verduras Hacendado||0.535|kg|1.68|€/kg|0.90|zanahoria, patata, guisante, judía verde, agua y sal.|8480000167378|0||||||
594|2026-09-16 12:43:32|38|2026|43812|Whole very thick white asparagus Hacendado Cans, soups & creams Vegetable & fruit tins Vegetable tins|0|Producto originario de China o Perú|16561|60|Conservas caldos y cremas|Conservas de verdura y frutas|Conservas verdura|Productos del momento|Rápido y saludable|Espárragos blancos muy gruesos Hacendado enteros||0.54|kg|6.11|€/kg|3.30|espárragos, agua, sal, azúcar y acidulante; ácido cítrico|8402001001710|0||||||
595|2026-09-16 12:43:32|38|2026|43812|Round green beans Hacendado Cans, soups & creams Vegetable & fruit tins Vegetable tins|0|Milagro- Navarra|16315|61|Conservas caldos y cremas|Conservas de verdura y frutas|Conservas verdura|Productos del momento|Rápido y saludable|Judías verdes redondas Hacendado||0.66|kg|1.67|€/kg|1.10|judia verde, agua y sal|8480000163158|0||||||
596|2026-09-16 12:43:32|38|2026|43812|Artichoke hearts Hacendado Cans, soups & creams Vegetable & fruit tins Vegetable tins|0||19959|62|Conservas caldos y cremas|Conservas de verdura y frutas|Conservas verdura|Productos del momento|Rápido y saludable|Corazones de alcachofa Hacendado||0.26|kg|11.54|€/kg|3.00|alcachofa, aceite de girasol (21%).(contiene antioxidante: extracto rico en tocoferoles), aceite de oliva (0,7%), sal, acidulante: ácido cítrico, antioxidante: ácido ascórbico|8402001043192|0||||||
597|2026-09-16 12:43:32|38|2026|43812|Pasteurized liquid egg whites Eggs, milk & butter Eggs Eggs|0|España|31312|63|Huevos leche y mantequilla|Huevos|Huevos|Productos del momento|Rápido y saludable|Claras de huevo líquidas pasteurizadas||1.0|l|2.85|€/l|2.85|clara de huevo de gallina pasteurizada, conservante e-202. alérgenos: contiene huevo.|8411384100941|0||||||
598|2026-09-16 12:43:32|38|2026|43812|Deep-frozen rustic sautéed Hacendado Frozen food Fruit and vegetable Vegetables|0||21537|64|Congelados|Fruta y verdura|Verdura|Productos del momento|Rápido y saludable|Salteado rústico Hacendado ultracongelado||0.45|kg|4.44|€/kg|2.00|patata asada, boniato asado y cebolla roja asada.|8402001046964|0||||||
599|2026-09-16 12:43:33|38|2026|43812|Deep-frozen vegetable wok mix Hacendado Frozen food Fruit and vegetable Vegetables|1|España|11617|65|Congelados|Fruta y verdura|Verdura|Productos del momento|Rápido y saludable|Wok de verduras Hacendado ultracongelado||0.45|kg|4.22|€/kg|1.90|(brócoli, calabacín asado, zanahoria naranja y amarilla, pimiento rojo, castaña de agua, cebolla roja asada, peapods (tirabeques), edamame grano (soja)), seta shiitake cultivada (lentinula edodes) (9%), sazonador (azúcar, sal aroma, cebolla deshidratada, especias, algarroba en polvo, maltodextrina, ajo deshidratado, fibra de arroz, hierbas, aceite de girasol), aceite de girasol.|8402001028748|0||||Mixed vegetables, frozen, raw|20101|
600|2026-09-16 12:43:33|38|2026|43812|Deep-frozen baby artichoke Hacendado Frozen food Fruit and vegetable Vegetables|0||61229|66|Congelados|Fruta y verdura|Verdura|Productos del momento|Rápido y saludable|Alcachofa baby Hacendado ultracongelada||0.3|kg|10.17|€/kg|3.05|alcachofa.|8402001028182|0||||||
601|2026-09-16 12:43:33|38|2026|43812|Deep-frozen chopped green asparagus Hacendado Frozen food Fruit and vegetable Vegetables|0||61238|67|Congelados|Fruta y verdura|Verdura|Productos del momento|Rápido y saludable|Espárrago verde troceado Hacendado ultracongelado||0.3|kg|8.50|€/kg|2.55|espárrago verde.|8480000612380|0||||||
602|2026-09-16 12:43:33|38|2026|43812|Deep-frozen sautéed vegetables Hacendado Frozen food Fruit and vegetable Vegetables|0||61065|68|Congelados|Fruta y verdura|Verdura|Productos del momento|Rápido y saludable|Salteado de verduras Hacendado ultracongelado||0.6|kg|2.58|€/kg|1.55|hortalizas y verduras en proporción variable (judía verde, brócoli, pimiento  rojo, champiñón cultivado (agaricus bisporus) y cebolla)|8402001011191|0||||||
603|2026-09-16 12:43:33|38|2026|43812|Deep-frozen cauliflower, broccoli and carrots Hacendado Frozen food Fruit and vegetable Vegetables|0||61006|69|Congelados|Fruta y verdura|Verdura|Productos del momento|Rápido y saludable|Coliflor, brócoli y zanahoria Hacendado ultracongelada||1.0|kg|1.80|€/kg|1.80|mezcla de vegetales en  proporción variable (coliflor, brócoli y zanahoria).|8480000610065|0||||||
604|2026-09-16 12:43:33|38|2026|43812|Frozen diced avocado Hacendado Frozen food Fruit and vegetable Fruits|0||14283|70|Congelados|Fruta y verdura|Fruta|Productos del momento|Rápido y saludable|Aguacate en dados Hacendado congelado||0.5|kg|7.00|€/kg|3.50|aguacate 99%, antioxidante: ácido ascórbico, sal y regulador de acidez: ácido cítrico|8402001036965|0||||||
605|2026-09-16 12:43:33|38|2026|43812|Deep frozen for microwaving rice with vegetables Hacendado Frozen food Rice & pasta Rice|0||12756|71|Congelados|Arroz y pasta|Arroz|Productos del momento|Rápido y saludable|Arroz con verduras para microondas Hacendado ultracongelado||0.8|kg|2.50|€/kg|2.00|arroz (67%) (agua y arroz), verduras en proporción variable (33%) (brócoli, guisante, maíz, pimiento rojo y zanahoria).|8402001030932|0||||||
606|2026-09-16 12:43:33|38|2026|43812|Deep frozen rice for microwave Hacendado Frozen food Rice & pasta Rice|0||61302|72|Congelados|Arroz y pasta|Arroz|Productos del momento|Rápido y saludable|Arroz para microondas Hacendado ultracongelado||1.0|kg|1.90|€/kg|1.90|arroz (agua, arroz).|8480000613028|0||||||
607|2026-09-16 12:43:34|38|2026|43812|Long brown rice Hacendado Rice, pulses & pasta Rice Rice|0||5184|73|Arroz legumbres y pasta|Arroz|Arroz|Productos del momento|Rápido y saludable|Arroz integral largo Hacendado||1.0|kg|1.65|€/kg|1.65|arroz|8480000051844|0||||||
608|2026-09-16 12:43:34|38|2026|43812|Fragrant basmati rice Hacendado Rice, pulses & pasta Rice Rice|0||5002|74|Arroz legumbres y pasta|Arroz|Arroz|Productos del momento|Rápido y saludable|Arroz basmati aromático Hacendado||1.0|kg|2.10|€/kg|2.10|arroz|8480000050021|0||||||
609|2026-09-16 12:43:34|38|2026|43812|Pasta trottole vegetable Hacendado Rice, pulses & pasta Pasta & noodles Macaroni, bows & fusilli|0|Italia|6371|75|Arroz legumbres y pasta|Pasta y fideos|Macarrones, pajaritas y hélices|Productos del momento|Rápido y saludable|Pasta trottole vegetales Hacendado||0.5|kg|2.10|€/kg|1.05|100% sémola de trigo duro. pasta alimenticia compuesta al tomate: sémola de trigo duro, 3,5% tomate deshidratado. pasta alimenticia compuesta a las espinacas: sémola de trigo duro 2,5% espinacas deshidratadas . puede contener trazas de soja, mostaza y huevo.|8402001021398|0||||||
610|2026-09-16 12:43:34|38|2026|43812|Pasta fusilloni vegetable Hacendado Rice, pulses & pasta Pasta & noodles Macaroni, bows & fusilli|0||17640|76|Arroz legumbres y pasta|Pasta y fideos|Macarrones, pajaritas y hélices|Productos del momento|Rápido y saludable|Pasta fusilloni vegetal Hacendado||0.5|kg|2.10|€/kg|1.05|pasta alimenticia de calidad superior: 100% sémola de trigo duro (gluten). pasta compuesta al tomate:  sémola de trigo duro (gluten), 3,5% de tomate deshidratado. pasta compuesta a las espinacas: sémola de trigo duro (gluten), 2,2% espinacas deshidratadas. puede contener trazas de huevos, soja y mostaza.|8402001056918|0||||||
611|2026-09-16 12:43:34|38|2026|43812|100% Red lentil pasta fusilli Felicia Rice, pulses & pasta Pasta & noodles Macaroni, bows & fusilli|0|Italia|6106|77|Arroz legumbres y pasta|Pasta y fideos|Macarrones, pajaritas y hélices|Productos del momento|Rápido y saludable|Pasta fusilli 100% lentejas rojas Felicia||0.25|kg|6.60|€/kg|1.65|100% harina de lentejas rojas. no contiene gluten.|8032804430822|0||||||
612|2026-09-16 12:43:34|38|2026|43812|Wholemeal spaghetti Hacendado Rice, pulses & pasta Pasta & noodles Spaghetti & tagliatelle|0||35778|78|Arroz legumbres y pasta|Pasta y fideos|Spaghetti y tallarines|Productos del momento|Rápido y saludable|Spaghetti integral Hacendado||0.5|kg|2.30|€/kg|1.15|sémola integral de trigo duro (gluten). puede contener trazas de huevos, soja y mostaza.|8402001010200|0||||||
613|2026-09-16 12:43:34|38|2026|43812|Pappardelle Hacendado Rice, pulses & pasta Pasta & noodles Spaghetti & tagliatelle|0||21988|79|Arroz legumbres y pasta|Pasta y fideos|Spaghetti y tallarines|Productos del momento|Rápido y saludable|Pappardelle Hacendado||0.45|kg|3.22|€/kg|1.45|sémola de trigo duro (gluten). puede contener trazas de huevos, soja y mostaza.|8402001052620|0||||||
614|2026-09-16 12:43:34|38|2026|43812|Egg tagliatelle Hacendado Rice, pulses & pasta Pasta & noodles Spaghetti & tagliatelle|0|España|6321|80|Arroz legumbres y pasta|Pasta y fideos|Spaghetti y tallarines|Productos del momento|Rápido y saludable|Nidos al huevo Hacendado||0.5|kg|2.90|€/kg|1.45|sémola de trigo duro (gluten), huevo (13%). puede contener trazas de soja y mostaza. 3 huevos por kg de sémola.|8480000063212|0||||||
615|2026-09-16 12:43:34|38|2026|43812|Rice noodles Hacendado Rice, pulses & pasta Pasta & noodles Spaghetti & tagliatelle|0|Viet Nam|35981|81|Arroz legumbres y pasta|Pasta y fideos|Spaghetti y tallarines|Productos del momento|Rápido y saludable|Noodles de arroz Hacendado||0.2|kg|7.25|€/kg|1.45|harina de arroz, almidón de tapioca, sal.|8402001011924|0||||||
616|2026-09-16 12:43:34|38|2026|43812|Gluten-free soy sauce Hacendado Oils, spices & sauces Other sauces Oriental sauces|0|Austria|17382|82|Aceite especias y salsas|Otras salsas|Salsas orientales|Productos del momento|Rápido y saludable|Salsa de Soja sin gluten Hacendado||0.25|l|10.00|€/l|2.50|ingredientes: agua, habas de soja, sal, vinagre de alcohol.|8480000173829|0||||||
617|2026-09-16 12:43:35|38|2026|43812|Fresh Pesto sauce with basil Hacendado Oils, spices & sauces Other sauces Pasta sauces|0||35186|83|Aceite especias y salsas|Otras salsas|Salsas para pasta|Productos del momento|Rápido y saludable|Salsa fresca Pesto con albahaca Hacendado||0.15|kg|12.67|€/kg|1.90|aceite de semillas de girasol, albahaca (24%),  anacardos, aceite de oliva,  queso rallado (3%) (leche, sal, cuajo), sal, piñones (2%), mantequilla (leche), ajo deshidratado, corrector de acidez: ácido láctico, antioxidante: ácido ascórbico, conservador: sorbato de potasio (e202).puede contener frutos de cáscara, cacahuetes, mostaza, apio, sulfitos, soja, pescado, huevos, moluscos y crustáceos.|8402001009044|0||||||
618|2026-09-16 12:43:35|38|2026|43812|Coconut preparation Hacendado Eggs, milk & butter Milk & milk alternatives Milk alternatives|0|Thailandia|17174|84|Huevos leche y mantequilla|Leche y bebidas vegetales|Bebidas vegetales|Productos del momento|Rápido y saludable|Preparado de coco Hacendado||0.4|l|3.25|€/l|1.30|extracto de coco 81-82%, eche de coco 17 -19%, agua, estabilizante (e466 carboxy methyl cellulose), emulsionante (polysorbate60)|8402001019944|0||||||
619|2026-09-16 12:43:35|38|2026|43812|Oat biscuits and seeds Hacendado Cereal & biscuits Biscuits Wholemeal & digestive biscuits|0||17639|1|Cereales y galletas|Galletas|Galletas integrales y digestive|Novedades|Novedades|Galletas avena y semillas Hacendado||0.32|kg|5.94|€/kg|1.90|copos de avena, harina de trigo, arroz inflado (harina de arroz, harina de trigo, sal), azúcar, aceite refinado de girasol alto oleico 13%, copos de maíz (maíz, sal, azúcar, jarabe de malta de cebada), oligofructosa, almidón de trigo, semillas de lino, semillas de chía (salvia hispanica), gelificante (goma arábiga), gasificantes (carbonato ácido de potasio, carbonato ácido de amonio), sal, emulgente [lecitinas (soja)], aroma, aroma natural, suero de leche en polvo. puede contener trazas de granos de sésamo, frutos de cáscara, huevo y mostaza.|8402001056321|1||||||
620|2026-09-16 12:43:35|38|2026|43812|White chocolate filled Rebuenas 1 biscuits Hacendado Cereal & biscuits Biscuits With chocolate & stuffed|0||17929|3|Cereales y galletas|Galletas|Con chocolate y rellenas|Novedades|Novedades|Galletas rebuenas Hacendado rellenas de chocolate blanco||0.5|kg|2.90|€/kg|1.45|crema sabor chocolate blanco [azúcar, grasas vegetales (palma, palmiste), suero de leche en polvo, manteca de cacao, leche en polvo, almidón de trigo, emulgente (lecitinas [contienen soja]), sal, aroma], harina de trigo, azúcar, aceite refinado de girasol alto oleico, cacao desgrasado en polvo [cacao desgrasado en polvo, corrector de acidez (carbonato potásico)], suero de leche en polvo, gasificantes (carbonato ácido de amonio, carbonato ácido de sodio), jarabe de glucosa y fructosa, sal, emulgente [lecitinas (soja)], proteínas de la leche, antioxidante (metabisulfito sódico), leche desnatada en polvo. puede contener trazas de mostaza.|8402001057335|1||||||
621|2026-09-16 12:43:35|38|2026|43812|Soy dessert with caramel Hacendado Dessert & yoghurt Soy desserts Soy desserts|0||24080|4|Postres y yogures|Postres de soja|Postres de soja|Novedades|Novedades|Postre de soja con caramelo Hacendado||0.4|kg|3.88|€/kg|1.55|bebida de soja 80,3% (agua, habas de soja 6.3%*), azúcar,  caramelo 6,6% (azúcar, agua), almidones modificados, aromas naturales, sal, espesante:  carragenanos; azúcar caramelizado, colorante: norbixina de bija. * sobre el producto terminado.|8402001053924|1||||||
622|2026-09-16 12:43:35|38|2026|43812|Tropical drink Hacendado Juice Assorted fruit Assorted fruit & other flavours|0||18370|5|Zumos|Fruta variada|Fruta variada y otros sabores|Novedades|Novedades|Zumo tropical Hacendado||1.0|l|2.40|€/l|2.40|zumo de uva 45%, zumo de naranja 25%, zumo de piña 15%, puré de mango 10% y zumo de maracuyá 5%mantene|8402001060526|1||||||
623|2026-09-16 12:43:35|38|2026|43812|Choco Bom chocolate chip biscuits coated in white chocolate Gullón Cereal & biscuits Biscuits With chocolate & stuffed|0||17928|6|Cereales y galletas|Galletas|Con chocolate y rellenas|Novedades|Novedades|Galletas Choco Bom Gullón con chips de chocolate recubiertas de chocolate blanco||0.1|kg|10.00|€/kg|1.00|chocolate blanco 40% (azúcar, manteca de cacao, leche en polvo, suero de leche en polvo, emulgente (lecitinas [soja]), aroma, aroma natural de vainilla), harina de trigo, chips de chocolate 12 % (azúcar, pasta de cacao, manteca de cacao, emulgente (lecitinas [soja])), aceite refinado de girasol alto oleico, azúcar, oligofructosa, gasificantes (carbonato ácido de amonio y carbonato ácido de sodio), sal, aroma. puede contener trazas de frutos de cáscara y mostaza|8410376012699|1||||||
624|2026-09-16 12:43:35|38|2026|43812|Peru coffee pods Hacendado Chocolate drinks, coffee & tea Coffee pods & single cups Nespresso-compatible pods|0||17674|7|Cacao café e infusiones|Café cápsula y monodosis|Cápsulas compatibles Nespresso|Novedades|Novedades|Café en cápsula Perú Hacendado||0.104|kg|0.19|€/kg|3.80||8402001057489|1||||||
625|2026-09-16 12:43:35|38|2026|43812|100% whole grain sliced bread Bread & bakery Oven bread Sliced bread loaf|0||17912.2|8|Panadería y pastelería|Pan de horno|Pan rebanado|Novedades|Novedades|Barra pan integral 100% rebanado||0.23|kg|3.91|€/kg|0.90|harina integral de trigo (gluten) 70%**, agua, sal, levadura, masa madre de trigo integral (gluten) inactiva, gluten de trigo, emulgente e-472e y antioxidante e-300. puede contener soja y mostaza.|8402001058868|1||||||
626|2026-09-16 12:43:35|38|2026|43812|100% whole grain loaf of bread Bread & bakery Oven bread Bread loaf|0||17912.1|9|Panadería y pastelería|Pan de horno|Barra de pan|Novedades|Novedades|Barra pan integral 100%||0.23|kg|3.91|€/kg|0.90|harina integral de trigo (gluten) 70%**, agua, sal, levadura, masa madre de trigo integral (gluten) inactiva, gluten de trigo, emulgente e-472e y antioxidante e-300. puede contener soja y mostaza.|8402001058868|1||||||
627|2026-09-16 12:43:36|38|2026|43812|Crunchy Milk bars with cereals and milk chocolate filling Hacendado Sugar, sweets & chocolate Chocolate Bars|0||17705|11|Azúcar caramelos y chocolate|Chocolate|Chocolatinas|Novedades|Novedades|Barritas crujientes Crunchy Milk Hacendado con relleno de cereales y chocolate con leche||0.092|kg|19.57|€/kg|1.80|relleno de cereales con chocolate y leche 52% [preparado lácteo 74% (aceites y grasas vegetales (girasol refinado, colza, palma, coco), azúcar, leche entera en polvo (20%), leche desnatada en polvo (8%), suero de leche en polvo (2%), lactosa (leche) (2%), emulgente (lecitinas), antioxidante (e-306), aromas), cereales con chocolate 26% (cereales (sémola de trigo (gluten), harina de trigo (gluten), harina de avena (gluten), harina de arroz, harina integral de trigo (gluten)), azúcar, leche entera en polvo, sal)], cereales (sémola de arroz, harina integral de trigo (gluten), harina de trigo (gluten), harina de avena (gluten)), chocolate en polvo (azúcar, cacao en polvo), grasa vegetal (palmiste, palma), leche entera en polvo, leche desnatada en polvo, suero de leche en polvo, almidón de maíz, fibra de trigo (gluten), jarabe de azúcar caramelizado, sal, emulgente (lecitina de soja), gasificante (bicarbonato sódico), aromas. puede contener frutos de cáscara y mostaza.|8402001057151|1||||||
628|2026-09-16 12:43:36|38|2026|43812|Deep frozen cheese and ham baguette Hacendado Frozen food Pizza Pizza|0||23988|13|Congelados|Pizzas|Pizzas|Novedades|Novedades|Baguette jamón y queso Hacendado ultracongeladas||0.25|kg|8.40|€/kg|2.10|harina de trigo (gluten), agua, queso edam 12,1% (leche), jamón cocido 7,5% (jamón de cerdo (70%), agua, sal, azúcar, aromas, estabilizantes (e-451,e-420,e-407), antioxidantes (e-316 y e-331), conservador (e-250)), aceite refinado de girasol, creme fraiche (nata (leche), fermentos lácticos), nata (nata ligera (leche), almidón modificado, emulgente (e-472e), estabilizantes (e-440i y e-407)), queso rallado fundido en polvo (leche)(queso (leche), almidón, proteína de la leche, mantequilla (leche), sales de fundido (e-452, e-340, e-331), sal, aroma (leche), corrector de acidez (e-270), conservador (e-202), antiapelmazante: almidón de patata), suero de leche en polvo, sal, levadura, almidón modificado de patata, cebollino, cebolla prefrita (cebolla (90%) y aceite refinado de girasol), azúcar, yogur desnatado en polvo (leche), aroma natural, pimienta negra molida, ajo molido, agente de tratamiento de la harina(e920). puede contener trazas de pescado, soja y mostaza.|8402001053566|1||||||
629|2026-09-16 12:43:36|38|2026|43812|Fussion Milk chocolate caramelised cookies filling Hacendado Sugar, sweets & chocolate Chocolate Milk chocolate|0||17996|15|Azúcar caramelos y chocolate|Chocolate|Chocolate con leche|Novedades|Novedades|Chocolate con leche Fussion Hacendado relleno de galleta caramelizada||0.142|kg|12.32|€/kg|1.75||8402001055874|1||||||
630|2026-09-16 12:43:36|38|2026|43812|Cupcakes with chocolate chips Bread & bakery Oven pastries Sweet pastries|0||17700|16|Panadería y pastelería|Bollería de horno|Bollería dulce|Novedades|Novedades|Magdalenas con pepitas de chocolate||0.39|kg|7.95|€/kg|3.10|harina de trigo (gluten), aceite refinado de girasol, azúcar, huevo líquido pasteurizado, pepitas de chocolate (8,9%) [azúcar, pasta de cacao, manteca de cacao, dextrosa, emulgente (lecitina de soja)], agua, jarabe de glucosa y fructosa, humectante (glicerina), mantequilla (leche), gasificantes (difosfato disódico, bicarbonato de sodio), jarabe de azúcar invertido, ralladura de naranja, miel de flores, aroma, sal, espesante (goma xantana), antioxidante (extracto rico en tocoferol), enzimas. puede contener: frutos de cáscara, mostaza, sulfitos|8402001058349|1||||||
631|2026-09-16 12:43:36|38|2026|43812|Whole grain loaf of bread with 20% oats 5% buckwheat Hacendado Bread & bakery Packaged sliced bread & other specialities Other bread|0||18294|17|Panadería y pastelería|Pan de molde y otras especialidades|Otros panes|Novedades|Novedades|Pan de molde integral con 20% avena 5% trigo sarraceno Hacendado||0.55|kg|2.73|€/kg|1.50|harina integral (57%) (trigo (gluten), avena (gluten) (20%), trigo sarraceno (5%)), agua, semillas de girasol (4,5%), levadura, gluten de trigo, aceite de oliva virgen extra (1,3%), sal, sémola integral de trigo (gluten), emulgentes (e-472e, e-471), conservadores (e-282, e-200, e-202), antioxidante (e-300), aroma. puede contener trazas de semillas de sésamo, soja y mostaza. sin lactosa.|8402001059247|1||||||
632|2026-09-16 12:43:36|38|2026|43812|Slices serrano Ham Jamcal Deli & cheese Serrano ham Serrano ham|0||18353|18|Charcutería y quesos|Jamón serrano|Jamón serrano|Novedades|Novedades|Jamón serrano Jamcal lonchas||0.05|kg|22.00|€/kg|1.10|jamón de cerdo, sal, azúcar, conservadores (e-252 y e-250) y antioxidante (e-301).|8437030191019|1||||||
633|2026-09-16 12:43:36|38|2026|43812|Cupcakes with sugar Bread & bakery Oven pastries Sweet pastries|0||17698|19|Panadería y pastelería|Bollería de horno|Bollería dulce|Novedades|Novedades|Magdalenas con azúcar||0.39|kg|6.92|€/kg|2.70|aceite refinado de girasol, harina de trigo (gluten), azúcar (20,8%), huevo líquido pasteurizado, agua, humectante (glicerina), jarabe de glucosa y fructosa, ralladura de naranja, leche entera en polvo, gasificantes (difosfato disódico, bicarbonato de sodio), sal, espesante (goma xantana), aromas, acidulante (ácido cítrico), antioxidante (extracto rico en tocoferol), enzimas. puede contener: soja, frutos de cáscara, mostaza, sulfitos.|8402001058332|1||||||
634|2026-09-16 12:43:36|38|2026|43812|Volcano with cream and coconut Hacendado Bread & bakery Packaged pastries Assorted pastries|0||17951|20|Panadería y pastelería|Bollería envasada|Pastelitos surtidos|Novedades|Novedades|Volcano con crema y coco||0.057|kg|5.75|€/kg|0.33|harina de trigo (gluten), aceite refinado de girasol, azúcar, cobertura blanca (10%) [azúcar, grasa vegetal totalmente hidrogenada (palmiste), suero de leche en polvo, leche en polvo, grasa vegetal (palma), emulgentes vegetales (lecitina de girasol, e472c), conservador (ácido sórbico), aroma], jarabe de glucosa y fructosa, huevo líquido pasteurizado, crema (9%) sabor vainilla [azúcar, agua, jarabe de glucosa y fructosa, cobertura blanca (azúcar, grasa vegetal totalmente hidrogenada (palmiste), suero de leche en polvo, leche en polvo, emulgentes vegetales (e492, lecitina de girasol, e472c), aromas), maltodextrina, almidones modificados, humectante (e422), grasa vegetal (palma), reguladores de la acidez (e516, e330), estabilizantes (e460, e466), emulgentes vegetales (e472c, e471, e475), conservador (e202), sal, gelificante (e407), aromas, colorantes (e160c, e160a)], agua, humectantes (sorbitoles, glicerina), coco rallado (2%), sal, acidulante (e330), conservador (sorbato potásico), espesante (goma xantana), emulgentes vegetales (e471, e1520, e477, e470a), gasificantes (e450i, carbonatos de sodio), aromas. puede contener trazas de mostaza, soja y frutos de cáscara.|8402001059254|1||||||
635|2026-09-16 12:43:37|38|2026|43812|3 Sourdough Baguettes Bread & bakery Oven bread Bread loaf|0||83286|21|Panadería y pastelería|Pan de horno|Barra de pan|Novedades|Novedades|3 Baguettes masa madre||0.75|kg|2.00|€/kg|1.50|harina de trigo (gluten), agua, masa madre de trigo (3%) (gluten), sal, levadura, antioxidante e 300. puede contener trazas de  soja y mostaza.|8480000832863|1||||||
636|2026-09-16 12:43:37|38|2026|43812|Cocoa wafers filled with milk cream and hazelnuts Knoppers Cereal & biscuits Biscuits With chocolate & stuffed|0||17731|22|Cereales y galletas|Galletas|Con chocolate y rellenas|Novedades|Novedades|Barquillos de cacao rellenos con crema de leche y de avellanas Knoppers||0.125|kg|10.00|€/kg|1.25|azúcar, grasas vegetales (palma, karité),  harina de trigo (13,5 %), leche desnatada en polvo (13 %), avellanas (9,2 %), harina integral de trigo (7,2 %), cacao, mantequilla concentrada (2,7 %), cacao, cacao desgrasado en polvo, emulgente: lecitinas (soja), sal, suero lácteo en polvo leche, almidón de trigo, aromas naturales, gasificante: bicarbonato sódico, cacahuetes molidos.  también puede contener almendras, otros frutos de cáscara y huevo.|4014400928884|1||||||
637|2026-09-16 12:43:37|38|2026|43812|Fussion milk chocolate filled with caramel over aerated milk Hacendado Sugar, sweets & chocolate Chocolate Milk chocolate|0||17917|23|Azúcar caramelos y chocolate|Chocolate|Chocolate con leche|Novedades|Novedades|Chocolate con leche Fussion Hacendado relleno de caramelo con leche aireado||0.095|kg|14.21|€/kg|1.35|azúcar, leche en polvo, manteca de cacao, pasta de cacao, jarabe de glucosa, grasa de palma, leche desnatada en polvo, suero lácteo dulce en polvo (leche), leche condensada, emulgentes (lecitinas [soja], mono- y diglicéridos de ácidos grasos), grasa butírica, sal, extracto de vainilla, aromas naturales. contiene grasas vegetales además de manteca de cacao. puede contener cacahuetes, frutos de cáscara, gluten y huevo.|8402001043659|1||||||
638|2026-09-16 12:43:37|38|2026|43812|Guanciale Hacendado Deli & cheese Bacon & sausages Bacon|0||21892|24|Charcutería y quesos|Bacón y salchichas|Bacón|Novedades|Novedades|Guanciale Hacendado||0.31|kg|15.00|€/kg|4.65|papada de cerdo, sal, especias, dextrosa, antioxidante (e-316) y conservador (e-250).|8402001053191|1||||||
639|2026-09-16 12:43:37|38|2026|43812|Cheesecake Caramel wafer bars with white chocolate coating and cheesecake flavor filling Sugar, sweets & chocolate Chocolate Bars|0||24568|25|Azúcar caramelos y chocolate|Chocolate|Chocolatinas|Novedades|Novedades|Barritas de barquillo Cheesecake Caramel Hacendado con cobertura blanca y relleno sabor cheesecake||0.115|kg|15.65|€/kg|1.80|cobertura blanca coloreada (37%) (azúcar, grasa vegetal (palma y palmiste), leche en polvo, emulgentes: lecitina (soja) y e-476, colorante: e-160a, sacarosa caramelizada y aromas), azúcar, gota de cobertura blanca (azúcar, grasa vegetal (coco, palmiste) en proporciones variables, leche desnatada en polvo, emulgente: lecitina (soja), aroma natural de vainilla), harina de trigo (gluten), leche desnatada en polvo, grasa vegetal de palma, emulgentes: lecitina (soja) y e-476, gasificante: bicarbonato de sodio y aromas. puede contener: frutos de cáscara y mostaza.|8402001054037|1||||||
640|2026-09-16 12:43:37|38|2026|43812|Sour Jelly Beans sweets Hacendado Sugar, sweets & chocolate Sweets Sweets|0||17719|26|Azúcar caramelos y chocolate|Golosinas|Golosinas|Novedades|Novedades|Golosinas Jelly Beans ácidas Hacendado||0.085|kg|10.59|€/kg|0.90||8402001055973|1||||||
641|2026-09-16 12:43:37|38|2026|43812|Choco Orange flavored oat cookies with chocolate cream filling Cereal & biscuits Biscuits With chocolate & stuffed|0||17922|27|Cereales y galletas|Galletas|Con chocolate y rellenas|Novedades|Novedades|Galletas con avena sabor Choco Orange con relleno de crema de chocolate Hacendado||0.21|kg|5.95|€/kg|1.25|copos de avena 30%, crema de chocolate 29% [azúcar, grasas vegetales (palma, palmiste), cacao desgrasado en polvo 11%, almidón de trigo, proteínas de la leche, leche desnatada en polvo, emulgente (lecitinas [soja])], harina de trigo, azúcar, aceite refinado de girasol alto oleico, salvado de trigo, oligofructosa, gelificante (goma arábiga), zumo de naranja en polvo 1%, sal, emulgente [lecitinas (soja)], gasificantes (carbonato ácido de sodio, carbonato ácido de amonio), aroma. puede contener trazas de mostaza.|8402001058882|1||||||
642|2026-09-16 12:43:37|38|2026|43812|Fruit + Milk Protein 20 g with Collagen and Vitamin C Don Simón Juice Assorted fruit Fruit + milk|0||24586|28|Zumos|Fruta variada|Fruta + leche|Novedades|Novedades|Fruta + leche Proteína 20 gr Don Simón con colágeno y vitamina C||0.33|l|5.00|€/l|1.65|agua, zumo de frutas parcialmente a partir de concentrado (20 %) en proporción variable (piña, uva, mango y manzana), leche desnatada (15 %), proteína de arroz (4,3 %), colágeno hidrolizado (2 %), estabilizantes [pectina (e-466) y e-460i], acidulantes (ácido málico y ácido cítrico), aromas, colorante (beta-caroteno), edulcorante (sucralosa) y vitamina c.|8410261644240|1||||||
643|2026-09-16 12:43:37|38|2026|43812|Cocktail pork sausages Hacendado Deli & cheese Bacon & sausages Sausages|0||17578|29|Charcutería y quesos|Bacón y salchichas|Salchichas|Novedades|Novedades|Salchichas cocidas cocktail Hacendado de cerdo||0.2|kg|9.50|€/kg|1.90||8402001056161|1||||||
644|2026-09-16 12:43:37|38|2026|43812|Certified half chicken cut into pieces fed 50% corn Meat Poultry Turkey & other fowl|1|España|10000|31|Carne|Aves y pollo|Pavo y otras aves|Novedades|Novedades|Medio pollo certificado troceado alimentado con un 50% de maíz||0.95|kg|5.50|€/kg|5.22|100% pollo|8412610037550|1||"{""letter"": ""A"", ""points"": -5, ""negative_points"": {""negative_points"": 2, ""energy_points"": 1, ""saturated_fats_points"": 1, ""sugar_points"": 0, ""salt_points"": 0}, ""positive_points"": {""positive_points"": 7, ""proteins_points"": 7, ""fibers_points"": 0, ""fruit_percentage_points"": 0}, ""request_made"": {""Energia"": 503.0, ""sucres"": 0.0, ""greixos_saturats"": 1.3, ""sal"": 0.2, ""sodi"": 0.08, ""fibra"": 0, ""proteines"": 21.0, ""fruit_percentage"": 0.0}, ""nutriscore_category"": ""GENERAL_FOOD""}"||Chicken, meat, raw|36003|
645|2026-09-16 12:43:38|38|2026|43812|Brasil coffee beans Hacendado Chocolate drinks, coffee & tea Ground coffee & coffee beans Coffee beans|0||17670|32|Cacao café e infusiones|Café molido y en grano|Café en grano|Novedades|Novedades|Café en grano Brasil Hacendado||0.5|kg|14.00|€/kg|7.00|café|8402001057427|1||||||
646|2026-09-16 12:43:38|38|2026|43812|Strong aged goat cheese  in wedge slices Hacendado Deli & cheese Cured, semicured & soft cheese Cured cheese|1|España|11680|33|Charcutería y quesos|Queso curado semicurado y tierno|Queso curado|Novedades|Novedades|Queso añejo fuerte de oveja Hacendado cortado en cuñitas||0.33|kg|21.10|€/kg|6.96|leche cruda de oveja, sal, cuajo, fermentos lácticos (leche). corteza no comestible: contiene conservadores (e-202 y e-235). origen de la leche: españa|8402001028878|1||||Mimolette cheese, old, from cow's milk (cured 12 months minimum)|12738|
647|2026-09-16 12:43:38|38|2026|43812|shelled roasted almonds 0% added salt Hacendado Snacks Nuts, seeds & dried fruit Nuts & seeds|0||17668|34|Aperitivos|Frutos secos y fruta desecada|Frutos secos|Novedades|Novedades|Almendra tostada Hacendado 0% sal añadida pelada||0.2|kg|14.50|€/kg|2.90|almendras tostadas sin piel. trazas de cacahuete y otros frutos de cáscara.|8402001057496|1||||||
648|2026-09-16 12:43:38|38|2026|43812|Original sugar-free fruit-flavoured chewing gums tabs Hacendado Sugar, sweets & chocolate Chewing gum & candy Chewing gum|0||24537|35|Azúcar caramelos y chocolate|Chicles y caramelos|Chicles|Novedades|Novedades|Chicles gragea original frutas sin azúcar Hacendado||0.1|kg|19.50|€/kg|1.95|e edulcorantes: sorbitol y maltitoles, goma base (con antioxidante: extracto rico en tocoferoles), aromas, humectante: glicerina, espesante: goma arábiga, edulcorantes: aspartamo, acesulfamo k y sucralosa, agente de recubrimiento: cera de carnauba.|8402001053481|1||||||
649|2026-09-16 12:43:38|38|2026|43812|Short­grain rice Hacendado Rice, pulses & pasta Rice Rice|0||5044|1|Arroz legumbres y pasta|Arroz|Arroz|Bajadas de precio|Bajadas de precio|Arroz redondo Hacendado||1.0|kg|1.15|€/kg|1.15|arroz|8480000050441|0|1.20|||||
650|2026-09-16 12:43:38|38|2026|43812|Onions Fruits & vegetables Vegetables Onion & garlic|0||69089|2|Fruta y verdura|Verdura|Cebolla y ajo|Bajadas de precio|Bajadas de precio|Cebollas||1.0|kg|1.70|€/kg|1.70|cebolla (allinium cepa)|8414382410005|0|2.00|||||
651|2026-09-16 12:43:38|38|2026|43812|Extra virgin olive oil Hacendado Oils, spices & sauces Oil, vinegar & salt Olive oil|0|Jaén|4740|3|Aceite especias y salsas|Aceite vinagre y sal|Aceite de oliva|Bajadas de precio|Bajadas de precio|Aceite de oliva virgen extra Hacendado||1.0|l|4.45|€/l|4.45|ingredientes: aceite de oliva virgen extra|8402001001185|0|4.70|||||
652|2026-09-16 12:43:39|38|2026|43812|Light olive oil Hacendado Oils, spices & sauces Oil, vinegar & salt Olive oil|0|España|4240|4|Aceite especias y salsas|Aceite vinagre y sal|Aceite de oliva|Bajadas de precio|Bajadas de precio|Aceite de oliva 0,4º Hacendado||1.0|l|3.70|€/l|3.70|ingredientes: aceite de oliva refinado y aceite de oliva virgen.|8402001027475|0|3.80|||||
653|2026-09-16 12:43:39|38|2026|43812|Natural Greek yoghurt Hacendado Dessert & yoghurt Greek yoghurt Greek yoghurt|0||20512|5|Postres y yogures|Yogures griegos|Yogures griegos|Bajadas de precio|Bajadas de precio|Yogur griego natural Hacendado||1.0|kg|2.10|€/kg|2.10|leche pasteurizada entera (origen: españa), nata, leche en polvo desnatada, fermentos lácticos.|8480000205124|0|2.20|||||
654|2026-09-16 12:43:39|38|2026|43812|Pardina lentils Hacendado Rice, pulses & pasta Pulses Lentils & others|0|Lenteja. Origen: USA / Lentilha. Origem: EUA|5330|6|Arroz legumbres y pasta|Legumbres|Lentejas y otros|Bajadas de precio|Bajadas de precio|Lenteja pardina Hacendado||1.0|kg|1.85|€/kg|1.85|lenteja pardina|8480000053305|0|1.95|||||
655|2026-09-16 12:43:39|38|2026|43812|Natural light Greek yoghurt 2% MG Hacendado Dessert & yoghurt Greek yoghurt Greek yoghurt|0||21358|7|Postres y yogures|Yogures griegos|Yogures griegos|Bajadas de precio|Bajadas de precio|Yogur griego natural ligero Hacendado 2% MG||1.0|kg|2.10|€/kg|2.10|leche pasteurizada parcialmente desnatada (origen: españa), leche en polvo desnatada, proteínas de la leche y fermentos lácticos.|8480000213587|0|2.20|||||
656|2026-09-16 12:43:39|38|2026|43812|Onions Fruits & vegetables Vegetables Onion & garlic|0||69079|8|Fruta y verdura|Verdura|Cebolla y ajo|Bajadas de precio|Bajadas de precio|Cebollas||2.0|kg|1.60|€/kg|3.20|cebollas|5600319261069|0|3.60|||||
657|2026-09-16 12:43:39|38|2026|43812|Extra virgin olive oil Hacendado Oils, spices & sauces Oil, vinegar & salt Olive oil|0|Puente de Génave, Sierra de Segura. Jaén.|4717|9|Aceite especias y salsas|Aceite vinagre y sal|Aceite de oliva|Bajadas de precio|Bajadas de precio|Aceite de oliva virgen extra Hacendado||3.0|l|4.27|€/l|12.80|aceite de oliva virgen extra 100%|8402001001192|0|13.55|||||
658|2026-09-16 12:43:39|38|2026|43812|Lemons Fruits & vegetables Fruits Citrus fruit|0||3236|10|Fruta y verdura|Fruta|Cítricos|Bajadas de precio|Bajadas de precio|Limones||1.0|kg|2.65|€/kg|2.65|calibre 3/5 (53-68mm)|8414196132360|0|2.80|||||
659|2026-09-16 12:43:39|38|2026|43812|Extra chorizo slices Hacendado Deli & cheese Cured meat Chorizo|0|España|59086|11|Charcutería y quesos|Embutido curado|Chorizo|Bajadas de precio|Bajadas de precio|Chorizo extra Hacendado lonchas||0.24|kg|7.29|€/kg|1.75|carne de cerdo, panceta, sal, pimentones, lactosa, dextrina, proteínas de la leche, azúcar, dextrosa, ajo, estabilizante (e-450), antioxidantes (e-331, e-301), especias, extracto de pimentón, conservadores (e-250, e-252) y colorante (e-120).|8480000590862|0|1.85|||||
660|2026-09-16 12:43:39|38|2026|43812|Blend ground coffee Hacendado Chocolate drinks, coffee & tea Ground coffee & coffee beans Ground coffee|0||15922|12|Cacao café e infusiones|Café molido y en grano|Café molido|Bajadas de precio|Bajadas de precio|Café molido mezcla Hacendado||0.5|kg|9.00|€/kg|4.50|café y jarabe de glucosa|8480000159229|0|4.60|||||
661|2026-09-16 12:43:39|38|2026|43812|Instant cup noodles chicken flavour Hacendado Rice, pulses & pasta Pasta & noodles Oriental noodles|0||22453|13|Arroz legumbres y pasta|Pasta y fideos|Fideos orientales|Bajadas de precio|Bajadas de precio|Fideos orientales sabor pollo Hacendado||0.065|kg|12.31|€/kg|0.80|fideos instantaneos (80%): harina de trigo, aceite de palma, sal, almidón modificado, azúcar, gasificantes: carbonato de sodio y potasio; extracto de cúrcuma. caldo (20%): zanahorias, maltodextrina, harina de trigo, maíz, grasas de palma, potenciadores del aroma y del sabor: e-621, e-635; sal, azúcar, carne de pollo en polvo, cebollino, cebollas fritas en polvo (cebollas deshidratadas, aceite de girasol), aromas, extracto de levadura, salsa de soja fermentada (soja, trigo, maltodextrina, sal), sofrito ((cebolla, zanahoria, apio), aceite de girasol, cebolla, azúcar, almidón de maíz, sal, puré de ajo, antioxidantes: e-392, e-396, e-300; pimienta negra), azúcar caramelizada, pimienta blanca, chile, jenjibre, extracto de cúrcuma. puede contener trazas de crustaceos, huevos, leche y mostaza.|8480000224538|0|0.90|||||
662|2026-09-16 12:43:40|38|2026|43812|Oriental noodles chicken flavor Hacendado Pizza & ready meals Hot ready meals Oriental noodles|0||35681|14|Pizzas y platos preparados|Platos preparados calientes|Fideos orientales|Bajadas de precio|Bajadas de precio|Fideos orientales sabor pollo Hacendado||0.065|kg|8.46|€/kg|0.55|fideos instantáneos (85%): harina de trigo, aceite de girasol, fécula de patata, sal, gasificantes: carbonatos de sodio y potasio. caldo (15%): maltodextrina, harina de trigo, potenciadores del sabor: e621, e635; sal, azúcar, carne de pollo en polvo, cebolla verde, cebolla frita en polvo, (cebolla, aceite de girasol), aromas, extracto de levadura, salsa de soja fermentada (soja, trigo, maltodextrina, sal), mezcla de sofrito en polvo ((cebolla, zanahoria, apio), aceite de girasol, cebolla, azúcar, almidón de maíz, sal, puré de ajo, antioxidantes: e392, e306. e300; pimienta negra), azúcar caramelizado, aceite de colza, pimienta blanca, chile, jengibre, extracto de curcumina. puede contener trazas de crustáceos, productos lácteos y mostaza.|8402001021985|0|0.65|||||
663|2026-09-16 12:43:40|38|2026|43812|Sliced salami Hacendado Deli & cheese Cured meat Salchichon|0|España|59090|15|Charcutería y quesos|Embutido curado|Salchichón|Bajadas de precio|Bajadas de precio|Salami extra Hacendado lonchas||0.24|kg|7.29|€/kg|1.75|carne de cerdo, tocino, lactosa, sal, proteínas de la leche, dextrosa, especias, aromas, aromas de humo, estabilizantes (e-450, e-451), antioxidante (e-301), conservadores (e-250, e-252), colorante (e-120) y extracto de pimentón.|8480000590909|0|1.85|||||
664|2026-09-16 12:43:40|38|2026|43812|Zero sugar soft drink Coca-Cola Water & soft drinks Cola drinks Zero cola|0||27426|16|Agua y refrescos|Refresco de cola|Cola zero|Bajadas de precio|Bajadas de precio|Refresco Coca-Cola zero azúcar||3.96|l|2.58|€/l|10.20|ingredientes: agua carbonatada, colorante e-150d, edulcorantes: ciclamato sódico, acesulfamo k y aspartamo, acidulante ácido fosfórico, aromas naturales, aroma cafeína y corrector de acidez: citratos de sodio.|5449000133342|0|11.16|||||
665|2026-09-16 12:43:40|38|2026|43812|Battered hake Seafood & fish Fresh fish Other|0||87734|17|Marisco y pescado|Pescado fresco|Otros|Bajadas de precio|Bajadas de precio|Merluza rebozada||0.23|kg|16.52|€/kg|3.80|filetes de merluza del cabo, sin espinas (*) 70%rebozado 30%: agua, aceites vegetales (colza y girasol en proporción variable), harina de trigo, harina de maíz, almidón modificado de maíz, almidón de trigo, gluten de trigo, sal, gasificante: e450i - e500ii, leche en polvo desnatada.|8480000877345|0|3.90|||||
666|2026-09-16 12:43:40|38|2026|43812|Virgin olive oil Hacendado Oils, spices & sauces Oil, vinegar & salt Olive oil|0|Puente de Génave, Sierra de Segura. Jaén.|4749|18|Aceite especias y salsas|Aceite vinagre y sal|Aceite de oliva|Bajadas de precio|Bajadas de precio|Aceite de oliva virgen Hacendado||1.0|l|4.10|€/l|4.10|ingredientes: aceite de oliva virgen extra|8402001047206|0|4.20|||||
667|2026-09-16 12:43:40|38|2026|43812|Deep frozen peeled large shrimp Hacendado Frozen food Seafood Seafood|0||24230|19|Congelados|Marisco|Marisco|Bajadas de precio|Bajadas de precio|Gamba pelada cruda tamaño grande Hacendado ultracongelada||None|kg|16.53|€/kg|5.95|gamba crustáceo, agua, sal, antioxidante metabisulfito de sodio, estabilizante ( e-339,e-451, e-452). contiene crustáceos, sulfitos y puede contener trazas de pescado y molucos.|6944955502742|0|6.15|||||
668|2026-09-16 12:43:40|38|2026|43812|Deep-frozen catfish fillets Hacendado Frozen food Fish Fish|0|Vietnam|62191|20|Congelados|Pescado|Pescado|Bajadas de precio|Bajadas de precio|Filetes de panga Hacendado ultracongelados||None|kg|5.17|€/kg|4.65|filetes de panga (pangasianodon hypophthalmus) (pescado) (78%), agua (21%), sal, estabilizadores (e451), correctores de la acidez (e331, e332). puede contener espinas.|8480000621917|0|4.75|||||
669|2026-09-16 12:43:40|38|2026|43812|Light olive oil Hacendado Oils, spices & sauces Oil, vinegar & salt Olive oil|0|España|4241|21|Aceite especias y salsas|Aceite vinagre y sal|Aceite de oliva|Bajadas de precio|Bajadas de precio|Aceite de oliva 0,4º Hacendado||5.0|l|3.45|€/l|17.25|ingredientes: aceite de oliva refinado y aceite de oliva virgen extra|8402001027482|0|17.75|||||
670|2026-09-16 12:43:41|38|2026|43812|Vegetarian burgers with spinach and carrot Hacendado Pizza & ready meals Hot ready meals Others|0||86511|22|Pizzas y platos preparados|Platos preparados calientes|Otros|Bajadas de precio|Bajadas de precio|Mini burgers vegetales Hacendado con espinacas y zanahoria||0.2|kg|10.00|€/kg|2.00|ingredientes: espinacas 25%, zanahorias 24%, harina de soja reestructurada y rehidratada, aceite de semillas girasol, gluten de trigo, almidones, pan rallado (harina de trigo, levadura de cerveza, sal), copos de patata, harina de arroz, proteínas aisladas de soja, aceite de oliva virgen extra 2%, cebolla, fibra de guisantes, sal, conservador: sorbato potásico, ajo deshidratado, pimienta negra.puede contener apio y mostaza.|8480000865113|0|2.40|||||
671|2026-09-16 12:43:41|38|2026|43812|Virgin olive oil Hacendado Oils, spices & sauces Oil, vinegar & salt Olive oil|0|Puente de Génave, Sierra de Segura. Jaén.|4711|23|Aceite especias y salsas|Aceite vinagre y sal|Aceite de oliva|Bajadas de precio|Bajadas de precio|Aceite de oliva virgen Hacendado||3.0|l|3.88|€/l|11.65|aceite de oliva virgen|8402001047213|0|12.00|||||
672|2026-09-16 12:43:41|38|2026|43812|Extra virgin olive oil Hacendado Oils, spices & sauces Oil, vinegar & salt Olive oil|0|España|4706|24|Aceite especias y salsas|Aceite vinagre y sal|Aceite de oliva|Bajadas de precio|Bajadas de precio|Aceite de oliva virgen extra Hacendado Gran Selección||0.75|l|7.33|€/l|5.50|ingredientes: aceite de oliva virgen extra|8480000047069|0|5.75|||||
673|2026-09-16 12:43:41|38|2026|43812|Deep Frozen Bolognese Lasagne Hacendado Frozen food Rice & pasta Pasta|0||86597|25|Congelados|Arroz y pasta|Pasta|Bajadas de precio|Bajadas de precio|Lasaña a la boloñesa Hacendado ultracongelada||0.6|kg|4.83|€/kg|2.90|agua, carnes (17%), de cerdo y vacuno,  leche pasteurizada, sémola de trigo, concentrado de tomate, cebolla (5%), quesos (leche pasteurizada, sal, fermentos lácticos, coagulante microbiano, colorante (e-160b(ii)), endurecedor (e-509)), tomate (2%), zumo de tomate, harina de trigo, aceite refinado de girasol, almidón modificado, zanahoria, bebida espirituosa, gelatina, azúcar, sal, pan rallado (harina de trigo, agua, sal y levadura), clara de huevo en polvo, especias, gluten de trigo. contiene gluten, huevo, leche. puede contener trazas de: crustáceos, pescado, soja, mostaza, moluscos.|8480000865977|0|3.00|||||
674|2026-09-16 12:43:41|38|2026|43812|Breaded hake fish sticks Deep frozen Hacendado Frozen food Breaded food Battered fish|0|España|63151|26|Congelados|Rebozados|Pescado rebozado|Bajadas de precio|Bajadas de precio|Palitos de merluza a la romana Hacendado ultracongelados||0.5|kg|5.30|€/kg|2.65|merluza (pescado) (35%), rebozado (65%): agua, pan rallado (harina de trigo (gluten), agua, pimentón, sal, cúrcuma y levadura), harina de trigo (gluten), aceite refinado de girasol, almidón, sal, gasificantes (e-450, e-500), corrector de la acidez (e-330), zumo de limón concentrado, lactosa, espesante (e-417), potenciador del sabor (e-621), ajo en polvo y colorante (e-101). puede contener trazas de leche, huevo, crustáceos, moluscos, soja, mostaza y cacahuete.|8480000631510|0|2.75|||||
675|2026-09-16 12:43:41|38|2026|43812|Small pickled mussels Hacendado Cans, soups & creams Cockles & mussels Mussels|0|España|18619|27|Conservas caldos y cremas|Berberechos y mejillones|Mejillones|Bajadas de precio|Bajadas de precio|Mejillones en escabeche Hacendado pequeños||0.111|kg|18.02|€/kg|2.00|mejillones, vinagre de vino, aceite de girasol, especias y sal. puede contener pescado y crustáceo|8480000186096|0|2.15|||||
676|2026-09-16 12:43:41|38|2026|43812|Vegetable burgers with pumpkin Hacendado Pizza & ready meals Hot ready meals Others|0||15269|28|Pizzas y platos preparados|Platos preparados calientes|Otros|Bajadas de precio|Bajadas de precio|Burgers vegetales Hacendado con calabaza||0.16|kg|11.25|€/kg|1.80|ingredientes:  calabaza 40%, aceite de semilla de girasol, cebolla caramelizada 10% (cebolla, aceite de semilla de girasol, azúcar  de caña), zanahorias 9%, harina de soja reestructurada, harina de trigo, almidones, hojuelas de patata, gluten  de trigo, fibra de guisante, proteína de soja, cebolla 1%, perejil, sal, polvo de calabaza 0,9%, espesante:  metilcelulosa; ajo deshidratado, conservador: sorbato potásico; agua, aroma natural, polvo de romero, levadura de  cerveza. puede contener apio, mostaza y altramuces.|8402001041808|0|2.00|||||
677|2026-09-16 12:43:42|38|2026|43812|Beef and pork mini burgers Meat Burgers and minced food Burgers|1|España|10453|29|Carne|Hamburguesas y picadas|Hamburguesas|Bajadas de precio|Bajadas de precio|Mini burgers de vacuno y cerdo||0.28|kg|10.54|€/kg|2.95|carne de vacuno 46%, carne de cerdo 44%, agua, maíz, arroz, fibras vegetales, sal, aromas, especias, conservador (e-221) (sulfito), antioxidantes (e-301 y e-331) y colorante (e-120).|8436021417244|0|3.10|||Meat balls, pork and beef (Swedish-style), prepacked, raw|25186|
678|2026-09-16 12:43:42|38|2026|43812|1º Olive oil Hacendado Oils, spices & sauces Oil, vinegar & salt Olive oil|0|España|4640|30|Aceite especias y salsas|Aceite vinagre y sal|Aceite de oliva|Bajadas de precio|Bajadas de precio|Aceite de oliva 1º Hacendado||1.0|l|3.90|€/l|3.90|ingredientes: aceite de oliva refinado y aceite de oliva virgen|8480000046406|0|4.00|||||
679|2026-09-16 12:43:42|38|2026|43812|PistachioS, coated in milk chocolate Hacendado Sugar, sweets & chocolate Chocolate Bars|0||20891|31|Azúcar caramelos y chocolate|Chocolate|Chocolatinas|Bajadas de precio|Bajadas de precio|Pistachos bañados de chocolate con leche Hacendado||0.1|kg|24.00|€/kg|2.40|chocolate con leche (55%) (azúcar, manteca de cacao, leche entera en polvo, pasta de cacao, lactosuero en polvo (leche), emulgente (lecitinas (soja)) y aroma), pistacho (32%), azúcar caramelizado (12,5%), sal (0,5%), jarabe de glucosa, estabilizante (e-414) y agente de recubrimiento (e-904). cacao: 38% mínimo en chocolate. trazas de cacahuete y otros frutos de cáscara.. sin gluten.|8402001045233|0|2.50|||||
680|2026-09-16 12:43:42|38|2026|43812|Olive oil Hacendado Oils, spices & sauces Oil, vinegar & salt Olive oil|0|España|4641|32|Aceite especias y salsas|Aceite vinagre y sal|Aceite de oliva|Bajadas de precio|Bajadas de precio|Aceite de oliva 1º Hacendado||5.0|l|3.45|€/l|17.25|aceite de oliva virgen y aceite de oliva refinado|8480000046413|0|17.75|||||
681|2026-09-16 12:43:42|38|2026|43812|Virgin coconut oil Hacendado Oils, spices & sauces Oil, vinegar & salt Others oils|0||4193|33|Aceite especias y salsas|Aceite vinagre y sal|Otros aceites|Bajadas de precio|Bajadas de precio|Aceite de coco virgen Hacendado||0.45|l|11.33|€/l|5.10|100% aceite de coco. aceite de coco suave y aromático, prensado en frío.|8402001034664|0|5.25|||||
682|2026-09-16 12:43:42|38|2026|43812|Spicy extra chorizo slices Hacendado Deli & cheese Cured meat Chorizo|0||12084|35|Charcutería y quesos|Embutido curado|Chorizo|Bajadas de precio|Bajadas de precio|Chorizo picante extra Hacendado lonchas||0.24|kg|10.00|€/kg|2.40|carne de cerdo, panceta, sal, pimentones, lactosa, dextrina, proteïnas de la leche, azúcar, dextrosa, ajo, estabilizante (e-450), antioxidante (e-331, e-301), especias, extracto de pimentón, conservadores (e-250, e-252) y colorante (e-120)|8402001030239|0|2.50|||||
683|2026-09-16 12:43:42|38|2026|43812|Red kidney beans Hacendado Rice, pulses & pasta Pulses Beans|0|Alubia. Origen: USA / Feijo, Origem: EUA|67609|36|Arroz legumbres y pasta|Legumbres|Alubias|Bajadas de precio|Bajadas de precio|Alubia roja Hacendado||1.0|kg|3.00|€/kg|3.00|alubia roja.|8480000676092|0|3.10|||||
684|2026-09-16 12:43:42|38|2026|43812|Espresso natural ground coffee Hacendado Chocolate drinks, coffee & tea Ground coffee & coffee beans Ground coffee|0||11714|37|Cacao café e infusiones|Café molido y en grano|Café molido|Bajadas de precio|Bajadas de precio|Café molido natural Hacendado Espresso||0.25|kg|13.80|€/kg|3.45|café|8480000117144|0|3.60|||||
685|2026-09-16 12:43:42|38|2026|43812|Gazpacha cracked greens olives Hacendado Snacks Olives & pickles Green olives|0||23961|38|Aperitivos|Aceitunas y encurtidos|Aceitunas verdes|Bajadas de precio|Bajadas de precio|Aceitunas verdes Gazpacha Hacendado partidas||0.7|kg|3.00|€/kg|2.10|aceitunas verdes aderezadas partidas 70%, variantes 30% (cebollitas, pepinillos, coliflor, zanahoria y ajos blancos (contiene sulfitos)), sal, vinagre de alcohol, acidulante: ácido cítrico, antioxidante: ácido l-ascórbico, potenciador del sabor e-621, oleoresina de pimentón (extracto de pimentón y emulsionante e-433) y especias. producto pasteurizado. sin gluten|8402001052224|0|2.20|||||
686|2026-09-16 12:43:42|38|2026|43812|Deep-frozen family bolognese lasagne Hacendado Frozen food Rice & pasta Pasta|0||35767|39|Congelados|Arroz y pasta|Pasta|Bajadas de precio|Bajadas de precio|Lasaña boloñesa familiar Hacendado ultracongelada||1.1|kg|4.73|€/kg|5.20|agua, leche pasteurizada, carne de cerdo y vacuno (16%), sémola de trigo, concentrado de tomate, quesos (leche pasteurizada, sal, fermentos lácticos, coagulante microbiano, colorante (e-160b(ii)), endurecedor (e-509)), cebolla (5%), harina de trigo, tomate (2%), zumo de tomate, aceite refinado de girasol, almidón modificado, zanahoria, bebida espirituosa, azúcar, gelatina, sal, pan rallado (harina de trigo, agua, sal y levadura), clara de huevo en polvo, especias, gluten de trigo. contiene gluten, huevo, leche. puede contener trazas de: crustáceos, pescado, soja, mostaza, moluscos.|8402001010101|0|5.40|||||
687|2026-09-16 12:43:42|38|2026|43812|Deep frozen black rice Hacendado Frozen food Rice & pasta Rice|0||21529|40|Congelados|Arroz y pasta|Arroz|Bajadas de precio|Bajadas de precio|Arroz negro Hacendado ultracongelado||0.35|kg|5.71|€/kg|2.00|arroz blanco (59%) (agua, arroz), salsa [agua, caldo  de pescado  y marisco deshidratado (sal, extracto de pescado  y  marisco (crustáceos), especias, tomate, extracto de levadura, azafrán),  tomate concentrado, aceite de orujo de oliva, ajo, cebolla prefrita (cebolla y  aceite refinado de girasol), almidón, vino tinto, tinta de sepia (molusco)  (tinta de sepia, agua, sal, espesante: carboximetilcelulosa sódica), pimentón  dulce, azúcar, harina de cebada malteada (gluten),  pimienta negra, laurel y cúrcuma], calamar (molusco), gamba (crustáceos)  pelada (gamba, agua, sal y regulador de la acidez: citratos de sodio), cebolla  prefrita (cebolla y aceite refinado de girasol). puede contener trazas de leche.|8402001046971|0|2.10|||||
688|2026-09-16 12:43:43|38|2026|43812|Soft drink Coca-Cola Water & soft drinks Cola drinks Classic cola|0||27348|41|Agua y refrescos|Refresco de cola|Cola clásica|Bajadas de precio|Bajadas de precio|Refresco Coca-Cola||4.0|l|1.14|€/l|4.54|agua carbonatada, azúcar, colorante e-150d, acidulante e-338 y aromas naturales (incluyendo cafeína).|5449000034298|0|4.84|||||
689|2026-09-16 12:43:43|38|2026|43812|Soft drink Coca-Cola Water & soft drinks Cola drinks Classic cola|0||27321|42|Agua y refrescos|Refresco de cola|Cola clásica|Bajadas de precio|Bajadas de precio|Refresco Coca-Cola||3.96|l|2.73|€/l|10.80|ingredientes: agua carbonatada, azúcar, colorante e-150d, acidulante ácido fosfórico, aromas naturales y aroma cafeína.|5449000055200|0|11.88|||||
690|2026-09-16 12:44:13|38|2026|43812|Big mineral water Solán de Cabras Water & soft drinks Water Still water|0|Manantial Solan de Cabras|27327|44|Agua y refrescos|Agua|Agua sin gas|Bajadas de precio|Bajadas de precio|Agua mineral grande Solán de Cabras||9.0|l|0.57|€/l|5.10|bicarbonato (284 mg/l), calcio (60 mg/l), magnesio (26.7 mg/l),sodio (4.8 mg/l),potasio  (1.0 mg/l)|8411547001092|0|5.34|||||
691|2026-09-16 12:43:43|38|2026|43812|Lemon isotonic drink zero sugar Aquarius Water & soft drinks Isotonic & energy drinks Isotonic|0||29612|45|Agua y refrescos|Isotónico y energético|Isotónico|Bajadas de precio|Bajadas de precio|Bebida isotónica limón Aquarius zero azúcar||1.5|l|1.13|€/l|1.69|ingredientes: agua, acidulante ácido cítrico, estabilizantes: e-576, e-414 y e-445, potenciadores del sabor: cloruro sódico, fosfato potásico y fosfato cálcico, edulcorantes: acesulfamo k, sucralosa y aspartamo, *sales minerales: gluconato de zinc y seleniato de sodio y aromas. contiene una fuente de fenilalanina.|5449000171771|0|2.10|||||
692|2026-09-16 12:43:43|38|2026|43812|Zero zero soft drink Coca-Cola Water & soft drinks Cola drinks Zero cola|0||26997|46|Agua y refrescos|Refresco de cola|Cola zero|Bajadas de precio|Bajadas de precio|Refresco Coca-Cola zero azúcar zero cafeína||3.96|l|2.58|€/l|10.20|ingredientes: agua carbonatada, colorante e-150d, edulcorantes: ciclamato sódico, acesulfamo k y aspartamo, acidulante ácido fosfórico, aromas naturales, aroma cafeína y corrector de acidez: citratos de sodio.|5449000096197|0|11.16|||||
693|2026-09-16 12:43:43|38|2026|43812|Beef and pork burger Meat Burgers and minced food Burgers|0||2872|47|Carne|Hamburguesas y picadas|Hamburguesas|Bajadas de precio|Bajadas de precio|Burger de vacuno y cerdo||0.54|kg|7.31|€/kg|3.95|carne de vacuno 46%, carne de cerdo 44%, agua, maíz, arroz, fibras vegetales, sal, aromas, especias, conservador (e-221) (sulfito), antioxidantes (e-301 y e-331) y colorante (e-120).|8436021411273|0|4.20|||||
694|2026-09-16 12:43:43|38|2026|43812|Mayonnaise Hellmann's Oils, spices & sauces Mayonnaise, ketchup & mustard Mayonnaise|0|España|35840|48|Aceite especias y salsas|Mayonesa ketchup y mostaza|Mayonesa|Bajadas de precio|Bajadas de precio|Mayonesa Hellmann's||0.45|l|5.89|€/l|2.65|ingredientes: aceite de soja2 (64%), agua, vinagre de vino blanco, yema de huevo pasteurizada (5%), zumo de limón concentrado, extracto de pimentón, azúcar, sal, almidón modificado, antioxidante (edta), aroma, colorante (carotenos). 2cultivado de forma sostenible.|8410127050819|0|2.95|||||
695|2026-09-16 12:43:43|38|2026|43812|Lemon flavored tea soft drink Fuze Tea Water & soft drinks Still & tea soft drinks Tea|0||11688|49|Agua y refrescos|Refresco de té y sin gas|Té|Bajadas de precio|Bajadas de precio|Refresco té sabor limón Fuze Tea||1.5|l|0.99|€/l|1.49|ingredientes: agua, azúcar, correctores de acidez: ácido cítrico y citratos de sodio, extracto de té negro (0,1%), zumo de limón a partir de concentrado (0,1%), antioxidante ácido ascórbico, edulcorantes: acesulfamo k y sucralosa y aromas naturales.|5449000329028|0|1.99|||||
696|2026-09-16 12:43:43|38|2026|43812|Smoked bacon slices Monells Deli & cheese Bacon & sausages Bacon|0||21629|50|Charcutería y quesos|Bacón y salchichas|Bacón|Bajadas de precio|Bajadas de precio|Bacón ahumado Monells lonchas||0.225|kg|9.11|€/kg|2.05|panceta de cerdo (95%), sal, conservadores (e-326, e-243, e-250), dextrosa, jarabe de glucosa, estabilizantes (e-451, e-450), antioxidantes (e-331, e-301), aromas, extracto de especias.|8411477916343|0|2.20|||||
697|2026-09-16 12:43:44|38|2026|43812|Chicken 97% stuffed oven roasted slices La Carloteña Deli & cheese Cooked poultry & ham Turkey & others|0|España|56084|51|Charcutería y quesos|Aves y jamón cocido|Pavo y otros|Bajadas de precio|Bajadas de precio|Pollo 97% relleno La Carloteña asado al horno lonchas||0.15|kg|15.33|€/kg|2.30|pollo (97%), [muslo de pollo (48,6%), pollo deshuesado (40%), pechuga de pollo (8,4%)], almidón, proteinas de la leche, proteina de soja, sal, especias, dextrosa, lactosa, almendra molida, estabilizantes (e-450, e-452, e-407), aromas, antioxidantes (e-301, e-331), conservador (e-250). contiene trazas de otros frutos de cascara y huevo. puede contener restos de cartílagos y/o huesos al proceder de un auténtico pollo deshuesado a mano. sin gluten|8437005669765|0|2.40|||||
698|2026-09-16 12:43:44|38|2026|43812|+Proteínas Dairy dessert with strawberry pieces 0% fat 10 g protein Hacendado Dessert & yoghurt Low fat yoghurt Low fat yoghurt|0||20996|52|Postres y yogures|Yogures desnatados|Yogures desnatados|Bajadas de precio|Bajadas de precio|Postre lácteo con fresa +Proteínas 10 g 0% MG||0.48|kg|3.13|€/kg|1.50|leche desnatada pasteurizada, fresa (9.5%), fructosa, almidón modificado, aroma, espesante: pectinas, edulcorantes: acesulfamo potásico y sucralosa, colorante: carmín, fermentos lácticos.|8480000209962|0|1.55|||||
699|2026-09-16 12:43:44|38|2026|43812|Original flavor potato snack Pringles Snacks Potato crisp & snacks Potato crisp|0|EU|33555|54|Aperitivos|Patatas fritas y snacks|Patatas fritas|Bajadas de precio|Bajadas de precio|Aperitivo de patata sabor original Pringles||0.165|kg|12.12|€/kg|2.00|patatas deshidratadas, aceite de girasol, harina de maíz, harina de trigo, harina de arroz, maltodextrina, emulgente (e471), aceite de colza, sal, colorante (norbixina de annato).|5053990101573|0|2.65|||||
700|2026-09-16 12:43:44|38|2026|43812|Wafer bar covered in milk chocolate Huesitos Sugar, sweets & chocolate Chocolate Bars|0||12526|55|Azúcar caramelos y chocolate|Chocolate|Chocolatinas|Bajadas de precio|Bajadas de precio|Barritas de barquillo Huesitos bañadas de chocolate con leche||0.2|kg|9.75|€/kg|1.95|chocolate conleche (44%)[azúcar, manteca de cacao,lechedesnatada en polvo,pasta de cacao,grasas vegetales (palma, shea), lactosueroen polvo(leche), grasa deleche, pasta deavellanas,emulgentes: lecitina (soja)y e-476, aroma], harina detrigo (gluten), azúcar, grasavegetal de palma,lactosueroen polvo(leche), cacao desgrasado (2,7%), pasta deavellanas, lechedesnatada en polvo, harina de arroz, emulgente: lecitina (soja), gasificante: bicarbonato de sodio, sal y aromas.|8410034075103|0|2.50|||||
701|2026-09-16 12:43:44|38|2026|43812|Sour cream and onion potato snack Pringles Snacks Potato crisp & snacks Potato crisp|0|EU|33556|56|Aperitivos|Patatas fritas y snacks|Patatas fritas|Bajadas de precio|Bajadas de precio|Aperitivo de patata sabor crema agria y cebolla Pringles||0.165|kg|12.12|€/kg|2.00|ingredientes: patatas deshidratadas, aceite de girasol, harina de maíz, harina de trigo, harina de arroz, condimento a base de nata acidificada y cebolla (almidón de trigo, potenciadores del sabor {glutamato de monosodio, guanilato disódico, inosinato disódico}, cebolla en polvo, dextrosa, aceite de girasol, sal, almidón de maíz modificado, aromas {leche}, maltodextrina, azúcar, suero de leche dulce en polvo {leche}, nata acidificada en polvo {leche}, jarabe de glucosa en polvo, acidulantes {ácido cítrico, ácido málico}, proteínas de la leche), maltodextrina, emulgente (e471), aceite de colza, sal, colorante (norbixina de annato).|5053990101597|0|2.65|||||
702|2026-09-16 12:43:44|38|2026|43812|Milk chocolate Milka Sugar, sweets & chocolate Chocolate Milk chocolate|0|Alemania|12151|57|Azúcar caramelos y chocolate|Chocolate|Chocolate con leche|Bajadas de precio|Bajadas de precio|Chocolate con leche Milka||0.15|kg|11.00|€/kg|1.65|ingredientes: azúcar, manteca de cacao, pasta de cacao, leche desnatada en polvo, suero de leche en polvo, grasa de leche, emulgente (lecitinas de soja), pasta de avellana, aroma. cacao: 33 % mínimo. puede contener otros frutos decáscara y trigo.|7622201024277|0|1.95|||||
703|2026-09-16 12:43:44|38|2026|43812|Natural coconut-based dessert no added sugar Alpro Dessert & yoghurt Soy desserts Soy desserts|0||22981|58|Postres y yogures|Postres de soja|Postres de soja|Bajadas de precio|Bajadas de precio|Postre de coco natural Alpro sin azúcares añadidos||0.35|kg|6.57|€/kg|2.30|leche de coco (33%) [crema de coco, agua], agua de coco (33%), agua, almidón modificado, fermentos (s. thermophilus, l. bulgaricus). puede contener trazas de soja. sin lácteos y sin gluten. naturalmente sin lactosa.|5411188131380|0|2.60|||||
704|2026-09-16 12:43:45|38|2026|43812|Semi-skimmed Asturiana Eggs, milk & butter Milk & milk alternatives Semi-skimmed milk|1|España|10531|59|Huevos leche y mantequilla|Leche y bebidas vegetales|Leche semidesnatada|Bajadas de precio|Bajadas de precio|Leche semidesnatada Asturiana||6.0|l|1.09|€/l|6.54|leche semidesnatada de vaca|8410297113673|0|7.02|||Milk, semi-skimmed, UHT|19041|
705|2026-09-16 12:43:45|38|2026|43812|Tropical fruit + Milk Bifrutas Juice Assorted fruit Fruit + milk|1|España|10126|60|Zumos|Fruta variada|Fruta + leche|Bajadas de precio|Bajadas de precio|Fruta + leche tropical Bifrutas||1.2|l|1.67|€/l|2.00|agua, leche desnatada (10%), zumo de frutas 7% (piña y mango a partir de concentrado), azúcar, estabilizante (pectina), aroma, acidulante (ácido cítrico), vitaminas c, e y a, edulcorante (sucralosa) y colorante (carotenos).|8410128276003|0|2.19|"{""letter"": ""C"", ""points"": 5, ""negative_points"": {""negative_points"": 5, ""energy_score"": 2, ""sugars_score"": 3, ""saturated_fats_score"": 0, ""salt_score"": 0, ""non_sweeteners_score"": 0}, ""positive_points"": {""positive_points"": 0, ""proteins_score"": 0, ""fiber_score"": 0, ""fruit_percentage_score"": 0}, ""request_made"": {""Energia"": 91.0, ""sucres"": 4.8, ""greixos_saturats"": 0.0, ""sal"": 0.03, ""sodi"": 0.012, ""fibra"": 0.5, ""proteines"": 0.3, ""fruit_percentage"": 7.0, ""ingredients"": ""agua, leche desnatada (10%), zumo de frutas 7% (pi\u00f1a y mango a partir de concentrado), az\u00facar, estabilizante (pectina), aroma, acidulante (\u00e1cido c\u00edtrico), vitaminas c, e y a, edulcorante (sucralosa) y colorante (carotenos).""}, ""nutriscore_category"": ""BEVERAGES""}"||Still beverage with fruit juice and milk|18343|
706|2026-09-16 12:43:45|38|2026|43812|Beer Estrella Damm Beer, wine & spirits Beer Beer cans|0|EU|66015|61|Bodega|Cerveza|Cerveza lata|Bajadas de precio|Bajadas de precio|Cerveza Estrella Damm|5.4|3.96|l|2.09|€/l|8.28|agua,malta de cebada, arroz, lúpulo.|50648238532|0|10.44|||||
707|2026-09-16 12:43:45|38|2026|43812|+Proteínas Dairy dessert with blueberries 0% fat 10 g protein Hacendado Dessert & yoghurt Low fat yoghurt Low fat yoghurt|0||21073|63|Postres y yogures|Yogures desnatados|Yogures desnatados|Bajadas de precio|Bajadas de precio|Postre lácteo con arándanos +Proteínas 10 g 0% MG||0.48|kg|3.13|€/kg|1.50|leche desnatada pasteurizada, arándano (7.5%), agua, fructosa, almidón modificado, aromas, espesante: pectinas, edulcorantes: acesulfamo potásico y sucralosa, colorante: antocianas, fermentos lácticos.|8480000210739|0|1.55|||||
708|2026-09-16 12:43:45|38|2026|43812|Fresh cow cheese Burgo de Arias Deli & cheese Spreadable cheese, fresh cheese and specialties Fresh cheese|0|España|51044|64|Charcutería y quesos|Queso untable fresco y especialidades|Queso fresco|Bajadas de precio|Bajadas de precio|Queso fresco de vaca Burgo de Arias||0.216|kg|11.57|€/kg|2.50|leche pasterizada de vaca, cuajo y sal. fabricado en una planta donde también se elaboran productos de leche de cabra. sin gluten|8413100611175|0|3.40|||||
709|2026-09-16 12:43:45|38|2026|43812|Special beer San Miguel Beer, wine & spirits Beer Beer cans|0|España|66026|65|Bodega|Cerveza|Cerveza lata|Bajadas de precio|Bajadas de precio|Cerveza especial San Miguel|5.4|3.96|l|1.36|€/l|5.40|agua, malta de cebada, maíz, lúpulo|8410655000874|0|6.96|||||
710|2026-09-16 12:43:45|38|2026|43812|+Proteínas Dairy dessert Coconut flavour 0% fat 10 g protein Hacendado Dessert & yoghurt Low fat yoghurt Low fat yoghurt|0||52855|66|Postres y yogures|Yogures desnatados|Yogures desnatados|Bajadas de precio|Bajadas de precio|Postre lácteo sabor coco +Proteínas 10 g 0% MG||0.48|kg|3.13|€/kg|1.50|leche desnatada, agua, fructosa, coco rallado (0,7%), almidón modificado, aromas, espesante: pectinas, edulcorantes: acesulfame potásico y sucralosa, fermentos lácticos.|8402001019845|0|1.55|||||
711|2026-09-16 12:43:46|38|2026|43812|Whole milk Asturiana Eggs, milk & butter Milk & milk alternatives Whole milk|1|España|10530|67|Huevos leche y mantequilla|Leche y bebidas vegetales|Leche entera|Bajadas de precio|Bajadas de precio|Leche entera Asturiana||6.0|l|1.24|€/l|7.44|leche entera de vaca|8410297113666|0|7.74|||Milk, whole, UHT|19023|
712|2026-09-16 12:43:49|38|2026|43812|Instant cup noodles Yatekomo chicken flavour Gallina Blanca Rice, pulses & pasta Pasta & noodles Oriental noodles|0||8645|68|Arroz legumbres y pasta|Pasta y fideos|Fideos orientales|Bajadas de precio|Bajadas de precio|Fideos orientales Yatekomo sabor pollo Gallina Blanca||0.18|kg|19.17|€/kg|3.45|fideos orientales (harina de trigo, aceite de girasol, sal) (91,7%), condimento (8,3%)(aromas naturales, sal, zanahoria, fibra de avena, azúcar, ajo, grasa de pollo (0,15%), especias, apio , aroma natural de apio, carne de pollo (0,05%), cebada malteada, puerro, perejil). puede contener trazas desoja, pescado, moluscos, crustáceos, leche, mostaza, huevo. contieneapio.|8410300352914|0|4.10|||||
713|2026-09-16 12:43:46|38|2026|43812|Zero orange soft drink with no added sugar Fanta Water & soft drinks Orange & lemon soft drinks Orange|0||27545|69|Agua y refrescos|Refresco de naranja y de limón|Naranja|Bajadas de precio|Bajadas de precio|Refresco Fanta naranja zero azúcares añadidos||2.0|l|0.80|€/l|1.59|ingredientes: agua carbonatada, 4% zumo de naranja *a partir de concentrado, zumo de limon concentrado, acidulantes: ácido cítrico y ácido málico, edulcorantes: acesulfamo k, aspartamo y sacarina sódica, corrector de acidez: citratos de sodio, conservador sorbato potásico, aromas naturales de naranja y otros aromas naturales, antioxidante ácido ascórbico, estabilizante goma guar y colorante carotenes.  contiene azúcares naturalmente presences en el zumo de naranja y limon.|5449000120984|0|1.85|||||
714|2026-09-16 12:43:46|38|2026|43812|Baked beans in tomato sauce Heinz Pizza & ready meals Hot ready meals Stews|0||26138|71|Pizzas y platos preparados|Platos preparados calientes|Platos de cuchara|Bajadas de precio|Bajadas de precio|Alubias con tomate Heinz||0.415|kg|3.13|€/kg|1.30|alubias (51%), tomate (34%), agua, azúcar, vinagre de alcohol, almidón modificado de maiz, sal, extractos de especias y extracto de plantas aromáticas. sin gluten. contiene legumbres, maíz y cebolla . contiene legumbres|5000157024671|0|1.50|||||
715|2026-09-16 12:43:46|38|2026|43812|Florida drink Sunny delight Water & soft drinks Still & tea soft drinks Other still soft drinks|0||27759|75|Agua y refrescos|Refresco de té y sin gas|Otros refrescos sin gas|Bajadas de precio|Bajadas de precio|Bebida Florida Sunny Delight||1.25|l|1.00|€/l|1.25|agua, zumos de frutas a partir de concentrados 5% (naranja 4,4%, pomelo rojo 0,5% y lima 0,1%), azúcar, acidulante: ácido cítrico, estabilizantes: goma arábiga, e-452i y goma de celulosa, aroma natural de naranja con otros aromas naturales, vitaminas: a (añadida como betacaroteno), b6, c, d y e, edulcorantes: sucralosa y ciclamato sódico.|8414100302643|0|1.50|||||
716|2026-09-16 12:43:46|38|2026|43812|Red peach isotonic drink Aquarius Water & soft drinks Isotonic & energy drinks Isotonic|0||16438|76|Agua y refrescos|Isotónico y energético|Isotónico|Bajadas de precio|Bajadas de precio|Bebida isotónica melocotón rojo Aquarius||1.5|l|1.13|€/l|1.69|ingredientes: agua, azúcar, acidulantes: ácido cítrico y ácido málico, potenciadores del sabor: cloruro sódico, fosfato potásico y fosfato cálcico, corrector de acidez: citrato sódico, antioxidante ácido ascórbico, estabilizantes: e-414 y e-445, gluconato de zinc, edulcorantes: sucralosa y acesulfamo k, aromas naturales de limón y otros aromas naturales .|5449000144881|0|2.10|||||
717|2026-09-16 12:43:46|38|2026|43812|Special beer San Miguel Beer, wine & spirits Beer Beer bottles|0|España|66345|78|Bodega|Cerveza|Cerveza botella y botellín|Bajadas de precio|Bajadas de precio|Cerveza especial San Miguel|5.4|3.0|l|1.60|€/l|4.80|agua, lúpulo, maiz, malta de cebada|8410655010552|0|6.84|||||
718|2026-09-16 12:43:46|38|2026|43812|Blueberry flavour soy dessert Alpro Dessert & yoghurt Soy desserts Soy desserts|0||8179|79|Postres y yogures|Postres de soja|Postres de soja|Bajadas de precio|Bajadas de precio|Postre de soja sabor arándanos Alpro||0.4|kg|5.00|€/kg|2.00|base de soja (84,8%)(agua, habas de soja descascarilladas (9,8%)), azúcar, arándano (5,7%), calcio (citratotricálcico), estabilizante (pectinas), ^zanahoria negra, ^zanahoria y arándano, aroma natural, correctores de acidez (citratos de sodio, ácido cítrico), sal marina, antioxidantes (extracto rico en tocoferoles, ésteres de ácidos grasos del ácido ascórbico), vitaminas b2, b12, d2, fermentos del yogur (s. thermophilus, l. bulgaricus). ^concentrados de. puede contener trazas de frutos de cáscara (no cacahuetes). sin lácteos y sin gluten. naturalmente sin lactosa.|5411188137993|0|2.30|||||
719|2026-09-16 12:43:46|38|2026|43812|Energy Ultra drink zero Monster Water & soft drinks Isotonic & energy drinks Energy|0||28670|80|Agua y refrescos|Isotónico y energético|Energético|Bajadas de precio|Bajadas de precio|Bebida energética Energy Ultra zero azúcar Monster||2.0|l|2.64|€/l|5.28|ingredientes: agua carbonatada, acidulante (ácido cítrico), taurina (0.4%), corrector de acidez (citratos de sodio), aromas, extracto de raíz de panax ginseng (0.08%), edulcorantes (sucralosa, acesulfamo k), conservadores (ácido sórbico, ácido benzoico), cafeína (0.03%), l-carnitina l-tartrato (0.015%), vitaminas (b3, b5, b6, b12), cloruro sódico, d-glucuronolactona, extracto de semilla de guaraná (0.002%), inositol.|5060517883836|0|6.68|||||
720|2026-09-16 12:43:47|38|2026|43812|Diet Coke soft drink Coca-Cola Water & soft drinks Cola drinks Zero cola|0||27184|81|Agua y refrescos|Refresco de cola|Cola zero|Bajadas de precio|Bajadas de precio|Refresco Coca-Cola light||2.97|l|2.48|€/l|7.38|agua carbonatada, colorante e-150d, edulcorantes: ciclamato sódico, acesulfamo k y aspartamo, acidulantes: ácido fosfórico y ácido cítrico, aromas naturales y aroma cafeína.|5449000233011|0|8.37|||||
721|2026-09-16 12:43:47|38|2026|43812|Soy natural dessert with coconut Alpro Dessert & yoghurt Soy desserts Soy desserts|0||52513|82|Postres y yogures|Postres de soja|Postres de soja|Bajadas de precio|Bajadas de precio|Postre de soja sabor natural con coco Alpro||0.4|kg|5.00|€/kg|2.00|base de soja (93,1%) (agua, habas de soja descascarilladas (10,4%)), base de coco (6,2%) (agua, crema de coco (2,9%)), azúcar, calcio (citrato tricálcico), estabilizantes (pectinas), correctores de acidez (citratos de sodio, ácido cítrico), aromas naturales, sal marina, antioxidantes (extracto rico en tocoferoles, ésteres ácidos grasos de ácido ascórbico), vitaminas (b12, d2), fermentos (s. thermophilus, l. bulgaricus). puede contener trazas de frutos de cáscara (no cacahuetes). sin lácteos y sin gluten.|5411188138051|0|2.30|||||
722|2026-09-16 12:43:47|38|2026|43812|Pure chocolate with whole almonds Valor Sugar, sweets & chocolate Chocolate Dark chocolate|0||12130|84|Azúcar caramelos y chocolate|Chocolate|Chocolate negro|Bajadas de precio|Bajadas de precio|Chocolate puro Valor con almendras enteras||0.25|kg|15.80|€/kg|3.95|azúcar, pasta de cacao, almendras (25%), manteca de cacao, emulgente: lecitina (soja), aroma. puede contener: leche y otros frutos de cáscara. cacao: 52% mínimo. sin gluten.|8410109000085|0|4.95|||||
723|2026-09-16 12:43:47|38|2026|43812|+Proteínas Dairy dessert with mango and passion fruit purée 0% fat 10 g protein Hacendado Dessert & yoghurt Low fat yoghurt Low fat yoghurt|0||21151|85|Postres y yogures|Yogures desnatados|Yogures desnatados|Bajadas de precio|Bajadas de precio|Postre lácteo con puré mango y maracuya +Proteínas 10 g 0% MG||0.48|kg|3.13|€/kg|1.50|leche desnatada pasteurizada, agua, mango (4.3%), fructosa, maracuyá (0.8%) almidón modificado, aroma, espesante: pectinas, edulcorantes: acesulfamo potásico y sucralosa, colorante: beta carotenos, fermentos lácticos.|8480000211514|0|1.55|||||
724|2026-09-16 12:43:47|38|2026|43812|Lemon and lime flavour soy dessert Alpro Dessert & yoghurt Soy desserts Soy desserts|0||13917|86|Postres y yogures|Postres de soja|Postres de soja|Bajadas de precio|Bajadas de precio|Postre de soja sabor lima limón Alpro||0.4|kg|5.00|€/kg|2.00|base de soja (84,3%) [agua, habas de soja descascarilladas (9,7%), azúcar], jarabe de glucosa-fructosa, mezcla de limón y lima (3,4%), (zumo de limón a partir de concentrado (1,7%), limón (1,1%), zumo de lima a partir de concentrado (0,6%)), correctores de acidez (ácido cítrico, citratos de sodio), estabilizante (pectinas), calcio (fosfato tricálcico), sal marina, concentrado de zanahoria y calabaza, antioxidante (extracto rico en tocoferoles, ésteres de ácidos grasos del ácido ascórbico), aroma, aroma natural de limón con otros aromas naturales, vitaminas b2, b12, d2, fermentos del yogur (s.thermophilus, l. blgaricus). puede contener trazas de frutos de cáscara (no cacahuetes). sin lácteos y sin gluten naturalmente sin lactosa|5411188138013|0|2.30|||||
725|2026-09-16 12:43:47|38|2026|43812|Big mineral water Viladrau Water & soft drinks Water Still water|0|Manantial FONTALEGRE|27253|87|Agua y refrescos|Agua|Agua sin gas|Bajadas de precio|Bajadas de precio|Agua mineral grande Viladrau||9.0|l|0.37|€/l|3.30|bicarbonato (114 mg/l), calcio (28,5 mg/l), sodio (12,2 mg/l), magnesio (4,2 mg/l), sulfato (11,2 mg/l), cloruro (6 mg/l), residuo seco a 180º (137 mg/l)|8411002101206|0|4.14|||||
726|2026-09-16 12:43:48|38|2026|43812|Semi-skimmed Asturiana Eggs, milk & butter Milk & milk alternatives Semi-skimmed milk|1|España|10712|88|Huevos leche y mantequilla|Leche y bebidas vegetales|Leche semidesnatada|Bajadas de precio|Bajadas de precio|Leche semidesnatada Asturiana||1.0|l|1.09|€/l|1.09|leche semidesnatada|8410297012150|0|1.17|||Milk, semi-skimmed, UHT|19041|
727|2026-09-16 12:43:48|38|2026|43812|Fresh cow cheese 0% fat Burgo de Arias Deli & cheese Spreadable cheese, fresh cheese and specialties Fresh cheese|0|España|51043|89|Charcutería y quesos|Queso untable fresco y especialidades|Queso fresco|Bajadas de precio|Bajadas de precio|Queso fresco 0% MG de vaca Burgo de Arias||0.216|kg|11.57|€/kg|2.50|leche pasterizada desnatada vaca, cuajo y sal, elaborado en una fábrica que utiliza leche de cabra,sin gluten|8413100611182|0|3.40|||||
728|2026-09-16 12:43:48|38|2026|43812|Special beer San Miguel Beer, wine & spirits Beer Beer cans|0|España|27103|90|Bodega|Cerveza|Cerveza lata|Bajadas de precio|Bajadas de precio|Cerveza especial San Miguel|5.4|0.33|l|1.52|€/l|0.50|agua, malta de cebada , maiz, lúpulo|8410655000010|0|0.74|||||
729|2026-09-16 12:43:48|38|2026|43812|Beer Estrella Damm Beer, wine & spirits Beer Beer bottles|0|EU|66016|91|Bodega|Cerveza|Cerveza botella y botellín|Bajadas de precio|Bajadas de precio|Cerveza Estrella Damm|5.4|3.0|l|2.32|€/l|6.96|agua,malta de cebada, arroz, lúpulo.|8410793022943|0|8.40|||||
730|2026-09-16 12:43:48|38|2026|43812|Lemon and lime soft drink Sprite Water & soft drinks Orange & lemon soft drinks Lemon and lime|0||28176|92|Agua y refrescos|Refresco de naranja y de limón|Lima limón|Bajadas de precio|Bajadas de precio|Refresco lima limón Sprite||2.64|l|1.52|€/l|4.00|ingredientes: agua carbonatada, azúcar, correctores de acidez: ácido cítrico (e-330) y citratos de sodio (e-331), edulcorantes: acesulfamo k (e-950), aspartamo y neohesperidina dc (e-959) y aromas naturales de limón y lima. contiene una fuente de fenilalanina.|5449000226785|0|4.88|||||
731|2026-09-16 12:43:48|38|2026|43812|Milk chocolate whole almonds Valor Sugar, sweets & chocolate Chocolate Milk chocolate|0||12107|93|Azúcar caramelos y chocolate|Chocolate|Chocolate con leche|Bajadas de precio|Bajadas de precio|Chocolate con leche Valor almendras enteras||0.25|kg|15.80|€/kg|3.95|azúcar, almendra (25%), manteca de cacao, pasta de cacao, leche en polvo, lactosuero en polvo (leche), emulgente: lecitina de soja, aromas. puede contener trazas de avellana.|8410109000078|0|4.95|||||
732|2026-09-16 12:43:49|38|2026|43812|Natural probiotics bifidus 0% fat 0% added sugars Activia Dessert & yoghurt Bífidus Natural bifidus|0||23477|94|Postres y yogures|Bífidus|Bífidus naturales|Bajadas de precio|Bajadas de precio|Bífidus natural probióticos Activia 0% MG  0% azúcares añadidos||0.96|kg|3.44|€/kg|3.30|leche desnatada, leche en polvo, bifidobacterias y fermentos lácticos y gelatina. origen de la leche: españa.|8410500008871|0|3.99|||||
733|2026-09-16 12:43:49|38|2026|43812|Natural probiotics bifidus with artificial sweeteners 0% fat 0% added sugars Activia Dessert & yoghurt Bífidus Natural bifidus|0||23476|95|Postres y yogures|Bífidus|Bífidus naturales|Bajadas de precio|Bajadas de precio|Bífidus natural edulcorado probióticos Activia 0% MG 0% azúcares añadidos||0.96|kg|3.44|€/kg|3.30|leche parcialmente desnatada pasteurizada, leche desnatada en polvo, gelatina, bifidobacterias y fermentos lácticos y edulcorantes (acesulfamo k y sucralosa).|8410500014421|0|3.99|||||
734|2026-09-16 12:43:49|38|2026|43812|Whole milk Asturiana Eggs, milk & butter Milk & milk alternatives Whole milk|1|España|10617|96|Huevos leche y mantequilla|Leche y bebidas vegetales|Leche entera|Bajadas de precio|Bajadas de precio|Leche entera Asturiana||1.0|l|1.24|€/l|1.24|leche entera|8410297112010|0|1.29|||Milk, whole, UHT|19023|
735|2026-09-16 12:43:49|38|2026|43812|Orange soft drink Fanta Water & soft drinks Orange & lemon soft drinks Orange|0||17542|97|Agua y refrescos|Refresco de naranja y de limón|Naranja|Bajadas de precio|Bajadas de precio|Refresco Fanta naranja||4.0|l|0.75|€/l|2.98|ingredientes: agua carbonatada, 5% zumo de naranja *a partir de concentrado, azúcar, acidulantes: ácido cítrico y ácido málico, estabilizantes: e-414, e-444, e-445 y e-412, edulcorantes: e-950 y aspartamo, corrector de acidez: citratos de sodio, conservador: e-202, aromas naturales de naranja y otros aromas naturales, colorante carotenos y antioxidante ácido ascórbico.|5449000350923|0|3.60|||||
736|2026-09-16 12:43:49|38|2026|43812|Lemon and lime soft drink Sprite Water & soft drinks Orange & lemon soft drinks Lemon and lime|0||27845|98|Agua y refrescos|Refresco de naranja y de limón|Lima limón|Bajadas de precio|Bajadas de precio|Refresco lima limón Sprite||0.33|l|1.67|€/l|0.55|ingredientes: agua carbonatada, azúcar, correctores de acidez: ácido cítrico (e-330) y citratos de sodio (e-331), edulcorantes: acesulfamo k (e-950), aspartamo y neohesperidina dc (e-959) y aromas naturales de limón y lima. contiene una fuente de fenilalanina.|5449000205520|0|0.65|||||
737|2026-09-16 12:43:49|38|2026|43812|Cured pancetta without rind slices La Selva Deli & cheese Bacon & sausages Bacon|0|España|29606|99|Charcutería y quesos|Bacón y salchichas|Bacón|Bajadas de precio|Bajadas de precio|Panceta curada sin corteza La Selva lonchas||0.2|kg|12.50|€/kg|2.50|panceta de cerdo, sal, azúcar, conservadores (e262, e252, e250), especias, extractos de especias.|8410973583363|0|2.65|||||
738|2026-09-16 12:43:49|38|2026|43812|Beer Estrella Damm Beer, wine & spirits Beer Beer cans|0|EU|27134|100|Bodega|Cerveza|Cerveza lata|Bajadas de precio|Bajadas de precio|Cerveza Estrella Damm|5.4|0.33|l|2.27|€/l|0.75|agua,malta de cebada, arroz, lúpulo.|8410793026132|0|0.89|||||
739|2026-09-16 12:43:49|38|2026|43812|Melted cheese with breadsticks La vaca que ríe Deli & cheese Sliced, grated & portioned cheese Cheese portions|0|Francia|51068|101|Charcutería y quesos|Queso lonchas rallado y en porciones|Queso en porciones|Bajadas de precio|Bajadas de precio|Queso fundido con palitos La vaca que ríe||0.14|kg|16.79|€/kg|2.35|@queso@ fundido (19.5% de materia grasa) (71,4%): @leche@ desnatada rehidratada, @quesos@, @mantequilla@, concentrado de minerales @lácteos@, proteínas de la @leche@, sales de fundido (polifosfatos), concentrado de @suero láctico@. bastoncitos de pan (28,6%): harina de @trigo@, aceite de girasol, malta de @cebada@, sal, levadura. puede contener trazas de sésamo. se utilizan 102 g de harina de @trigo@ para fabricar 100g de bastoncitos de pan.|3073780810661|0|2.59|||||
740|2026-09-16 12:43:50|38|2026|43812|Thin delicate Crisp Toasted Bread with Sesame and Sea Salt Wasa Bread & bakery Toasted bread & breadcrumbs Toasted bread|0||17572|102|Panadería y pastelería|Pan tostado y rallado|Pan tostado|Bajadas de precio|Bajadas de precio|Pan tostado fino con sésamo y sal marina Delicate Crisp Wasa||0.19|kg|7.37|€/kg|1.40|harina de trigo integral, harina de trigo, granos de sésamo (13%), aceite de colza, sal marina (1,4%), extracto de malta decebada, sal, levadura, antioxidante: extractos de romero.|7300400482615|0|1.80|||||
741|2026-09-16 12:43:50|38|2026|43812|Mango flavour soy dessert with no added sugar Alpro Dessert & yoghurt Soy desserts Soy desserts|0||21369|104|Postres y yogures|Postres de soja|Postres de soja|Bajadas de precio|Bajadas de precio|Postre de soja sabor mango Alpro sin azúcares añadidos||0.4|kg|5.75|€/kg|2.30|base de soja (agua, habas de soja descascarilladas (9,7%)), mango (17,7%) (zumo a partir de concentrado (11%), fruta(6,7%)), citrato tricálcico, estabilizante (pectinas), correctores de acidez (citratos de sodio, ácido cítrico), aroma natural,almidón modificado, sal marina, antioxidantes (extracto rico en tocoferoles, ésteres ácidos grasos de ácido ascórbico),vitaminas (b2, b12, d), extracto de calabaza, extracto de zanahorias, fermentos (s. thermophilus, l. bulgaricus). naturalmente sin lactosa y sin gluten.|5411188125808|0|2.60|||||
742|2026-09-16 12:43:50|38|2026|43812|Energy drink Monster Water & soft drinks Isotonic & energy drinks Energy|0||28664|105|Agua y refrescos|Isotónico y energético|Energético|Bajadas de precio|Bajadas de precio|Bebida energética Energy Monster||2.0|l|2.88|€/l|5.76|ingredientes: agua carbonatada, sacarosa, jarabe de glucosa, acidulante (ácido cítrico), aromas, taurina (0.4%), corrector de acidez (citratos de sodio), extracto de raíz de panax ginseng (0.08%), l-carnitina l-tartrato (0.04%), conservadores (ácido sórbico, ácido benzoico), cafeína (0.03%), colorante (antocianinas), vitaminas (b3, b6, b2, b12), edulcorante (sucralosa), cloruro sódico, d-glucuronolactona, extracto de semilla de guaraná (0.002%), inositol, maltodextrina.|5060517883805|0|7.08|||||
743|2026-09-16 12:43:50|38|2026|43812|Instant cup noodles Yatekomo chicken flavour Gallina Blanca Rice, pulses & pasta Pasta & noodles Oriental noodles|0|España|8618|106|Arroz legumbres y pasta|Pasta y fideos|Fideos orientales|Bajadas de precio|Bajadas de precio|Fideos orientales Yatekomo sabor pollo Gallina Blanca||0.06|kg|23.33|€/kg|1.40|fideos orientales (harina de trigo, aceite de girasol, sal) (91,7%), condimento (8,3%)(aromas naturales, sal, zanahoria, fibra de avena, azúcar, ajo, grasa de pollo (0,15%), especias, apio , aroma natural de apio, carne de pollo (0,05%), cebada malteada, puerro, perejil). puede contener trazas de soja, pescado, moluscos, crustáceos, leche, mostaza, huevo. contiene apio.|8410300349952|0|1.65|||||
744|2026-09-16 12:43:50|38|2026|43812|Frizzante verdejo white DulZ.Ze Beer, wine & spirits Lambrusco & sparkling wine Lambrusco & sparkling wine|0||23972|108|Bodega|Vino lambrusco y espumoso|Vino lambrusco y espumoso|Bajadas de precio|Bajadas de precio|Frizzante blanco verdejo DulZ.Ze|5.5|0.33|l|2.27|€/l|0.75|vino (uvas, conservador: anhídrido sulfuroso (sulfitos)), mosto de uva, agente estabilizante: ácido metatartárico, dioxido de carbono.|8402001053801|0|0.95|||||
745|2026-09-16 12:43:50|38|2026|43812|Mango Loco energy drink Monster Water & soft drinks Isotonic & energy drinks Energy|0||13815|110|Agua y refrescos|Isotónico y energético|Energético|Bajadas de precio|Bajadas de precio|Bebida energética Mango Loco Monster||2.0|l|2.88|€/l|5.76|ingredientes: agua carbonatada, zumo de frutas a base de concentrado (9%) (mango, guayaba, uva blanca, manzana, piña, naranja, albaricoque, melocotón, fruta de la pasión, limón), sacarosa, jarabe de glucosa, acidulantes (ácido cítrico, ácido málico), taurina (0.4%), aromas, correctores de acidez (citratos de potasio, citratos de sodio), conservadores (sorbato potásico, benzoato sódico), cafeína (0.03%), colorante (carotenos), edulcorante (sucralosa), vitaminas (b3, b6, b2, b12), estabilizantes (goma xantana, alginato sódico, goma arábiga), l-carnitina l-tartrato (0.004%), inositol (0.002%), concentrados de frutas y verduras (uva, zanahoria, boniato).|5060751213130|0|7.08|||||
746|2026-09-16 12:43:50|38|2026|43812|Sangria Rosé Casón Histórico Beer, wine & spirits Tinto de verano & sangria Tinto de verano & sangria|0||24530|112|Bodega|Tinto de verano y sangría|Tinto de verano y sangría|Bajadas de precio|Bajadas de precio|Sangría Rosé Casón Histórico|7.0|0.33|l|2.12|€/l|0.70|vino rosado (uvas, conservador: sulfitos), agua, azúcar, acidulante: ácido cítrico, extractos naturales de cítricos y de canela.|8402001053832|0|0.90|||||
747|2026-09-16 12:43:51|38|2026|43812|Energy Ultra drink zero Monster Water & soft drinks Isotonic & energy drinks Energy|0||28119|114|Agua y refrescos|Isotónico y energético|Energético|Bajadas de precio|Bajadas de precio|Bebida energética Energy Ultra zero azúcar Monster||0.5|l|2.90|€/l|1.45|ingredientes: agua carbonatada, acidulante (ácido cítrico), taurina (0.4%), corrector de acidez (citratos de sodio), aromas, extracto de raíz de panax ginseng (0.08%), edulcorantes (sucralosa, acesulfamo k), conservadores (ácido sórbico, ácido benzoico), cafeína (0.03%), l-carnitina l-tartrato (0.015%), vitaminas (b3, b5, b6, b12), cloruro sódico, d-glucuronolactona, extracto de semilla de guaraná (0.002%), inositol.|5060337501316|0|1.79|||||
748|2026-09-16 12:43:51|38|2026|43812|8 Cereals baby food with María biscuit +6 months Nestlé Baby Baby food Porridge|0|España|35602|115|Bebé|Alimentación infantil|Papillas|Bajadas de precio|Bajadas de precio|Papilla 8 cereales con galleta María Nestlé +6 meses||0.725|kg|6.83|€/kg|4.95|cereales (78,7%) [harinas de trigo hidrolizada, trigo integral (12,6%), avena integral (6%), cebada, centeno, maíz, espelta, arroz, triticale], galleta molida (15,4%) (harina de trigo y leche en polvo), leche en polvo (5,2%), sales minerales (calcio, hierro, zinc y yodo), vitaminas (c, e, b3, b1, a, b6, ácido fólico y d), aromas.|8445290686879|0|5.75|||||
749|2026-09-16 12:43:51|38|2026|43812|Tostada beer Turia Beer, wine & spirits Beer Beer cans|0||60600|117|Bodega|Cerveza|Cerveza lata|Bajadas de precio|Bajadas de precio|Cerveza tostada Turia|5.4|3.96|l|2.09|€/l|8.28|agua,malta de cebada, arroz, lúpulo.|8413194098531|0|10.20|||||
750|2026-09-16 12:43:51|38|2026|43812|Wafer bar covered in milk chocolate Kit-kat Sugar, sweets & chocolate Chocolate Bars|0||16285|119|Azúcar caramelos y chocolate|Chocolate|Chocolatinas|Bajadas de precio|Bajadas de precio|Barritas de barquillo Kit-Kat bañadas de chocolate con leche||0.1245|kg|15.66|€/kg|1.95|azúcar, harina de trigo (contiene calcio, hierro, tiamina y niacina), pasta de cacao', manteca de cacao', leche en polvo, grasas vegetales (palma, shea,palmiste, sal), leche desnatada en polvo, suero de leche filtrado en polvo, emulgente (lecitinas), levadura, gasificante (carbonatos de sodio), jarabe de glucosa, grasa láctea anhidra, suero de leche en polvo, aromas naturales.|8445291354548|0|2.30|||||
751|2026-09-16 12:43:51|38|2026|43812|Soft beer Xibeca Damm Beer, wine & spirits Beer Beer bottles|0|EU|27144|121|Bodega|Cerveza|Cerveza botella y botellín|Bajadas de precio|Bajadas de precio|Cerveza suave Xibeca Damm|4.6|1.0|l|1.41|€/l|1.41|agua,malta de cebada, maíz, arroz, lúpulo.|8410793013118|0|1.73|||||
752|2026-09-16 12:43:51|38|2026|43812|Mango Loco energy drink Monster Water & soft drinks Isotonic & energy drinks Energy|0||13814|122|Agua y refrescos|Isotónico y energético|Energético|Bajadas de precio|Bajadas de precio|Bebida energética Mango Loco Monster||0.5|l|3.10|€/l|1.55|ingredientes: agua carbonatada, zumo de frutas a base de concentrado (9%) (mango, guayaba, uva blanca, manzana, piña, naranja, albaricoque, melocotón, fruta de la pasión, limón), sacarosa, jarabe de glucosa, acidulantes (ácido cítrico, ácido málico), taurina (0.4%), aromas, correctores de acidez (citratos de potasio, citratos de sodio), conservadores (sorbato potásico, benzoato sódico), cafeína (0.03%), colorante (carotenos), edulcorante (sucralosa), vitaminas (b3, b6, b2, b12), estabilizantes (goma xantana, alginato sódico, goma arábiga), l-carnitina l-tartrato (0.004%), inositol (0.002%), concentrados de frutas y verduras (uva, zanahoria, boniato).|5060639121915|0|1.89|||||
753|2026-09-16 12:43:51|38|2026|43812|8 Cereals baby food with honey +6 months Nestlé Baby Baby food Porridge|0|España|35601|123|Bebé|Alimentación infantil|Papillas|Bajadas de precio|Bajadas de precio|Papilla 8 cereales con miel Nestlé +6 meses||0.725|kg|6.83|€/kg|4.95|cereales (87,2%) [harinas de trigo hidrolizada, trigo integral (10,5%), avena integral (5%), cebada, centeno, maíz, espelta, arroz y triticale], miel (9,4%), aceites vegetales (girasol alto oleico, girasol y nabina), sales minerales (calcio, hierro, zinc y yodo), vitaminas (c, e, b3, b1, a, b6, ácido fólico y d), aroma.|8445290686848|0|5.75|||||
754|2026-09-16 12:43:52|38|2026|43812|Energy drink Monster Water & soft drinks Isotonic & energy drinks Energy|0||28016|124|Agua y refrescos|Isotónico y energético|Energético|Bajadas de precio|Bajadas de precio|Bebida energética Energy Monster||0.5|l|3.10|€/l|1.55|ingredientes: agua carbonatada, sacarosa, jarabe de glucosa, acidulante (ácido cítrico), aromas, taurina (0.4%), corrector de acidez (citratos de sodio), extracto de raíz de panax ginseng (0.08%), l-carnitina l-tartrato (0.04%), conservadores (ácido sórbico, ácido benzoico), cafeína (0.03%), colorante (antocianinas), vitaminas (b3, b6, b2, b12), edulcorante (sucralosa), cloruro sódico, d-glucuronolactona, extracto de semilla de guaraná (0.002%), inositol, maltodextrina.|5060166690380|0|1.89|||||
755|2026-09-16 12:43:52|38|2026|43812|Soft beer Xibeca Damm Beer, wine & spirits Beer Beer bottles|0|EU|60333|126|Bodega|Cerveza|Cerveza botella y botellín|Bajadas de precio|Bajadas de precio|Cerveza suave Xibeca Damm|4.6|6.0|l|1.41|€/l|8.46|agua,malta de cebada, maíz, arroz, lúpulo.|8410793013316|0|10.38|||||
756|2026-09-16 12:43:52|38|2026|43812|Tostada beer Turia Beer, wine & spirits Beer Beer cans|0|EU|60980|129|Bodega|Cerveza|Cerveza lata|Bajadas de precio|Bajadas de precio|Cerveza tostada Turia|5.4|0.33|l|2.18|€/l|0.72|agua,malta de cebada, arroz, lúpulo.|8413194096131|0|0.87|||||
757|2026-09-16 12:43:52|38|2026|43812|Strawberry Energy Ultra drink zero Monster Water & soft drinks Isotonic & energy drinks Energy|0||16440|130|Agua y refrescos|Isotónico y energético|Energético|Bajadas de precio|Bajadas de precio|Bebida energética Strawberry Energy Ultra zero azúcar Monster||0.5|l|2.90|€/l|1.45|ingredientes: agua carbonada, potenciador del sabor (eritritol), ácido (ácido cítrico), taurina (0,4%), regulador de acidez (citratos de sodio), aroma natural de fresa con otros aromas naturales, extracto de raíz de panax ginseng (0,08%), conservantes (sorbato de potasio, benzoato de sodio), cafeína (0,03%), edulcorantes (sucralosa, acesulfame k), l-carnitina l-tartrato (0,015%), vitaminas (b3, b5, b6, b12), estabilizante (ésteres glicerol de resinas de madera), extracto de semilla de guaraná (0,002%), inositol, colorantes (e129, e110, e133).|5056784900826|0|1.79|||||
758|2026-09-16 12:43:53|38|2026|43812|Skimmed milk Asturiana Eggs, milk & butter Milk & milk alternatives Skimmed milk|1|España|10532|131|Huevos leche y mantequilla|Leche y bebidas vegetales|Leche desnatada|Bajadas de precio|Bajadas de precio|Leche desnatada Asturiana||6.0|l|1.06|€/l|6.36|leche desnatada de vaca|8410297113680|0|6.78|||Milk, skimmed, UHT|19050|
759|2026-09-16 12:43:52|38|2026|43812|Hake and shrimp preparation Seafood & fish Fresh fish Other|0||27548|133|Marisco y pescado|Pescado fresco|Otros|Bajadas de precio|Bajadas de precio|Elaborado de merluza y langostino||0.2|kg|14.75|€/kg|2.95|62% merluza (pescado), 11% langostino ((crustáceo), agua, sal, antioxidantes e330, e331, estabilizante e451, e452), harina de arroz, aceite refinado de girasol, fibras vegetales, almidón, azúcar, corrector de la acidez (vinagre tamponado), especias (perejil y ajo) y aromas. puede contener trazas de huevos y derivados, moluscos y derivados y sulfitos.|8480000275486|0|3.30|||||
760|2026-09-16 12:43:52|38|2026|43812|Mango flavored frizzante Piccolo Giovanni Beer, wine & spirits Lambrusco & sparkling wine Lambrusco & sparkling wine|0||23967|134|Bodega|Vino lambrusco y espumoso|Vino lambrusco y espumoso|Bajadas de precio|Bajadas de precio|Frizzante sabor mango Piccolo Giovanni|3.9|0.75|l|2.67|€/l|2.00|agua, vino (uvas, conservador: anhídrido sulfuroso (sulfitos)), azúcar, acidulante: ácido cítrico, dióxido de carbono, aromas y colorantes: e-102 y e-110.|8402001053818|0|2.35|||||
761|2026-09-16 12:43:52|38|2026|43812|Skimmed milk Asturiana Eggs, milk & butter Milk & milk alternatives Skimmed milk|1|España|10801|136|Huevos leche y mantequilla|Leche y bebidas vegetales|Leche desnatada|Bajadas de precio|Bajadas de precio|Leche desnatada Asturiana||1.0|l|1.06|€/l|1.06|leche desnatada|8410297012105|0|1.13|||Milk, skimmed, UHT|19050|
762|2026-09-16 12:43:52|38|2026|43812|Omega 3 dairy drink with skimmed milk Puleva Eggs, milk & butter Milk & milk alternatives Skimmed milk|1|España|10146|137|Huevos leche y mantequilla|Leche y bebidas vegetales|Leche desnatada|Bajadas de precio|Bajadas de precio|Bebida láctea Omega 3 Puleva con leche desnatada||6.0|l|1.69|€/l|10.14|leche desnatada (80%), permeado de leche reconstituido, aceites vegetales (girasol alto oleico y oliva (0,05%)), emulgentes (lecitinas (soja)) y ésteres cítricos de monoglicéridos y diglicéridos), aceite de pescado azul, estabilizantes (citrato tripotásico, trifosfato pentasódico), vitaminas (a, b6, ácido fólico, c, d, e y b12), antioxidantes (extracto rico en tocoferoles y palmitato de ascorbilo), extracto de té verde (0,005%), extracto de uva (0,001%)|8411700811117|0|11.34|"{""letter"": ""B"", ""points"": -1, ""negative_points"": {""negative_points"": 6, ""energy_score"": 3, ""sugars_score"": 3, ""saturated_fats_score"": 0, ""salt_score"": 0, ""non_sweeteners_score"": 0}, ""positive_points"": {""positive_points"": 7, ""proteins_score"": 7, ""fiber_score"": 0, ""fruit_percentage_score"": 0}, ""request_made"": {""Energia"": 185.0, ""sucres"": 4.8, ""greixos_saturats"": 0.2, ""sal"": 0.18, ""sodi"": 0.072, ""fibra"": 0.0, ""proteines"": 4.4, ""fruit_percentage"": 0.0, ""ingredients"": ""leche desnatada (80%), permeado de leche reconstituido, aceites vegetales (girasol alto oleico y oliva (0,05%)), emulgentes (lecitinas (soja)) y \u00e9steres c\u00edtricos de monoglic\u00e9ridos y diglic\u00e9ridos), aceite de pescado azul, estabilizantes (citrato tripot\u00e1sico, trifosfato pentas\u00f3dico), vitaminas (a, b6, \u00e1cido f\u00f3lico, c, d, e y b12), antioxidantes (extracto rico en tocoferoles y palmitato de ascorbilo), extracto de t\u00e9 verde (0,005%), extracto de uva (0,001%)""}, ""nutriscore_category"": ""BEVERAGES""}"||Milk, skimmed, UHT|19050|
763|2026-09-16 12:43:53|38|2026|43812|Omega 3 dairy drink with skimmed milk Puleva Eggs, milk & butter Milk & milk alternatives Skimmed milk|1|España|10884|138|Huevos leche y mantequilla|Leche y bebidas vegetales|Leche desnatada|Bajadas de precio|Bajadas de precio|Bebida láctea Omega 3 Puleva con leche desnatada||1.0|l|1.69|€/l|1.69|leche desnatada (80%), permeado de leche reconstituido, aceites vegetales (girasol alto oleico y oliva (0,05%)), emulgentes (lecitinas (soja)) y ésteres cítricos de monoglicéridos y diglicéridos), aceite de pescado azul, estabilizantes (citrato tripotásico, trifosfato pentasódico), vitaminas (a, b6, ácido fólico, c, d, e y b12), antioxidantes (extracto rico en tocoferoles y palmitato de ascorbilo), extracto de té verde (0,005%), extracto de uva (0,001%)|8411700011111|0|1.89|||Milk, skimmed, UHT|19050|
764|2026-09-16 12:43:53|38|2026|43812|Chicken and beef with vegetables baby food +6 months Hero Solo Baby Baby food Savoury pots|0|España|9058|140|Bebé|Alimentación infantil|Tarritos salados|Bajadas de precio|Bajadas de precio|Papilla verduritas con pollo y ternera Hero Solo +6 meses||0.235|kg|7.66|€/kg|1.80|verduras y legumbres (45%) (zanahoria (14%), judías verdes (10%), tomate (9%), cebolla, guisantes, brócoli (3%)), patata (27%), agua de cocción, carne de pollo (6%), carne de ternera (2%), aceite de oliva virgen extra (2%).|8410175050021|0|1.85|||||
765|2026-09-16 12:43:53|38|2026|43812|Omega-3 nuts skim milk drink Puleva Eggs, milk & butter Milk & milk alternatives Skimmed milk|1|España|10282|142|Huevos leche y mantequilla|Leche y bebidas vegetales|Leche desnatada|Bajadas de precio|Bajadas de precio|Bebida láctea Omega 3 Puleva con nueces y leche desnatada||1.0|l|1.69|€/l|1.69|leche desnatada (80%), permeado de leche reconstituido, aceites vegetales (girasol alto oleico y oliva (0,05%)), emulgentes (lecitinas (soja)) y ésteres cítricos de monoglicéridos y diglicéridos), estabilizantes (citrato tripotásico, e-460 y e-466), aceite de pescado azul, colorante (e-150c), preparado de nuez en polvo (0,04% de nuez), fosfato tricálcico, aroma, vitaminas (a, b6, ácido fólico, c, d, e y b12), extracto de té verde (0,005%), extracto de uva (0,001%) y edulcorante (sucralosa)|8411700011302|0|1.95|"{""letter"": ""B"", ""points"": 0, ""negative_points"": {""negative_points"": 6, ""energy_score"": 3, ""sugars_score"": 3, ""saturated_fats_score"": 0, ""salt_score"": 0, ""non_sweeteners_score"": 0}, ""positive_points"": {""positive_points"": 6, ""proteins_score"": 6, ""fiber_score"": 0, ""fruit_percentage_score"": 0}, ""request_made"": {""Energia"": 208.0, ""sucres"": 4.4, ""greixos_saturats"": 0.5, ""sal"": 0.1, ""sodi"": 0.04, ""fibra"": 0, ""proteines"": 2.8, ""fruit_percentage"": 0.0, ""ingredients"": ""leche desnatada (80%), permeado de leche reconstituido, aceites vegetales (girasol alto oleico y oliva (0,05%)), emulgentes (lecitinas (soja)) y \u00e9steres c\u00edtricos de monoglic\u00e9ridos y diglic\u00e9ridos), estabilizantes (citrato tripot\u00e1sico, e-460 y e-466), aceite de pescado azul, colorante (e-150c), preparado de nuez en polvo (0,04% de nuez), fosfato tric\u00e1lcico, aroma, vitaminas (a, b6, \u00e1cido f\u00f3lico, c, d, e y b12), extracto de t\u00e9 verde (0,005%), extracto de uva (0,001%) y edulcorante (sucralosa)""}, ""nutriscore_category"": ""BEVERAGES""}"||Milk, skimmed, UHT|19050|
766|2026-09-16 12:43:53|38|2026|43812|Johnnie Walker Scotch whisky Red Label Beer, wine & spirits Spirits Whiskey|0||28610|143|Bodega|Licores|Whisky|Bajadas de precio|Bajadas de precio|Whisky escocés Red Label Johnnie Walker|40.0|0.7|l|20.93|€/l|14.65||5000267014203|0|16.00|||||
767|2026-09-16 12:43:53|38|2026|43812|Max energy and growth milk drink with cereals Puleva Eggs, milk & butter Milk & milk alternatives Children's milk|1|España|10820|144|Huevos leche y mantequilla|Leche y bebidas vegetales|Leche Infantil|Bajadas de precio|Bajadas de precio|Bebida láctea con cereales crecimiento y desarrollo Puleva Max||6.0|l|1.59|€/l|9.54|leche parcialmente desnatada (0,8% m.g), agua, cereales hidrolizados 4% (trigo, arroz, maíz, avena, cebada, centeno, triticale y espelta), azúcar, aceites vegetales (girasol alto oleico y oliva),emulgentes (e-472c y lecitinas (soja)), sales minerales (fosfaro tricálcico, citrato magnésico, pirofosfato férrico y sulfato de zinc), aceite de pescado azul rico en dha, estabilizantes (e-339ii, carragenato, celulosa y goma celulosa), antioxidantes (tocoferol y palminato de ascorbilo), fructosa, vitaminas (a, b1, b2, b3, b5, b6, b8,b12, c, d, e y k) y aroma.|8411700603613|0|11.34|||Baby milk, growing-up milk, ready to drink|19012|
768|2026-09-16 12:43:53|38|2026|43812|Big mineral water Viladrau Water & soft drinks Water Still water|0|Manantial FONTALEGRE|27221|145|Agua y refrescos|Agua|Agua sin gas|Bajadas de precio|Bajadas de precio|Agua mineral grande Viladrau||1.5|l|0.37|€/l|0.55|bicarbonato (114 mg/l), calcio (28,5 mg/l), sodio (12,2 mg/l), magnesio (4,2 mg/l), sulfato (11,2 mg/l), cloruro (6 mg/l), residuo seco a 180º (137 mg/l)|8411002101305|0|0.69|||||
769|2026-09-16 12:43:54|38|2026|43812|Max growth and development milk drink Puleva Eggs, milk & butter Milk & milk alternatives Children's milk|1|España|10781|146|Huevos leche y mantequilla|Leche y bebidas vegetales|Leche Infantil|Bajadas de precio|Bajadas de precio|Bebida láctea con cereales crecimiento y desarrollo Puleva Max||1.0|l|1.59|€/l|1.59|leche parcialmente desnatada (0,8% m.g), agua, cereales hidrolizados 4% (trigo, arroz, maíz, avena, cebada, centeno, triticale y espelta), azúcar, aceites vegetales (girasol alto oleico y oliva),emulgentes (e-472c y lecitinas (soja)), sales minerales (fosfaro tricálcico, citrato magnésico, pirofosfato férrico y sulfato de zinc), aceite de pescado   azul rico en dha, estabilizantes (e-339ii, carragenato, celulosa y goma   celulosa), antioxidantes (tocoferol y palminato de ascorbilo),   fructosa, vitaminas (a, b1, b2, b3, b5, b6, b8,b12, c, d, e y k) y   aroma.|8411700010121|0|1.89|||Baby milk, growing-up milk, ready to drink|19012|
770|2026-09-16 12:43:54|38|2026|43812|Original tonic Schweppes Water & soft drinks Tonic & bitter Tonic & bitter|0||16461|148|Agua y refrescos|Tónica y bitter|Tónica y bitter|Bajadas de precio|Bajadas de precio|Tónica original Schweppes||1.0|l|1.80|€/l|1.80|agua, azúcar, anhídrido carbónico, acidulante: ácido cítrico, aromas naturales, edulcorantes: ciclamato sódico y sacarina sódica, aroma quinina.|8414100381631|0|1.99|||||
771|2026-09-16 12:43:54|38|2026|43812|Omega 3 dairy drink with nuts and skimmed milk Puleva Eggs, milk & butter Milk & milk alternatives Skimmed milk|1|España|10281|149|Huevos leche y mantequilla|Leche y bebidas vegetales|Leche desnatada|Bajadas de precio|Bajadas de precio|Bebida láctea Omega 3 Puleva con nueces y leche desnatada||6.0|l|1.69|€/l|10.14|leche desnatada (80%), permeado de leche reconstituido, aceites vegetales (girasol alto oleico y oliva (0,05%)), emulgentes (lecitinas (soja)) y ésteres cítricos de monoglicéridos y diglicéridos), estabilizantes (citrato tripotásico, e-460 y e-466), aceite de pescado azul, colorante (e-150c), preparado de nuez en polvo (0,04% de nuez), fosfato tricálcico, aroma, vitaminas (a, b6, ácido fólico, c, d, e y b12), extracto de té verde (0,005%), extracto de uva (0,001%) y edulcorante (sucralosa)|8411700911305|0|11.70|"{""letter"": ""B"", ""points"": 0, ""negative_points"": {""negative_points"": 6, ""energy_score"": 3, ""sugars_score"": 3, ""saturated_fats_score"": 0, ""salt_score"": 0, ""non_sweeteners_score"": 0}, ""positive_points"": {""positive_points"": 6, ""proteins_score"": 6, ""fiber_score"": 0, ""fruit_percentage_score"": 0}, ""request_made"": {""Energia"": 208.0, ""sucres"": 4.4, ""greixos_saturats"": 0.5, ""sal"": 0.1, ""sodi"": 0.04, ""fibra"": 0, ""proteines"": 2.8, ""fruit_percentage"": 0.0, ""ingredients"": ""leche desnatada (80%), permeado de leche reconstituido, aceites vegetales (girasol alto oleico y oliva (0,05%)), emulgentes (lecitinas (soja)) y \u00e9steres c\u00edtricos de monoglic\u00e9ridos y diglic\u00e9ridos), estabilizantes (citrato tripot\u00e1sico, e-460 y e-466), aceite de pescado azul, colorante (e-150c), preparado de nuez en polvo (0,04% de nuez), fosfato tric\u00e1lcico, aroma, vitaminas (a, b6, \u00e1cido f\u00f3lico, c, d, e y b12), extracto de t\u00e9 verde (0,005%), extracto de uva (0,001%) y edulcorante (sucralosa)""}, ""nutriscore_category"": ""BEVERAGES""}"||Milk, skimmed, UHT|19050|
772|2026-09-16 12:43:54|38|2026|43812|Original lemon soft drink Schweppes Water & soft drinks Orange & lemon soft drinks Lemon & lemon-lime|0||27761|150|Agua y refrescos|Refresco de naranja y de limón|Limón|Bajadas de precio|Bajadas de precio|Refresco limón Schweppes original||2.64|l|1.91|€/l|5.04|agua, azúcar, zumo de limón procedente de concentrado (2,5%), extractos de limón (0,5%), anhídrido carbónico, acidulante: ácido cítrico, aroma natural de limón con otros aromas naturales, edulcorantes: ciclamato sódico y sucralosa, estabilizantes: octenilsuccinato sódico de almidón, ésteres glicéridos de colofonia de madera y acetato de isobutirato de sacarosa, conservador: sorbato potásico.|8410600008030|0|5.20|||||
773|2026-09-16 12:43:54|38|2026|43812|Instant chocolate drink Nesquik Chocolate drinks, coffee & tea Chocolate drinks & hot chocolate Chocolate drinks|0||21985|153|Cacao café e infusiones|Cacao soluble y chocolate a la taza|Cacao soluble|Bajadas de precio|Bajadas de precio|Cacao soluble instantáneo Nesquik||2.5|kg|6.34|€/kg|15.85|azúcar, cacao natural desgrasado en polvo (23%), emulgente (lecitina de soja), sal, vitaminas (c,d), aroma natural, canela. sin gluten y sin lactosa.|8445290092830|0|16.15|||||
774|2026-09-16 12:43:54|38|2026|43812|Rice with chicken baby food +6 months Hero Solo Baby Baby food Savoury pots|0|España|9247|155|Bebé|Alimentación infantil|Tarritos salados|Bajadas de precio|Bajadas de precio|Papilla arroz con pollo Hero Solo +6 meses||0.235|kg|7.66|€/kg|1.80|agua de cocción, arroz (20%), carne de pollo (8%), zanahoria, tomate, cebolla, apio y aceite de oliva virgen (1,6%). sin gluten.|8410175050120|0|1.85|||||
775|2026-09-16 12:43:54|38|2026|43812|Scotch whisky J&B Beer, wine & spirits Spirits Whiskey|0||28613|156|Bodega|Licores|Whisky|Bajadas de precio|Bajadas de precio|Whisky escocés J&B|40.0|0.7|l|16.57|€/l|11.60||5010103800259|0|11.95|||||
776|2026-09-16 12:43:55|38|2026|43812|Puleva growth milk mix Peques 3 Baby Baby food Milk|0||9049|159|Bebé|Alimentación infantil|Leche|Bajadas de precio|Bajadas de precio|Preparado lácteo crecimiento Peques 3 Puleva||6.0|l|1.79|€/l|10.74|leche parcialmente desnatada (2,5% m.g.), agua, maltodextrina, aceites vegetales (girasol alto oleico y oliva), sales minerales (fosfato tricálcico, citrato tripotásico, pirofosfato férrico, sulfato de zinc, citrato de magnesio, sulfato de manganeso, yoduro potásico, fosfato dipotásico, carbonato cálcico, fosfato dicálcico y yodato potásico), emulgentes (e-472c y lecitinas (soja)), concentrado de proteína de suero (leche), aceite de pescado azul rico en dha, aromas, estabilizante (fosfato disódico), vitaminas (a, b1, b2, b3, b5, b6, b8, b9, b12, c, d, e y k), cloruro de colina y lactasa.|8411700812213|0|12.00|||||
777|2026-09-16 12:43:55|38|2026|43812|Puleva growth milk mix cereal and fruit Peques 3 Baby Baby food Milk|0||20321|160|Bebé|Alimentación infantil|Leche|Bajadas de precio|Bajadas de precio|Preparado lácteo con cereales y frutas Peques 3 Puleva||0.6|l|2.98|€/l|1.79|ingredientes: leche parcialmente desnatada (2,9% m.g.), agua, zumo de manzana y plátano reconstituido a partir de concentrado (8%), harinas de cereales hidrolizados (4%) (trigo, maíz, arroz, avena, cebada, centeno, triticale y espelta), sacarosa, maltodextrinas, aceites vegetales (girasol alto oleico y oliva), concentrado de proteína de suero (leche), fructosa, sales minerales (fosfato tricálcico, citrato tripotásico, pirofosfato férrico, sulfato de zinc, citrato de magnesio, sulfato de manganeso, yoduro potásico, fosfato disódico, fosfato dipotásico, carbonato cálcico, fosfato dicálcico y yodato potásico), emulgentes (e-472c y lecitinas (soja)), estabilizantes (celulosa, goma de celulosa y carragenato),  aceite de pescado azul rico en dha, aromas, vitaminas (a, b1, b2, b3, b5, b6, b8, b9, b12, c, d, e y k),  y cloruro de colina.|8411700412321|0|2.00|||||
778|2026-09-16 12:43:55|38|2026|43812|Max energy and growth milk drink Puleva Eggs, milk & butter Milk & milk alternatives Children's milk|1|España|10726|161|Huevos leche y mantequilla|Leche y bebidas vegetales|Leche Infantil|Bajadas de precio|Bajadas de precio|Bebida láctea crecimiento y desarrollo Puleva Max||6.0|l|1.59|€/l|9.54|leche semidesnatada, agua, aceites vegetales (girasol alto oleico y oliva), sales minerales (citrato tripotásico, fosfato tricálcico, pirofosfato de hierro, sulfato de zinc), aceite de pescado rico en dha, emulgentes (lecitinas (soja)), aromas, vitaminas (a, d, e, b1, b2, b3, b6, b12, b5, b8, b9 y c), antioxidantes (extracto rico en tocoferoles y ascorbil palmitato) y lactasa.|8411700810011|0|10.74|||Baby milk, growing-up milk, ready to drink|19012|
779|2026-09-16 12:43:55|38|2026|43812|Max energy and growth milk drink Puleva Eggs, milk & butter Milk & milk alternatives Children's milk|1|España|10723|162|Huevos leche y mantequilla|Leche y bebidas vegetales|Leche Infantil|Bajadas de precio|Bajadas de precio|Bebida láctea crecimiento y desarrollo Puleva Max||1.0|l|1.59|€/l|1.59|leche semidesnatada, agua, aceites vegetales (girasol alto oleico y oliva), sales minerales (citrato tripotásico, fosfato tricálcico, pirofosfato de hierro, sulfato de zinc), aceite de pescado rico en dha, emulgentes (lecitinas (soja)), aromas, vitaminas (a, d, e, b1, b2, b3, b6, b12, b5, b8, b9 y c), antioxidantes (extracto rico en tocoferoles y ascorbil palmitato) y lactasa.|8411700010015|0|1.79|||Baby milk, growing-up milk, ready to drink|19012|
780|2026-09-16 12:43:55|38|2026|43812|Vegetables with hake baby food +6 months Hero Solo Baby Baby food Savoury pots|0|España|9280|163|Bebé|Alimentación infantil|Tarritos salados|Bajadas de precio|Bajadas de precio|Papilla verduritas con merluza Hero Solo +6 meses||0.235|kg|7.66|€/kg|1.80|verduras y legumbres (40%) (zanahoria (14%), tomate (10%), judías verdes (6%), cebolla, guisantes (3%), apio), patata (30%), leche entera (11%), merluza (8,5%), agua de cocción, aceite de oliva virgen extra (2,1%). sin gluten.|8410175052223|0|1.85|||||
781|2026-09-16 12:43:55|38|2026|43812|Puleva growth milk mix with cereal Peques 3 Baby Baby food Milk|0||9057|164|Bebé|Alimentación infantil|Leche|Bajadas de precio|Bajadas de precio|Preparado lácteo con cereales crecimiento Peques 3 Puleva||6.0|l|1.79|€/l|10.74|leche parcialmente desnatada (2,6 % m.g.), agua, harinas de cereales hidrolizados (4%) (trigo, maíz, arroz, avena, cebada, centeno, triticale y espelta), maltodextrinas, aceites vegetales (girasol alto oleico y oliva), sacarosa, concentrado de proteína de suero (leche),   fructosa, sales minerales (fosfato tricálcico, citrato tripotásico,   pirofosfato férrico, sulfato de zinc, citrato de magnesio, sulfato de   manganeso, yoduro potásico, fosfato disódico, fosfato dipotásico,   carbonato cálcico, fosfato dicálcico y yodato potásico), emulgentes   (e-472c y lecitinas (soja)), aceite de pescado azul rico   en dha, vitaminas (a, b1, b2, b3, b5, b6, b8, b9, b12, c, d, e y k),   estabilizantes (celulosa, goma de celulosa y carragenato) y cloruro de   colina.|8411700912418|0|12.00|||||
782|2026-09-16 12:43:56|38|2026|43812|Beef with baby carrots baby food +6 months Hero Solo Baby Baby food Savoury pots|0|España|9242|165|Bebé|Alimentación infantil|Tarritos salados|Bajadas de precio|Bajadas de precio|Papilla zanahorias baby con ternera Hero Solo +6 meses||0.235|kg|7.66|€/kg|1.80|verduras (40%) (zanahoria (20%), tomate, apio, cebolla), patata (31%), agua de cocción, carne de ternera (8%), aceite de oliva virgen extra (1,4%).|8410175050229|0|1.85|||||
783|2026-09-16 12:43:56|38|2026|43812|Natur Turkey with vegetables baby food +6 months Hero Solo Baby Baby food Savoury pots|0|España|9246|167|Bebé|Alimentación infantil|Tarritos salados|Bajadas de precio|Bajadas de precio|Papilla verduritas con delicias de pavo Hero Solo natur +6 meses||0.235|kg|7.66|€/kg|1.80|verduras y legumbres (40%) (tomate, calabaza (10%), zanahoria (9%), cebolla, guisantes (2%)), patata (30%), agua de cocción, carne de pavo (8%), aceite de oliva virgen extra (2,3%).|8410175052421|0|1.85|||||
784|2026-09-16 12:43:56|38|2026|43812|Sangre de Toro red wine, DO Catalunya Bodegas Torres Beer, wine & spirits Red wine Other red wines|0||66510|168|Bodega|Vino tinto|Otros vinos tintos|Bajadas de precio|Bajadas de precio|Vino tinto Sangre de Toro Bodegas Torres DO Catalunya|13.5|0.75|l|5.33|€/l|4.00|uvas, correctores de la acidez (ácido tartárico[l(+)]), agentes estabilizantes (goma arábiga, manoproteínas de levadura), conservadores (sulfitos), embotellado en atmósfera protectora.|8410113003027|0|4.30|||||
785|2026-09-16 12:43:56|38|2026|43812|Puleva growth milk mix Peques 3 Baby Baby food Milk|0||9040|169|Bebé|Alimentación infantil|Leche|Bajadas de precio|Bajadas de precio|Preparado lácteo crecimiento Peques 3 Puleva||1.0|l|1.79|€/l|1.79|leche parcialmente desnatada (2,5% m.g.), agua,  maltodextrina, aceites vegetales (girasol alto oleico y oliva), sales minerales (fosfato tricálcico, citrato tripotásico, pirofosfato férrico, sulfato de zinc, citrato de magnesio, sulfato de manganeso, yoduro potásico, fosfato dipotásico, carbonato cálcico, fosfato dicálcico y yodato potásico),  emulgentes (e-472c y lecitinas (soja)), concentrado de proteína de suero (leche), aceite de pescado azul rico en dha, aromas, estabilizante (fosfato disódico),  vitaminas (a, b1, b2, b3, b5, b6, b8, b9, b12, c, d, e y k), cloruro de colina y lactasa.|8411700012217|0|2.00|||||
786|2026-09-16 12:43:56|38|2026|43812|Puleva growth milk mix with cereal Peques 3 Baby Baby food Milk|0||9034|170|Bebé|Alimentación infantil|Leche|Bajadas de precio|Bajadas de precio|Preparado lácteo con cereales crecimiento Peques 3 Puleva||1.0|l|1.79|€/l|1.79|leche parcialmente desnatada (2,6 % m.g.), agua, harinas de cereales hidrolizados (4%) (trigo, maíz, arroz, avena, cebada, centeno, triticale y espelta), maltodextrinas, aceites vegetales (girasol alto oleico y oliva), sacarosa, concentrado de proteína de suero (leche), fructosa, sales minerales (fosfato tricálcico, citrato tripotásico, pirofosfato férrico, sulfato de zinc, citrato de magnesio, sulfato de manganeso, yoduro potásico, fosfato disódico, fosfato dipotásico, carbonato cálcico, fosfato dicálcico y yodato potásico), emulgentes (e-472c y lecitinas (soja)), aceite de pescado azul rico en dha, vitaminas (a, b1, b2, b3, b5, b6, b8, b9, b12, c, d, e y k), estabilizantes (celulosa, goma de celulosa y carragenato) y cloruro de colina.|8411700012415|0|2.00|||||
787|2026-09-16 12:43:56|38|2026|43812|Carrots and rice in chicken soup baby food +6 months Hero Solo Baby Baby food Savoury pots|0|España|9259|171|Bebé|Alimentación infantil|Tarritos salados|Bajadas de precio|Bajadas de precio|Papilla zanahorias con arroz en caldito de pollo Hero Solo +6 meses||0.235|kg|7.66|€/kg|1.80|verduras (40%) (zanahoria (35%), cebolla (5%)), caldo de pollo (28%), arroz cocido (24%), carne de pollo (6%), aceite de oliva virgen extra (2%), laurel. sin gluten.|8410175051226|0|1.85|||||
788|2026-09-16 12:43:56|38|2026|43812|Pork salted meat preparation Meat Meat boxes Meat boxes|0||1423|2|Carne|Arreglos|Arreglos|Han vuelto|Han vuelto|Preparado de cerdo salado||0.5|kg|5.20|€/kg|2.60|hueso blanco salado (hueso de cerdo y sal), tocino ibérico salado (tocino de cerdo ibérico, sal, dextrosa, antioxidante (e-301) y conservador (e-250)),  hueso de jamón curado (jamón de cerdo, sal marina, antioxidante (e-301), corrector de la acidez (e-331iii), conservador (e-252)), tocino con corteza añejo (tocino con corteza y sal) y sal.|2105100014235|0||||||
789|2026-09-16 12:43:56|38|2026|43812|M cockles in spring water Hacendado Cans, soups & creams Cockles & mussels Cockles & clams|0||18564|3|Conservas caldos y cremas|Berberechos y mejillones|Berberechos y almejas|Han vuelto|Han vuelto|Berberechos al natural M Hacendado||0.111|kg|41.89|€/kg|4.65|berberechos (moluscos), agua y sal. puede contener trazas de pescado y crustáceos.|8410721055647|0||||||
790|2026-09-16 12:43:56|38|2026|43812|Sweet red apples Fruits & vegetables Fruits Apple  & pear|0||8280|4|Fruta y verdura|Fruta|Manzana y pera|Han vuelto|Han vuelto|Manzanas rojas dulces||1.57|kg|1.80|€/kg|2.83|manzana roja dulce (scilate)|2308280001808|0||||||
791|2026-09-16 12:43:56|38|2026|43812|XXL sugar-free fruit-flavoured mixed chewing gums tabs Hacendado Sugar, sweets & chocolate Chewing gum & candy Chewing gum|0||65213|5|Azúcar caramelos y chocolate|Chicles y caramelos|Chicles|Han vuelto|Han vuelto|Chicles gragea XXL frutal mix sin azúcar Hacendado||0.1|kg|18.00|€/kg|1.80|edulcorantes: sorbitol e isomalt, goma base (con antioxidante: extracto rico en tocoferoles), edulcorantes: xilitol, jarabe de maltitol y manitol, aromas, humectantes: glicerina y triacetina, espesante: goma arábiga, acidulantes: ácido málico, ácido cítrico y ácido tartárico, edulcorantes: aspartamo y acesulfamo k, agente de recubrimiento: cera de carnauba, colorantes: carotenos y ácido carmínico, extracto vegetal (cártamo) y concentrado de espirulina|8402001035036|0||||||
792|2026-09-16 12:43:56|38|2026|43812|Acid sweet red apples Fruits & vegetables Fruits Apple  & pear|0|Italia|8268|6|Fruta y verdura|Fruta|Manzana y pera|Han vuelto|Han vuelto|Manzanas rojas acidulces||1.57|kg|2.60|€/kg|4.08|manzanas rojas acidulces|5609014019487|0||||||
793|2026-09-16 12:43:56|38|2026|43812|Tangerine Fruits & vegetables Fruits Citrus fruit|0|España|3238|7|Fruta y verdura|Fruta|Cítricos|Han vuelto|Han vuelto|Mandarina||0.117|kg|2.65|€/kg|0.31|tratado con agentes de recubrimiento (e903, e-473) imazalil y fludioxonil.|5607761300018|0||||||
794|2026-09-16 12:43:57|38|2026|43812|Meats for escudella Meat Meat boxes Meat boxes|0||3739|8|Carne|Arreglos|Arreglos|Han vuelto|Han vuelto|Arreglo para escudella||1.0|kg|6.90|€/kg|6.90|ingredientes: pollo, preparado carne vacuno (carne de vacuno 90%, agua, fibra vegetal (guisante), aromas naturales, antioxidantes (e-301 y e-331)), cerdo (manos, papada), preparado de espinazo de cerdo (espinazo de cerdo 98%, agua, antioxidante e-301 y extracto vegetal), hueso salado [hueso de cerdo salado, sal (21%)], hueso de jamón curado [jamón de cerdo, sal, azúcar, antioxidante (e-331, e301) y conservadores (e-252, e-250)], pelota [burger meat: carne de cerdo (61%) y de vacuno (21%), agua, proteína de cerdo, sal, harina de guisante, especias, fibra vegetal, maltodextrina, almidón, antioxidantes (e-300, e-301), aromas, conservador (e-221) (sulfitos) y colorantes (e-150c, e-120)] y butifarra negra [papada, magro y sangre de cerdo, sal, almidón, fibra vegetal, pimienta, conservador (e-262i), antioxidante (e-300), extracto de especias, tripa fina natural de cerdo].|2105100037395|0||||||
795|2026-09-16 12:43:58|38|2026|43812|Pork spine Meat Meat boxes Meat boxes|0||2689|9|Carne|Arreglos|Arreglos|Han vuelto|Han vuelto|Espinazo de cerdo||0.3|kg|7.00|€/kg|2.10|espinazo de cerdo (98%), agua, antioxidante e-301 y  extracto vegetal.|2105100026894|0||||||
796|2026-09-16 12:43:57|38|2026|43812|Pork and beef meatball Meat Meat boxes Meat boxes|0|España|35862|10|Carne|Arreglos|Arreglos|Han vuelto|Han vuelto|Pelota de cerdo y vacuno||0.28|kg|11.20|€/kg|3.14|carne de cerdo (52%) y de vacuno (20%), agua, proteína de cerdo, sal, harina de guisante, especias, fibra vegetal, maltodextrina, harina de arroz, almidón,  antioxidantes (e-300, e-301), aromas, conservador (sulfito e-221) y colorantes (e-150c, e-120).|8402001010828|0||||||
797|2026-09-16 12:43:57|38|2026|43812|Pork fatback Meat Meat boxes Meat boxes|0||35805|11|Carne|Arreglos|Arreglos|Han vuelto|Han vuelto|Tocino de cerdo||0.19|kg|7.80|€/kg|1.48||8402001010422|0||||||
798|2026-09-16 12:43:57|38|2026|43812|Original wafer bar Tokke Sugar, sweets & chocolate Chocolate Bars|0||12509|12|Azúcar caramelos y chocolate|Chocolate|Chocolatinas|Han vuelto|Han vuelto|Barritas de barquillo Tokke original||0.141|kg|10.64|€/kg|1.50|chocolate con leche[azúcar, manteca de cacao, leche desnatada en polvo, pasta de cacao, grasas vegetales (palma, shea), lactosuero en polvo (leche), grasa de leche, pasta de avellanas, emulgentes: lecitina (soja) y e-476, aroma], azúcar, harina de trigo (gluten), grasa vegetal de palma, arroz inflado [harina de trigo (gluten), harina de arroz, azúcar, sal,emulgente: lecitina], lactosuero en polvo (leche), cacao desgrasado (2,8%), pasta de avellanas, leche desnatada en polvo,emulgentes: lecitina (soja) y e-476, gasificante: bicarbonato de sodio, aromas.|8410109102246|0||||||
799|2026-09-16 12:43:57|38|2026|43812|Oak-aged red wine DO Ribera del Duero 13 Hectáreas Beer, wine & spirits Red wine Ribera del Duero|0|DO Ribera del Duero|52785|13|Bodega|Vino tinto|Ribera del Duero|Han vuelto|Han vuelto|Vino tinto roble 13 Hectáreas DO Ribera del Duero||0.75|l|6.00|€/l|4.50|uva, correctores de la acidez (ácido tartárico[l(+)]), conservadores y antioxidantes (anhídrido sulfuroso), agentes estabilizantes (goma arábiga, manoproteínas de levadura, poliaspartato de potasio). contiene sulfitos.|8402001015618|0||||||
800|2026-09-16 13:04:51|38|2026|43812|Pineapple Fruits & vegetables Fruits Tropical fruit|0||3076|1|Fruta y verdura|Fruta|Fruta tropical|Productos del momento|Rápido y saludable|Piña||1.89|kg|2.00|€/kg|3.78|piña|8480000030764|0||||||
801|2026-09-16 13:04:51|38|2026|43812|Seedless white grapes Fruits & vegetables Fruits Banana & grape|0|Marruecos|3313|2|Fruta y verdura|Fruta|Plátano y uva|Productos del momento|Rápido y saludable|Uva blanca sin semillas||0.6|kg|2.75|€/kg|1.65|uva sin semilla|2105400033134|0||||||
802|2026-09-16 13:04:51|38|2026|43812|Free range eggs Eggs, milk & butter Eggs Eggs|0||15768|3|Huevos leche y mantequilla|Huevos|Huevos|Productos del momento|Rápido y saludable|Huevos de gallinas camperas||12.0|ud|0.28|€/ud|3.35|huevo|8410603125215|0||||||
803|2026-09-16 13:04:51|38|2026|43812|Family Whole fresh chicken breast Meat Poultry Chicken|0|Planta de sacrificio Hijos de Juan Pujante, S.A. ubicada en España|3682|4|Carne|Aves y pollo|Pollo|Productos del momento|Rápido y saludable|Pechugas enteras familiar de pollo||1.2|kg|6.20|€/kg|7.44||2105100036824|0||||||
804|2026-09-16 13:04:51|38|2026|43812|Seed mix Hacendado Snacks Nuts, seeds & dried fruit Nuts & seeds|0|Italia|34963|5|Aperitivos|Frutos secos y fruta desecada|Frutos secos|Productos del momento|Rápido y saludable|Mezcla semillas Hacendado||0.2|kg|7.30|€/kg|1.46|semillas de girasol peladas, semillas de sésamo natural, semillas de lino marrón, semillas de calabaza peladas y semillas de chía.|8402001002021|0||||||
805|2026-09-16 13:04:51|38|2026|43812|Natural Kefir mild flavour Dessert & yoghurt Natural & flavoured yoghurt Natural yoghurt|0||20029|6|Postres y yogures|Yogures naturales y sabores|Yogures naturales|Productos del momento|Rápido y saludable|Kéfir natural sabor suave||0.5|kg|2.20|€/kg|1.10|leche pasteurizada de vaca. nata (leche de vaca pasteurizada). leche en polvo desnatada pasteurizada de vaca y fermentos lácticos kéfir (cepas de lactococcus,leuconostoc,lactobacillus y streptococcus).|8436547770137|0||||||
806|2026-09-16 13:04:51|38|2026|43812|Cherry tomatoes Fruits & vegetables Vegetables Tomato|0|España|69990|7|Fruta y verdura|Verdura|Tomate|Productos del momento|Rápido y saludable|Tomates cherry||0.5|kg|4.40|€/kg|2.20|tomates cherry|8412276727222|0||||||
807|2026-09-16 13:04:52|38|2026|43812|Shelled natural walnut Hacendado Snacks Nuts, seeds & dried fruit Nuts & seeds|0|Chile|34024|8|Aperitivos|Frutos secos y fruta desecada|Frutos secos|Productos del momento|Rápido y saludable|Nuez natural Hacendado pelada||0.2|kg|12.50|€/kg|2.50|nueces. trazas de cacahuete y otros frutos de cáscara.|8402001001345|0||||||
808|2026-09-16 13:04:52|38|2026|43812|Blueberries Fruits & vegetables Fruits Other fruit|0|España|5507|9|Fruta y verdura|Fruta|Otras frutas|Productos del momento|Rápido y saludable|Arándanos||0.5|kg|13.00|€/kg|6.50|arándano|5608495000052|0||||||
809|2026-09-16 13:04:52|38|2026|43812|Green Kiwis Fruits & vegetables Fruits Tropical fruit|0|España|3832|10|Fruta y verdura|Fruta|Fruta tropical|Productos del momento|Rápido y saludable|Kiwis verdes||1.07|kg|4.55|€/kg|4.87|kiwi|2105400038320|0||||||
810|2026-09-16 13:04:52|38|2026|43812|Pasta salad Listo para Comer Fruits & vegetables Lettuce & prepared salad Prepared salad|0||13241|11|Fruta y verdura|Lechuga y ensalada preparada|Ensalada preparada|Productos del momento|Rápido y saludable|Ensalada de pasta Listo para Comer||0.366|kg|4.00|€/kg|4.00|pasta espiral 52,90% [sémola de trigo duro (gluten), tomate deshidratado 5%, espinacas deshidratadas 2,5%], huevo cocido de gallina, atún 10,29% (pescado), aceite refinado de girasol y sal. surimi 9,70% [carne de pescado, agua, almidón, clara de huevo, aceite refinado de nabina, sal, aroma (contiene crustaceo), proteína de soja (soja), almidón modificado, azúcar, colorante e160c, (puede contener moluscos), estabilizantes e420, e450, e451, e452]. mozzarella [leche pasteurizada de vaca, sal, fermentos lácticos (leche), corrector de acidez ácido cítrico, cuajo], cebolla blanca, aceite refinado de girasol, conservantes e262, e326. aliño: aceite de oliva virgen extra, vinagre (sulfito) y sal. puede contener trazas de frutos de cascara , mostaza y apio.|8402001033261|0||||||
811|2026-09-16 13:04:52|38|2026|43812|Seafood salad Listo para Comer Pizza & ready meals Ready to eat Cold meals|0||13242|12|Pizzas y platos preparados|Listo para Comer|Platos fríos|Productos del momento|Rápido y saludable|Ensalada de marisco Listo para Comer||0.3|kg|5.50|€/kg|5.50|pasta ((sémola de trigo duro (gluten), tomate, espinacas), aceite refinado de girasol), potón (15%) (potón (moluscos), sal, estabilizante (e450) y correctores de acidez (e501, e330 y e331)), cebolla roja encurtida (cebolla, azúcar, vinagre de alcohol, vinagre de arroz y sal), zanahoria encurtida (zanahoria, agua, vinagre, azúcar, sal y acidulante (e330)), gambón (8%) (gambón (crustáceos), agua, sal, antioxidantes (e331 y e223 (sulfitos)) y acidulante (e330)), langostino cocido (8%) (langostino (crustáceos), sal y azúcar), vinagreta (aceite refinado de girasol, vinagre de vino tinto (antioxidante (e220 (sulfitos))) y sal) y aceituna negra (aceituna, agua y sal y gluconato ferroso (e579)), aroma natural, vinagre, conservadores (e267,e326 y e262). puede contener trazas de pescado, huevo, soja, mostaza, leche y sus derivados, sésamo, frutos de cáscara, cacahuete y apio.|8402001023262|0||||||
812|2026-09-16 13:04:52|38|2026|43812|Salmon with vegetables Listo para Comer Pizza & ready meals Ready to eat Hot meals|0||13243|13|Pizzas y platos preparados|Listo para Comer|Platos calientes|Productos del momento|Rápido y saludable|Salmón con verduras Listo para Comer||0.4|kg|5.75|€/kg|5.75|salmón marinado (salmón 30% (pescado) (agua, sal), miel, salsa romescu (aceite refinado de girasol, tomate, agua, almendra (frutos de cáscara), vinagre de vino (sulfitos), aceite de oliva, ajo, azúcar, pimentón dulce, pimienta negra, sal y conservador (e202)), mostaza (agua, semillas de mostaza, vinagre de alcohol y sal), zumo de mandarina, zumo de limón (antioxidante (e224 (sulfitos)), conservador (e267), ajo, sal y aroma natural)), arroz aliñado (arroz, aceite refinado de girasol, mix ajo asado (aroma natural, sal, ajo y pimienta negra)), verduras asadas (20%) (calabacín, patata, pimiento rojo y boniato), salsa romescu (aceite refinado de girasol, tomate, agua, almendra (frutos de cáscara), vinagre de vino (sulfitos), aceite de oliva, ajo, azúcar, pimentón dulce, pimienta negra, sal y conservador (e202)). puede contener espinas. puede contener trazas de moluscos, crustáceos, soja, huevo, gluten, leche y sus derivados, sésamo, cacahuete y apio.|8402001023255|0||||||
813|2026-09-16 13:04:52|38|2026|43812|Beef carpaccio Meat Beef Beef|0||2632|14|Carne|Vacuno|Vacuno|Productos del momento|Rápido y saludable|Carpaccio de vacuno||0.11|kg|37.27|€/kg|4.10|producto cárnico marinado. ingredientes: carne de vacuno (92%), agua (4%), sal, dextrosa, antioxidantes (e-301, e-331), estabilizante (e-407)  y conservadores (e-250, e-252, e-325 y e-262(i)). queso parmigiano reggiano. ingredientes: leche, sal y cuajo.|8422930950071|0||||||
814|2026-09-16 13:04:52|38|2026|43812|Marinated beef steak tartare Meat Beef Beef|0||8308|15|Carne|Vacuno|Vacuno|Productos del momento|Rápido y saludable|Steak Tartar de vacuno marinado||0.2|kg|27.00|€/kg|5.40|producto cárnico de vacuno marinado con salsa. ingredientes: 70% producto cárnico (carne de vacuno (92%), agua (4%), sal, dextrosa, antioxidantes (e-301, e-331), estabilizante (e-407) y conservadores (e-250, e-252, e-325 y e-262(i))) y 30% salsa (agua, aceite refinado de girasol, pepinillos agridulces (pepinillos, agua, vinagre de alcohol, azúcar y sal), dextrosa, mezcla de especias (contiene mostaza), salsa worcester (agua, vinagre de alcohol, azúcar, sal, concentrado de tamarindo, azúcar caramelizado, cebolla, ajo, especias y zumo concentrado de limón), cebolla, vinagre de vino blanco, sal, almidón modificado de maíz, yema de huevo en polvo, estabilizante (e-415), tomate, conservador (e-200), acidulante (e-330), colorante (e-150d), aroma natural y antioxidante (e-385)). contiene alérgenos: mostaza y huevo. sin gluten.|8436569263198|0||||||
815|2026-09-16 13:04:52|38|2026|43812|Poke salmon Pizza & ready meals Ready to eat Cold meals|0||13237|16|Pizzas y platos preparados|Listo para Comer|Platos fríos|Productos del momento|Rápido y saludable|Poke salmón||0.4|kg|5.50|€/kg|5.50|arroz de sushi, salmón, semillas, pepino, mango, cebolla encurtida, alga wakame y salsa ponzu.arroz cocido [arroz, aderezo de vinagre (azúcar, vinagre de alcohol, agua, vinagre de arroz, sal), aceite refinado de maíz, zumo de limón (zumo de limón pasteurizado, antioxidante e-224 (sulfitos)) y emulgente e-322 (soja)], salmón 10% (salmo salar) (pescado), mango [mango, agua, antioxidantes (e-302, e-300), acidulante e-330], pepino, ensalada wakame [algas abeto marino (undaria pinnatifida), condimentos (jarabe de maíz de alto contenido en fructosa, agua, aceite de sésamo de presión, azúcar, vinagre de arroz, sal, humectante e-420, colorantes e-133 y e-102*), seta negra (auricularia polytricha), agar agar (gelidium amansii), granos de sésamo, chile rojo], cebolla [cebolla roja, aderezo de vinagre (azúcar, vinagre de alcohol, agua, vinagre de arroz, sal)] y mezcla de semillas [girasol, sésamo, lino marrón, calabaza y amapola]. puede contener crustáceos, huevo, cacahuete, leche, frutos de cáscara, apio, mostaza y moluscos. salsa ponzu: salsa de soja [agua, soja, sal, alcohol, jarabe de maíz de alta fructosa, azúcar, potenciador del sabor (e-635)], aderezo de vinagre [azúcar, vinagre de alcohol, agua, vinagre de arroz, sal], zumo de limón [zumo de limón pasteurizado y antioxidante e-224 (sulfitos)], zumo de mandarina y conservador e-202. sin gluten|8402001001888|0||||||
816|2026-09-16 13:04:52|38|2026|43812|Portuguese-style salad Hacendado Pizza & ready meals Cold ready meals Salad|0||24534|17|Pizzas y platos preparados|Platos preparados fríos|Ensaladilla|Productos del momento|Rápido y saludable|Ensaladilla al estilo Portuguesa Hacendado||0.25|kg|6.80|€/kg|1.70|alubias cocidas 59.5%, huevo cocido 9.5%, atún 9% (atún (pescado), aceite refinado de girasol, sal), clara de huevo cocida 7.5%, cebolla 5%, aceite de oliva virgen extra 3%, aceite refinado de girasol 3%, vinagre de vino blanco 1.5%, perejil, sal, aroma natural. puede contener trazas de crustáceos.|8435605401839|0||||||
817|2026-09-16 13:04:53|38|2026|43812|Italian-style pasta salad Hacendado Pizza & ready meals Cold ready meals Salad|0||24083|18|Pizzas y platos preparados|Platos preparados fríos|Ensaladilla|Productos del momento|Rápido y saludable|Ensalada de pasta al estilo Italiana Hacendado||0.2|kg|10.00|€/kg|2.00|ingredientes: pasta de  sémola de trigo duro cocida (60%) (agua, sémola de trigo duro, vinagre de vino blanco), salsa pesto con albahaca y anacardos (20%) (pasta de albahaca (8,4%) (albahaca, aceite refinado de girasol,  sal marina, antioxidante: e-300), aceite refinado de girasol, anacardos (2,4%), queso (2%) (leche, sal, coagulante de  leche microbiano, fermentos lácticos (leche)), mantequilla  (nata, cultivos de ácido  láctico, concentrado de ácido láctico), aceite de oliva virgen extra, leche desnatada en polvo, acidulante: e-270, antioxidante:  e-300, ajo), pollo marinado frito (10%)  (solomillo de pollo, sal, agua, almidón de tapioca, xilosa y aceite de soja  refinado), queso madurado en salmuera (6%) (queso (leche pasteurizada de vaca, sal, fermentos  lácticos, coagulante de leche microbiano), salmuera (agua, sal, acidulante:  e-270, endurecedor: e-509)), tomate semiseco (4%). puede contener trazas  de soja, huevo, crustáceos, sulfitos, granos de  sésamo, mostaza y pescado.|8402001054921|0||||||
818|2026-09-16 13:04:53|38|2026|43812|Roasted vegetables Hacendado Cans, soups & creams Vegetable & fruit tins Vegetable tins|0||22411|19|Conservas caldos y cremas|Conservas de verdura y frutas|Conservas verdura|Productos del momento|Rápido y saludable|Verduras asadas Hacendado||0.29|kg|10.00|€/kg|2.90|pimiento (34%), cebolla (31%), berenjena (30%), aceite refinado de girasol, aceite de oliva virgen y sal.|8480000224118|0||||||
819|2026-09-16 13:04:53|38|2026|43812|Pasta salad Fruits & vegetables Lettuce & prepared salad Prepared salad|0||69461|20|Fruta y verdura|Lechuga y ensalada preparada|Ensalada preparada|Productos del momento|Rápido y saludable|Ensalada de pasta||0.25|kg|10.40|€/kg|2.60|espirales de pasta de trigo simple cocida 34% (sémola de trigo duro), salsa de yogur 22% (aceite de girasol, agua, azúcar, nata en polvo, yema de huevo, vinagre, yogur en polvo 1,5%, sal, eneldo, jugo de limón concentrado, almidón modificado de maíz, aromas naturales (leche), acidulante (e270), conservador (e202), estabilizante (e415) y antioxidante (e385)), tomate 20%, fiambre de jamón de pavo cocido sabor ahumado 14% (jamón de pavo 46%, agua, fécula, sal, fibra alimentaria, estabilizantes (e451i, e407, e415 y e410), azúcar, aromas, antioxidante (e316), extracto de levadura, conservador (e250) y aroma de humo) y mezcla de brotes de lechuga en proporción variable 10% (brotes de lechuga roja y brotes de lechuga verde). trazas de soja.|8437013139748|0||||||
820|2026-09-16 13:04:53|38|2026|43812|Goats cheese salad Fruits & vegetables Lettuce & prepared salad Prepared salad|0||69474|21|Fruta y verdura|Lechuga y ensalada preparada|Ensalada preparada|Productos del momento|Rápido y saludable|Ensalada queso de cabra||0.153|kg|18.30|€/kg|2.80|mezcla de hortalizas en proporción variable 31% (mezcla de brotes(lechuga batavia verde, lechuga batavia roja y lechuga lollo rosso), brotes de espinaca y rúcula), vinagreta balsámica 24% (agua, vinagre balsámico de módena (vinagre de vino, mosto de uva concentrado, mosto de uva cocido, colorante (e150d)y conservador (metabisulfito potásico)), azúcar, aceite de oliva, sal, colorante (e150d), estabilizante (e414), correctores de la acidez (e262 y e500) y conservador (e202)), manzana roja* 18% (manzana roja y antioxidante (ascorbato de calcio)), queso de cabra fresco* 15% (leche de cabra pasteurizada, cuajo, sal, antiaglomerante (e460ii)), fibra cítrica y conservador (e202)), nueces* 6% y uvas pasas* 5% (uvas pasas y aceite de algodón). trazas de cacahuetes, frutos de cáscara, sésamo, soja, pescado, sulfitos y gluten.|8480000694744|0||||||
821|2026-09-16 13:04:53|38|2026|43812|California salad Fruits & vegetables Lettuce & prepared salad Prepared salad|0||69714|22|Fruta y verdura|Lechuga y ensalada preparada|Ensalada preparada|Productos del momento|Rápido y saludable|Ensalada California||0.192|kg|13.54|€/kg|2.60|hortalizas en proporción variable 34% (escarola rizada, canónigos y achicoria), salsa de miel y mostaza 31% (agua, aceite vegetal de girasol, mostaza 8% (agua, vinagre de alcohol, mostaza, jarabe de glucosa y fructosa, sal, estabilizantes (e412,e410 y e407) y especias), miel 7%, vinagre de alcohol, azúcar, sal, estabilizantes (e415, e412), almidón modificado de maíz, colorante (e150d) y conservadores (e211 y e202)), bacon sabor ahumado 8% (magro de panceta de cerdo, sal, conservadores (e326, e262, e250), azúcar, estabilizantes (e451i, e407), concentrado de manzana-hibisco-melaza, aroma de humo, aromas y antioxidante (e316)), cebolla frita 7,5% (cebolla, aceite vegetal de palma, harina de trigo y sal), nueces 7%, pasas 6% (pasas y aceite de algodón), picatostes 5% (harina de trigo, aceite vegetal de girasol, dextrosa, gluten de trigo, levadura, sal, suero de leche, extracto de malta de cebada, antioxidante (e300)). trazas de cacahuete, soja , sésamo y sulfitos.|8437004621771|0||||||
822|2026-09-16 13:04:53|38|2026|43812|Caesar salad consisting of fresh vegetables, chicken, cheese, croutons and sauces, includes fork Fruits & vegetables Lettuce & prepared salad Prepared salad|0||69849|23|Fruta y verdura|Lechuga y ensalada preparada|Ensalada preparada|Productos del momento|Rápido y saludable|Ensalada César||0.21|kg|12.38|€/kg|2.60|mezcla de hortalizas 36% (lechuga hoja de roble verde, lechuga iceberg), salsa césar 26% (agua, aceite vegetal de girasol, vinagre de alcohol, azúcar, queso, sal, acidulante (e270), pasta de anchoa (anchoa y sal), yema de huevo, estabilizantes (e412 y e415) y especias (cebolla, ajo, perejil y pimienta), conservadores (e211 y e202) y antioxidante (e385)), pechuga de pollo cocida 24% (pechuga de pollo 96%, extractos de fermentación, sal, dextrosa, aroma, estabilizante (e451i) y fibra), queso curado granulado 9% (leche pasteurizada, sal, cuajo y fécula de patata), picatostes 5% (harina de trigo, agua, sal, antioxidante (e300) y levadura).|8480000698490|0||||||
823|2026-09-16 13:04:53|38|2026|43812|Ensatun salad Fruits & vegetables Lettuce & prepared salad Prepared salad|0||69872|24|Fruta y verdura|Lechuga y ensalada preparada|Ensalada preparada|Productos del momento|Rápido y saludable|Ensalada ensatún||0.25|kg|10.40|€/kg|2.60|mezcla de hortalizas en proporcion variable 42% ( tomate cherry, lechuga hoja de roble verde, zanahoria y lechuga iceberg), atún en aceite vegetal (atun, aceite de girasol y sal), maíz dulce en grano 12% (maíz dulce, azúcar y sal), queso de leche de vaca blanco pasteurizado 8% (leche pasteurizada, sal, cuajo y acidulante (e330)), aceitunas verdes deshuesadas 8% (aceitunas, agua, sal, acidulantes (e 270 y 330) y antioxidante (e300)), aceite de oliva virgen extras 6%, vinagre de vino 4% (vinagre de vino y conservador aníhidrido sulfuroso) y sal 0,4% (sal iodada y antiaglomerante (e535). trazas de gluten y frutos de cáscara.|8437013139441|0||||||
824|2026-09-16 13:04:54|38|2026|43812|Garden soup Hacendado Cans, soups & creams Soups & stock Soup|0||19882|25|Conservas caldos y cremas|Sopa y caldo|Sopa|Productos del momento|Rápido y saludable|Sopa hortelana Hacendado||0.35|kg|4.86|€/kg|1.70|agua, verduras 16% (hortalizas en proporción variable: patatas, cebollas, puerros), zanahorias 8%, judías verdes 4%, lentejas rojas y verdes 3%, guisantes 3%, cereales 3% (cebada perlada (gluten) y espelta perlada (gluten)), legumbres 2% (judías azuki verdes, judías blancas), aceite de oliva virgen extra, sal, doble concentrado de tomate, plantas aromáticas, pimienta negra. puede contener trazas de otros cereales que contienen gluten, frutos de cáscara, leche, apio, soja y huevo.|8402001042669|0||||||
825|2026-09-16 13:04:54|38|2026|43812|Cream of lentils Hacendado Cans, soups & creams Gazpacho & creams Creams & puree|1|Italia|11628|26|Conservas caldos y cremas|Gazpacho y cremas|Cremas y puré|Productos del momento|Rápido y saludable|Crema de lentejas Hacendado||0.35|kg|4.86|€/kg|1.70|agua, lentejas 13%, calabaza, zanahoria 4%, cebolla 4%, grelos, aceites de oliva virgen extra, guisantes, pasta de tomate doble, sal, hierbas, especias. puede contener trazas de cereales con gluten, frutos de cáscara, leche, apio, soja y huevo.|8402001030840|0||||Lentils seeds, sprouted, fresh, raw|20521|
826|2026-09-16 13:04:54|38|2026|43812|Cream of zucchini Hacendado Cans, soups & creams Gazpacho & creams Creams & puree|0|Manerbio|35870|27|Conservas caldos y cremas|Gazpacho y cremas|Cremas y puré|Productos del momento|Rápido y saludable|Crema de calabacín Hacendado||0.35|kg|4.86|€/kg|1.70|calabacín 40%, agua, cebolla, zanahoria, apio nabo 5%, aceite de oliva virgen extra, sal. puede contener trazas de cereales con gluten, frutos de cáscara, leche, soja y huevo. sin conservantes ni colorantes.|8402001012310|0||||||
827|2026-09-16 13:04:54|38|2026|43812|Cream of vegetables Hacendado Cans, soups & creams Gazpacho & creams Creams & puree|0||8722|28|Conservas caldos y cremas|Gazpacho y cremas|Cremas y puré|Productos del momento|Rápido y saludable|Crema de verduras Hacendado||0.35|kg|4.86|€/kg|1.70|verduras 48% (verduras en proporción variable: patata, zanahoria, calabacín, calabaza, acelga, puerro, judía verde, berza), agua, guisante, aceite de oliva virgen extra, sal.|8480000087225|0||||||
828|2026-09-16 13:04:54|38|2026|43812|Cream of asparagus Hacendado Cans, soups & creams Gazpacho & creams Creams & puree|0|Italia|86587|29|Conservas caldos y cremas|Gazpacho y cremas|Cremas y puré|Productos del momento|Rápido y saludable|Crema de espárragos Hacendado||0.35|kg|4.86|€/kg|1.70|agua, patata, espárragos 23%, bebida de soja (agua, semillas de soja libres de ogm, sal), aceite de oliva, puerro, sal, aromas. puede contener trazas de gluten, frutos de cáscara, leche, apio y huevo.|8480000865878|0||||||
829|2026-09-16 13:04:54|38|2026|43812|Cream of pumpkin and carrot Hacendado Cans, soups & creams Gazpacho & creams Creams & puree|0|Italia|23225|30|Conservas caldos y cremas|Gazpacho y cremas|Cremas y puré|Productos del momento|Rápido y saludable|Crema de calabaza y zanahoria Hacendado||0.35|kg|4.86|€/kg|1.70|agua, calabaza 24%, zanahoria 17%, patata, puerro, jugo de soja (agua, semilla de soja libre de ogm, sal), aceite de oliva, sal, especias, aroma natural.|8480000232250|0||||||
830|2026-09-16 13:04:54|38|2026|43812|Natural Burgos cheese Hacendado Deli & cheese Spreadable cheese, fresh cheese and specialties Fresh cheese|0||52408|31|Charcutería y quesos|Queso untable fresco y especialidades|Queso fresco|Productos del momento|Rápido y saludable|Queso fresco Burgos natural Hacendado||0.25|kg|4.60|€/kg|1.15|leche pasteurizada (origen: españa), sal y cuajo (microbiano). sin gluten.|8480000524089|0||||||
831|2026-09-16 13:04:54|38|2026|43812|Fresh cow cheese Hacendado Deli & cheese Spreadable cheese, fresh cheese and specialties Fresh cheese|0||51191|32|Charcutería y quesos|Queso untable fresco y especialidades|Queso fresco|Productos del momento|Rápido y saludable|Queso fresco de vaca Hacendado||0.25|kg|6.40|€/kg|1.60|leche de vaca pasteurizada, sal y cuajo microbiano.origen de la leche: españa|8480000511911|0||||||
832|2026-09-16 13:04:54|38|2026|43812|Light cow fresh cheese Hacendado Deli & cheese Spreadable cheese, fresh cheese and specialties Fresh cheese|0||51192|33|Charcutería y quesos|Queso untable fresco y especialidades|Queso fresco|Productos del momento|Rápido y saludable|Queso fresco light de vaca Hacendado||0.25|kg|8.80|€/kg|2.20|leche de vaca pasteurizada semidesnatada, sal y cuajo microbiano.origen de la leche: españa|8480000511928|0||||||
833|2026-09-16 13:04:54|38|2026|43812|Fresh goat cheese Hacendado Deli & cheese Spreadable cheese, fresh cheese and specialties Fresh cheese|0||51194|34|Charcutería y quesos|Queso untable fresco y especialidades|Queso fresco|Productos del momento|Rápido y saludable|Queso fresco de cabra Hacendado||0.25|kg|11.80|€/kg|2.95|leche de cabra pasteurizada, sal y cuajo microbiano.origen de la leche: españa|8480000511942|0||||||
834|2026-09-16 13:04:54|38|2026|43812|Smoked salmon cubes Hacendado Seafood & fish Salted & smoked fish Smoked|0|Elaborado en España|22612|35|Marisco y pescado|Salazones y ahumados|Ahumados|Productos del momento|Rápido y saludable|Taquitos de salmón ahumado Hacendado||0.1|kg|38.00|€/kg|3.80|salmón (pescado) (salmo salar) (97%), sal, aroma natural y conservador: vinagre tamponado.|8480000226129|0||||||
835|2026-09-16 13:04:55|38|2026|43812|Salmon steaks Seafood & fish Fresh fish Salmon|0|Noruega|87205|36|Marisco y pescado|Pescado fresco|Salmón|Productos del momento|Rápido y saludable|Rodaja de salmón||0.35|kg|19.50|€/kg|6.82|salmón (salmo salar). puede contener crustáceos y moluscos.|8402001049200|0||||||
836|2026-09-16 13:04:55|38|2026|43812|Yellowfin tuna slices Seafood & fish Fresh fish Other|0||87197|37|Marisco y pescado|Pescado fresco|Otros|Productos del momento|Rápido y saludable|Rodajas de atún de aleta amarilla||0.235|kg|22.25|€/kg|5.23|atún de aleta amarilla (95%, pescado), agua, sal, antioxidantes e331 y e301, aroma natural.|8435274119967|0||||||
837|2026-09-16 13:04:55|38|2026|43812|Blackbelly rosefish fillets with added water Seafood & fish Fresh fish Other|0|España|87350|38|Marisco y pescado|Pescado fresco|Otros|Productos del momento|Rápido y saludable|Filetes de Gallineta descongelada||0.38|kg|16.00|€/kg|6.08|gallineta (sebastes spp) (pescado), agua añadida (10%), sal, corrector de acidez (e-331) y antioxidantes (e-330, e-301, e-316). puede contener trazas de moluscos y/o crustáceos.|8402001024597|0||||||
838|2026-09-16 13:04:55|38|2026|43812|Sea bream fillets Seafood & fish Fresh fish Sea bream|0||87302|39|Marisco y pescado|Pescado fresco|Dorada|Productos del momento|Rápido y saludable|Filetes de dorada||0.2|kg|22.50|€/kg|4.50|dorada (pescado) (sparus aurata). puede contener trazas de crustáceos y moluscos.|8402001030055|0||||||
839|2026-09-16 13:04:55|38|2026|43812|Frozen raw shrimp tails Hacendado Frozen food Seafood Seafood|0|España|24102|42|Congelados|Marisco|Marisco|Productos del momento|Rápido y saludable|Colas de gambón crudo Hacendado congelado||0.25|kg|24.60|€/kg|6.15|gambón (pleoticus muelleri) (crustáceos), agua, sal y antioxidante: metabisulfito de sodio (sulfitos). puede contener moluscos y/o pescado.|8402001033032|0||||||
840|2026-09-16 13:04:55|38|2026|43812|Deep Frozen king prawn cooked and peeled Hacendado Frozen food Seafood Seafood|0||24477|43|Congelados|Marisco|Marisco|Productos del momento|Rápido y saludable|Langostino cocido y pelado Hacendado ultracongelado||None|kg|22.73|€/kg|5.00|langostino vannamei (penaeus vannamei) (crustáceo), sal, antioxidantes (e 223 (sulfitos), e 330). puede contener: moluscos y/o pescado.|8480000244772|0||||||
841|2026-09-16 13:04:56|38|2026|43812|Salmon fillets without skin frozen Hacendado Frozen food Fish Fish|0|España|24511|45|Congelados|Pescado|Pescado|Productos del momento|Rápido y saludable|Lomos de salmón sin piel Hacendado congelado||0.25|kg|23.80|€/kg|5.95|2 piezas de lomo de salmón sin piel (salmo salar) (pescado) de cría de noruega.|8480000245113|0||||||
842|2026-09-16 13:04:56|38|2026|43812|Boneless and skinless chicken legs Meat Poultry Chicken|0||2789|49|Carne|Aves y pollo|Pollo|Productos del momento|Rápido y saludable|Contramuslos de pollo deshuesados y sin piel||0.55|kg|6.50|€/kg|3.58||2105100027891|0||||||
843|2026-09-16 13:04:56|38|2026|43812|Washed 3 vegetable mix for microwave Fruits & vegetables Vegetables Steamed vegetables|0||69737|50|Fruta y verdura|Verdura|Verduras al vapor|Productos del momento|Rápido y saludable|3 Vegetales para microondas lavados||0.3|kg|6.50|€/kg|1.95|brócoli, coliflor y zanahoria|8436006183454|0||||||
844|2026-09-16 13:04:56|38|2026|43812|Potatoes for microwaving Fruits & vegetables Vegetables Steamed vegetables|0|Francia|69484|52|Fruta y verdura|Verdura|Verduras al vapor|Productos del momento|Rápido y saludable|Patatas para microondas||0.4|kg|3.75|€/kg|1.50|patatas para microondas|8424717004007|0||||||
845|2026-09-16 13:04:56|38|2026|43812|Intense mixed mushrooms Fruits & vegetables Vegetables Mushrooms|0|España|69657|56|Fruta y verdura|Verdura|Setas y champiñones|Productos del momento|Rápido y saludable|Mix de setas intenso||0.235|kg|16.00|€/kg|3.76|h.marmoreus, l.edodes, a.bisporus y p. eryngii|8402001051555|0||||||
846|2026-09-16 13:04:56|38|2026|43812|Thick green asparagus Fruits & vegetables Vegetables Other vegetables & greens|0|España, Perú y México|69643|57|Fruta y verdura|Verdura|Otras verduras y hortalizas|Productos del momento|Rápido y saludable|Espárragos verdes gruesos||0.3|kg|13.67|€/kg|4.10|espárragos|8410405000352|0||||||
847|2026-09-16 13:04:57|38|2026|43812|Round green beans Hacendado Cans, soups & creams Vegetable & fruit tins Vegetable tins|0|Milagro- Navarra|16315|61|Conservas caldos y cremas|Conservas de verdura y frutas|Conservas verdura|Productos del momento|Rápido y saludable|Judías verdes redondas Hacendado||0.66|kg|1.67|€/kg|1.10|judia verde, agua y sal|8480000163158|0||||||
848|2026-09-16 13:04:57|38|2026|43812|Deep-frozen vegetable wok mix Hacendado Frozen food Fruit and vegetable Vegetables|1|España|11617|65|Congelados|Fruta y verdura|Verdura|Productos del momento|Rápido y saludable|Wok de verduras Hacendado ultracongelado||0.45|kg|4.22|€/kg|1.90|(brócoli, calabacín asado, zanahoria naranja y amarilla, pimiento rojo, castaña de agua, cebolla roja asada, peapods (tirabeques), edamame grano (soja)), seta shiitake cultivada (lentinula edodes) (9%), sazonador (azúcar, sal aroma, cebolla deshidratada, especias, algarroba en polvo, maltodextrina, ajo deshidratado, fibra de arroz, hierbas, aceite de girasol), aceite de girasol.|8402001028748|0||||Mixed vegetables, frozen, raw|20101|
849|2026-09-16 13:04:57|38|2026|43812|Deep-frozen sautéed vegetables Hacendado Frozen food Fruit and vegetable Vegetables|0||61065|68|Congelados|Fruta y verdura|Verdura|Productos del momento|Rápido y saludable|Salteado de verduras Hacendado ultracongelado||0.6|kg|2.58|€/kg|1.55|hortalizas y verduras en proporción variable (judía verde, brócoli, pimiento  rojo, champiñón cultivado (agaricus bisporus) y cebolla)|8402001011191|0||||||
850|2026-09-16 13:04:58|38|2026|43812|Fragrant basmati rice Hacendado Rice, pulses & pasta Rice Rice|0||5002|74|Arroz legumbres y pasta|Arroz|Arroz|Productos del momento|Rápido y saludable|Arroz basmati aromático Hacendado||1.0|kg|2.10|€/kg|2.10|arroz|8480000050021|0||||||
851|2026-09-16 13:04:58|38|2026|43812|Pasta fusilloni vegetable Hacendado Rice, pulses & pasta Pasta & noodles Macaroni, bows & fusilli|0||17640|76|Arroz legumbres y pasta|Pasta y fideos|Macarrones, pajaritas y hélices|Productos del momento|Rápido y saludable|Pasta fusilloni vegetal Hacendado||0.5|kg|2.10|€/kg|1.05|pasta alimenticia de calidad superior: 100% sémola de trigo duro (gluten). pasta compuesta al tomate:  sémola de trigo duro (gluten), 3,5% de tomate deshidratado. pasta compuesta a las espinacas: sémola de trigo duro (gluten), 2,2% espinacas deshidratadas. puede contener trazas de huevos, soja y mostaza.|8402001056918|0||||||
852|2026-09-16 13:04:58|38|2026|43812|Rice noodles Hacendado Rice, pulses & pasta Pasta & noodles Spaghetti & tagliatelle|0|Viet Nam|35981|81|Arroz legumbres y pasta|Pasta y fideos|Spaghetti y tallarines|Productos del momento|Rápido y saludable|Noodles de arroz Hacendado||0.2|kg|7.25|€/kg|1.45|harina de arroz, almidón de tapioca, sal.|8402001011924|0||||||
853|2026-09-16 13:04:58|38|2026|43812|Fresh Pesto sauce with basil Hacendado Oils, spices & sauces Other sauces Pasta sauces|0||35186|83|Aceite especias y salsas|Otras salsas|Salsas para pasta|Productos del momento|Rápido y saludable|Salsa fresca Pesto con albahaca Hacendado||0.15|kg|12.67|€/kg|1.90|aceite de semillas de girasol, albahaca (24%),  anacardos, aceite de oliva,  queso rallado (3%) (leche, sal, cuajo), sal, piñones (2%), mantequilla (leche), ajo deshidratado, corrector de acidez: ácido láctico, antioxidante: ácido ascórbico, conservador: sorbato de potasio (e202).puede contener frutos de cáscara, cacahuetes, mostaza, apio, sulfitos, soja, pescado, huevos, moluscos y crustáceos.|8402001009044|0||||||
854|2026-09-16 13:04:59|38|2026|43812|100% whole grain sliced bread Bread & bakery Oven bread Sliced bread loaf|0||17912.2|8|Panadería y pastelería|Pan de horno|Pan rebanado|Novedades|Novedades|Barra pan integral 100% rebanado||0.23|kg|3.91|€/kg|0.90|harina integral de trigo (gluten) 70%**, agua, sal, levadura, masa madre de trigo integral (gluten) inactiva, gluten de trigo, emulgente e-472e y antioxidante e-300. puede contener soja y mostaza.|8402001058868|1||||||
855|2026-09-16 13:04:59|38|2026|43812|Fussion Milk chocolate caramelised cookies filling Hacendado Sugar, sweets & chocolate Chocolate Milk chocolate|0||17996|15|Azúcar caramelos y chocolate|Chocolate|Chocolate con leche|Novedades|Novedades|Chocolate con leche Fussion Hacendado relleno de galleta caramelizada||0.142|kg|12.32|€/kg|1.75||8402001055874|1||||||
856|2026-09-16 13:04:59|38|2026|43812|Cupcakes with chocolate chips Bread & bakery Oven pastries Sweet pastries|0||17700|16|Panadería y pastelería|Bollería de horno|Bollería dulce|Novedades|Novedades|Magdalenas con pepitas de chocolate||0.39|kg|7.95|€/kg|3.10|harina de trigo (gluten), aceite refinado de girasol, azúcar, huevo líquido pasteurizado, pepitas de chocolate (8,9%) [azúcar, pasta de cacao, manteca de cacao, dextrosa, emulgente (lecitina de soja)], agua, jarabe de glucosa y fructosa, humectante (glicerina), mantequilla (leche), gasificantes (difosfato disódico, bicarbonato de sodio), jarabe de azúcar invertido, ralladura de naranja, miel de flores, aroma, sal, espesante (goma xantana), antioxidante (extracto rico en tocoferol), enzimas. puede contener: frutos de cáscara, mostaza, sulfitos|8402001058349|1||||||
857|2026-09-16 13:37:51|38|2026|43812|Pineapple Fruits & vegetables Fruits Tropical fruit|0||3076|1|Fruta y verdura|Fruta|Fruta tropical|Productos del momento|Rápido y saludable|Piña||1.89|kg|2.00|€/kg|3.78|piña|8480000030764|0||||||
858|2026-09-16 13:37:51|38|2026|43812|Seedless white grapes Fruits & vegetables Fruits Banana & grape|0|Marruecos|3313|2|Fruta y verdura|Fruta|Plátano y uva|Productos del momento|Rápido y saludable|Uva blanca sin semillas||0.6|kg|2.75|€/kg|1.65|uva sin semilla|2105400033134|0||||||
859|2026-09-16 13:37:51|38|2026|43812|Free range eggs Eggs, milk & butter Eggs Eggs|0||15768|3|Huevos leche y mantequilla|Huevos|Huevos|Productos del momento|Rápido y saludable|Huevos de gallinas camperas||12.0|ud|0.28|€/ud|3.35|huevo|8410603125215|0||||||
860|2026-09-16 13:37:51|38|2026|43812|Family Whole fresh chicken breast Meat Poultry Chicken|0|Planta de sacrificio Hijos de Juan Pujante, S.A. ubicada en España|3682|4|Carne|Aves y pollo|Pollo|Productos del momento|Rápido y saludable|Pechugas enteras familiar de pollo||1.2|kg|6.20|€/kg|7.44||2105100036824|0||||||
861|2026-09-16 13:37:51|38|2026|43812|Seed mix Hacendado Snacks Nuts, seeds & dried fruit Nuts & seeds|0|Italia|34963|5|Aperitivos|Frutos secos y fruta desecada|Frutos secos|Productos del momento|Rápido y saludable|Mezcla semillas Hacendado||0.2|kg|7.30|€/kg|1.46|semillas de girasol peladas, semillas de sésamo natural, semillas de lino marrón, semillas de calabaza peladas y semillas de chía.|8402001002021|0||||||
862|2026-09-16 13:37:51|38|2026|43812|Natural Kefir mild flavour Dessert & yoghurt Natural & flavoured yoghurt Natural yoghurt|0||20029|6|Postres y yogures|Yogures naturales y sabores|Yogures naturales|Productos del momento|Rápido y saludable|Kéfir natural sabor suave||0.5|kg|2.20|€/kg|1.10|leche pasteurizada de vaca. nata (leche de vaca pasteurizada). leche en polvo desnatada pasteurizada de vaca y fermentos lácticos kéfir (cepas de lactococcus,leuconostoc,lactobacillus y streptococcus).|8436547770137|0||||||
863|2026-09-16 13:37:51|38|2026|43812|Cherry tomatoes Fruits & vegetables Vegetables Tomato|0|España|69990|7|Fruta y verdura|Verdura|Tomate|Productos del momento|Rápido y saludable|Tomates cherry||0.5|kg|4.40|€/kg|2.20|tomates cherry|8412276727222|0||||||
864|2026-09-16 13:37:51|38|2026|43812|Shelled natural walnut Hacendado Snacks Nuts, seeds & dried fruit Nuts & seeds|0|Chile|34024|8|Aperitivos|Frutos secos y fruta desecada|Frutos secos|Productos del momento|Rápido y saludable|Nuez natural Hacendado pelada||0.2|kg|12.50|€/kg|2.50|nueces. trazas de cacahuete y otros frutos de cáscara.|8402001001345|0||||||
865|2026-09-16 13:37:52|38|2026|43812|Blueberries Fruits & vegetables Fruits Other fruit|0|España|5507|9|Fruta y verdura|Fruta|Otras frutas|Productos del momento|Rápido y saludable|Arándanos||0.5|kg|13.00|€/kg|6.50|arándano|5608495000052|0||||||
866|2026-09-16 13:37:52|38|2026|43812|Green Kiwis Fruits & vegetables Fruits Tropical fruit|0|España|3832|10|Fruta y verdura|Fruta|Fruta tropical|Productos del momento|Rápido y saludable|Kiwis verdes||1.07|kg|4.55|€/kg|4.87|kiwi|2105400038320|0||||||
867|2026-09-16 13:37:52|38|2026|43812|Pasta salad Listo para Comer Fruits & vegetables Lettuce & prepared salad Prepared salad|0||13241|11|Fruta y verdura|Lechuga y ensalada preparada|Ensalada preparada|Productos del momento|Rápido y saludable|Ensalada de pasta Listo para Comer||0.366|kg|4.00|€/kg|4.00|pasta espiral 52,90% [sémola de trigo duro (gluten), tomate deshidratado 5%, espinacas deshidratadas 2,5%], huevo cocido de gallina, atún 10,29% (pescado), aceite refinado de girasol y sal. surimi 9,70% [carne de pescado, agua, almidón, clara de huevo, aceite refinado de nabina, sal, aroma (contiene crustaceo), proteína de soja (soja), almidón modificado, azúcar, colorante e160c, (puede contener moluscos), estabilizantes e420, e450, e451, e452]. mozzarella [leche pasteurizada de vaca, sal, fermentos lácticos (leche), corrector de acidez ácido cítrico, cuajo], cebolla blanca, aceite refinado de girasol, conservantes e262, e326. aliño: aceite de oliva virgen extra, vinagre (sulfito) y sal. puede contener trazas de frutos de cascara , mostaza y apio.|8402001033261|0||||||
868|2026-09-16 13:37:52|38|2026|43812|Seafood salad Listo para Comer Pizza & ready meals Ready to eat Cold meals|0||13242|12|Pizzas y platos preparados|Listo para Comer|Platos fríos|Productos del momento|Rápido y saludable|Ensalada de marisco Listo para Comer||0.3|kg|5.50|€/kg|5.50|pasta ((sémola de trigo duro (gluten), tomate, espinacas), aceite refinado de girasol), potón (15%) (potón (moluscos), sal, estabilizante (e450) y correctores de acidez (e501, e330 y e331)), cebolla roja encurtida (cebolla, azúcar, vinagre de alcohol, vinagre de arroz y sal), zanahoria encurtida (zanahoria, agua, vinagre, azúcar, sal y acidulante (e330)), gambón (8%) (gambón (crustáceos), agua, sal, antioxidantes (e331 y e223 (sulfitos)) y acidulante (e330)), langostino cocido (8%) (langostino (crustáceos), sal y azúcar), vinagreta (aceite refinado de girasol, vinagre de vino tinto (antioxidante (e220 (sulfitos))) y sal) y aceituna negra (aceituna, agua y sal y gluconato ferroso (e579)), aroma natural, vinagre, conservadores (e267,e326 y e262). puede contener trazas de pescado, huevo, soja, mostaza, leche y sus derivados, sésamo, frutos de cáscara, cacahuete y apio.|8402001023262|0||||||
869|2026-09-16 13:37:52|38|2026|43812|Salmon with vegetables Listo para Comer Pizza & ready meals Ready to eat Hot meals|0||13243|13|Pizzas y platos preparados|Listo para Comer|Platos calientes|Productos del momento|Rápido y saludable|Salmón con verduras Listo para Comer||0.4|kg|5.75|€/kg|5.75|salmón marinado (salmón 30% (pescado) (agua, sal), miel, salsa romescu (aceite refinado de girasol, tomate, agua, almendra (frutos de cáscara), vinagre de vino (sulfitos), aceite de oliva, ajo, azúcar, pimentón dulce, pimienta negra, sal y conservador (e202)), mostaza (agua, semillas de mostaza, vinagre de alcohol y sal), zumo de mandarina, zumo de limón (antioxidante (e224 (sulfitos)), conservador (e267), ajo, sal y aroma natural)), arroz aliñado (arroz, aceite refinado de girasol, mix ajo asado (aroma natural, sal, ajo y pimienta negra)), verduras asadas (20%) (calabacín, patata, pimiento rojo y boniato), salsa romescu (aceite refinado de girasol, tomate, agua, almendra (frutos de cáscara), vinagre de vino (sulfitos), aceite de oliva, ajo, azúcar, pimentón dulce, pimienta negra, sal y conservador (e202)). puede contener espinas. puede contener trazas de moluscos, crustáceos, soja, huevo, gluten, leche y sus derivados, sésamo, cacahuete y apio.|8402001023255|0||||||
870|2026-09-16 13:37:52|38|2026|43812|Beef carpaccio Meat Beef Beef|0||2632|14|Carne|Vacuno|Vacuno|Productos del momento|Rápido y saludable|Carpaccio de vacuno||0.11|kg|37.27|€/kg|4.10|producto cárnico marinado. ingredientes: carne de vacuno (92%), agua (4%), sal, dextrosa, antioxidantes (e-301, e-331), estabilizante (e-407)  y conservadores (e-250, e-252, e-325 y e-262(i)). queso parmigiano reggiano. ingredientes: leche, sal y cuajo.|8422930950071|0||||||
871|2026-09-16 13:37:52|38|2026|43812|Marinated beef steak tartare Meat Beef Beef|0||8308|15|Carne|Vacuno|Vacuno|Productos del momento|Rápido y saludable|Steak Tartar de vacuno marinado||0.2|kg|27.00|€/kg|5.40|producto cárnico de vacuno marinado con salsa. ingredientes: 70% producto cárnico (carne de vacuno (92%), agua (4%), sal, dextrosa, antioxidantes (e-301, e-331), estabilizante (e-407) y conservadores (e-250, e-252, e-325 y e-262(i))) y 30% salsa (agua, aceite refinado de girasol, pepinillos agridulces (pepinillos, agua, vinagre de alcohol, azúcar y sal), dextrosa, mezcla de especias (contiene mostaza), salsa worcester (agua, vinagre de alcohol, azúcar, sal, concentrado de tamarindo, azúcar caramelizado, cebolla, ajo, especias y zumo concentrado de limón), cebolla, vinagre de vino blanco, sal, almidón modificado de maíz, yema de huevo en polvo, estabilizante (e-415), tomate, conservador (e-200), acidulante (e-330), colorante (e-150d), aroma natural y antioxidante (e-385)). contiene alérgenos: mostaza y huevo. sin gluten.|8436569263198|0||||||
872|2026-09-16 13:37:52|38|2026|43812|Poke salmon Pizza & ready meals Ready to eat Cold meals|0||13237|16|Pizzas y platos preparados|Listo para Comer|Platos fríos|Productos del momento|Rápido y saludable|Poke salmón||0.4|kg|5.50|€/kg|5.50|arroz de sushi, salmón, semillas, pepino, mango, cebolla encurtida, alga wakame y salsa ponzu.arroz cocido [arroz, aderezo de vinagre (azúcar, vinagre de alcohol, agua, vinagre de arroz, sal), aceite refinado de maíz, zumo de limón (zumo de limón pasteurizado, antioxidante e-224 (sulfitos)) y emulgente e-322 (soja)], salmón 10% (salmo salar) (pescado), mango [mango, agua, antioxidantes (e-302, e-300), acidulante e-330], pepino, ensalada wakame [algas abeto marino (undaria pinnatifida), condimentos (jarabe de maíz de alto contenido en fructosa, agua, aceite de sésamo de presión, azúcar, vinagre de arroz, sal, humectante e-420, colorantes e-133 y e-102*), seta negra (auricularia polytricha), agar agar (gelidium amansii), granos de sésamo, chile rojo], cebolla [cebolla roja, aderezo de vinagre (azúcar, vinagre de alcohol, agua, vinagre de arroz, sal)] y mezcla de semillas [girasol, sésamo, lino marrón, calabaza y amapola]. puede contener crustáceos, huevo, cacahuete, leche, frutos de cáscara, apio, mostaza y moluscos. salsa ponzu: salsa de soja [agua, soja, sal, alcohol, jarabe de maíz de alta fructosa, azúcar, potenciador del sabor (e-635)], aderezo de vinagre [azúcar, vinagre de alcohol, agua, vinagre de arroz, sal], zumo de limón [zumo de limón pasteurizado y antioxidante e-224 (sulfitos)], zumo de mandarina y conservador e-202. sin gluten|8402001001888|0||||||
873|2026-09-16 13:37:52|38|2026|43812|Portuguese-style salad Hacendado Pizza & ready meals Cold ready meals Salad|0||24534|17|Pizzas y platos preparados|Platos preparados fríos|Ensaladilla|Productos del momento|Rápido y saludable|Ensaladilla al estilo Portuguesa Hacendado||0.25|kg|6.80|€/kg|1.70|alubias cocidas 59.5%, huevo cocido 9.5%, atún 9% (atún (pescado), aceite refinado de girasol, sal), clara de huevo cocida 7.5%, cebolla 5%, aceite de oliva virgen extra 3%, aceite refinado de girasol 3%, vinagre de vino blanco 1.5%, perejil, sal, aroma natural. puede contener trazas de crustáceos.|8435605401839|0||||||
874|2026-09-16 13:37:52|38|2026|43812|Italian-style pasta salad Hacendado Pizza & ready meals Cold ready meals Salad|0||24083|18|Pizzas y platos preparados|Platos preparados fríos|Ensaladilla|Productos del momento|Rápido y saludable|Ensalada de pasta al estilo Italiana Hacendado||0.2|kg|10.00|€/kg|2.00|ingredientes: pasta de  sémola de trigo duro cocida (60%) (agua, sémola de trigo duro, vinagre de vino blanco), salsa pesto con albahaca y anacardos (20%) (pasta de albahaca (8,4%) (albahaca, aceite refinado de girasol,  sal marina, antioxidante: e-300), aceite refinado de girasol, anacardos (2,4%), queso (2%) (leche, sal, coagulante de  leche microbiano, fermentos lácticos (leche)), mantequilla  (nata, cultivos de ácido  láctico, concentrado de ácido láctico), aceite de oliva virgen extra, leche desnatada en polvo, acidulante: e-270, antioxidante:  e-300, ajo), pollo marinado frito (10%)  (solomillo de pollo, sal, agua, almidón de tapioca, xilosa y aceite de soja  refinado), queso madurado en salmuera (6%) (queso (leche pasteurizada de vaca, sal, fermentos  lácticos, coagulante de leche microbiano), salmuera (agua, sal, acidulante:  e-270, endurecedor: e-509)), tomate semiseco (4%). puede contener trazas  de soja, huevo, crustáceos, sulfitos, granos de  sésamo, mostaza y pescado.|8402001054921|0||||||
875|2026-09-16 13:37:52|38|2026|43812|Roasted vegetables Hacendado Cans, soups & creams Vegetable & fruit tins Vegetable tins|0||22411|19|Conservas caldos y cremas|Conservas de verdura y frutas|Conservas verdura|Productos del momento|Rápido y saludable|Verduras asadas Hacendado||0.29|kg|10.00|€/kg|2.90|pimiento (34%), cebolla (31%), berenjena (30%), aceite refinado de girasol, aceite de oliva virgen y sal.|8480000224118|0||||||
876|2026-09-16 13:37:52|38|2026|43812|Pasta salad Fruits & vegetables Lettuce & prepared salad Prepared salad|0||69461|20|Fruta y verdura|Lechuga y ensalada preparada|Ensalada preparada|Productos del momento|Rápido y saludable|Ensalada de pasta||0.25|kg|10.40|€/kg|2.60|espirales de pasta de trigo simple cocida 34% (sémola de trigo duro), salsa de yogur 22% (aceite de girasol, agua, azúcar, nata en polvo, yema de huevo, vinagre, yogur en polvo 1,5%, sal, eneldo, jugo de limón concentrado, almidón modificado de maíz, aromas naturales (leche), acidulante (e270), conservador (e202), estabilizante (e415) y antioxidante (e385)), tomate 20%, fiambre de jamón de pavo cocido sabor ahumado 14% (jamón de pavo 46%, agua, fécula, sal, fibra alimentaria, estabilizantes (e451i, e407, e415 y e410), azúcar, aromas, antioxidante (e316), extracto de levadura, conservador (e250) y aroma de humo) y mezcla de brotes de lechuga en proporción variable 10% (brotes de lechuga roja y brotes de lechuga verde). trazas de soja.|8437013139748|0||||||
877|2026-09-16 13:37:52|38|2026|43812|Goats cheese salad Fruits & vegetables Lettuce & prepared salad Prepared salad|0||69474|21|Fruta y verdura|Lechuga y ensalada preparada|Ensalada preparada|Productos del momento|Rápido y saludable|Ensalada queso de cabra||0.153|kg|18.30|€/kg|2.80|mezcla de hortalizas en proporción variable 31% (mezcla de brotes(lechuga batavia verde, lechuga batavia roja y lechuga lollo rosso), brotes de espinaca y rúcula), vinagreta balsámica 24% (agua, vinagre balsámico de módena (vinagre de vino, mosto de uva concentrado, mosto de uva cocido, colorante (e150d)y conservador (metabisulfito potásico)), azúcar, aceite de oliva, sal, colorante (e150d), estabilizante (e414), correctores de la acidez (e262 y e500) y conservador (e202)), manzana roja* 18% (manzana roja y antioxidante (ascorbato de calcio)), queso de cabra fresco* 15% (leche de cabra pasteurizada, cuajo, sal, antiaglomerante (e460ii)), fibra cítrica y conservador (e202)), nueces* 6% y uvas pasas* 5% (uvas pasas y aceite de algodón). trazas de cacahuetes, frutos de cáscara, sésamo, soja, pescado, sulfitos y gluten.|8480000694744|0||||||
878|2026-09-16 13:37:53|38|2026|43812|California salad Fruits & vegetables Lettuce & prepared salad Prepared salad|0||69714|22|Fruta y verdura|Lechuga y ensalada preparada|Ensalada preparada|Productos del momento|Rápido y saludable|Ensalada California||0.192|kg|13.54|€/kg|2.60|hortalizas en proporción variable 34% (escarola rizada, canónigos y achicoria), salsa de miel y mostaza 31% (agua, aceite vegetal de girasol, mostaza 8% (agua, vinagre de alcohol, mostaza, jarabe de glucosa y fructosa, sal, estabilizantes (e412,e410 y e407) y especias), miel 7%, vinagre de alcohol, azúcar, sal, estabilizantes (e415, e412), almidón modificado de maíz, colorante (e150d) y conservadores (e211 y e202)), bacon sabor ahumado 8% (magro de panceta de cerdo, sal, conservadores (e326, e262, e250), azúcar, estabilizantes (e451i, e407), concentrado de manzana-hibisco-melaza, aroma de humo, aromas y antioxidante (e316)), cebolla frita 7,5% (cebolla, aceite vegetal de palma, harina de trigo y sal), nueces 7%, pasas 6% (pasas y aceite de algodón), picatostes 5% (harina de trigo, aceite vegetal de girasol, dextrosa, gluten de trigo, levadura, sal, suero de leche, extracto de malta de cebada, antioxidante (e300)). trazas de cacahuete, soja , sésamo y sulfitos.|8437004621771|0||||||
879|2026-09-16 13:37:53|38|2026|43812|Caesar salad consisting of fresh vegetables, chicken, cheese, croutons and sauces, includes fork Fruits & vegetables Lettuce & prepared salad Prepared salad|0||69849|23|Fruta y verdura|Lechuga y ensalada preparada|Ensalada preparada|Productos del momento|Rápido y saludable|Ensalada César||0.21|kg|12.38|€/kg|2.60|mezcla de hortalizas 36% (lechuga hoja de roble verde, lechuga iceberg), salsa césar 26% (agua, aceite vegetal de girasol, vinagre de alcohol, azúcar, queso, sal, acidulante (e270), pasta de anchoa (anchoa y sal), yema de huevo, estabilizantes (e412 y e415) y especias (cebolla, ajo, perejil y pimienta), conservadores (e211 y e202) y antioxidante (e385)), pechuga de pollo cocida 24% (pechuga de pollo 96%, extractos de fermentación, sal, dextrosa, aroma, estabilizante (e451i) y fibra), queso curado granulado 9% (leche pasteurizada, sal, cuajo y fécula de patata), picatostes 5% (harina de trigo, agua, sal, antioxidante (e300) y levadura).|8480000698490|0||||||
880|2026-09-16 13:37:53|38|2026|43812|Ensatun salad Fruits & vegetables Lettuce & prepared salad Prepared salad|0||69872|24|Fruta y verdura|Lechuga y ensalada preparada|Ensalada preparada|Productos del momento|Rápido y saludable|Ensalada ensatún||0.25|kg|10.40|€/kg|2.60|mezcla de hortalizas en proporcion variable 42% ( tomate cherry, lechuga hoja de roble verde, zanahoria y lechuga iceberg), atún en aceite vegetal (atun, aceite de girasol y sal), maíz dulce en grano 12% (maíz dulce, azúcar y sal), queso de leche de vaca blanco pasteurizado 8% (leche pasteurizada, sal, cuajo y acidulante (e330)), aceitunas verdes deshuesadas 8% (aceitunas, agua, sal, acidulantes (e 270 y 330) y antioxidante (e300)), aceite de oliva virgen extras 6%, vinagre de vino 4% (vinagre de vino y conservador aníhidrido sulfuroso) y sal 0,4% (sal iodada y antiaglomerante (e535). trazas de gluten y frutos de cáscara.|8437013139441|0||||||
881|2026-09-16 13:37:53|38|2026|43812|Garden soup Hacendado Cans, soups & creams Soups & stock Soup|0||19882|25|Conservas caldos y cremas|Sopa y caldo|Sopa|Productos del momento|Rápido y saludable|Sopa hortelana Hacendado||0.35|kg|4.86|€/kg|1.70|agua, verduras 16% (hortalizas en proporción variable: patatas, cebollas, puerros), zanahorias 8%, judías verdes 4%, lentejas rojas y verdes 3%, guisantes 3%, cereales 3% (cebada perlada (gluten) y espelta perlada (gluten)), legumbres 2% (judías azuki verdes, judías blancas), aceite de oliva virgen extra, sal, doble concentrado de tomate, plantas aromáticas, pimienta negra. puede contener trazas de otros cereales que contienen gluten, frutos de cáscara, leche, apio, soja y huevo.|8402001042669|0||||||
882|2026-09-16 13:37:53|38|2026|43812|Cream of lentils Hacendado Cans, soups & creams Gazpacho & creams Creams & puree|1|Italia|11628|26|Conservas caldos y cremas|Gazpacho y cremas|Cremas y puré|Productos del momento|Rápido y saludable|Crema de lentejas Hacendado||0.35|kg|4.86|€/kg|1.70|agua, lentejas 13%, calabaza, zanahoria 4%, cebolla 4%, grelos, aceites de oliva virgen extra, guisantes, pasta de tomate doble, sal, hierbas, especias. puede contener trazas de cereales con gluten, frutos de cáscara, leche, apio, soja y huevo.|8402001030840|0||||Lentils seeds, sprouted, fresh, raw|20521|
883|2026-09-16 13:37:53|38|2026|43812|Cream of zucchini Hacendado Cans, soups & creams Gazpacho & creams Creams & puree|0|Manerbio|35870|27|Conservas caldos y cremas|Gazpacho y cremas|Cremas y puré|Productos del momento|Rápido y saludable|Crema de calabacín Hacendado||0.35|kg|4.86|€/kg|1.70|calabacín 40%, agua, cebolla, zanahoria, apio nabo 5%, aceite de oliva virgen extra, sal. puede contener trazas de cereales con gluten, frutos de cáscara, leche, soja y huevo. sin conservantes ni colorantes.|8402001012310|0||||||
884|2026-09-16 13:37:53|38|2026|43812|Cream of vegetables Hacendado Cans, soups & creams Gazpacho & creams Creams & puree|0||8722|28|Conservas caldos y cremas|Gazpacho y cremas|Cremas y puré|Productos del momento|Rápido y saludable|Crema de verduras Hacendado||0.35|kg|4.86|€/kg|1.70|verduras 48% (verduras en proporción variable: patata, zanahoria, calabacín, calabaza, acelga, puerro, judía verde, berza), agua, guisante, aceite de oliva virgen extra, sal.|8480000087225|0||||||
885|2026-09-16 13:37:54|38|2026|43812|Cream of asparagus Hacendado Cans, soups & creams Gazpacho & creams Creams & puree|0|Italia|86587|29|Conservas caldos y cremas|Gazpacho y cremas|Cremas y puré|Productos del momento|Rápido y saludable|Crema de espárragos Hacendado||0.35|kg|4.86|€/kg|1.70|agua, patata, espárragos 23%, bebida de soja (agua, semillas de soja libres de ogm, sal), aceite de oliva, puerro, sal, aromas. puede contener trazas de gluten, frutos de cáscara, leche, apio y huevo.|8480000865878|0||||||
886|2026-09-16 13:37:54|38|2026|43812|Cream of pumpkin and carrot Hacendado Cans, soups & creams Gazpacho & creams Creams & puree|0|Italia|23225|30|Conservas caldos y cremas|Gazpacho y cremas|Cremas y puré|Productos del momento|Rápido y saludable|Crema de calabaza y zanahoria Hacendado||0.35|kg|4.86|€/kg|1.70|agua, calabaza 24%, zanahoria 17%, patata, puerro, jugo de soja (agua, semilla de soja libre de ogm, sal), aceite de oliva, sal, especias, aroma natural.|8480000232250|0||||||
887|2026-09-16 13:37:54|38|2026|43812|Natural Burgos cheese Hacendado Deli & cheese Spreadable cheese, fresh cheese and specialties Fresh cheese|0||52408|31|Charcutería y quesos|Queso untable fresco y especialidades|Queso fresco|Productos del momento|Rápido y saludable|Queso fresco Burgos natural Hacendado||0.25|kg|4.60|€/kg|1.15|leche pasteurizada (origen: españa), sal y cuajo (microbiano). sin gluten.|8480000524089|0||||||
888|2026-09-16 13:37:54|38|2026|43812|Fresh cow cheese Hacendado Deli & cheese Spreadable cheese, fresh cheese and specialties Fresh cheese|0||51191|32|Charcutería y quesos|Queso untable fresco y especialidades|Queso fresco|Productos del momento|Rápido y saludable|Queso fresco de vaca Hacendado||0.25|kg|6.40|€/kg|1.60|leche de vaca pasteurizada, sal y cuajo microbiano.origen de la leche: españa|8480000511911|0||||||
889|2026-09-16 13:37:54|38|2026|43812|Light cow fresh cheese Hacendado Deli & cheese Spreadable cheese, fresh cheese and specialties Fresh cheese|0||51192|33|Charcutería y quesos|Queso untable fresco y especialidades|Queso fresco|Productos del momento|Rápido y saludable|Queso fresco light de vaca Hacendado||0.25|kg|8.80|€/kg|2.20|leche de vaca pasteurizada semidesnatada, sal y cuajo microbiano.origen de la leche: españa|8480000511928|0||||||
890|2026-09-16 13:37:54|38|2026|43812|Fresh goat cheese Hacendado Deli & cheese Spreadable cheese, fresh cheese and specialties Fresh cheese|0||51194|34|Charcutería y quesos|Queso untable fresco y especialidades|Queso fresco|Productos del momento|Rápido y saludable|Queso fresco de cabra Hacendado||0.25|kg|11.80|€/kg|2.95|leche de cabra pasteurizada, sal y cuajo microbiano.origen de la leche: españa|8480000511942|0||||||
891|2026-09-16 13:37:54|38|2026|43812|Smoked salmon cubes Hacendado Seafood & fish Salted & smoked fish Smoked|0|Elaborado en España|22612|35|Marisco y pescado|Salazones y ahumados|Ahumados|Productos del momento|Rápido y saludable|Taquitos de salmón ahumado Hacendado||0.1|kg|38.00|€/kg|3.80|salmón (pescado) (salmo salar) (97%), sal, aroma natural y conservador: vinagre tamponado.|8480000226129|0||||||
892|2026-09-16 13:37:55|38|2026|43812|Salmon steaks Seafood & fish Fresh fish Salmon|0|Noruega|87205|36|Marisco y pescado|Pescado fresco|Salmón|Productos del momento|Rápido y saludable|Rodaja de salmón||0.35|kg|19.50|€/kg|6.82|salmón (salmo salar). puede contener crustáceos y moluscos.|8402001049200|0||||||
893|2026-09-16 13:37:55|38|2026|43812|Yellowfin tuna slices Seafood & fish Fresh fish Other|0||87197|37|Marisco y pescado|Pescado fresco|Otros|Productos del momento|Rápido y saludable|Rodajas de atún de aleta amarilla||0.235|kg|22.25|€/kg|5.23|atún de aleta amarilla (95%, pescado), agua, sal, antioxidantes e331 y e301, aroma natural.|8435274119967|0||||||
894|2026-09-16 13:37:55|38|2026|43812|Blackbelly rosefish fillets with added water Seafood & fish Fresh fish Other|0|España|87350|38|Marisco y pescado|Pescado fresco|Otros|Productos del momento|Rápido y saludable|Filetes de Gallineta descongelada||0.38|kg|16.00|€/kg|6.08|gallineta (sebastes spp) (pescado), agua añadida (10%), sal, corrector de acidez (e-331) y antioxidantes (e-330, e-301, e-316). puede contener trazas de moluscos y/o crustáceos.|8402001024597|0||||||
895|2026-09-16 13:37:55|38|2026|43812|Sea bream fillets Seafood & fish Fresh fish Sea bream|0||87302|39|Marisco y pescado|Pescado fresco|Dorada|Productos del momento|Rápido y saludable|Filetes de dorada||0.2|kg|22.50|€/kg|4.50|dorada (pescado) (sparus aurata). puede contener trazas de crustáceos y moluscos.|8402001030055|0||||||
896|2026-09-16 13:37:55|38|2026|43812|Sea bass fillets Seafood & fish Fresh fish Sea bass|0||87313|40|Marisco y pescado|Pescado fresco|Lubina|Productos del momento|Rápido y saludable|Filete de lubina||0.2|kg|22.50|€/kg|4.50|lubina (pescado) (dicentrarchus labrax). puede contener trazas de crustáceos y moluscos.|8402001030062|0||||||
897|2026-09-16 13:37:55|38|2026|43812|Cooked octopus tentacles Seafood & fish Fresh fish Cuttlefish, octopus and squid|0||87775|41|Marisco y pescado|Pescado fresco|Sepia, pulpo y calamar|Productos del momento|Rápido y saludable|Patas de pulpo cocido||0.25|kg|42.00|€/kg|10.50|pulpo (moluscos) (octopus vulgaris) y sal. puede contener pescado y/o crustáceos.|8480000877758|0||||||
898|2026-09-16 13:37:55|38|2026|43812|Frozen raw shrimp tails Hacendado Frozen food Seafood Seafood|0|España|24102|42|Congelados|Marisco|Marisco|Productos del momento|Rápido y saludable|Colas de gambón crudo Hacendado congelado||0.25|kg|24.60|€/kg|6.15|gambón (pleoticus muelleri) (crustáceos), agua, sal y antioxidante: metabisulfito de sodio (sulfitos). puede contener moluscos y/o pescado.|8402001033032|0||||||
899|2026-09-16 13:37:55|38|2026|43812|Deep Frozen king prawn cooked and peeled Hacendado Frozen food Seafood Seafood|0||24477|43|Congelados|Marisco|Marisco|Productos del momento|Rápido y saludable|Langostino cocido y pelado Hacendado ultracongelado||None|kg|22.73|€/kg|5.00|langostino vannamei (penaeus vannamei) (crustáceo), sal, antioxidantes (e 223 (sulfitos), e 330). puede contener: moluscos y/o pescado.|8480000244772|0||||||
900|2026-09-16 13:37:55|38|2026|43812|Frozen yellowfin tuna slices Hacendado Frozen food Fish Fish|0|España|24357|44|Congelados|Pescado|Pescado|Productos del momento|Rápido y saludable|Rodajas de atún de aleta amarilla Hacendado congelado||0.25|kg|17.50|€/kg|4.38|atún de aleta amarilla, (95%,  pescado), agua, sal, antioxidantes e331 y e301, corrector de acidez e500, aroma  natural|8435274110728|0||||||
901|2026-09-16 13:37:55|38|2026|43812|Salmon fillets without skin frozen Hacendado Frozen food Fish Fish|0|España|24511|45|Congelados|Pescado|Pescado|Productos del momento|Rápido y saludable|Lomos de salmón sin piel Hacendado congelado||0.25|kg|23.80|€/kg|5.95|2 piezas de lomo de salmón sin piel (salmo salar) (pescado) de cría de noruega.|8480000245113|0||||||
902|2026-09-16 13:37:55|38|2026|43812|Lightly salted deep-frozen cod fillets MareDeus Frozen food Fish Fish|0|Noruega/Rusia|24016|46|Congelados|Pescado|Pescado|Productos del momento|Rápido y saludable|Filetes de bacalao MareDeus ultracongelado||None|kg|19.73|€/kg|7.40|bacalao (gadus morhua) 90%, agua 8% y sal 2%.|8436542052023|0||||||
903|2026-09-16 13:37:56|38|2026|43812|Diced turkey Meat Poultry Turkey & other fowl|0||12874|47|Carne|Aves y pollo|Pavo y otras aves|Productos del momento|Rápido y saludable|Tacos de pavo||0.57|kg|7.60|€/kg|4.33||8436039782945|0||||||
904|2026-09-16 13:37:56|38|2026|43812|Extra-tender marinated turkey breast fillets Meat Poultry Turkey & other fowl|0||14031|48|Carne|Aves y pollo|Pavo y otras aves|Productos del momento|Rápido y saludable|Filetes pechuga de pavo marinados extra tiernos||0.6|kg|9.00|€/kg|5.40|pechuga de pavo (93%), agua, sal, dextrosa de maíz, aromas, maltodextrina de maíz, estabilizantes (e-451 y e-407), antioxidantes (e-331 y e-300) y conservadores (e-326, e-261 y e-250)|8436039788039|0||||||
905|2026-09-16 13:37:56|38|2026|43812|Boneless and skinless chicken legs Meat Poultry Chicken|0||2789|49|Carne|Aves y pollo|Pollo|Productos del momento|Rápido y saludable|Contramuslos de pollo deshuesados y sin piel||0.55|kg|6.50|€/kg|3.58||2105100027891|0||||||
906|2026-09-16 13:37:56|38|2026|43812|Washed 3 vegetable mix for microwave Fruits & vegetables Vegetables Steamed vegetables|0||69737|50|Fruta y verdura|Verdura|Verduras al vapor|Productos del momento|Rápido y saludable|3 Vegetales para microondas lavados||0.3|kg|6.50|€/kg|1.95|brócoli, coliflor y zanahoria|8436006183454|0||||||
907|2026-09-16 13:37:56|38|2026|43812|Washed broccoli florets for microwave Fruits & vegetables Vegetables Steamed vegetables|0||69622|51|Fruta y verdura|Verdura|Verduras al vapor|Productos del momento|Rápido y saludable|Floretas de brócoli para microondas lavadas||0.23|kg|7.39|€/kg|1.70|brócoli|8437004621900|0||||||
908|2026-09-16 13:37:56|38|2026|43812|Potatoes for microwaving Fruits & vegetables Vegetables Steamed vegetables|0|Francia|69484|52|Fruta y verdura|Verdura|Verduras al vapor|Productos del momento|Rápido y saludable|Patatas para microondas||0.4|kg|3.75|€/kg|1.50|patatas para microondas|8424717004007|0||||||
909|2026-09-16 13:37:56|38|2026|43812|Sweet potatoes for microwave Fruits & vegetables Vegetables Steamed vegetables|0|EEUU|69465|53|Fruta y verdura|Verdura|Verduras al vapor|Productos del momento|Rápido y saludable|Batatas para microondas||0.4|kg|6.25|€/kg|2.50|batatas para microondas|8424717004014|0||||||
910|2026-09-16 13:37:56|38|2026|43812|Portobello mushrooms Fruits & vegetables Vegetables Mushrooms|0||69664|54|Fruta y verdura|Verdura|Setas y champiñones|Productos del momento|Rápido y saludable|Champiñones Portobello||0.3|kg|7.35|€/kg|2.20|champiñón portobello pie cortado|8402001057519|0||||||
911|2026-09-16 13:37:56|38|2026|43812|Mushrooms Fruits & vegetables Vegetables Mushrooms|0|España|69653|55|Fruta y verdura|Verdura|Setas y champiñones|Productos del momento|Rápido y saludable|Setas||0.25|kg|8.35|€/kg|2.09|seta|2105400696537|0||||||
912|2026-09-16 13:37:56|38|2026|43812|Intense mixed mushrooms Fruits & vegetables Vegetables Mushrooms|0|España|69657|56|Fruta y verdura|Verdura|Setas y champiñones|Productos del momento|Rápido y saludable|Mix de setas intenso||0.235|kg|16.00|€/kg|3.76|h.marmoreus, l.edodes, a.bisporus y p. eryngii|8402001051555|0||||||
913|2026-09-16 13:37:57|38|2026|43812|Thick green asparagus Fruits & vegetables Vegetables Other vegetables & greens|0|España, Perú y México|69643|57|Fruta y verdura|Verdura|Otras verduras y hortalizas|Productos del momento|Rápido y saludable|Espárragos verdes gruesos||0.3|kg|13.67|€/kg|4.10|espárragos|8410405000352|0||||||
914|2026-09-16 13:37:57|38|2026|43812|Cooked potatoes Hacendado Cans, soups & creams Vegetable & fruit tins Vegetable tins|0||15534|58|Conservas caldos y cremas|Conservas de verdura y frutas|Conservas verdura|Productos del momento|Rápido y saludable|Patatas cocidas Hacendado||0.66|kg|2.88|€/kg|1.90|patatas, agua, sal y antioxidante; ácido ascórbico|8402001014253|0||||||
915|2026-09-16 13:37:57|38|2026|43812|Vegetable medley Hacendado Cans, soups & creams Vegetable & fruit tins Vegetable tins|0|España|16737|59|Conservas caldos y cremas|Conservas de verdura y frutas|Conservas verdura|Productos del momento|Rápido y saludable|Macedonia de verduras Hacendado||0.535|kg|1.68|€/kg|0.90|zanahoria, patata, guisante, judía verde, agua y sal.|8480000167378|0||||||
916|2026-09-16 13:37:57|38|2026|43812|Whole very thick white asparagus Hacendado Cans, soups & creams Vegetable & fruit tins Vegetable tins|0|Producto originario de China o Perú|16561|60|Conservas caldos y cremas|Conservas de verdura y frutas|Conservas verdura|Productos del momento|Rápido y saludable|Espárragos blancos muy gruesos Hacendado enteros||0.54|kg|6.11|€/kg|3.30|espárragos, agua, sal, azúcar y acidulante; ácido cítrico|8402001001710|0||||||
917|2026-09-16 13:37:57|38|2026|43812|Round green beans Hacendado Cans, soups & creams Vegetable & fruit tins Vegetable tins|0|Milagro- Navarra|16315|61|Conservas caldos y cremas|Conservas de verdura y frutas|Conservas verdura|Productos del momento|Rápido y saludable|Judías verdes redondas Hacendado||0.66|kg|1.67|€/kg|1.10|judia verde, agua y sal|8480000163158|0||||||
918|2026-09-16 13:37:57|38|2026|43812|Artichoke hearts Hacendado Cans, soups & creams Vegetable & fruit tins Vegetable tins|0||19959|62|Conservas caldos y cremas|Conservas de verdura y frutas|Conservas verdura|Productos del momento|Rápido y saludable|Corazones de alcachofa Hacendado||0.26|kg|11.54|€/kg|3.00|alcachofa, aceite de girasol (21%).(contiene antioxidante: extracto rico en tocoferoles), aceite de oliva (0,7%), sal, acidulante: ácido cítrico, antioxidante: ácido ascórbico|8402001043192|0||||||
919|2026-09-16 13:37:57|38|2026|43812|Pasteurized liquid egg whites Eggs, milk & butter Eggs Eggs|0|España|31312|63|Huevos leche y mantequilla|Huevos|Huevos|Productos del momento|Rápido y saludable|Claras de huevo líquidas pasteurizadas||1.0|l|2.85|€/l|2.85|clara de huevo de gallina pasteurizada, conservante e-202. alérgenos: contiene huevo.|8411384100941|0||||||
920|2026-09-16 13:37:58|38|2026|43812|Deep-frozen rustic sautéed Hacendado Frozen food Fruit and vegetable Vegetables|0||21537|64|Congelados|Fruta y verdura|Verdura|Productos del momento|Rápido y saludable|Salteado rústico Hacendado ultracongelado||0.45|kg|4.44|€/kg|2.00|patata asada, boniato asado y cebolla roja asada.|8402001046964|0||||||
921|2026-09-16 13:37:58|38|2026|43812|Deep-frozen vegetable wok mix Hacendado Frozen food Fruit and vegetable Vegetables|1|España|11617|65|Congelados|Fruta y verdura|Verdura|Productos del momento|Rápido y saludable|Wok de verduras Hacendado ultracongelado||0.45|kg|4.22|€/kg|1.90|(brócoli, calabacín asado, zanahoria naranja y amarilla, pimiento rojo, castaña de agua, cebolla roja asada, peapods (tirabeques), edamame grano (soja)), seta shiitake cultivada (lentinula edodes) (9%), sazonador (azúcar, sal aroma, cebolla deshidratada, especias, algarroba en polvo, maltodextrina, ajo deshidratado, fibra de arroz, hierbas, aceite de girasol), aceite de girasol.|8402001028748|0||||Mixed vegetables, frozen, raw|20101|
922|2026-09-16 13:37:58|38|2026|43812|Deep-frozen baby artichoke Hacendado Frozen food Fruit and vegetable Vegetables|0||61229|66|Congelados|Fruta y verdura|Verdura|Productos del momento|Rápido y saludable|Alcachofa baby Hacendado ultracongelada||0.3|kg|10.17|€/kg|3.05|alcachofa.|8402001028182|0||||||
923|2026-09-16 13:37:58|38|2026|43812|Deep-frozen chopped green asparagus Hacendado Frozen food Fruit and vegetable Vegetables|0||61238|67|Congelados|Fruta y verdura|Verdura|Productos del momento|Rápido y saludable|Espárrago verde troceado Hacendado ultracongelado||0.3|kg|8.50|€/kg|2.55|espárrago verde.|8480000612380|0||||||
924|2026-09-16 13:37:58|38|2026|43812|Deep-frozen sautéed vegetables Hacendado Frozen food Fruit and vegetable Vegetables|0||61065|68|Congelados|Fruta y verdura|Verdura|Productos del momento|Rápido y saludable|Salteado de verduras Hacendado ultracongelado||0.6|kg|2.58|€/kg|1.55|hortalizas y verduras en proporción variable (judía verde, brócoli, pimiento  rojo, champiñón cultivado (agaricus bisporus) y cebolla)|8402001011191|0||||||
925|2026-09-16 13:37:58|38|2026|43812|Deep-frozen cauliflower, broccoli and carrots Hacendado Frozen food Fruit and vegetable Vegetables|0||61006|69|Congelados|Fruta y verdura|Verdura|Productos del momento|Rápido y saludable|Coliflor, brócoli y zanahoria Hacendado ultracongelada||1.0|kg|1.80|€/kg|1.80|mezcla de vegetales en  proporción variable (coliflor, brócoli y zanahoria).|8480000610065|0||||||
926|2026-09-16 13:37:58|38|2026|43812|Frozen diced avocado Hacendado Frozen food Fruit and vegetable Fruits|0||14283|70|Congelados|Fruta y verdura|Fruta|Productos del momento|Rápido y saludable|Aguacate en dados Hacendado congelado||0.5|kg|7.00|€/kg|3.50|aguacate 99%, antioxidante: ácido ascórbico, sal y regulador de acidez: ácido cítrico|8402001036965|0||||||
927|2026-09-16 13:37:58|38|2026|43812|Deep frozen for microwaving rice with vegetables Hacendado Frozen food Rice & pasta Rice|0||12756|71|Congelados|Arroz y pasta|Arroz|Productos del momento|Rápido y saludable|Arroz con verduras para microondas Hacendado ultracongelado||0.8|kg|2.50|€/kg|2.00|arroz (67%) (agua y arroz), verduras en proporción variable (33%) (brócoli, guisante, maíz, pimiento rojo y zanahoria).|8402001030932|0||||||
928|2026-09-16 13:37:58|38|2026|43812|Deep frozen rice for microwave Hacendado Frozen food Rice & pasta Rice|0||61302|72|Congelados|Arroz y pasta|Arroz|Productos del momento|Rápido y saludable|Arroz para microondas Hacendado ultracongelado||1.0|kg|1.90|€/kg|1.90|arroz (agua, arroz).|8480000613028|0||||||
929|2026-09-16 13:37:58|38|2026|43812|Long brown rice Hacendado Rice, pulses & pasta Rice Rice|0||5184|73|Arroz legumbres y pasta|Arroz|Arroz|Productos del momento|Rápido y saludable|Arroz integral largo Hacendado||1.0|kg|1.65|€/kg|1.65|arroz|8480000051844|0||||||
930|2026-09-16 13:37:59|38|2026|43812|Fragrant basmati rice Hacendado Rice, pulses & pasta Rice Rice|0||5002|74|Arroz legumbres y pasta|Arroz|Arroz|Productos del momento|Rápido y saludable|Arroz basmati aromático Hacendado||1.0|kg|2.10|€/kg|2.10|arroz|8480000050021|0||||||
931|2026-09-16 13:37:59|38|2026|43812|Pasta trottole vegetable Hacendado Rice, pulses & pasta Pasta & noodles Macaroni, bows & fusilli|0|Italia|6371|75|Arroz legumbres y pasta|Pasta y fideos|Macarrones, pajaritas y hélices|Productos del momento|Rápido y saludable|Pasta trottole vegetales Hacendado||0.5|kg|2.10|€/kg|1.05|100% sémola de trigo duro. pasta alimenticia compuesta al tomate: sémola de trigo duro, 3,5% tomate deshidratado. pasta alimenticia compuesta a las espinacas: sémola de trigo duro 2,5% espinacas deshidratadas . puede contener trazas de soja, mostaza y huevo.|8402001021398|0||||||
932|2026-09-16 13:37:59|38|2026|43812|Pasta fusilloni vegetable Hacendado Rice, pulses & pasta Pasta & noodles Macaroni, bows & fusilli|0||17640|76|Arroz legumbres y pasta|Pasta y fideos|Macarrones, pajaritas y hélices|Productos del momento|Rápido y saludable|Pasta fusilloni vegetal Hacendado||0.5|kg|2.10|€/kg|1.05|pasta alimenticia de calidad superior: 100% sémola de trigo duro (gluten). pasta compuesta al tomate:  sémola de trigo duro (gluten), 3,5% de tomate deshidratado. pasta compuesta a las espinacas: sémola de trigo duro (gluten), 2,2% espinacas deshidratadas. puede contener trazas de huevos, soja y mostaza.|8402001056918|0||||||
933|2026-09-16 13:37:59|38|2026|43812|100% Red lentil pasta fusilli Felicia Rice, pulses & pasta Pasta & noodles Macaroni, bows & fusilli|0|Italia|6106|77|Arroz legumbres y pasta|Pasta y fideos|Macarrones, pajaritas y hélices|Productos del momento|Rápido y saludable|Pasta fusilli 100% lentejas rojas Felicia||0.25|kg|6.60|€/kg|1.65|100% harina de lentejas rojas. no contiene gluten.|8032804430822|0||||||
934|2026-09-16 13:37:59|38|2026|43812|Wholemeal spaghetti Hacendado Rice, pulses & pasta Pasta & noodles Spaghetti & tagliatelle|0||35778|78|Arroz legumbres y pasta|Pasta y fideos|Spaghetti y tallarines|Productos del momento|Rápido y saludable|Spaghetti integral Hacendado||0.5|kg|2.30|€/kg|1.15|sémola integral de trigo duro (gluten). puede contener trazas de huevos, soja y mostaza.|8402001010200|0||||||
935|2026-09-16 13:37:59|38|2026|43812|Pappardelle Hacendado Rice, pulses & pasta Pasta & noodles Spaghetti & tagliatelle|0||21988|79|Arroz legumbres y pasta|Pasta y fideos|Spaghetti y tallarines|Productos del momento|Rápido y saludable|Pappardelle Hacendado||0.45|kg|3.22|€/kg|1.45|sémola de trigo duro (gluten). puede contener trazas de huevos, soja y mostaza.|8402001052620|0||||||
936|2026-09-16 13:37:59|38|2026|43812|Egg tagliatelle Hacendado Rice, pulses & pasta Pasta & noodles Spaghetti & tagliatelle|0|España|6321|80|Arroz legumbres y pasta|Pasta y fideos|Spaghetti y tallarines|Productos del momento|Rápido y saludable|Nidos al huevo Hacendado||0.5|kg|2.90|€/kg|1.45|sémola de trigo duro (gluten), huevo (13%). puede contener trazas de soja y mostaza. 3 huevos por kg de sémola.|8480000063212|0||||||
937|2026-09-16 13:37:59|38|2026|43812|Rice noodles Hacendado Rice, pulses & pasta Pasta & noodles Spaghetti & tagliatelle|0|Viet Nam|35981|81|Arroz legumbres y pasta|Pasta y fideos|Spaghetti y tallarines|Productos del momento|Rápido y saludable|Noodles de arroz Hacendado||0.2|kg|7.25|€/kg|1.45|harina de arroz, almidón de tapioca, sal.|8402001011924|0||||||
938|2026-09-16 13:38:00|38|2026|43812|Gluten-free soy sauce Hacendado Oils, spices & sauces Other sauces Oriental sauces|0|Austria|17382|82|Aceite especias y salsas|Otras salsas|Salsas orientales|Productos del momento|Rápido y saludable|Salsa de Soja sin gluten Hacendado||0.25|l|10.00|€/l|2.50|ingredientes: agua, habas de soja, sal, vinagre de alcohol.|8480000173829|0||||||
939|2026-09-16 13:37:59|38|2026|43812|Fresh Pesto sauce with basil Hacendado Oils, spices & sauces Other sauces Pasta sauces|0||35186|83|Aceite especias y salsas|Otras salsas|Salsas para pasta|Productos del momento|Rápido y saludable|Salsa fresca Pesto con albahaca Hacendado||0.15|kg|12.67|€/kg|1.90|aceite de semillas de girasol, albahaca (24%),  anacardos, aceite de oliva,  queso rallado (3%) (leche, sal, cuajo), sal, piñones (2%), mantequilla (leche), ajo deshidratado, corrector de acidez: ácido láctico, antioxidante: ácido ascórbico, conservador: sorbato de potasio (e202).puede contener frutos de cáscara, cacahuetes, mostaza, apio, sulfitos, soja, pescado, huevos, moluscos y crustáceos.|8402001009044|0||||||
940|2026-09-16 13:38:00|38|2026|43812|Coconut preparation Hacendado Eggs, milk & butter Milk & milk alternatives Milk alternatives|0|Thailandia|17174|84|Huevos leche y mantequilla|Leche y bebidas vegetales|Bebidas vegetales|Productos del momento|Rápido y saludable|Preparado de coco Hacendado||0.4|l|3.25|€/l|1.30|extracto de coco 81-82%, eche de coco 17 -19%, agua, estabilizante (e466 carboxy methyl cellulose), emulsionante (polysorbate60)|8402001019944|0||||||
941|2026-09-16 13:38:00|38|2026|43812|Oat biscuits and seeds Hacendado Cereal & biscuits Biscuits Wholemeal & digestive biscuits|0||17639|1|Cereales y galletas|Galletas|Galletas integrales y digestive|Novedades|Novedades|Galletas avena y semillas Hacendado||0.32|kg|5.94|€/kg|1.90|copos de avena, harina de trigo, arroz inflado (harina de arroz, harina de trigo, sal), azúcar, aceite refinado de girasol alto oleico 13%, copos de maíz (maíz, sal, azúcar, jarabe de malta de cebada), oligofructosa, almidón de trigo, semillas de lino, semillas de chía (salvia hispanica), gelificante (goma arábiga), gasificantes (carbonato ácido de potasio, carbonato ácido de amonio), sal, emulgente [lecitinas (soja)], aroma, aroma natural, suero de leche en polvo. puede contener trazas de granos de sésamo, frutos de cáscara, huevo y mostaza.|8402001056321|1||||||
942|2026-09-16 13:38:00|38|2026|43812|White chocolate filled Rebuenas 1 biscuits Hacendado Cereal & biscuits Biscuits With chocolate & stuffed|0||17929|3|Cereales y galletas|Galletas|Con chocolate y rellenas|Novedades|Novedades|Galletas rebuenas Hacendado rellenas de chocolate blanco||0.5|kg|2.90|€/kg|1.45|crema sabor chocolate blanco [azúcar, grasas vegetales (palma, palmiste), suero de leche en polvo, manteca de cacao, leche en polvo, almidón de trigo, emulgente (lecitinas [contienen soja]), sal, aroma], harina de trigo, azúcar, aceite refinado de girasol alto oleico, cacao desgrasado en polvo [cacao desgrasado en polvo, corrector de acidez (carbonato potásico)], suero de leche en polvo, gasificantes (carbonato ácido de amonio, carbonato ácido de sodio), jarabe de glucosa y fructosa, sal, emulgente [lecitinas (soja)], proteínas de la leche, antioxidante (metabisulfito sódico), leche desnatada en polvo. puede contener trazas de mostaza.|8402001057335|1||||||
943|2026-09-16 13:38:00|38|2026|43812|Soy dessert with caramel Hacendado Dessert & yoghurt Soy desserts Soy desserts|0||24080|4|Postres y yogures|Postres de soja|Postres de soja|Novedades|Novedades|Postre de soja con caramelo Hacendado||0.4|kg|3.88|€/kg|1.55|bebida de soja 80,3% (agua, habas de soja 6.3%*), azúcar,  caramelo 6,6% (azúcar, agua), almidones modificados, aromas naturales, sal, espesante:  carragenanos; azúcar caramelizado, colorante: norbixina de bija. * sobre el producto terminado.|8402001053924|1||||||
944|2026-09-16 13:38:00|38|2026|43812|Tropical drink Hacendado Juice Assorted fruit Assorted fruit & other flavours|0||18370|5|Zumos|Fruta variada|Fruta variada y otros sabores|Novedades|Novedades|Zumo tropical Hacendado||1.0|l|2.40|€/l|2.40|zumo de uva 45%, zumo de naranja 25%, zumo de piña 15%, puré de mango 10% y zumo de maracuyá 5%mantene|8402001060526|1||||||
945|2026-09-16 13:38:00|38|2026|43812|Choco Bom chocolate chip biscuits coated in white chocolate Gullón Cereal & biscuits Biscuits With chocolate & stuffed|0||17928|6|Cereales y galletas|Galletas|Con chocolate y rellenas|Novedades|Novedades|Galletas Choco Bom Gullón con chips de chocolate recubiertas de chocolate blanco||0.1|kg|10.00|€/kg|1.00|chocolate blanco 40% (azúcar, manteca de cacao, leche en polvo, suero de leche en polvo, emulgente (lecitinas [soja]), aroma, aroma natural de vainilla), harina de trigo, chips de chocolate 12 % (azúcar, pasta de cacao, manteca de cacao, emulgente (lecitinas [soja])), aceite refinado de girasol alto oleico, azúcar, oligofructosa, gasificantes (carbonato ácido de amonio y carbonato ácido de sodio), sal, aroma. puede contener trazas de frutos de cáscara y mostaza|8410376012699|1||||||
946|2026-09-16 13:38:00|38|2026|43812|Peru coffee pods Hacendado Chocolate drinks, coffee & tea Coffee pods & single cups Nespresso-compatible pods|0||17674|7|Cacao café e infusiones|Café cápsula y monodosis|Cápsulas compatibles Nespresso|Novedades|Novedades|Café en cápsula Perú Hacendado||0.104|kg|0.19|€/kg|3.80||8402001057489|1||||||
947|2026-09-16 13:38:00|38|2026|43812|100% whole grain sliced bread Bread & bakery Oven bread Sliced bread loaf|0||17912.2|8|Panadería y pastelería|Pan de horno|Pan rebanado|Novedades|Novedades|Barra pan integral 100% rebanado||0.23|kg|3.91|€/kg|0.90|harina integral de trigo (gluten) 70%**, agua, sal, levadura, masa madre de trigo integral (gluten) inactiva, gluten de trigo, emulgente e-472e y antioxidante e-300. puede contener soja y mostaza.|8402001058868|1||||||
948|2026-09-16 13:38:01|38|2026|43812|100% whole grain loaf of bread Bread & bakery Oven bread Bread loaf|0||17912.1|9|Panadería y pastelería|Pan de horno|Barra de pan|Novedades|Novedades|Barra pan integral 100%||0.23|kg|3.91|€/kg|0.90|harina integral de trigo (gluten) 70%**, agua, sal, levadura, masa madre de trigo integral (gluten) inactiva, gluten de trigo, emulgente e-472e y antioxidante e-300. puede contener soja y mostaza.|8402001058868|1||||||
949|2026-09-16 13:38:01|38|2026|43812|Crunchy Milk bars with cereals and milk chocolate filling Hacendado Sugar, sweets & chocolate Chocolate Bars|0||17705|11|Azúcar caramelos y chocolate|Chocolate|Chocolatinas|Novedades|Novedades|Barritas crujientes Crunchy Milk Hacendado con relleno de cereales y chocolate con leche||0.092|kg|19.57|€/kg|1.80|relleno de cereales con chocolate y leche 52% [preparado lácteo 74% (aceites y grasas vegetales (girasol refinado, colza, palma, coco), azúcar, leche entera en polvo (20%), leche desnatada en polvo (8%), suero de leche en polvo (2%), lactosa (leche) (2%), emulgente (lecitinas), antioxidante (e-306), aromas), cereales con chocolate 26% (cereales (sémola de trigo (gluten), harina de trigo (gluten), harina de avena (gluten), harina de arroz, harina integral de trigo (gluten)), azúcar, leche entera en polvo, sal)], cereales (sémola de arroz, harina integral de trigo (gluten), harina de trigo (gluten), harina de avena (gluten)), chocolate en polvo (azúcar, cacao en polvo), grasa vegetal (palmiste, palma), leche entera en polvo, leche desnatada en polvo, suero de leche en polvo, almidón de maíz, fibra de trigo (gluten), jarabe de azúcar caramelizado, sal, emulgente (lecitina de soja), gasificante (bicarbonato sódico), aromas. puede contener frutos de cáscara y mostaza.|8402001057151|1||||||
950|2026-09-16 13:38:01|38|2026|43812|Deep frozen cheese and ham baguette Hacendado Frozen food Pizza Pizza|0||23988|13|Congelados|Pizzas|Pizzas|Novedades|Novedades|Baguette jamón y queso Hacendado ultracongeladas||0.25|kg|8.40|€/kg|2.10|harina de trigo (gluten), agua, queso edam 12,1% (leche), jamón cocido 7,5% (jamón de cerdo (70%), agua, sal, azúcar, aromas, estabilizantes (e-451,e-420,e-407), antioxidantes (e-316 y e-331), conservador (e-250)), aceite refinado de girasol, creme fraiche (nata (leche), fermentos lácticos), nata (nata ligera (leche), almidón modificado, emulgente (e-472e), estabilizantes (e-440i y e-407)), queso rallado fundido en polvo (leche)(queso (leche), almidón, proteína de la leche, mantequilla (leche), sales de fundido (e-452, e-340, e-331), sal, aroma (leche), corrector de acidez (e-270), conservador (e-202), antiapelmazante: almidón de patata), suero de leche en polvo, sal, levadura, almidón modificado de patata, cebollino, cebolla prefrita (cebolla (90%) y aceite refinado de girasol), azúcar, yogur desnatado en polvo (leche), aroma natural, pimienta negra molida, ajo molido, agente de tratamiento de la harina(e920). puede contener trazas de pescado, soja y mostaza.|8402001053566|1||||||
951|2026-09-16 13:38:01|38|2026|43812|Fussion Milk chocolate caramelised cookies filling Hacendado Sugar, sweets & chocolate Chocolate Milk chocolate|0||17996|15|Azúcar caramelos y chocolate|Chocolate|Chocolate con leche|Novedades|Novedades|Chocolate con leche Fussion Hacendado relleno de galleta caramelizada||0.142|kg|12.32|€/kg|1.75||8402001055874|1||||||
952|2026-09-16 13:38:01|38|2026|43812|Cupcakes with chocolate chips Bread & bakery Oven pastries Sweet pastries|0||17700|16|Panadería y pastelería|Bollería de horno|Bollería dulce|Novedades|Novedades|Magdalenas con pepitas de chocolate||0.39|kg|7.95|€/kg|3.10|harina de trigo (gluten), aceite refinado de girasol, azúcar, huevo líquido pasteurizado, pepitas de chocolate (8,9%) [azúcar, pasta de cacao, manteca de cacao, dextrosa, emulgente (lecitina de soja)], agua, jarabe de glucosa y fructosa, humectante (glicerina), mantequilla (leche), gasificantes (difosfato disódico, bicarbonato de sodio), jarabe de azúcar invertido, ralladura de naranja, miel de flores, aroma, sal, espesante (goma xantana), antioxidante (extracto rico en tocoferol), enzimas. puede contener: frutos de cáscara, mostaza, sulfitos|8402001058349|1||||||
953|2026-09-16 13:38:01|38|2026|43812|Whole grain loaf of bread with 20% oats 5% buckwheat Hacendado Bread & bakery Packaged sliced bread & other specialities Other bread|0||18294|17|Panadería y pastelería|Pan de molde y otras especialidades|Otros panes|Novedades|Novedades|Pan de molde integral con 20% avena 5% trigo sarraceno Hacendado||0.55|kg|2.73|€/kg|1.50|harina integral (57%) (trigo (gluten), avena (gluten) (20%), trigo sarraceno (5%)), agua, semillas de girasol (4,5%), levadura, gluten de trigo, aceite de oliva virgen extra (1,3%), sal, sémola integral de trigo (gluten), emulgentes (e-472e, e-471), conservadores (e-282, e-200, e-202), antioxidante (e-300), aroma. puede contener trazas de semillas de sésamo, soja y mostaza. sin lactosa.|8402001059247|1||||||
954|2026-09-16 13:38:01|38|2026|43812|Slices serrano Ham Jamcal Deli & cheese Serrano ham Serrano ham|0||18353|18|Charcutería y quesos|Jamón serrano|Jamón serrano|Novedades|Novedades|Jamón serrano Jamcal lonchas||0.05|kg|22.00|€/kg|1.10|jamón de cerdo, sal, azúcar, conservadores (e-252 y e-250) y antioxidante (e-301).|8437030191019|1||||||
955|2026-09-16 13:38:01|38|2026|43812|Cupcakes with sugar Bread & bakery Oven pastries Sweet pastries|0||17698|19|Panadería y pastelería|Bollería de horno|Bollería dulce|Novedades|Novedades|Magdalenas con azúcar||0.39|kg|6.92|€/kg|2.70|aceite refinado de girasol, harina de trigo (gluten), azúcar (20,8%), huevo líquido pasteurizado, agua, humectante (glicerina), jarabe de glucosa y fructosa, ralladura de naranja, leche entera en polvo, gasificantes (difosfato disódico, bicarbonato de sodio), sal, espesante (goma xantana), aromas, acidulante (ácido cítrico), antioxidante (extracto rico en tocoferol), enzimas. puede contener: soja, frutos de cáscara, mostaza, sulfitos.|8402001058332|1||||||
956|2026-09-16 13:38:01|38|2026|43812|Volcano with cream and coconut Hacendado Bread & bakery Packaged pastries Assorted pastries|0||17951|20|Panadería y pastelería|Bollería envasada|Pastelitos surtidos|Novedades|Novedades|Volcano con crema y coco||0.057|kg|5.75|€/kg|0.33|harina de trigo (gluten), aceite refinado de girasol, azúcar, cobertura blanca (10%) [azúcar, grasa vegetal totalmente hidrogenada (palmiste), suero de leche en polvo, leche en polvo, grasa vegetal (palma), emulgentes vegetales (lecitina de girasol, e472c), conservador (ácido sórbico), aroma], jarabe de glucosa y fructosa, huevo líquido pasteurizado, crema (9%) sabor vainilla [azúcar, agua, jarabe de glucosa y fructosa, cobertura blanca (azúcar, grasa vegetal totalmente hidrogenada (palmiste), suero de leche en polvo, leche en polvo, emulgentes vegetales (e492, lecitina de girasol, e472c), aromas), maltodextrina, almidones modificados, humectante (e422), grasa vegetal (palma), reguladores de la acidez (e516, e330), estabilizantes (e460, e466), emulgentes vegetales (e472c, e471, e475), conservador (e202), sal, gelificante (e407), aromas, colorantes (e160c, e160a)], agua, humectantes (sorbitoles, glicerina), coco rallado (2%), sal, acidulante (e330), conservador (sorbato potásico), espesante (goma xantana), emulgentes vegetales (e471, e1520, e477, e470a), gasificantes (e450i, carbonatos de sodio), aromas. puede contener trazas de mostaza, soja y frutos de cáscara.|8402001059254|1||||||
957|2026-09-16 13:38:02|38|2026|43812|3 Sourdough Baguettes Bread & bakery Oven bread Bread loaf|0||83286|21|Panadería y pastelería|Pan de horno|Barra de pan|Novedades|Novedades|3 Baguettes masa madre||0.75|kg|2.00|€/kg|1.50|harina de trigo (gluten), agua, masa madre de trigo (3%) (gluten), sal, levadura, antioxidante e 300. puede contener trazas de  soja y mostaza.|8480000832863|1||||||
958|2026-09-16 13:38:02|38|2026|43812|Cocoa wafers filled with milk cream and hazelnuts Knoppers Cereal & biscuits Biscuits With chocolate & stuffed|0||17731|22|Cereales y galletas|Galletas|Con chocolate y rellenas|Novedades|Novedades|Barquillos de cacao rellenos con crema de leche y de avellanas Knoppers||0.125|kg|10.00|€/kg|1.25|azúcar, grasas vegetales (palma, karité),  harina de trigo (13,5 %), leche desnatada en polvo (13 %), avellanas (9,2 %), harina integral de trigo (7,2 %), cacao, mantequilla concentrada (2,7 %), cacao, cacao desgrasado en polvo, emulgente: lecitinas (soja), sal, suero lácteo en polvo leche, almidón de trigo, aromas naturales, gasificante: bicarbonato sódico, cacahuetes molidos.  también puede contener almendras, otros frutos de cáscara y huevo.|4014400928884|1||||||
959|2026-09-16 13:38:02|38|2026|43812|Fussion milk chocolate filled with caramel over aerated milk Hacendado Sugar, sweets & chocolate Chocolate Milk chocolate|0||17917|23|Azúcar caramelos y chocolate|Chocolate|Chocolate con leche|Novedades|Novedades|Chocolate con leche Fussion Hacendado relleno de caramelo con leche aireado||0.095|kg|14.21|€/kg|1.35|azúcar, leche en polvo, manteca de cacao, pasta de cacao, jarabe de glucosa, grasa de palma, leche desnatada en polvo, suero lácteo dulce en polvo (leche), leche condensada, emulgentes (lecitinas [soja], mono- y diglicéridos de ácidos grasos), grasa butírica, sal, extracto de vainilla, aromas naturales. contiene grasas vegetales además de manteca de cacao. puede contener cacahuetes, frutos de cáscara, gluten y huevo.|8402001043659|1||||||
960|2026-09-16 13:38:02|38|2026|43812|Guanciale Hacendado Deli & cheese Bacon & sausages Bacon|0||21892|24|Charcutería y quesos|Bacón y salchichas|Bacón|Novedades|Novedades|Guanciale Hacendado||0.31|kg|15.00|€/kg|4.65|papada de cerdo, sal, especias, dextrosa, antioxidante (e-316) y conservador (e-250).|8402001053191|1||||||
961|2026-09-16 13:38:02|38|2026|43812|Cheesecake Caramel wafer bars with white chocolate coating and cheesecake flavor filling Sugar, sweets & chocolate Chocolate Bars|0||24568|25|Azúcar caramelos y chocolate|Chocolate|Chocolatinas|Novedades|Novedades|Barritas de barquillo Cheesecake Caramel Hacendado con cobertura blanca y relleno sabor cheesecake||0.115|kg|15.65|€/kg|1.80|cobertura blanca coloreada (37%) (azúcar, grasa vegetal (palma y palmiste), leche en polvo, emulgentes: lecitina (soja) y e-476, colorante: e-160a, sacarosa caramelizada y aromas), azúcar, gota de cobertura blanca (azúcar, grasa vegetal (coco, palmiste) en proporciones variables, leche desnatada en polvo, emulgente: lecitina (soja), aroma natural de vainilla), harina de trigo (gluten), leche desnatada en polvo, grasa vegetal de palma, emulgentes: lecitina (soja) y e-476, gasificante: bicarbonato de sodio y aromas. puede contener: frutos de cáscara y mostaza.|8402001054037|1||||||
962|2026-09-16 13:38:02|38|2026|43812|Sour Jelly Beans sweets Hacendado Sugar, sweets & chocolate Sweets Sweets|0||17719|26|Azúcar caramelos y chocolate|Golosinas|Golosinas|Novedades|Novedades|Golosinas Jelly Beans ácidas Hacendado||0.085|kg|10.59|€/kg|0.90||8402001055973|1||||||
963|2026-09-16 13:38:02|38|2026|43812|Choco Orange flavored oat cookies with chocolate cream filling Cereal & biscuits Biscuits With chocolate & stuffed|0||17922|27|Cereales y galletas|Galletas|Con chocolate y rellenas|Novedades|Novedades|Galletas con avena sabor Choco Orange con relleno de crema de chocolate Hacendado||0.21|kg|5.95|€/kg|1.25|copos de avena 30%, crema de chocolate 29% [azúcar, grasas vegetales (palma, palmiste), cacao desgrasado en polvo 11%, almidón de trigo, proteínas de la leche, leche desnatada en polvo, emulgente (lecitinas [soja])], harina de trigo, azúcar, aceite refinado de girasol alto oleico, salvado de trigo, oligofructosa, gelificante (goma arábiga), zumo de naranja en polvo 1%, sal, emulgente [lecitinas (soja)], gasificantes (carbonato ácido de sodio, carbonato ácido de amonio), aroma. puede contener trazas de mostaza.|8402001058882|1||||||
964|2026-09-16 13:38:03|38|2026|43812|Fruit + Milk Protein 20 g with Collagen and Vitamin C Don Simón Juice Assorted fruit Fruit + milk|0||24586|28|Zumos|Fruta variada|Fruta + leche|Novedades|Novedades|Fruta + leche Proteína 20 gr Don Simón con colágeno y vitamina C||0.33|l|5.00|€/l|1.65|agua, zumo de frutas parcialmente a partir de concentrado (20 %) en proporción variable (piña, uva, mango y manzana), leche desnatada (15 %), proteína de arroz (4,3 %), colágeno hidrolizado (2 %), estabilizantes [pectina (e-466) y e-460i], acidulantes (ácido málico y ácido cítrico), aromas, colorante (beta-caroteno), edulcorante (sucralosa) y vitamina c.|8410261644240|1||||||
965|2026-09-16 13:38:02|38|2026|43812|Cocktail pork sausages Hacendado Deli & cheese Bacon & sausages Sausages|0||17578|29|Charcutería y quesos|Bacón y salchichas|Salchichas|Novedades|Novedades|Salchichas cocidas cocktail Hacendado de cerdo||0.2|kg|9.50|€/kg|1.90||8402001056161|1||||||
966|2026-09-16 13:38:02|38|2026|43812|Certified half chicken cut into pieces fed 50% corn Meat Poultry Turkey & other fowl|1|España|10000|31|Carne|Aves y pollo|Pavo y otras aves|Novedades|Novedades|Medio pollo certificado troceado alimentado con un 50% de maíz||0.95|kg|5.50|€/kg|5.22|100% pollo|8412610037550|1||"{""letter"": ""A"", ""points"": -5, ""negative_points"": {""negative_points"": 2, ""energy_points"": 1, ""saturated_fats_points"": 1, ""sugar_points"": 0, ""salt_points"": 0}, ""positive_points"": {""positive_points"": 7, ""proteins_points"": 7, ""fibers_points"": 0, ""fruit_percentage_points"": 0}, ""request_made"": {""Energia"": 503.0, ""sucres"": 0.0, ""greixos_saturats"": 1.3, ""sal"": 0.2, ""sodi"": 0.08, ""fibra"": 0, ""proteines"": 21.0, ""fruit_percentage"": 0.0}, ""nutriscore_category"": ""GENERAL_FOOD""}"||Chicken, meat, raw|36003|"{""qualification"": ""1""}"
967|2026-09-16 13:38:03|38|2026|43812|Brasil coffee beans Hacendado Chocolate drinks, coffee & tea Ground coffee & coffee beans Coffee beans|0||17670|32|Cacao café e infusiones|Café molido y en grano|Café en grano|Novedades|Novedades|Café en grano Brasil Hacendado||0.5|kg|14.00|€/kg|7.00|café|8402001057427|1||||||
968|2026-09-16 13:38:03|38|2026|43812|Strong aged goat cheese  in wedge slices Hacendado Deli & cheese Cured, semicured & soft cheese Cured cheese|1|España|11680|33|Charcutería y quesos|Queso curado semicurado y tierno|Queso curado|Novedades|Novedades|Queso añejo fuerte de oveja Hacendado cortado en cuñitas||0.33|kg|21.10|€/kg|6.96|leche cruda de oveja, sal, cuajo, fermentos lácticos (leche). corteza no comestible: contiene conservadores (e-202 y e-235). origen de la leche: españa|8402001028878|1||||Mimolette cheese, old, from cow's milk (cured 12 months minimum)|12738|
969|2026-09-16 13:38:03|38|2026|43812|shelled roasted almonds 0% added salt Hacendado Snacks Nuts, seeds & dried fruit Nuts & seeds|0||17668|34|Aperitivos|Frutos secos y fruta desecada|Frutos secos|Novedades|Novedades|Almendra tostada Hacendado 0% sal añadida pelada||0.2|kg|14.50|€/kg|2.90|almendras tostadas sin piel. trazas de cacahuete y otros frutos de cáscara.|8402001057496|1||||||
970|2026-09-16 13:38:03|38|2026|43812|Original sugar-free fruit-flavoured chewing gums tabs Hacendado Sugar, sweets & chocolate Chewing gum & candy Chewing gum|0||24537|35|Azúcar caramelos y chocolate|Chicles y caramelos|Chicles|Novedades|Novedades|Chicles gragea original frutas sin azúcar Hacendado||0.1|kg|19.50|€/kg|1.95|e edulcorantes: sorbitol y maltitoles, goma base (con antioxidante: extracto rico en tocoferoles), aromas, humectante: glicerina, espesante: goma arábiga, edulcorantes: aspartamo, acesulfamo k y sucralosa, agente de recubrimiento: cera de carnauba.|8402001053481|1||||||
971|2026-09-16 13:38:03|38|2026|43812|Short­grain rice Hacendado Rice, pulses & pasta Rice Rice|0||5044|1|Arroz legumbres y pasta|Arroz|Arroz|Bajadas de precio|Bajadas de precio|Arroz redondo Hacendado||1.0|kg|1.15|€/kg|1.15|arroz|8480000050441|0|1.20|||||
972|2026-09-16 13:38:03|38|2026|43812|Onions Fruits & vegetables Vegetables Onion & garlic|0||69089|2|Fruta y verdura|Verdura|Cebolla y ajo|Bajadas de precio|Bajadas de precio|Cebollas||1.0|kg|1.70|€/kg|1.70|cebolla (allinium cepa)|8414382410005|0|2.00|||||
973|2026-09-16 13:38:03|38|2026|43812|Extra virgin olive oil Hacendado Oils, spices & sauces Oil, vinegar & salt Olive oil|0|Jaén|4740|3|Aceite especias y salsas|Aceite vinagre y sal|Aceite de oliva|Bajadas de precio|Bajadas de precio|Aceite de oliva virgen extra Hacendado||1.0|l|4.45|€/l|4.45|ingredientes: aceite de oliva virgen extra|8402001001185|0|4.70|||||
974|2026-09-16 13:38:04|38|2026|43812|Light olive oil Hacendado Oils, spices & sauces Oil, vinegar & salt Olive oil|0|España|4240|4|Aceite especias y salsas|Aceite vinagre y sal|Aceite de oliva|Bajadas de precio|Bajadas de precio|Aceite de oliva 0,4º Hacendado||1.0|l|3.70|€/l|3.70|ingredientes: aceite de oliva refinado y aceite de oliva virgen.|8402001027475|0|3.80|||||
975|2026-09-16 13:38:04|38|2026|43812|Natural Greek yoghurt Hacendado Dessert & yoghurt Greek yoghurt Greek yoghurt|0||20512|5|Postres y yogures|Yogures griegos|Yogures griegos|Bajadas de precio|Bajadas de precio|Yogur griego natural Hacendado||1.0|kg|2.10|€/kg|2.10|leche pasteurizada entera (origen: españa), nata, leche en polvo desnatada, fermentos lácticos.|8480000205124|0|2.20|||||
976|2026-09-16 13:38:04|38|2026|43812|Pardina lentils Hacendado Rice, pulses & pasta Pulses Lentils & others|0|Lenteja. Origen: USA / Lentilha. Origem: EUA|5330|6|Arroz legumbres y pasta|Legumbres|Lentejas y otros|Bajadas de precio|Bajadas de precio|Lenteja pardina Hacendado||1.0|kg|1.85|€/kg|1.85|lenteja pardina|8480000053305|0|1.95|||||
977|2026-09-16 13:38:04|38|2026|43812|Natural light Greek yoghurt 2% MG Hacendado Dessert & yoghurt Greek yoghurt Greek yoghurt|0||21358|7|Postres y yogures|Yogures griegos|Yogures griegos|Bajadas de precio|Bajadas de precio|Yogur griego natural ligero Hacendado 2% MG||1.0|kg|2.10|€/kg|2.10|leche pasteurizada parcialmente desnatada (origen: españa), leche en polvo desnatada, proteínas de la leche y fermentos lácticos.|8480000213587|0|2.20|||||
978|2026-09-16 13:38:04|38|2026|43812|Onions Fruits & vegetables Vegetables Onion & garlic|0||69079|8|Fruta y verdura|Verdura|Cebolla y ajo|Bajadas de precio|Bajadas de precio|Cebollas||2.0|kg|1.60|€/kg|3.20|cebollas|5600319261069|0|3.60|||||
979|2026-09-16 13:38:04|38|2026|43812|Extra virgin olive oil Hacendado Oils, spices & sauces Oil, vinegar & salt Olive oil|0|Puente de Génave, Sierra de Segura. Jaén.|4717|9|Aceite especias y salsas|Aceite vinagre y sal|Aceite de oliva|Bajadas de precio|Bajadas de precio|Aceite de oliva virgen extra Hacendado||3.0|l|4.27|€/l|12.80|aceite de oliva virgen extra 100%|8402001001192|0|13.55|||||
980|2026-09-16 13:38:04|38|2026|43812|Lemons Fruits & vegetables Fruits Citrus fruit|0||3236|10|Fruta y verdura|Fruta|Cítricos|Bajadas de precio|Bajadas de precio|Limones||1.0|kg|2.65|€/kg|2.65|calibre 3/5 (53-68mm)|8414196132360|0|2.80|||||
981|2026-09-16 13:38:04|38|2026|43812|Extra chorizo slices Hacendado Deli & cheese Cured meat Chorizo|0|España|59086|11|Charcutería y quesos|Embutido curado|Chorizo|Bajadas de precio|Bajadas de precio|Chorizo extra Hacendado lonchas||0.24|kg|7.29|€/kg|1.75|carne de cerdo, panceta, sal, pimentones, lactosa, dextrina, proteínas de la leche, azúcar, dextrosa, ajo, estabilizante (e-450), antioxidantes (e-331, e-301), especias, extracto de pimentón, conservadores (e-250, e-252) y colorante (e-120).|8480000590862|0|1.85|||||
982|2026-09-16 13:38:04|38|2026|43812|Blend ground coffee Hacendado Chocolate drinks, coffee & tea Ground coffee & coffee beans Ground coffee|0||15922|12|Cacao café e infusiones|Café molido y en grano|Café molido|Bajadas de precio|Bajadas de precio|Café molido mezcla Hacendado||0.5|kg|9.00|€/kg|4.50|café y jarabe de glucosa|8480000159229|0|4.60|||||
983|2026-09-16 13:38:04|38|2026|43812|Instant cup noodles chicken flavour Hacendado Rice, pulses & pasta Pasta & noodles Oriental noodles|0||22453|13|Arroz legumbres y pasta|Pasta y fideos|Fideos orientales|Bajadas de precio|Bajadas de precio|Fideos orientales sabor pollo Hacendado||0.065|kg|12.31|€/kg|0.80|fideos instantaneos (80%): harina de trigo, aceite de palma, sal, almidón modificado, azúcar, gasificantes: carbonato de sodio y potasio; extracto de cúrcuma. caldo (20%): zanahorias, maltodextrina, harina de trigo, maíz, grasas de palma, potenciadores del aroma y del sabor: e-621, e-635; sal, azúcar, carne de pollo en polvo, cebollino, cebollas fritas en polvo (cebollas deshidratadas, aceite de girasol), aromas, extracto de levadura, salsa de soja fermentada (soja, trigo, maltodextrina, sal), sofrito ((cebolla, zanahoria, apio), aceite de girasol, cebolla, azúcar, almidón de maíz, sal, puré de ajo, antioxidantes: e-392, e-396, e-300; pimienta negra), azúcar caramelizada, pimienta blanca, chile, jenjibre, extracto de cúrcuma. puede contener trazas de crustaceos, huevos, leche y mostaza.|8480000224538|0|0.90|||||
984|2026-09-16 13:38:05|38|2026|43812|Oriental noodles chicken flavor Hacendado Pizza & ready meals Hot ready meals Oriental noodles|0||35681|14|Pizzas y platos preparados|Platos preparados calientes|Fideos orientales|Bajadas de precio|Bajadas de precio|Fideos orientales sabor pollo Hacendado||0.065|kg|8.46|€/kg|0.55|fideos instantáneos (85%): harina de trigo, aceite de girasol, fécula de patata, sal, gasificantes: carbonatos de sodio y potasio. caldo (15%): maltodextrina, harina de trigo, potenciadores del sabor: e621, e635; sal, azúcar, carne de pollo en polvo, cebolla verde, cebolla frita en polvo, (cebolla, aceite de girasol), aromas, extracto de levadura, salsa de soja fermentada (soja, trigo, maltodextrina, sal), mezcla de sofrito en polvo ((cebolla, zanahoria, apio), aceite de girasol, cebolla, azúcar, almidón de maíz, sal, puré de ajo, antioxidantes: e392, e306. e300; pimienta negra), azúcar caramelizado, aceite de colza, pimienta blanca, chile, jengibre, extracto de curcumina. puede contener trazas de crustáceos, productos lácteos y mostaza.|8402001021985|0|0.65|||||
985|2026-09-16 13:38:05|38|2026|43812|Sliced salami Hacendado Deli & cheese Cured meat Salchichon|0|España|59090|15|Charcutería y quesos|Embutido curado|Salchichón|Bajadas de precio|Bajadas de precio|Salami extra Hacendado lonchas||0.24|kg|7.29|€/kg|1.75|carne de cerdo, tocino, lactosa, sal, proteínas de la leche, dextrosa, especias, aromas, aromas de humo, estabilizantes (e-450, e-451), antioxidante (e-301), conservadores (e-250, e-252), colorante (e-120) y extracto de pimentón.|8480000590909|0|1.85|||||
986|2026-09-16 13:38:05|38|2026|43812|Zero sugar soft drink Coca-Cola Water & soft drinks Cola drinks Zero cola|0||27426|16|Agua y refrescos|Refresco de cola|Cola zero|Bajadas de precio|Bajadas de precio|Refresco Coca-Cola zero azúcar||3.96|l|2.58|€/l|10.20|ingredientes: agua carbonatada, colorante e-150d, edulcorantes: ciclamato sódico, acesulfamo k y aspartamo, acidulante ácido fosfórico, aromas naturales, aroma cafeína y corrector de acidez: citratos de sodio.|5449000133342|0|11.16|||||
987|2026-09-16 13:38:05|38|2026|43812|Battered hake Seafood & fish Fresh fish Other|0||87734|17|Marisco y pescado|Pescado fresco|Otros|Bajadas de precio|Bajadas de precio|Merluza rebozada||0.23|kg|16.52|€/kg|3.80|filetes de merluza del cabo, sin espinas (*) 70%rebozado 30%: agua, aceites vegetales (colza y girasol en proporción variable), harina de trigo, harina de maíz, almidón modificado de maíz, almidón de trigo, gluten de trigo, sal, gasificante: e450i - e500ii, leche en polvo desnatada.|8480000877345|0|3.90|||||
988|2026-09-16 13:38:05|38|2026|43812|Virgin olive oil Hacendado Oils, spices & sauces Oil, vinegar & salt Olive oil|0|Puente de Génave, Sierra de Segura. Jaén.|4749|18|Aceite especias y salsas|Aceite vinagre y sal|Aceite de oliva|Bajadas de precio|Bajadas de precio|Aceite de oliva virgen Hacendado||1.0|l|4.10|€/l|4.10|ingredientes: aceite de oliva virgen extra|8402001047206|0|4.20|||||
989|2026-09-16 13:38:05|38|2026|43812|Deep frozen peeled large shrimp Hacendado Frozen food Seafood Seafood|0||24230|19|Congelados|Marisco|Marisco|Bajadas de precio|Bajadas de precio|Gamba pelada cruda tamaño grande Hacendado ultracongelada||None|kg|16.53|€/kg|5.95|gamba crustáceo, agua, sal, antioxidante metabisulfito de sodio, estabilizante ( e-339,e-451, e-452). contiene crustáceos, sulfitos y puede contener trazas de pescado y molucos.|6944955502742|0|6.15|||||
990|2026-09-16 13:38:05|38|2026|43812|Deep-frozen catfish fillets Hacendado Frozen food Fish Fish|0|Vietnam|62191|20|Congelados|Pescado|Pescado|Bajadas de precio|Bajadas de precio|Filetes de panga Hacendado ultracongelados||None|kg|5.17|€/kg|4.65|filetes de panga (pangasianodon hypophthalmus) (pescado) (78%), agua (21%), sal, estabilizadores (e451), correctores de la acidez (e331, e332). puede contener espinas.|8480000621917|0|4.75|||||
991|2026-09-16 13:38:05|38|2026|43812|Light olive oil Hacendado Oils, spices & sauces Oil, vinegar & salt Olive oil|0|España|4241|21|Aceite especias y salsas|Aceite vinagre y sal|Aceite de oliva|Bajadas de precio|Bajadas de precio|Aceite de oliva 0,4º Hacendado||5.0|l|3.45|€/l|17.25|ingredientes: aceite de oliva refinado y aceite de oliva virgen extra|8402001027482|0|17.75|||||
992|2026-09-16 13:38:06|38|2026|43812|Vegetarian burgers with spinach and carrot Hacendado Pizza & ready meals Hot ready meals Others|0||86511|22|Pizzas y platos preparados|Platos preparados calientes|Otros|Bajadas de precio|Bajadas de precio|Mini burgers vegetales Hacendado con espinacas y zanahoria||0.2|kg|10.00|€/kg|2.00|ingredientes: espinacas 25%, zanahorias 24%, harina de soja reestructurada y rehidratada, aceite de semillas girasol, gluten de trigo, almidones, pan rallado (harina de trigo, levadura de cerveza, sal), copos de patata, harina de arroz, proteínas aisladas de soja, aceite de oliva virgen extra 2%, cebolla, fibra de guisantes, sal, conservador: sorbato potásico, ajo deshidratado, pimienta negra.puede contener apio y mostaza.|8480000865113|0|2.40|||||
993|2026-09-16 13:38:06|38|2026|43812|Virgin olive oil Hacendado Oils, spices & sauces Oil, vinegar & salt Olive oil|0|Puente de Génave, Sierra de Segura. Jaén.|4711|23|Aceite especias y salsas|Aceite vinagre y sal|Aceite de oliva|Bajadas de precio|Bajadas de precio|Aceite de oliva virgen Hacendado||3.0|l|3.88|€/l|11.65|aceite de oliva virgen|8402001047213|0|12.00|||||
994|2026-09-16 13:38:06|38|2026|43812|Extra virgin olive oil Hacendado Oils, spices & sauces Oil, vinegar & salt Olive oil|0|España|4706|24|Aceite especias y salsas|Aceite vinagre y sal|Aceite de oliva|Bajadas de precio|Bajadas de precio|Aceite de oliva virgen extra Hacendado Gran Selección||0.75|l|7.33|€/l|5.50|ingredientes: aceite de oliva virgen extra|8480000047069|0|5.75|||||
995|2026-09-16 13:38:06|38|2026|43812|Deep Frozen Bolognese Lasagne Hacendado Frozen food Rice & pasta Pasta|0||86597|25|Congelados|Arroz y pasta|Pasta|Bajadas de precio|Bajadas de precio|Lasaña a la boloñesa Hacendado ultracongelada||0.6|kg|4.83|€/kg|2.90|agua, carnes (17%), de cerdo y vacuno,  leche pasteurizada, sémola de trigo, concentrado de tomate, cebolla (5%), quesos (leche pasteurizada, sal, fermentos lácticos, coagulante microbiano, colorante (e-160b(ii)), endurecedor (e-509)), tomate (2%), zumo de tomate, harina de trigo, aceite refinado de girasol, almidón modificado, zanahoria, bebida espirituosa, gelatina, azúcar, sal, pan rallado (harina de trigo, agua, sal y levadura), clara de huevo en polvo, especias, gluten de trigo. contiene gluten, huevo, leche. puede contener trazas de: crustáceos, pescado, soja, mostaza, moluscos.|8480000865977|0|3.00|||||
996|2026-09-16 13:38:06|38|2026|43812|Breaded hake fish sticks Deep frozen Hacendado Frozen food Breaded food Battered fish|0|España|63151|26|Congelados|Rebozados|Pescado rebozado|Bajadas de precio|Bajadas de precio|Palitos de merluza a la romana Hacendado ultracongelados||0.5|kg|5.30|€/kg|2.65|merluza (pescado) (35%), rebozado (65%): agua, pan rallado (harina de trigo (gluten), agua, pimentón, sal, cúrcuma y levadura), harina de trigo (gluten), aceite refinado de girasol, almidón, sal, gasificantes (e-450, e-500), corrector de la acidez (e-330), zumo de limón concentrado, lactosa, espesante (e-417), potenciador del sabor (e-621), ajo en polvo y colorante (e-101). puede contener trazas de leche, huevo, crustáceos, moluscos, soja, mostaza y cacahuete.|8480000631510|0|2.75|||||
997|2026-09-16 13:38:06|38|2026|43812|Small pickled mussels Hacendado Cans, soups & creams Cockles & mussels Mussels|0|España|18619|27|Conservas caldos y cremas|Berberechos y mejillones|Mejillones|Bajadas de precio|Bajadas de precio|Mejillones en escabeche Hacendado pequeños||0.111|kg|18.02|€/kg|2.00|mejillones, vinagre de vino, aceite de girasol, especias y sal. puede contener pescado y crustáceo|8480000186096|0|2.15|||||
998|2026-09-16 13:38:06|38|2026|43812|Vegetable burgers with pumpkin Hacendado Pizza & ready meals Hot ready meals Others|0||15269|28|Pizzas y platos preparados|Platos preparados calientes|Otros|Bajadas de precio|Bajadas de precio|Burgers vegetales Hacendado con calabaza||0.16|kg|11.25|€/kg|1.80|ingredientes:  calabaza 40%, aceite de semilla de girasol, cebolla caramelizada 10% (cebolla, aceite de semilla de girasol, azúcar  de caña), zanahorias 9%, harina de soja reestructurada, harina de trigo, almidones, hojuelas de patata, gluten  de trigo, fibra de guisante, proteína de soja, cebolla 1%, perejil, sal, polvo de calabaza 0,9%, espesante:  metilcelulosa; ajo deshidratado, conservador: sorbato potásico; agua, aroma natural, polvo de romero, levadura de  cerveza. puede contener apio, mostaza y altramuces.|8402001041808|0|2.00|||||
999|2026-09-16 13:38:06|38|2026|43812|Beef and pork mini burgers Meat Burgers and minced food Burgers|1|España|10453|29|Carne|Hamburguesas y picadas|Hamburguesas|Bajadas de precio|Bajadas de precio|Mini burgers de vacuno y cerdo||0.28|kg|10.54|€/kg|2.95|carne de vacuno 46%, carne de cerdo 44%, agua, maíz, arroz, fibras vegetales, sal, aromas, especias, conservador (e-221) (sulfito), antioxidantes (e-301 y e-331) y colorante (e-120).|8436021417244|0|3.10|||Meat balls, pork and beef (Swedish-style), prepacked, raw|25186|
1000|2026-09-16 13:38:06|38|2026|43812|1º Olive oil Hacendado Oils, spices & sauces Oil, vinegar & salt Olive oil|0|España|4640|30|Aceite especias y salsas|Aceite vinagre y sal|Aceite de oliva|Bajadas de precio|Bajadas de precio|Aceite de oliva 1º Hacendado||1.0|l|3.90|€/l|3.90|ingredientes: aceite de oliva refinado y aceite de oliva virgen|8480000046406|0|4.00|||||
1001|2026-09-16 13:38:07|38|2026|43812|PistachioS, coated in milk chocolate Hacendado Sugar, sweets & chocolate Chocolate Bars|0||20891|31|Azúcar caramelos y chocolate|Chocolate|Chocolatinas|Bajadas de precio|Bajadas de precio|Pistachos bañados de chocolate con leche Hacendado||0.1|kg|24.00|€/kg|2.40|chocolate con leche (55%) (azúcar, manteca de cacao, leche entera en polvo, pasta de cacao, lactosuero en polvo (leche), emulgente (lecitinas (soja)) y aroma), pistacho (32%), azúcar caramelizado (12,5%), sal (0,5%), jarabe de glucosa, estabilizante (e-414) y agente de recubrimiento (e-904). cacao: 38% mínimo en chocolate. trazas de cacahuete y otros frutos de cáscara.. sin gluten.|8402001045233|0|2.50|||||
1002|2026-09-16 13:38:07|38|2026|43812|Olive oil Hacendado Oils, spices & sauces Oil, vinegar & salt Olive oil|0|España|4641|32|Aceite especias y salsas|Aceite vinagre y sal|Aceite de oliva|Bajadas de precio|Bajadas de precio|Aceite de oliva 1º Hacendado||5.0|l|3.45|€/l|17.25|aceite de oliva virgen y aceite de oliva refinado|8480000046413|0|17.75|||||
1003|2026-09-16 13:38:07|38|2026|43812|Virgin coconut oil Hacendado Oils, spices & sauces Oil, vinegar & salt Others oils|0||4193|33|Aceite especias y salsas|Aceite vinagre y sal|Otros aceites|Bajadas de precio|Bajadas de precio|Aceite de coco virgen Hacendado||0.45|l|11.33|€/l|5.10|100% aceite de coco. aceite de coco suave y aromático, prensado en frío.|8402001034664|0|5.25|||||
1004|2026-09-16 13:38:07|38|2026|43812|Spicy extra chorizo slices Hacendado Deli & cheese Cured meat Chorizo|0||12084|35|Charcutería y quesos|Embutido curado|Chorizo|Bajadas de precio|Bajadas de precio|Chorizo picante extra Hacendado lonchas||0.24|kg|10.00|€/kg|2.40|carne de cerdo, panceta, sal, pimentones, lactosa, dextrina, proteïnas de la leche, azúcar, dextrosa, ajo, estabilizante (e-450), antioxidante (e-331, e-301), especias, extracto de pimentón, conservadores (e-250, e-252) y colorante (e-120)|8402001030239|0|2.50|||||
1005|2026-09-16 13:38:07|38|2026|43812|Red kidney beans Hacendado Rice, pulses & pasta Pulses Beans|0|Alubia. Origen: USA / Feijo, Origem: EUA|67609|36|Arroz legumbres y pasta|Legumbres|Alubias|Bajadas de precio|Bajadas de precio|Alubia roja Hacendado||1.0|kg|3.00|€/kg|3.00|alubia roja.|8480000676092|0|3.10|||||
1006|2026-09-16 13:38:07|38|2026|43812|Espresso natural ground coffee Hacendado Chocolate drinks, coffee & tea Ground coffee & coffee beans Ground coffee|0||11714|37|Cacao café e infusiones|Café molido y en grano|Café molido|Bajadas de precio|Bajadas de precio|Café molido natural Hacendado Espresso||0.25|kg|13.80|€/kg|3.45|café|8480000117144|0|3.60|||||
1007|2026-09-16 13:38:07|38|2026|43812|Gazpacha cracked greens olives Hacendado Snacks Olives & pickles Green olives|0||23961|38|Aperitivos|Aceitunas y encurtidos|Aceitunas verdes|Bajadas de precio|Bajadas de precio|Aceitunas verdes Gazpacha Hacendado partidas||0.7|kg|3.00|€/kg|2.10|aceitunas verdes aderezadas partidas 70%, variantes 30% (cebollitas, pepinillos, coliflor, zanahoria y ajos blancos (contiene sulfitos)), sal, vinagre de alcohol, acidulante: ácido cítrico, antioxidante: ácido l-ascórbico, potenciador del sabor e-621, oleoresina de pimentón (extracto de pimentón y emulsionante e-433) y especias. producto pasteurizado. sin gluten|8402001052224|0|2.20|||||
1008|2026-09-16 13:38:07|38|2026|43812|Deep-frozen family bolognese lasagne Hacendado Frozen food Rice & pasta Pasta|0||35767|39|Congelados|Arroz y pasta|Pasta|Bajadas de precio|Bajadas de precio|Lasaña boloñesa familiar Hacendado ultracongelada||1.1|kg|4.73|€/kg|5.20|agua, leche pasteurizada, carne de cerdo y vacuno (16%), sémola de trigo, concentrado de tomate, quesos (leche pasteurizada, sal, fermentos lácticos, coagulante microbiano, colorante (e-160b(ii)), endurecedor (e-509)), cebolla (5%), harina de trigo, tomate (2%), zumo de tomate, aceite refinado de girasol, almidón modificado, zanahoria, bebida espirituosa, azúcar, gelatina, sal, pan rallado (harina de trigo, agua, sal y levadura), clara de huevo en polvo, especias, gluten de trigo. contiene gluten, huevo, leche. puede contener trazas de: crustáceos, pescado, soja, mostaza, moluscos.|8402001010101|0|5.40|||||
1009|2026-09-16 13:38:07|38|2026|43812|Deep frozen black rice Hacendado Frozen food Rice & pasta Rice|0||21529|40|Congelados|Arroz y pasta|Arroz|Bajadas de precio|Bajadas de precio|Arroz negro Hacendado ultracongelado||0.35|kg|5.71|€/kg|2.00|arroz blanco (59%) (agua, arroz), salsa [agua, caldo  de pescado  y marisco deshidratado (sal, extracto de pescado  y  marisco (crustáceos), especias, tomate, extracto de levadura, azafrán),  tomate concentrado, aceite de orujo de oliva, ajo, cebolla prefrita (cebolla y  aceite refinado de girasol), almidón, vino tinto, tinta de sepia (molusco)  (tinta de sepia, agua, sal, espesante: carboximetilcelulosa sódica), pimentón  dulce, azúcar, harina de cebada malteada (gluten),  pimienta negra, laurel y cúrcuma], calamar (molusco), gamba (crustáceos)  pelada (gamba, agua, sal y regulador de la acidez: citratos de sodio), cebolla  prefrita (cebolla y aceite refinado de girasol). puede contener trazas de leche.|8402001046971|0|2.10|||||
1010|2026-09-16 13:38:07|38|2026|43812|Soft drink Coca-Cola Water & soft drinks Cola drinks Classic cola|0||27348|41|Agua y refrescos|Refresco de cola|Cola clásica|Bajadas de precio|Bajadas de precio|Refresco Coca-Cola||4.0|l|1.14|€/l|4.54|agua carbonatada, azúcar, colorante e-150d, acidulante e-338 y aromas naturales (incluyendo cafeína).|5449000034298|0|4.84|||||
1011|2026-09-16 13:38:08|38|2026|43812|Soft drink Coca-Cola Water & soft drinks Cola drinks Classic cola|0||27321|42|Agua y refrescos|Refresco de cola|Cola clásica|Bajadas de precio|Bajadas de precio|Refresco Coca-Cola||3.96|l|2.73|€/l|10.80|ingredientes: agua carbonatada, azúcar, colorante e-150d, acidulante ácido fosfórico, aromas naturales y aroma cafeína.|5449000055200|0|11.88|||||
1012|2026-09-16 13:38:08|38|2026|43812|Big mineral water Solán de Cabras Water & soft drinks Water Still water|0|Manantial Solan de Cabras|27327|44|Agua y refrescos|Agua|Agua sin gas|Bajadas de precio|Bajadas de precio|Agua mineral grande Solán de Cabras||9.0|l|0.57|€/l|5.10|bicarbonato (284 mg/l), calcio (60 mg/l), magnesio (26.7 mg/l),sodio (4.8 mg/l),potasio  (1.0 mg/l)|8411547001092|0|5.34|||||
1013|2026-09-16 13:38:08|38|2026|43812|Lemon isotonic drink zero sugar Aquarius Water & soft drinks Isotonic & energy drinks Isotonic|0||29612|45|Agua y refrescos|Isotónico y energético|Isotónico|Bajadas de precio|Bajadas de precio|Bebida isotónica limón Aquarius zero azúcar||1.5|l|1.13|€/l|1.69|ingredientes: agua, acidulante ácido cítrico, estabilizantes: e-576, e-414 y e-445, potenciadores del sabor: cloruro sódico, fosfato potásico y fosfato cálcico, edulcorantes: acesulfamo k, sucralosa y aspartamo, *sales minerales: gluconato de zinc y seleniato de sodio y aromas. contiene una fuente de fenilalanina.|5449000171771|0|2.10|||||
1014|2026-09-16 13:38:08|38|2026|43812|Zero zero soft drink Coca-Cola Water & soft drinks Cola drinks Zero cola|0||26997|46|Agua y refrescos|Refresco de cola|Cola zero|Bajadas de precio|Bajadas de precio|Refresco Coca-Cola zero azúcar zero cafeína||3.96|l|2.58|€/l|10.20|ingredientes: agua carbonatada, colorante e-150d, edulcorantes: ciclamato sódico, acesulfamo k y aspartamo, acidulante ácido fosfórico, aromas naturales, aroma cafeína y corrector de acidez: citratos de sodio.|5449000096197|0|11.16|||||
1015|2026-09-16 13:38:08|38|2026|43812|Beef and pork burger Meat Burgers and minced food Burgers|0||2872|47|Carne|Hamburguesas y picadas|Hamburguesas|Bajadas de precio|Bajadas de precio|Burger de vacuno y cerdo||0.54|kg|7.31|€/kg|3.95|carne de vacuno 46%, carne de cerdo 44%, agua, maíz, arroz, fibras vegetales, sal, aromas, especias, conservador (e-221) (sulfito), antioxidantes (e-301 y e-331) y colorante (e-120).|8436021411273|0|4.20|||||
1016|2026-09-16 13:38:08|38|2026|43812|Mayonnaise Hellmann's Oils, spices & sauces Mayonnaise, ketchup & mustard Mayonnaise|0|España|35840|48|Aceite especias y salsas|Mayonesa ketchup y mostaza|Mayonesa|Bajadas de precio|Bajadas de precio|Mayonesa Hellmann's||0.45|l|5.89|€/l|2.65|ingredientes: aceite de soja2 (64%), agua, vinagre de vino blanco, yema de huevo pasteurizada (5%), zumo de limón concentrado, extracto de pimentón, azúcar, sal, almidón modificado, antioxidante (edta), aroma, colorante (carotenos). 2cultivado de forma sostenible.|8410127050819|0|2.95|||||
1017|2026-09-16 13:38:08|38|2026|43812|Lemon flavored tea soft drink Fuze Tea Water & soft drinks Still & tea soft drinks Tea|0||11688|49|Agua y refrescos|Refresco de té y sin gas|Té|Bajadas de precio|Bajadas de precio|Refresco té sabor limón Fuze Tea||1.5|l|0.99|€/l|1.49|ingredientes: agua, azúcar, correctores de acidez: ácido cítrico y citratos de sodio, extracto de té negro (0,1%), zumo de limón a partir de concentrado (0,1%), antioxidante ácido ascórbico, edulcorantes: acesulfamo k y sucralosa y aromas naturales.|5449000329028|0|1.99|||||
1018|2026-09-16 13:38:08|38|2026|43812|Smoked bacon slices Monells Deli & cheese Bacon & sausages Bacon|0||21629|50|Charcutería y quesos|Bacón y salchichas|Bacón|Bajadas de precio|Bajadas de precio|Bacón ahumado Monells lonchas||0.225|kg|9.11|€/kg|2.05|panceta de cerdo (95%), sal, conservadores (e-326, e-243, e-250), dextrosa, jarabe de glucosa, estabilizantes (e-451, e-450), antioxidantes (e-331, e-301), aromas, extracto de especias.|8411477916343|0|2.20|||||
1019|2026-09-16 13:38:08|38|2026|43812|Chicken 97% stuffed oven roasted slices La Carloteña Deli & cheese Cooked poultry & ham Turkey & others|0|España|56084|51|Charcutería y quesos|Aves y jamón cocido|Pavo y otros|Bajadas de precio|Bajadas de precio|Pollo 97% relleno La Carloteña asado al horno lonchas||0.15|kg|15.33|€/kg|2.30|pollo (97%), [muslo de pollo (48,6%), pollo deshuesado (40%), pechuga de pollo (8,4%)], almidón, proteinas de la leche, proteina de soja, sal, especias, dextrosa, lactosa, almendra molida, estabilizantes (e-450, e-452, e-407), aromas, antioxidantes (e-301, e-331), conservador (e-250). contiene trazas de otros frutos de cascara y huevo. puede contener restos de cartílagos y/o huesos al proceder de un auténtico pollo deshuesado a mano. sin gluten|8437005669765|0|2.40|||||
1020|2026-09-16 13:38:09|38|2026|43812|+Proteínas Dairy dessert with strawberry pieces 0% fat 10 g protein Hacendado Dessert & yoghurt Low fat yoghurt Low fat yoghurt|0||20996|52|Postres y yogures|Yogures desnatados|Yogures desnatados|Bajadas de precio|Bajadas de precio|Postre lácteo con fresa +Proteínas 10 g 0% MG||0.48|kg|3.13|€/kg|1.50|leche desnatada pasteurizada, fresa (9.5%), fructosa, almidón modificado, aroma, espesante: pectinas, edulcorantes: acesulfamo potásico y sucralosa, colorante: carmín, fermentos lácticos.|8480000209962|0|1.55|||||
1021|2026-09-16 13:38:09|38|2026|43812|Original flavor potato snack Pringles Snacks Potato crisp & snacks Potato crisp|0|EU|33555|54|Aperitivos|Patatas fritas y snacks|Patatas fritas|Bajadas de precio|Bajadas de precio|Aperitivo de patata sabor original Pringles||0.165|kg|12.12|€/kg|2.00|patatas deshidratadas, aceite de girasol, harina de maíz, harina de trigo, harina de arroz, maltodextrina, emulgente (e471), aceite de colza, sal, colorante (norbixina de annato).|5053990101573|0|2.65|||||
1022|2026-09-16 13:38:09|38|2026|43812|Wafer bar covered in milk chocolate Huesitos Sugar, sweets & chocolate Chocolate Bars|0||12526|55|Azúcar caramelos y chocolate|Chocolate|Chocolatinas|Bajadas de precio|Bajadas de precio|Barritas de barquillo Huesitos bañadas de chocolate con leche||0.2|kg|9.75|€/kg|1.95|chocolate conleche (44%)[azúcar, manteca de cacao,lechedesnatada en polvo,pasta de cacao,grasas vegetales (palma, shea), lactosueroen polvo(leche), grasa deleche, pasta deavellanas,emulgentes: lecitina (soja)y e-476, aroma], harina detrigo (gluten), azúcar, grasavegetal de palma,lactosueroen polvo(leche), cacao desgrasado (2,7%), pasta deavellanas, lechedesnatada en polvo, harina de arroz, emulgente: lecitina (soja), gasificante: bicarbonato de sodio, sal y aromas.|8410034075103|0|2.50|||||
1023|2026-09-16 13:38:09|38|2026|43812|Sour cream and onion potato snack Pringles Snacks Potato crisp & snacks Potato crisp|0|EU|33556|56|Aperitivos|Patatas fritas y snacks|Patatas fritas|Bajadas de precio|Bajadas de precio|Aperitivo de patata sabor crema agria y cebolla Pringles||0.165|kg|12.12|€/kg|2.00|ingredientes: patatas deshidratadas, aceite de girasol, harina de maíz, harina de trigo, harina de arroz, condimento a base de nata acidificada y cebolla (almidón de trigo, potenciadores del sabor {glutamato de monosodio, guanilato disódico, inosinato disódico}, cebolla en polvo, dextrosa, aceite de girasol, sal, almidón de maíz modificado, aromas {leche}, maltodextrina, azúcar, suero de leche dulce en polvo {leche}, nata acidificada en polvo {leche}, jarabe de glucosa en polvo, acidulantes {ácido cítrico, ácido málico}, proteínas de la leche), maltodextrina, emulgente (e471), aceite de colza, sal, colorante (norbixina de annato).|5053990101597|0|2.65|||||
1024|2026-09-16 13:38:09|38|2026|43812|Milk chocolate Milka Sugar, sweets & chocolate Chocolate Milk chocolate|0|Alemania|12151|57|Azúcar caramelos y chocolate|Chocolate|Chocolate con leche|Bajadas de precio|Bajadas de precio|Chocolate con leche Milka||0.15|kg|11.00|€/kg|1.65|ingredientes: azúcar, manteca de cacao, pasta de cacao, leche desnatada en polvo, suero de leche en polvo, grasa de leche, emulgente (lecitinas de soja), pasta de avellana, aroma. cacao: 33 % mínimo. puede contener otros frutos decáscara y trigo.|7622201024277|0|1.95|||||
1025|2026-09-16 13:38:09|38|2026|43812|Natural coconut-based dessert no added sugar Alpro Dessert & yoghurt Soy desserts Soy desserts|0||22981|58|Postres y yogures|Postres de soja|Postres de soja|Bajadas de precio|Bajadas de precio|Postre de coco natural Alpro sin azúcares añadidos||0.35|kg|6.57|€/kg|2.30|leche de coco (33%) [crema de coco, agua], agua de coco (33%), agua, almidón modificado, fermentos (s. thermophilus, l. bulgaricus). puede contener trazas de soja. sin lácteos y sin gluten. naturalmente sin lactosa.|5411188131380|0|2.60|||||
1026|2026-09-16 13:38:09|38|2026|43812|Semi-skimmed Asturiana Eggs, milk & butter Milk & milk alternatives Semi-skimmed milk|1|España|10531|59|Huevos leche y mantequilla|Leche y bebidas vegetales|Leche semidesnatada|Bajadas de precio|Bajadas de precio|Leche semidesnatada Asturiana||6.0|l|1.09|€/l|6.54|leche semidesnatada de vaca|8410297113673|0|7.02|||Milk, semi-skimmed, UHT|19041|
1027|2026-09-16 13:38:10|38|2026|43812|Tropical fruit + Milk Bifrutas Juice Assorted fruit Fruit + milk|1|España|10126|60|Zumos|Fruta variada|Fruta + leche|Bajadas de precio|Bajadas de precio|Fruta + leche tropical Bifrutas||1.2|l|1.67|€/l|2.00|agua, leche desnatada (10%), zumo de frutas 7% (piña y mango a partir de concentrado), azúcar, estabilizante (pectina), aroma, acidulante (ácido cítrico), vitaminas c, e y a, edulcorante (sucralosa) y colorante (carotenos).|8410128276003|0|2.19|"{""letter"": ""C"", ""points"": 5, ""negative_points"": {""negative_points"": 5, ""energy_score"": 2, ""sugars_score"": 3, ""saturated_fats_score"": 0, ""salt_score"": 0, ""non_sweeteners_score"": 0}, ""positive_points"": {""positive_points"": 0, ""proteins_score"": 0, ""fiber_score"": 0, ""fruit_percentage_score"": 0}, ""request_made"": {""Energia"": 91.0, ""sucres"": 4.8, ""greixos_saturats"": 0.0, ""sal"": 0.03, ""sodi"": 0.012, ""fibra"": 0.5, ""proteines"": 0.3, ""fruit_percentage"": 7.0, ""ingredients"": ""agua, leche desnatada (10%), zumo de frutas 7% (pi\u00f1a y mango a partir de concentrado), az\u00facar, estabilizante (pectina), aroma, acidulante (\u00e1cido c\u00edtrico), vitaminas c, e y a, edulcorante (sucralosa) y colorante (carotenos).""}, ""nutriscore_category"": ""BEVERAGES""}"||Still beverage with fruit juice and milk|18343|"{""step1"": ""4"", ""step2"": ""2"", ""qualification"": ""4"", ""category"": ""SWEET""}"
1028|2026-09-16 13:38:10|38|2026|43812|Beer Estrella Damm Beer, wine & spirits Beer Beer cans|0|EU|66015|61|Bodega|Cerveza|Cerveza lata|Bajadas de precio|Bajadas de precio|Cerveza Estrella Damm|5.4|3.96|l|2.09|€/l|8.28|agua,malta de cebada, arroz, lúpulo.|50648238532|0|10.44|||||
1029|2026-09-16 13:38:10|38|2026|43812|+Proteínas Dairy dessert with blueberries 0% fat 10 g protein Hacendado Dessert & yoghurt Low fat yoghurt Low fat yoghurt|0||21073|63|Postres y yogures|Yogures desnatados|Yogures desnatados|Bajadas de precio|Bajadas de precio|Postre lácteo con arándanos +Proteínas 10 g 0% MG||0.48|kg|3.13|€/kg|1.50|leche desnatada pasteurizada, arándano (7.5%), agua, fructosa, almidón modificado, aromas, espesante: pectinas, edulcorantes: acesulfamo potásico y sucralosa, colorante: antocianas, fermentos lácticos.|8480000210739|0|1.55|||||
1030|2026-09-16 13:38:10|38|2026|43812|Fresh cow cheese Burgo de Arias Deli & cheese Spreadable cheese, fresh cheese and specialties Fresh cheese|0|España|51044|64|Charcutería y quesos|Queso untable fresco y especialidades|Queso fresco|Bajadas de precio|Bajadas de precio|Queso fresco de vaca Burgo de Arias||0.216|kg|11.57|€/kg|2.50|leche pasterizada de vaca, cuajo y sal. fabricado en una planta donde también se elaboran productos de leche de cabra. sin gluten|8413100611175|0|3.40|||||
1031|2026-09-16 13:38:10|38|2026|43812|Special beer San Miguel Beer, wine & spirits Beer Beer cans|0|España|66026|65|Bodega|Cerveza|Cerveza lata|Bajadas de precio|Bajadas de precio|Cerveza especial San Miguel|5.4|3.96|l|1.36|€/l|5.40|agua, malta de cebada, maíz, lúpulo|8410655000874|0|6.96|||||
1032|2026-09-16 13:38:10|38|2026|43812|+Proteínas Dairy dessert Coconut flavour 0% fat 10 g protein Hacendado Dessert & yoghurt Low fat yoghurt Low fat yoghurt|0||52855|66|Postres y yogures|Yogures desnatados|Yogures desnatados|Bajadas de precio|Bajadas de precio|Postre lácteo sabor coco +Proteínas 10 g 0% MG||0.48|kg|3.13|€/kg|1.50|leche desnatada, agua, fructosa, coco rallado (0,7%), almidón modificado, aromas, espesante: pectinas, edulcorantes: acesulfame potásico y sucralosa, fermentos lácticos.|8402001019845|0|1.55|||||
1033|2026-09-16 13:38:10|38|2026|43812|Whole milk Asturiana Eggs, milk & butter Milk & milk alternatives Whole milk|1|España|10530|67|Huevos leche y mantequilla|Leche y bebidas vegetales|Leche entera|Bajadas de precio|Bajadas de precio|Leche entera Asturiana||6.0|l|1.24|€/l|7.44|leche entera de vaca|8410297113666|0|7.74|||Milk, whole, UHT|19023|
1034|2026-09-16 13:38:10|38|2026|43812|Instant cup noodles Yatekomo chicken flavour Gallina Blanca Rice, pulses & pasta Pasta & noodles Oriental noodles|0||8645|68|Arroz legumbres y pasta|Pasta y fideos|Fideos orientales|Bajadas de precio|Bajadas de precio|Fideos orientales Yatekomo sabor pollo Gallina Blanca||0.18|kg|19.17|€/kg|3.45|fideos orientales (harina de trigo, aceite de girasol, sal) (91,7%), condimento (8,3%)(aromas naturales, sal, zanahoria, fibra de avena, azúcar, ajo, grasa de pollo (0,15%), especias, apio , aroma natural de apio, carne de pollo (0,05%), cebada malteada, puerro, perejil). puede contener trazas desoja, pescado, moluscos, crustáceos, leche, mostaza, huevo. contieneapio.|8410300352914|0|4.10|||||
1035|2026-09-16 13:38:10|38|2026|43812|Zero orange soft drink with no added sugar Fanta Water & soft drinks Orange & lemon soft drinks Orange|0||27545|69|Agua y refrescos|Refresco de naranja y de limón|Naranja|Bajadas de precio|Bajadas de precio|Refresco Fanta naranja zero azúcares añadidos||2.0|l|0.80|€/l|1.59|ingredientes: agua carbonatada, 4% zumo de naranja *a partir de concentrado, zumo de limon concentrado, acidulantes: ácido cítrico y ácido málico, edulcorantes: acesulfamo k, aspartamo y sacarina sódica, corrector de acidez: citratos de sodio, conservador sorbato potásico, aromas naturales de naranja y otros aromas naturales, antioxidante ácido ascórbico, estabilizante goma guar y colorante carotenes.  contiene azúcares naturalmente presences en el zumo de naranja y limon.|5449000120984|0|1.85|||||
1036|2026-09-16 13:38:10|38|2026|43812|Baked beans in tomato sauce Heinz Pizza & ready meals Hot ready meals Stews|0||26138|71|Pizzas y platos preparados|Platos preparados calientes|Platos de cuchara|Bajadas de precio|Bajadas de precio|Alubias con tomate Heinz||0.415|kg|3.13|€/kg|1.30|alubias (51%), tomate (34%), agua, azúcar, vinagre de alcohol, almidón modificado de maiz, sal, extractos de especias y extracto de plantas aromáticas. sin gluten. contiene legumbres, maíz y cebolla . contiene legumbres|5000157024671|0|1.50|||||
1037|2026-09-16 13:38:10|38|2026|43812|Florida drink Sunny delight Water & soft drinks Still & tea soft drinks Other still soft drinks|0||27759|75|Agua y refrescos|Refresco de té y sin gas|Otros refrescos sin gas|Bajadas de precio|Bajadas de precio|Bebida Florida Sunny Delight||1.25|l|1.00|€/l|1.25|agua, zumos de frutas a partir de concentrados 5% (naranja 4,4%, pomelo rojo 0,5% y lima 0,1%), azúcar, acidulante: ácido cítrico, estabilizantes: goma arábiga, e-452i y goma de celulosa, aroma natural de naranja con otros aromas naturales, vitaminas: a (añadida como betacaroteno), b6, c, d y e, edulcorantes: sucralosa y ciclamato sódico.|8414100302643|0|1.50|||||
1038|2026-09-16 13:38:10|38|2026|43812|Red peach isotonic drink Aquarius Water & soft drinks Isotonic & energy drinks Isotonic|0||16438|76|Agua y refrescos|Isotónico y energético|Isotónico|Bajadas de precio|Bajadas de precio|Bebida isotónica melocotón rojo Aquarius||1.5|l|1.13|€/l|1.69|ingredientes: agua, azúcar, acidulantes: ácido cítrico y ácido málico, potenciadores del sabor: cloruro sódico, fosfato potásico y fosfato cálcico, corrector de acidez: citrato sódico, antioxidante ácido ascórbico, estabilizantes: e-414 y e-445, gluconato de zinc, edulcorantes: sucralosa y acesulfamo k, aromas naturales de limón y otros aromas naturales .|5449000144881|0|2.10|||||
1039|2026-09-16 13:38:11|38|2026|43812|Special beer San Miguel Beer, wine & spirits Beer Beer bottles|0|España|66345|78|Bodega|Cerveza|Cerveza botella y botellín|Bajadas de precio|Bajadas de precio|Cerveza especial San Miguel|5.4|3.0|l|1.60|€/l|4.80|agua, lúpulo, maiz, malta de cebada|8410655010552|0|6.84|||||
1040|2026-09-16 13:38:11|38|2026|43812|Blueberry flavour soy dessert Alpro Dessert & yoghurt Soy desserts Soy desserts|0||8179|79|Postres y yogures|Postres de soja|Postres de soja|Bajadas de precio|Bajadas de precio|Postre de soja sabor arándanos Alpro||0.4|kg|5.00|€/kg|2.00|base de soja (84,8%)(agua, habas de soja descascarilladas (9,8%)), azúcar, arándano (5,7%), calcio (citratotricálcico), estabilizante (pectinas), ^zanahoria negra, ^zanahoria y arándano, aroma natural, correctores de acidez (citratos de sodio, ácido cítrico), sal marina, antioxidantes (extracto rico en tocoferoles, ésteres de ácidos grasos del ácido ascórbico), vitaminas b2, b12, d2, fermentos del yogur (s. thermophilus, l. bulgaricus). ^concentrados de. puede contener trazas de frutos de cáscara (no cacahuetes). sin lácteos y sin gluten. naturalmente sin lactosa.|5411188137993|0|2.30|||||
1041|2026-09-16 13:38:11|38|2026|43812|Energy Ultra drink zero Monster Water & soft drinks Isotonic & energy drinks Energy|0||28670|80|Agua y refrescos|Isotónico y energético|Energético|Bajadas de precio|Bajadas de precio|Bebida energética Energy Ultra zero azúcar Monster||2.0|l|2.64|€/l|5.28|ingredientes: agua carbonatada, acidulante (ácido cítrico), taurina (0.4%), corrector de acidez (citratos de sodio), aromas, extracto de raíz de panax ginseng (0.08%), edulcorantes (sucralosa, acesulfamo k), conservadores (ácido sórbico, ácido benzoico), cafeína (0.03%), l-carnitina l-tartrato (0.015%), vitaminas (b3, b5, b6, b12), cloruro sódico, d-glucuronolactona, extracto de semilla de guaraná (0.002%), inositol.|5060517883836|0|6.68|||||
1042|2026-09-16 13:38:11|38|2026|43812|Diet Coke soft drink Coca-Cola Water & soft drinks Cola drinks Zero cola|0||27184|81|Agua y refrescos|Refresco de cola|Cola zero|Bajadas de precio|Bajadas de precio|Refresco Coca-Cola light||2.97|l|2.48|€/l|7.38|agua carbonatada, colorante e-150d, edulcorantes: ciclamato sódico, acesulfamo k y aspartamo, acidulantes: ácido fosfórico y ácido cítrico, aromas naturales y aroma cafeína.|5449000233011|0|8.37|||||
1043|2026-09-16 13:38:11|38|2026|43812|Soy natural dessert with coconut Alpro Dessert & yoghurt Soy desserts Soy desserts|0||52513|82|Postres y yogures|Postres de soja|Postres de soja|Bajadas de precio|Bajadas de precio|Postre de soja sabor natural con coco Alpro||0.4|kg|5.00|€/kg|2.00|base de soja (93,1%) (agua, habas de soja descascarilladas (10,4%)), base de coco (6,2%) (agua, crema de coco (2,9%)), azúcar, calcio (citrato tricálcico), estabilizantes (pectinas), correctores de acidez (citratos de sodio, ácido cítrico), aromas naturales, sal marina, antioxidantes (extracto rico en tocoferoles, ésteres ácidos grasos de ácido ascórbico), vitaminas (b12, d2), fermentos (s. thermophilus, l. bulgaricus). puede contener trazas de frutos de cáscara (no cacahuetes). sin lácteos y sin gluten.|5411188138051|0|2.30|||||
1044|2026-09-16 13:38:11|38|2026|43812|Pure chocolate with whole almonds Valor Sugar, sweets & chocolate Chocolate Dark chocolate|0||12130|84|Azúcar caramelos y chocolate|Chocolate|Chocolate negro|Bajadas de precio|Bajadas de precio|Chocolate puro Valor con almendras enteras||0.25|kg|15.80|€/kg|3.95|azúcar, pasta de cacao, almendras (25%), manteca de cacao, emulgente: lecitina (soja), aroma. puede contener: leche y otros frutos de cáscara. cacao: 52% mínimo. sin gluten.|8410109000085|0|4.95|||||
1045|2026-09-16 13:38:11|38|2026|43812|+Proteínas Dairy dessert with mango and passion fruit purée 0% fat 10 g protein Hacendado Dessert & yoghurt Low fat yoghurt Low fat yoghurt|0||21151|85|Postres y yogures|Yogures desnatados|Yogures desnatados|Bajadas de precio|Bajadas de precio|Postre lácteo con puré mango y maracuya +Proteínas 10 g 0% MG||0.48|kg|3.13|€/kg|1.50|leche desnatada pasteurizada, agua, mango (4.3%), fructosa, maracuyá (0.8%) almidón modificado, aroma, espesante: pectinas, edulcorantes: acesulfamo potásico y sucralosa, colorante: beta carotenos, fermentos lácticos.|8480000211514|0|1.55|||||
1046|2026-09-16 13:38:11|38|2026|43812|Lemon and lime flavour soy dessert Alpro Dessert & yoghurt Soy desserts Soy desserts|0||13917|86|Postres y yogures|Postres de soja|Postres de soja|Bajadas de precio|Bajadas de precio|Postre de soja sabor lima limón Alpro||0.4|kg|5.00|€/kg|2.00|base de soja (84,3%) [agua, habas de soja descascarilladas (9,7%), azúcar], jarabe de glucosa-fructosa, mezcla de limón y lima (3,4%), (zumo de limón a partir de concentrado (1,7%), limón (1,1%), zumo de lima a partir de concentrado (0,6%)), correctores de acidez (ácido cítrico, citratos de sodio), estabilizante (pectinas), calcio (fosfato tricálcico), sal marina, concentrado de zanahoria y calabaza, antioxidante (extracto rico en tocoferoles, ésteres de ácidos grasos del ácido ascórbico), aroma, aroma natural de limón con otros aromas naturales, vitaminas b2, b12, d2, fermentos del yogur (s.thermophilus, l. blgaricus). puede contener trazas de frutos de cáscara (no cacahuetes). sin lácteos y sin gluten naturalmente sin lactosa|5411188138013|0|2.30|||||
1047|2026-09-16 13:38:11|38|2026|43812|Big mineral water Viladrau Water & soft drinks Water Still water|0|Manantial FONTALEGRE|27253|87|Agua y refrescos|Agua|Agua sin gas|Bajadas de precio|Bajadas de precio|Agua mineral grande Viladrau||9.0|l|0.37|€/l|3.30|bicarbonato (114 mg/l), calcio (28,5 mg/l), sodio (12,2 mg/l), magnesio (4,2 mg/l), sulfato (11,2 mg/l), cloruro (6 mg/l), residuo seco a 180º (137 mg/l)|8411002101206|0|4.14|||||
1048|2026-09-16 13:38:12|38|2026|43812|Semi-skimmed Asturiana Eggs, milk & butter Milk & milk alternatives Semi-skimmed milk|1|España|10712|88|Huevos leche y mantequilla|Leche y bebidas vegetales|Leche semidesnatada|Bajadas de precio|Bajadas de precio|Leche semidesnatada Asturiana||1.0|l|1.09|€/l|1.09|leche semidesnatada|8410297012150|0|1.17|||Milk, semi-skimmed, UHT|19041|
1049|2026-09-16 13:38:12|38|2026|43812|Fresh cow cheese 0% fat Burgo de Arias Deli & cheese Spreadable cheese, fresh cheese and specialties Fresh cheese|0|España|51043|89|Charcutería y quesos|Queso untable fresco y especialidades|Queso fresco|Bajadas de precio|Bajadas de precio|Queso fresco 0% MG de vaca Burgo de Arias||0.216|kg|11.57|€/kg|2.50|leche pasterizada desnatada vaca, cuajo y sal, elaborado en una fábrica que utiliza leche de cabra,sin gluten|8413100611182|0|3.40|||||
1050|2026-09-16 13:38:12|38|2026|43812|Special beer San Miguel Beer, wine & spirits Beer Beer cans|0|España|27103|90|Bodega|Cerveza|Cerveza lata|Bajadas de precio|Bajadas de precio|Cerveza especial San Miguel|5.4|0.33|l|1.52|€/l|0.50|agua, malta de cebada , maiz, lúpulo|8410655000010|0|0.74|||||
1051|2026-09-16 13:38:12|38|2026|43812|Beer Estrella Damm Beer, wine & spirits Beer Beer bottles|0|EU|66016|91|Bodega|Cerveza|Cerveza botella y botellín|Bajadas de precio|Bajadas de precio|Cerveza Estrella Damm|5.4|3.0|l|2.32|€/l|6.96|agua,malta de cebada, arroz, lúpulo.|8410793022943|0|8.40|||||
1052|2026-09-16 13:38:12|38|2026|43812|Lemon and lime soft drink Sprite Water & soft drinks Orange & lemon soft drinks Lemon and lime|0||28176|92|Agua y refrescos|Refresco de naranja y de limón|Lima limón|Bajadas de precio|Bajadas de precio|Refresco lima limón Sprite||2.64|l|1.52|€/l|4.00|ingredientes: agua carbonatada, azúcar, correctores de acidez: ácido cítrico (e-330) y citratos de sodio (e-331), edulcorantes: acesulfamo k (e-950), aspartamo y neohesperidina dc (e-959) y aromas naturales de limón y lima. contiene una fuente de fenilalanina.|5449000226785|0|4.88|||||
1053|2026-09-16 13:38:12|38|2026|43812|Milk chocolate whole almonds Valor Sugar, sweets & chocolate Chocolate Milk chocolate|0||12107|93|Azúcar caramelos y chocolate|Chocolate|Chocolate con leche|Bajadas de precio|Bajadas de precio|Chocolate con leche Valor almendras enteras||0.25|kg|15.80|€/kg|3.95|azúcar, almendra (25%), manteca de cacao, pasta de cacao, leche en polvo, lactosuero en polvo (leche), emulgente: lecitina de soja, aromas. puede contener trazas de avellana.|8410109000078|0|4.95|||||
1054|2026-09-16 13:38:12|38|2026|43812|Natural probiotics bifidus 0% fat 0% added sugars Activia Dessert & yoghurt Bífidus Natural bifidus|0||23477|94|Postres y yogures|Bífidus|Bífidus naturales|Bajadas de precio|Bajadas de precio|Bífidus natural probióticos Activia 0% MG  0% azúcares añadidos||0.96|kg|3.44|€/kg|3.30|leche desnatada, leche en polvo, bifidobacterias y fermentos lácticos y gelatina. origen de la leche: españa.|8410500008871|0|3.99|||||
1055|2026-09-16 13:38:13|38|2026|43812|Natural probiotics bifidus with artificial sweeteners 0% fat 0% added sugars Activia Dessert & yoghurt Bífidus Natural bifidus|0||23476|95|Postres y yogures|Bífidus|Bífidus naturales|Bajadas de precio|Bajadas de precio|Bífidus natural edulcorado probióticos Activia 0% MG 0% azúcares añadidos||0.96|kg|3.44|€/kg|3.30|leche parcialmente desnatada pasteurizada, leche desnatada en polvo, gelatina, bifidobacterias y fermentos lácticos y edulcorantes (acesulfamo k y sucralosa).|8410500014421|0|3.99|||||
1056|2026-09-16 13:38:13|38|2026|43812|Whole milk Asturiana Eggs, milk & butter Milk & milk alternatives Whole milk|1|España|10617|96|Huevos leche y mantequilla|Leche y bebidas vegetales|Leche entera|Bajadas de precio|Bajadas de precio|Leche entera Asturiana||1.0|l|1.24|€/l|1.24|leche entera|8410297112010|0|1.29|||Milk, whole, UHT|19023|
1057|2026-09-16 13:38:13|38|2026|43812|Orange soft drink Fanta Water & soft drinks Orange & lemon soft drinks Orange|0||17542|97|Agua y refrescos|Refresco de naranja y de limón|Naranja|Bajadas de precio|Bajadas de precio|Refresco Fanta naranja||4.0|l|0.75|€/l|2.98|ingredientes: agua carbonatada, 5% zumo de naranja *a partir de concentrado, azúcar, acidulantes: ácido cítrico y ácido málico, estabilizantes: e-414, e-444, e-445 y e-412, edulcorantes: e-950 y aspartamo, corrector de acidez: citratos de sodio, conservador: e-202, aromas naturales de naranja y otros aromas naturales, colorante carotenos y antioxidante ácido ascórbico.|5449000350923|0|3.60|||||
1058|2026-09-16 13:38:13|38|2026|43812|Lemon and lime soft drink Sprite Water & soft drinks Orange & lemon soft drinks Lemon and lime|0||27845|98|Agua y refrescos|Refresco de naranja y de limón|Lima limón|Bajadas de precio|Bajadas de precio|Refresco lima limón Sprite||0.33|l|1.67|€/l|0.55|ingredientes: agua carbonatada, azúcar, correctores de acidez: ácido cítrico (e-330) y citratos de sodio (e-331), edulcorantes: acesulfamo k (e-950), aspartamo y neohesperidina dc (e-959) y aromas naturales de limón y lima. contiene una fuente de fenilalanina.|5449000205520|0|0.65|||||
1059|2026-09-16 13:38:13|38|2026|43812|Cured pancetta without rind slices La Selva Deli & cheese Bacon & sausages Bacon|0|España|29606|99|Charcutería y quesos|Bacón y salchichas|Bacón|Bajadas de precio|Bajadas de precio|Panceta curada sin corteza La Selva lonchas||0.2|kg|12.50|€/kg|2.50|panceta de cerdo, sal, azúcar, conservadores (e262, e252, e250), especias, extractos de especias.|8410973583363|0|2.65|||||
1060|2026-09-16 13:38:13|38|2026|43812|Beer Estrella Damm Beer, wine & spirits Beer Beer cans|0|EU|27134|100|Bodega|Cerveza|Cerveza lata|Bajadas de precio|Bajadas de precio|Cerveza Estrella Damm|5.4|0.33|l|2.27|€/l|0.75|agua,malta de cebada, arroz, lúpulo.|8410793026132|0|0.89|||||
1061|2026-09-16 13:38:13|38|2026|43812|Melted cheese with breadsticks La vaca que ríe Deli & cheese Sliced, grated & portioned cheese Cheese portions|0|Francia|51068|101|Charcutería y quesos|Queso lonchas rallado y en porciones|Queso en porciones|Bajadas de precio|Bajadas de precio|Queso fundido con palitos La vaca que ríe||0.14|kg|16.79|€/kg|2.35|@queso@ fundido (19.5% de materia grasa) (71,4%): @leche@ desnatada rehidratada, @quesos@, @mantequilla@, concentrado de minerales @lácteos@, proteínas de la @leche@, sales de fundido (polifosfatos), concentrado de @suero láctico@. bastoncitos de pan (28,6%): harina de @trigo@, aceite de girasol, malta de @cebada@, sal, levadura. puede contener trazas de sésamo. se utilizan 102 g de harina de @trigo@ para fabricar 100g de bastoncitos de pan.|3073780810661|0|2.59|||||
1062|2026-09-16 13:38:13|38|2026|43812|Thin delicate Crisp Toasted Bread with Sesame and Sea Salt Wasa Bread & bakery Toasted bread & breadcrumbs Toasted bread|0||17572|102|Panadería y pastelería|Pan tostado y rallado|Pan tostado|Bajadas de precio|Bajadas de precio|Pan tostado fino con sésamo y sal marina Delicate Crisp Wasa||0.19|kg|7.37|€/kg|1.40|harina de trigo integral, harina de trigo, granos de sésamo (13%), aceite de colza, sal marina (1,4%), extracto de malta decebada, sal, levadura, antioxidante: extractos de romero.|7300400482615|0|1.80|||||
1063|2026-09-16 13:38:14|38|2026|43812|Mango flavour soy dessert with no added sugar Alpro Dessert & yoghurt Soy desserts Soy desserts|0||21369|104|Postres y yogures|Postres de soja|Postres de soja|Bajadas de precio|Bajadas de precio|Postre de soja sabor mango Alpro sin azúcares añadidos||0.4|kg|5.75|€/kg|2.30|base de soja (agua, habas de soja descascarilladas (9,7%)), mango (17,7%) (zumo a partir de concentrado (11%), fruta(6,7%)), citrato tricálcico, estabilizante (pectinas), correctores de acidez (citratos de sodio, ácido cítrico), aroma natural,almidón modificado, sal marina, antioxidantes (extracto rico en tocoferoles, ésteres ácidos grasos de ácido ascórbico),vitaminas (b2, b12, d), extracto de calabaza, extracto de zanahorias, fermentos (s. thermophilus, l. bulgaricus). naturalmente sin lactosa y sin gluten.|5411188125808|0|2.60|||||
1064|2026-09-16 13:38:14|38|2026|43812|Energy drink Monster Water & soft drinks Isotonic & energy drinks Energy|0||28664|105|Agua y refrescos|Isotónico y energético|Energético|Bajadas de precio|Bajadas de precio|Bebida energética Energy Monster||2.0|l|2.88|€/l|5.76|ingredientes: agua carbonatada, sacarosa, jarabe de glucosa, acidulante (ácido cítrico), aromas, taurina (0.4%), corrector de acidez (citratos de sodio), extracto de raíz de panax ginseng (0.08%), l-carnitina l-tartrato (0.04%), conservadores (ácido sórbico, ácido benzoico), cafeína (0.03%), colorante (antocianinas), vitaminas (b3, b6, b2, b12), edulcorante (sucralosa), cloruro sódico, d-glucuronolactona, extracto de semilla de guaraná (0.002%), inositol, maltodextrina.|5060517883805|0|7.08|||||
1065|2026-09-16 13:38:14|38|2026|43812|Instant cup noodles Yatekomo chicken flavour Gallina Blanca Rice, pulses & pasta Pasta & noodles Oriental noodles|0|España|8618|106|Arroz legumbres y pasta|Pasta y fideos|Fideos orientales|Bajadas de precio|Bajadas de precio|Fideos orientales Yatekomo sabor pollo Gallina Blanca||0.06|kg|23.33|€/kg|1.40|fideos orientales (harina de trigo, aceite de girasol, sal) (91,7%), condimento (8,3%)(aromas naturales, sal, zanahoria, fibra de avena, azúcar, ajo, grasa de pollo (0,15%), especias, apio , aroma natural de apio, carne de pollo (0,05%), cebada malteada, puerro, perejil). puede contener trazas de soja, pescado, moluscos, crustáceos, leche, mostaza, huevo. contiene apio.|8410300349952|0|1.65|||||
1066|2026-09-16 13:38:14|38|2026|43812|Frizzante verdejo white DulZ.Ze Beer, wine & spirits Lambrusco & sparkling wine Lambrusco & sparkling wine|0||23972|108|Bodega|Vino lambrusco y espumoso|Vino lambrusco y espumoso|Bajadas de precio|Bajadas de precio|Frizzante blanco verdejo DulZ.Ze|5.5|0.33|l|2.27|€/l|0.75|vino (uvas, conservador: anhídrido sulfuroso (sulfitos)), mosto de uva, agente estabilizante: ácido metatartárico, dioxido de carbono.|8402001053801|0|0.95|||||
1067|2026-09-16 13:38:14|38|2026|43812|Mango Loco energy drink Monster Water & soft drinks Isotonic & energy drinks Energy|0||13815|110|Agua y refrescos|Isotónico y energético|Energético|Bajadas de precio|Bajadas de precio|Bebida energética Mango Loco Monster||2.0|l|2.88|€/l|5.76|ingredientes: agua carbonatada, zumo de frutas a base de concentrado (9%) (mango, guayaba, uva blanca, manzana, piña, naranja, albaricoque, melocotón, fruta de la pasión, limón), sacarosa, jarabe de glucosa, acidulantes (ácido cítrico, ácido málico), taurina (0.4%), aromas, correctores de acidez (citratos de potasio, citratos de sodio), conservadores (sorbato potásico, benzoato sódico), cafeína (0.03%), colorante (carotenos), edulcorante (sucralosa), vitaminas (b3, b6, b2, b12), estabilizantes (goma xantana, alginato sódico, goma arábiga), l-carnitina l-tartrato (0.004%), inositol (0.002%), concentrados de frutas y verduras (uva, zanahoria, boniato).|5060751213130|0|7.08|||||
1068|2026-09-16 13:38:14|38|2026|43812|Sangria Rosé Casón Histórico Beer, wine & spirits Tinto de verano & sangria Tinto de verano & sangria|0||24530|112|Bodega|Tinto de verano y sangría|Tinto de verano y sangría|Bajadas de precio|Bajadas de precio|Sangría Rosé Casón Histórico|7.0|0.33|l|2.12|€/l|0.70|vino rosado (uvas, conservador: sulfitos), agua, azúcar, acidulante: ácido cítrico, extractos naturales de cítricos y de canela.|8402001053832|0|0.90|||||
1069|2026-09-16 13:38:14|38|2026|43812|Energy Ultra drink zero Monster Water & soft drinks Isotonic & energy drinks Energy|0||28119|114|Agua y refrescos|Isotónico y energético|Energético|Bajadas de precio|Bajadas de precio|Bebida energética Energy Ultra zero azúcar Monster||0.5|l|2.90|€/l|1.45|ingredientes: agua carbonatada, acidulante (ácido cítrico), taurina (0.4%), corrector de acidez (citratos de sodio), aromas, extracto de raíz de panax ginseng (0.08%), edulcorantes (sucralosa, acesulfamo k), conservadores (ácido sórbico, ácido benzoico), cafeína (0.03%), l-carnitina l-tartrato (0.015%), vitaminas (b3, b5, b6, b12), cloruro sódico, d-glucuronolactona, extracto de semilla de guaraná (0.002%), inositol.|5060337501316|0|1.79|||||
1070|2026-09-16 13:38:14|38|2026|43812|8 Cereals baby food with María biscuit +6 months Nestlé Baby Baby food Porridge|0|España|35602|115|Bebé|Alimentación infantil|Papillas|Bajadas de precio|Bajadas de precio|Papilla 8 cereales con galleta María Nestlé +6 meses||0.725|kg|6.83|€/kg|4.95|cereales (78,7%) [harinas de trigo hidrolizada, trigo integral (12,6%), avena integral (6%), cebada, centeno, maíz, espelta, arroz, triticale], galleta molida (15,4%) (harina de trigo y leche en polvo), leche en polvo (5,2%), sales minerales (calcio, hierro, zinc y yodo), vitaminas (c, e, b3, b1, a, b6, ácido fólico y d), aromas.|8445290686879|0|5.75|||||
1071|2026-09-16 13:38:14|38|2026|43812|Tostada beer Turia Beer, wine & spirits Beer Beer cans|0||60600|117|Bodega|Cerveza|Cerveza lata|Bajadas de precio|Bajadas de precio|Cerveza tostada Turia|5.4|3.96|l|2.09|€/l|8.28|agua,malta de cebada, arroz, lúpulo.|8413194098531|0|10.20|||||
1072|2026-09-16 13:38:15|38|2026|43812|Wafer bar covered in milk chocolate Kit-kat Sugar, sweets & chocolate Chocolate Bars|0||16285|119|Azúcar caramelos y chocolate|Chocolate|Chocolatinas|Bajadas de precio|Bajadas de precio|Barritas de barquillo Kit-Kat bañadas de chocolate con leche||0.1245|kg|15.66|€/kg|1.95|azúcar, harina de trigo (contiene calcio, hierro, tiamina y niacina), pasta de cacao', manteca de cacao', leche en polvo, grasas vegetales (palma, shea,palmiste, sal), leche desnatada en polvo, suero de leche filtrado en polvo, emulgente (lecitinas), levadura, gasificante (carbonatos de sodio), jarabe de glucosa, grasa láctea anhidra, suero de leche en polvo, aromas naturales.|8445291354548|0|2.30|||||
1073|2026-09-16 13:38:15|38|2026|43812|Soft beer Xibeca Damm Beer, wine & spirits Beer Beer bottles|0|EU|27144|121|Bodega|Cerveza|Cerveza botella y botellín|Bajadas de precio|Bajadas de precio|Cerveza suave Xibeca Damm|4.6|1.0|l|1.41|€/l|1.41|agua,malta de cebada, maíz, arroz, lúpulo.|8410793013118|0|1.73|||||
1074|2026-09-16 13:38:15|38|2026|43812|Mango Loco energy drink Monster Water & soft drinks Isotonic & energy drinks Energy|0||13814|122|Agua y refrescos|Isotónico y energético|Energético|Bajadas de precio|Bajadas de precio|Bebida energética Mango Loco Monster||0.5|l|3.10|€/l|1.55|ingredientes: agua carbonatada, zumo de frutas a base de concentrado (9%) (mango, guayaba, uva blanca, manzana, piña, naranja, albaricoque, melocotón, fruta de la pasión, limón), sacarosa, jarabe de glucosa, acidulantes (ácido cítrico, ácido málico), taurina (0.4%), aromas, correctores de acidez (citratos de potasio, citratos de sodio), conservadores (sorbato potásico, benzoato sódico), cafeína (0.03%), colorante (carotenos), edulcorante (sucralosa), vitaminas (b3, b6, b2, b12), estabilizantes (goma xantana, alginato sódico, goma arábiga), l-carnitina l-tartrato (0.004%), inositol (0.002%), concentrados de frutas y verduras (uva, zanahoria, boniato).|5060639121915|0|1.89|||||
1075|2026-09-16 13:38:15|38|2026|43812|8 Cereals baby food with honey +6 months Nestlé Baby Baby food Porridge|0|España|35601|123|Bebé|Alimentación infantil|Papillas|Bajadas de precio|Bajadas de precio|Papilla 8 cereales con miel Nestlé +6 meses||0.725|kg|6.83|€/kg|4.95|cereales (87,2%) [harinas de trigo hidrolizada, trigo integral (10,5%), avena integral (5%), cebada, centeno, maíz, espelta, arroz y triticale], miel (9,4%), aceites vegetales (girasol alto oleico, girasol y nabina), sales minerales (calcio, hierro, zinc y yodo), vitaminas (c, e, b3, b1, a, b6, ácido fólico y d), aroma.|8445290686848|0|5.75|||||
1076|2026-09-16 13:38:15|38|2026|43812|Energy drink Monster Water & soft drinks Isotonic & energy drinks Energy|0||28016|124|Agua y refrescos|Isotónico y energético|Energético|Bajadas de precio|Bajadas de precio|Bebida energética Energy Monster||0.5|l|3.10|€/l|1.55|ingredientes: agua carbonatada, sacarosa, jarabe de glucosa, acidulante (ácido cítrico), aromas, taurina (0.4%), corrector de acidez (citratos de sodio), extracto de raíz de panax ginseng (0.08%), l-carnitina l-tartrato (0.04%), conservadores (ácido sórbico, ácido benzoico), cafeína (0.03%), colorante (antocianinas), vitaminas (b3, b6, b2, b12), edulcorante (sucralosa), cloruro sódico, d-glucuronolactona, extracto de semilla de guaraná (0.002%), inositol, maltodextrina.|5060166690380|0|1.89|||||
1077|2026-09-16 13:38:15|38|2026|43812|Soft beer Xibeca Damm Beer, wine & spirits Beer Beer bottles|0|EU|60333|126|Bodega|Cerveza|Cerveza botella y botellín|Bajadas de precio|Bajadas de precio|Cerveza suave Xibeca Damm|4.6|6.0|l|1.41|€/l|8.46|agua,malta de cebada, maíz, arroz, lúpulo.|8410793013316|0|10.38|||||
1078|2026-09-16 13:38:15|38|2026|43812|Tostada beer Turia Beer, wine & spirits Beer Beer cans|0|EU|60980|129|Bodega|Cerveza|Cerveza lata|Bajadas de precio|Bajadas de precio|Cerveza tostada Turia|5.4|0.33|l|2.18|€/l|0.72|agua,malta de cebada, arroz, lúpulo.|8413194096131|0|0.87|||||
1079|2026-09-16 13:38:15|38|2026|43812|Strawberry Energy Ultra drink zero Monster Water & soft drinks Isotonic & energy drinks Energy|0||16440|130|Agua y refrescos|Isotónico y energético|Energético|Bajadas de precio|Bajadas de precio|Bebida energética Strawberry Energy Ultra zero azúcar Monster||0.5|l|2.90|€/l|1.45|ingredientes: agua carbonada, potenciador del sabor (eritritol), ácido (ácido cítrico), taurina (0,4%), regulador de acidez (citratos de sodio), aroma natural de fresa con otros aromas naturales, extracto de raíz de panax ginseng (0,08%), conservantes (sorbato de potasio, benzoato de sodio), cafeína (0,03%), edulcorantes (sucralosa, acesulfame k), l-carnitina l-tartrato (0,015%), vitaminas (b3, b5, b6, b12), estabilizante (ésteres glicerol de resinas de madera), extracto de semilla de guaraná (0,002%), inositol, colorantes (e129, e110, e133).|5056784900826|0|1.79|||||
1080|2026-09-16 13:38:15|38|2026|43812|Skimmed milk Asturiana Eggs, milk & butter Milk & milk alternatives Skimmed milk|1|España|10532|131|Huevos leche y mantequilla|Leche y bebidas vegetales|Leche desnatada|Bajadas de precio|Bajadas de precio|Leche desnatada Asturiana||6.0|l|1.06|€/l|6.36|leche desnatada de vaca|8410297113680|0|6.78|||Milk, skimmed, UHT|19050|
1081|2026-09-16 13:38:15|38|2026|43812|Hake and shrimp preparation Seafood & fish Fresh fish Other|0||27548|133|Marisco y pescado|Pescado fresco|Otros|Bajadas de precio|Bajadas de precio|Elaborado de merluza y langostino||0.2|kg|14.75|€/kg|2.95|62% merluza (pescado), 11% langostino ((crustáceo), agua, sal, antioxidantes e330, e331, estabilizante e451, e452), harina de arroz, aceite refinado de girasol, fibras vegetales, almidón, azúcar, corrector de la acidez (vinagre tamponado), especias (perejil y ajo) y aromas. puede contener trazas de huevos y derivados, moluscos y derivados y sulfitos.|8480000275486|0|3.30|||||
1082|2026-09-16 13:38:16|38|2026|43812|Mango flavored frizzante Piccolo Giovanni Beer, wine & spirits Lambrusco & sparkling wine Lambrusco & sparkling wine|0||23967|134|Bodega|Vino lambrusco y espumoso|Vino lambrusco y espumoso|Bajadas de precio|Bajadas de precio|Frizzante sabor mango Piccolo Giovanni|3.9|0.75|l|2.67|€/l|2.00|agua, vino (uvas, conservador: anhídrido sulfuroso (sulfitos)), azúcar, acidulante: ácido cítrico, dióxido de carbono, aromas y colorantes: e-102 y e-110.|8402001053818|0|2.35|||||
1083|2026-09-16 13:38:15|38|2026|43812|Skimmed milk Asturiana Eggs, milk & butter Milk & milk alternatives Skimmed milk|1|España|10801|136|Huevos leche y mantequilla|Leche y bebidas vegetales|Leche desnatada|Bajadas de precio|Bajadas de precio|Leche desnatada Asturiana||1.0|l|1.06|€/l|1.06|leche desnatada|8410297012105|0|1.13|||Milk, skimmed, UHT|19050|
1084|2026-09-16 13:38:16|38|2026|43812|Omega 3 dairy drink with skimmed milk Puleva Eggs, milk & butter Milk & milk alternatives Skimmed milk|1|España|10146|137|Huevos leche y mantequilla|Leche y bebidas vegetales|Leche desnatada|Bajadas de precio|Bajadas de precio|Bebida láctea Omega 3 Puleva con leche desnatada||6.0|l|1.69|€/l|10.14|leche desnatada (80%), permeado de leche reconstituido, aceites vegetales (girasol alto oleico y oliva (0,05%)), emulgentes (lecitinas (soja)) y ésteres cítricos de monoglicéridos y diglicéridos), aceite de pescado azul, estabilizantes (citrato tripotásico, trifosfato pentasódico), vitaminas (a, b6, ácido fólico, c, d, e y b12), antioxidantes (extracto rico en tocoferoles y palmitato de ascorbilo), extracto de té verde (0,005%), extracto de uva (0,001%)|8411700811117|0|11.34|"{""letter"": ""B"", ""points"": -1, ""negative_points"": {""negative_points"": 6, ""energy_score"": 3, ""sugars_score"": 3, ""saturated_fats_score"": 0, ""salt_score"": 0, ""non_sweeteners_score"": 0}, ""positive_points"": {""positive_points"": 7, ""proteins_score"": 7, ""fiber_score"": 0, ""fruit_percentage_score"": 0}, ""request_made"": {""Energia"": 185.0, ""sucres"": 4.8, ""greixos_saturats"": 0.2, ""sal"": 0.18, ""sodi"": 0.072, ""fibra"": 0.0, ""proteines"": 4.4, ""fruit_percentage"": 0.0, ""ingredients"": ""leche desnatada (80%), permeado de leche reconstituido, aceites vegetales (girasol alto oleico y oliva (0,05%)), emulgentes (lecitinas (soja)) y \u00e9steres c\u00edtricos de monoglic\u00e9ridos y diglic\u00e9ridos), aceite de pescado azul, estabilizantes (citrato tripot\u00e1sico, trifosfato pentas\u00f3dico), vitaminas (a, b6, \u00e1cido f\u00f3lico, c, d, e y b12), antioxidantes (extracto rico en tocoferoles y palmitato de ascorbilo), extracto de t\u00e9 verde (0,005%), extracto de uva (0,001%)""}, ""nutriscore_category"": ""BEVERAGES""}"||Milk, skimmed, UHT|19050|"{""step1"": ""2"", ""step2"": ""2"", ""qualification"": ""2"", ""category"": ""SWEET""}"
1085|2026-09-16 13:38:16|38|2026|43812|Omega 3 dairy drink with skimmed milk Puleva Eggs, milk & butter Milk & milk alternatives Skimmed milk|1|España|10884|138|Huevos leche y mantequilla|Leche y bebidas vegetales|Leche desnatada|Bajadas de precio|Bajadas de precio|Bebida láctea Omega 3 Puleva con leche desnatada||1.0|l|1.69|€/l|1.69|leche desnatada (80%), permeado de leche reconstituido, aceites vegetales (girasol alto oleico y oliva (0,05%)), emulgentes (lecitinas (soja)) y ésteres cítricos de monoglicéridos y diglicéridos), aceite de pescado azul, estabilizantes (citrato tripotásico, trifosfato pentasódico), vitaminas (a, b6, ácido fólico, c, d, e y b12), antioxidantes (extracto rico en tocoferoles y palmitato de ascorbilo), extracto de té verde (0,005%), extracto de uva (0,001%)|8411700011111|0|1.89|||Milk, skimmed, UHT|19050|
1086|2026-09-16 13:38:16|38|2026|43812|Chicken and beef with vegetables baby food +6 months Hero Solo Baby Baby food Savoury pots|0|España|9058|140|Bebé|Alimentación infantil|Tarritos salados|Bajadas de precio|Bajadas de precio|Papilla verduritas con pollo y ternera Hero Solo +6 meses||0.235|kg|7.66|€/kg|1.80|verduras y legumbres (45%) (zanahoria (14%), judías verdes (10%), tomate (9%), cebolla, guisantes, brócoli (3%)), patata (27%), agua de cocción, carne de pollo (6%), carne de ternera (2%), aceite de oliva virgen extra (2%).|8410175050021|0|1.85|||||
1087|2026-09-16 13:38:16|38|2026|43812|Omega-3 nuts skim milk drink Puleva Eggs, milk & butter Milk & milk alternatives Skimmed milk|1|España|10282|142|Huevos leche y mantequilla|Leche y bebidas vegetales|Leche desnatada|Bajadas de precio|Bajadas de precio|Bebida láctea Omega 3 Puleva con nueces y leche desnatada||1.0|l|1.69|€/l|1.69|leche desnatada (80%), permeado de leche reconstituido, aceites vegetales (girasol alto oleico y oliva (0,05%)), emulgentes (lecitinas (soja)) y ésteres cítricos de monoglicéridos y diglicéridos), estabilizantes (citrato tripotásico, e-460 y e-466), aceite de pescado azul, colorante (e-150c), preparado de nuez en polvo (0,04% de nuez), fosfato tricálcico, aroma, vitaminas (a, b6, ácido fólico, c, d, e y b12), extracto de té verde (0,005%), extracto de uva (0,001%) y edulcorante (sucralosa)|8411700011302|0|1.95|"{""letter"": ""B"", ""points"": 0, ""negative_points"": {""negative_points"": 6, ""energy_score"": 3, ""sugars_score"": 3, ""saturated_fats_score"": 0, ""salt_score"": 0, ""non_sweeteners_score"": 0}, ""positive_points"": {""positive_points"": 6, ""proteins_score"": 6, ""fiber_score"": 0, ""fruit_percentage_score"": 0}, ""request_made"": {""Energia"": 208.0, ""sucres"": 4.4, ""greixos_saturats"": 0.5, ""sal"": 0.1, ""sodi"": 0.04, ""fibra"": 0, ""proteines"": 2.8, ""fruit_percentage"": 0.0, ""ingredients"": ""leche desnatada (80%), permeado de leche reconstituido, aceites vegetales (girasol alto oleico y oliva (0,05%)), emulgentes (lecitinas (soja)) y \u00e9steres c\u00edtricos de monoglic\u00e9ridos y diglic\u00e9ridos), estabilizantes (citrato tripot\u00e1sico, e-460 y e-466), aceite de pescado azul, colorante (e-150c), preparado de nuez en polvo (0,04% de nuez), fosfato tric\u00e1lcico, aroma, vitaminas (a, b6, \u00e1cido f\u00f3lico, c, d, e y b12), extracto de t\u00e9 verde (0,005%), extracto de uva (0,001%) y edulcorante (sucralosa)""}, ""nutriscore_category"": ""BEVERAGES""}"||Milk, skimmed, UHT|19050|"{""step1"": ""4"", ""step2"": ""2"", ""qualification"": ""4"", ""category"": ""SWEET""}"
1088|2026-09-16 13:38:16|38|2026|43812|Johnnie Walker Scotch whisky Red Label Beer, wine & spirits Spirits Whiskey|0||28610|143|Bodega|Licores|Whisky|Bajadas de precio|Bajadas de precio|Whisky escocés Red Label Johnnie Walker|40.0|0.7|l|20.93|€/l|14.65||5000267014203|0|16.00|||||
1089|2026-09-16 13:38:16|38|2026|43812|Max energy and growth milk drink with cereals Puleva Eggs, milk & butter Milk & milk alternatives Children's milk|1|España|10820|144|Huevos leche y mantequilla|Leche y bebidas vegetales|Leche Infantil|Bajadas de precio|Bajadas de precio|Bebida láctea con cereales crecimiento y desarrollo Puleva Max||6.0|l|1.59|€/l|9.54|leche parcialmente desnatada (0,8% m.g), agua, cereales hidrolizados 4% (trigo, arroz, maíz, avena, cebada, centeno, triticale y espelta), azúcar, aceites vegetales (girasol alto oleico y oliva),emulgentes (e-472c y lecitinas (soja)), sales minerales (fosfaro tricálcico, citrato magnésico, pirofosfato férrico y sulfato de zinc), aceite de pescado azul rico en dha, estabilizantes (e-339ii, carragenato, celulosa y goma celulosa), antioxidantes (tocoferol y palminato de ascorbilo), fructosa, vitaminas (a, b1, b2, b3, b5, b6, b8,b12, c, d, e y k) y aroma.|8411700603613|0|11.34|||Baby milk, growing-up milk, ready to drink|19012|
1090|2026-09-16 13:38:16|38|2026|43812|Big mineral water Viladrau Water & soft drinks Water Still water|0|Manantial FONTALEGRE|27221|145|Agua y refrescos|Agua|Agua sin gas|Bajadas de precio|Bajadas de precio|Agua mineral grande Viladrau||1.5|l|0.37|€/l|0.55|bicarbonato (114 mg/l), calcio (28,5 mg/l), sodio (12,2 mg/l), magnesio (4,2 mg/l), sulfato (11,2 mg/l), cloruro (6 mg/l), residuo seco a 180º (137 mg/l)|8411002101305|0|0.69|||||
1091|2026-09-16 13:38:17|38|2026|43812|Max growth and development milk drink Puleva Eggs, milk & butter Milk & milk alternatives Children's milk|1|España|10781|146|Huevos leche y mantequilla|Leche y bebidas vegetales|Leche Infantil|Bajadas de precio|Bajadas de precio|Bebida láctea con cereales crecimiento y desarrollo Puleva Max||1.0|l|1.59|€/l|1.59|leche parcialmente desnatada (0,8% m.g), agua, cereales hidrolizados 4% (trigo, arroz, maíz, avena, cebada, centeno, triticale y espelta), azúcar, aceites vegetales (girasol alto oleico y oliva),emulgentes (e-472c y lecitinas (soja)), sales minerales (fosfaro tricálcico, citrato magnésico, pirofosfato férrico y sulfato de zinc), aceite de pescado   azul rico en dha, estabilizantes (e-339ii, carragenato, celulosa y goma   celulosa), antioxidantes (tocoferol y palminato de ascorbilo),   fructosa, vitaminas (a, b1, b2, b3, b5, b6, b8,b12, c, d, e y k) y   aroma.|8411700010121|0|1.89|||Baby milk, growing-up milk, ready to drink|19012|
1092|2026-09-16 13:38:17|38|2026|43812|Original tonic Schweppes Water & soft drinks Tonic & bitter Tonic & bitter|0||16461|148|Agua y refrescos|Tónica y bitter|Tónica y bitter|Bajadas de precio|Bajadas de precio|Tónica original Schweppes||1.0|l|1.80|€/l|1.80|agua, azúcar, anhídrido carbónico, acidulante: ácido cítrico, aromas naturales, edulcorantes: ciclamato sódico y sacarina sódica, aroma quinina.|8414100381631|0|1.99|||||
1093|2026-09-16 13:38:17|38|2026|43812|Omega 3 dairy drink with nuts and skimmed milk Puleva Eggs, milk & butter Milk & milk alternatives Skimmed milk|1|España|10281|149|Huevos leche y mantequilla|Leche y bebidas vegetales|Leche desnatada|Bajadas de precio|Bajadas de precio|Bebida láctea Omega 3 Puleva con nueces y leche desnatada||6.0|l|1.69|€/l|10.14|leche desnatada (80%), permeado de leche reconstituido, aceites vegetales (girasol alto oleico y oliva (0,05%)), emulgentes (lecitinas (soja)) y ésteres cítricos de monoglicéridos y diglicéridos), estabilizantes (citrato tripotásico, e-460 y e-466), aceite de pescado azul, colorante (e-150c), preparado de nuez en polvo (0,04% de nuez), fosfato tricálcico, aroma, vitaminas (a, b6, ácido fólico, c, d, e y b12), extracto de té verde (0,005%), extracto de uva (0,001%) y edulcorante (sucralosa)|8411700911305|0|11.70|"{""letter"": ""B"", ""points"": 0, ""negative_points"": {""negative_points"": 6, ""energy_score"": 3, ""sugars_score"": 3, ""saturated_fats_score"": 0, ""salt_score"": 0, ""non_sweeteners_score"": 0}, ""positive_points"": {""positive_points"": 6, ""proteins_score"": 6, ""fiber_score"": 0, ""fruit_percentage_score"": 0}, ""request_made"": {""Energia"": 208.0, ""sucres"": 4.4, ""greixos_saturats"": 0.5, ""sal"": 0.1, ""sodi"": 0.04, ""fibra"": 0, ""proteines"": 2.8, ""fruit_percentage"": 0.0, ""ingredients"": ""leche desnatada (80%), permeado de leche reconstituido, aceites vegetales (girasol alto oleico y oliva (0,05%)), emulgentes (lecitinas (soja)) y \u00e9steres c\u00edtricos de monoglic\u00e9ridos y diglic\u00e9ridos), estabilizantes (citrato tripot\u00e1sico, e-460 y e-466), aceite de pescado azul, colorante (e-150c), preparado de nuez en polvo (0,04% de nuez), fosfato tric\u00e1lcico, aroma, vitaminas (a, b6, \u00e1cido f\u00f3lico, c, d, e y b12), extracto de t\u00e9 verde (0,005%), extracto de uva (0,001%) y edulcorante (sucralosa)""}, ""nutriscore_category"": ""BEVERAGES""}"||Milk, skimmed, UHT|19050|"{""step1"": ""4"", ""step2"": ""2"", ""qualification"": ""4"", ""category"": ""SWEET""}"
1094|2026-09-16 13:38:17|38|2026|43812|Original lemon soft drink Schweppes Water & soft drinks Orange & lemon soft drinks Lemon & lemon-lime|0||27761|150|Agua y refrescos|Refresco de naranja y de limón|Limón|Bajadas de precio|Bajadas de precio|Refresco limón Schweppes original||2.64|l|1.91|€/l|5.04|agua, azúcar, zumo de limón procedente de concentrado (2,5%), extractos de limón (0,5%), anhídrido carbónico, acidulante: ácido cítrico, aroma natural de limón con otros aromas naturales, edulcorantes: ciclamato sódico y sucralosa, estabilizantes: octenilsuccinato sódico de almidón, ésteres glicéridos de colofonia de madera y acetato de isobutirato de sacarosa, conservador: sorbato potásico.|8410600008030|0|5.20|||||
1095|2026-09-16 13:38:17|38|2026|43812|Instant chocolate drink Nesquik Chocolate drinks, coffee & tea Chocolate drinks & hot chocolate Chocolate drinks|0||21985|153|Cacao café e infusiones|Cacao soluble y chocolate a la taza|Cacao soluble|Bajadas de precio|Bajadas de precio|Cacao soluble instantáneo Nesquik||2.5|kg|6.34|€/kg|15.85|azúcar, cacao natural desgrasado en polvo (23%), emulgente (lecitina de soja), sal, vitaminas (c,d), aroma natural, canela. sin gluten y sin lactosa.|8445290092830|0|16.15|||||
1096|2026-09-16 13:38:17|38|2026|43812|Rice with chicken baby food +6 months Hero Solo Baby Baby food Savoury pots|0|España|9247|155|Bebé|Alimentación infantil|Tarritos salados|Bajadas de precio|Bajadas de precio|Papilla arroz con pollo Hero Solo +6 meses||0.235|kg|7.66|€/kg|1.80|agua de cocción, arroz (20%), carne de pollo (8%), zanahoria, tomate, cebolla, apio y aceite de oliva virgen (1,6%). sin gluten.|8410175050120|0|1.85|||||
1097|2026-09-16 13:38:17|38|2026|43812|Scotch whisky J&B Beer, wine & spirits Spirits Whiskey|0||28613|156|Bodega|Licores|Whisky|Bajadas de precio|Bajadas de precio|Whisky escocés J&B|40.0|0.7|l|16.57|€/l|11.60||5010103800259|0|11.95|||||
1098|2026-09-16 13:38:18|38|2026|43812|Puleva growth milk mix Peques 3 Baby Baby food Milk|0||9049|159|Bebé|Alimentación infantil|Leche|Bajadas de precio|Bajadas de precio|Preparado lácteo crecimiento Peques 3 Puleva||6.0|l|1.79|€/l|10.74|leche parcialmente desnatada (2,5% m.g.), agua, maltodextrina, aceites vegetales (girasol alto oleico y oliva), sales minerales (fosfato tricálcico, citrato tripotásico, pirofosfato férrico, sulfato de zinc, citrato de magnesio, sulfato de manganeso, yoduro potásico, fosfato dipotásico, carbonato cálcico, fosfato dicálcico y yodato potásico), emulgentes (e-472c y lecitinas (soja)), concentrado de proteína de suero (leche), aceite de pescado azul rico en dha, aromas, estabilizante (fosfato disódico), vitaminas (a, b1, b2, b3, b5, b6, b8, b9, b12, c, d, e y k), cloruro de colina y lactasa.|8411700812213|0|12.00|||||
1099|2026-09-16 13:38:18|38|2026|43812|Puleva growth milk mix cereal and fruit Peques 3 Baby Baby food Milk|0||20321|160|Bebé|Alimentación infantil|Leche|Bajadas de precio|Bajadas de precio|Preparado lácteo con cereales y frutas Peques 3 Puleva||0.6|l|2.98|€/l|1.79|ingredientes: leche parcialmente desnatada (2,9% m.g.), agua, zumo de manzana y plátano reconstituido a partir de concentrado (8%), harinas de cereales hidrolizados (4%) (trigo, maíz, arroz, avena, cebada, centeno, triticale y espelta), sacarosa, maltodextrinas, aceites vegetales (girasol alto oleico y oliva), concentrado de proteína de suero (leche), fructosa, sales minerales (fosfato tricálcico, citrato tripotásico, pirofosfato férrico, sulfato de zinc, citrato de magnesio, sulfato de manganeso, yoduro potásico, fosfato disódico, fosfato dipotásico, carbonato cálcico, fosfato dicálcico y yodato potásico), emulgentes (e-472c y lecitinas (soja)), estabilizantes (celulosa, goma de celulosa y carragenato),  aceite de pescado azul rico en dha, aromas, vitaminas (a, b1, b2, b3, b5, b6, b8, b9, b12, c, d, e y k),  y cloruro de colina.|8411700412321|0|2.00|||||
1100|2026-09-16 13:38:18|38|2026|43812|Max energy and growth milk drink Puleva Eggs, milk & butter Milk & milk alternatives Children's milk|1|España|10726|161|Huevos leche y mantequilla|Leche y bebidas vegetales|Leche Infantil|Bajadas de precio|Bajadas de precio|Bebida láctea crecimiento y desarrollo Puleva Max||6.0|l|1.59|€/l|9.54|leche semidesnatada, agua, aceites vegetales (girasol alto oleico y oliva), sales minerales (citrato tripotásico, fosfato tricálcico, pirofosfato de hierro, sulfato de zinc), aceite de pescado rico en dha, emulgentes (lecitinas (soja)), aromas, vitaminas (a, d, e, b1, b2, b3, b6, b12, b5, b8, b9 y c), antioxidantes (extracto rico en tocoferoles y ascorbil palmitato) y lactasa.|8411700810011|0|10.74|||Baby milk, growing-up milk, ready to drink|19012|
1101|2026-09-16 13:38:18|38|2026|43812|Max energy and growth milk drink Puleva Eggs, milk & butter Milk & milk alternatives Children's milk|1|España|10723|162|Huevos leche y mantequilla|Leche y bebidas vegetales|Leche Infantil|Bajadas de precio|Bajadas de precio|Bebida láctea crecimiento y desarrollo Puleva Max||1.0|l|1.59|€/l|1.59|leche semidesnatada, agua, aceites vegetales (girasol alto oleico y oliva), sales minerales (citrato tripotásico, fosfato tricálcico, pirofosfato de hierro, sulfato de zinc), aceite de pescado rico en dha, emulgentes (lecitinas (soja)), aromas, vitaminas (a, d, e, b1, b2, b3, b6, b12, b5, b8, b9 y c), antioxidantes (extracto rico en tocoferoles y ascorbil palmitato) y lactasa.|8411700010015|0|1.79|||Baby milk, growing-up milk, ready to drink|19012|
1102|2026-09-16 13:38:18|38|2026|43812|Vegetables with hake baby food +6 months Hero Solo Baby Baby food Savoury pots|0|España|9280|163|Bebé|Alimentación infantil|Tarritos salados|Bajadas de precio|Bajadas de precio|Papilla verduritas con merluza Hero Solo +6 meses||0.235|kg|7.66|€/kg|1.80|verduras y legumbres (40%) (zanahoria (14%), tomate (10%), judías verdes (6%), cebolla, guisantes (3%), apio), patata (30%), leche entera (11%), merluza (8,5%), agua de cocción, aceite de oliva virgen extra (2,1%). sin gluten.|8410175052223|0|1.85|||||
1103|2026-09-16 13:38:18|38|2026|43812|Puleva growth milk mix with cereal Peques 3 Baby Baby food Milk|0||9057|164|Bebé|Alimentación infantil|Leche|Bajadas de precio|Bajadas de precio|Preparado lácteo con cereales crecimiento Peques 3 Puleva||6.0|l|1.79|€/l|10.74|leche parcialmente desnatada (2,6 % m.g.), agua, harinas de cereales hidrolizados (4%) (trigo, maíz, arroz, avena, cebada, centeno, triticale y espelta), maltodextrinas, aceites vegetales (girasol alto oleico y oliva), sacarosa, concentrado de proteína de suero (leche),   fructosa, sales minerales (fosfato tricálcico, citrato tripotásico,   pirofosfato férrico, sulfato de zinc, citrato de magnesio, sulfato de   manganeso, yoduro potásico, fosfato disódico, fosfato dipotásico,   carbonato cálcico, fosfato dicálcico y yodato potásico), emulgentes   (e-472c y lecitinas (soja)), aceite de pescado azul rico   en dha, vitaminas (a, b1, b2, b3, b5, b6, b8, b9, b12, c, d, e y k),   estabilizantes (celulosa, goma de celulosa y carragenato) y cloruro de   colina.|8411700912418|0|12.00|||||
1104|2026-09-16 13:38:18|38|2026|43812|Beef with baby carrots baby food +6 months Hero Solo Baby Baby food Savoury pots|0|España|9242|165|Bebé|Alimentación infantil|Tarritos salados|Bajadas de precio|Bajadas de precio|Papilla zanahorias baby con ternera Hero Solo +6 meses||0.235|kg|7.66|€/kg|1.80|verduras (40%) (zanahoria (20%), tomate, apio, cebolla), patata (31%), agua de cocción, carne de ternera (8%), aceite de oliva virgen extra (1,4%).|8410175050229|0|1.85|||||
1105|2026-09-16 13:38:19|38|2026|43812|Natur Turkey with vegetables baby food +6 months Hero Solo Baby Baby food Savoury pots|0|España|9246|167|Bebé|Alimentación infantil|Tarritos salados|Bajadas de precio|Bajadas de precio|Papilla verduritas con delicias de pavo Hero Solo natur +6 meses||0.235|kg|7.66|€/kg|1.80|verduras y legumbres (40%) (tomate, calabaza (10%), zanahoria (9%), cebolla, guisantes (2%)), patata (30%), agua de cocción, carne de pavo (8%), aceite de oliva virgen extra (2,3%).|8410175052421|0|1.85|||||
1106|2026-09-16 13:38:19|38|2026|43812|Sangre de Toro red wine, DO Catalunya Bodegas Torres Beer, wine & spirits Red wine Other red wines|0||66510|168|Bodega|Vino tinto|Otros vinos tintos|Bajadas de precio|Bajadas de precio|Vino tinto Sangre de Toro Bodegas Torres DO Catalunya|13.5|0.75|l|5.33|€/l|4.00|uvas, correctores de la acidez (ácido tartárico[l(+)]), agentes estabilizantes (goma arábiga, manoproteínas de levadura), conservadores (sulfitos), embotellado en atmósfera protectora.|8410113003027|0|4.30|||||
1107|2026-09-16 13:38:19|38|2026|43812|Puleva growth milk mix Peques 3 Baby Baby food Milk|0||9040|169|Bebé|Alimentación infantil|Leche|Bajadas de precio|Bajadas de precio|Preparado lácteo crecimiento Peques 3 Puleva||1.0|l|1.79|€/l|1.79|leche parcialmente desnatada (2,5% m.g.), agua,  maltodextrina, aceites vegetales (girasol alto oleico y oliva), sales minerales (fosfato tricálcico, citrato tripotásico, pirofosfato férrico, sulfato de zinc, citrato de magnesio, sulfato de manganeso, yoduro potásico, fosfato dipotásico, carbonato cálcico, fosfato dicálcico y yodato potásico),  emulgentes (e-472c y lecitinas (soja)), concentrado de proteína de suero (leche), aceite de pescado azul rico en dha, aromas, estabilizante (fosfato disódico),  vitaminas (a, b1, b2, b3, b5, b6, b8, b9, b12, c, d, e y k), cloruro de colina y lactasa.|8411700012217|0|2.00|||||
1108|2026-09-16 13:38:19|38|2026|43812|Puleva growth milk mix with cereal Peques 3 Baby Baby food Milk|0||9034|170|Bebé|Alimentación infantil|Leche|Bajadas de precio|Bajadas de precio|Preparado lácteo con cereales crecimiento Peques 3 Puleva||1.0|l|1.79|€/l|1.79|leche parcialmente desnatada (2,6 % m.g.), agua, harinas de cereales hidrolizados (4%) (trigo, maíz, arroz, avena, cebada, centeno, triticale y espelta), maltodextrinas, aceites vegetales (girasol alto oleico y oliva), sacarosa, concentrado de proteína de suero (leche), fructosa, sales minerales (fosfato tricálcico, citrato tripotásico, pirofosfato férrico, sulfato de zinc, citrato de magnesio, sulfato de manganeso, yoduro potásico, fosfato disódico, fosfato dipotásico, carbonato cálcico, fosfato dicálcico y yodato potásico), emulgentes (e-472c y lecitinas (soja)), aceite de pescado azul rico en dha, vitaminas (a, b1, b2, b3, b5, b6, b8, b9, b12, c, d, e y k), estabilizantes (celulosa, goma de celulosa y carragenato) y cloruro de colina.|8411700012415|0|2.00|||||
1109|2026-09-16 13:38:19|38|2026|43812|Carrots and rice in chicken soup baby food +6 months Hero Solo Baby Baby food Savoury pots|0|España|9259|171|Bebé|Alimentación infantil|Tarritos salados|Bajadas de precio|Bajadas de precio|Papilla zanahorias con arroz en caldito de pollo Hero Solo +6 meses||0.235|kg|7.66|€/kg|1.80|verduras (40%) (zanahoria (35%), cebolla (5%)), caldo de pollo (28%), arroz cocido (24%), carne de pollo (6%), aceite de oliva virgen extra (2%), laurel. sin gluten.|8410175051226|0|1.85|||||
1110|2026-09-16 13:38:19|38|2026|43812|Pork salted meat preparation Meat Meat boxes Meat boxes|0||1423|2|Carne|Arreglos|Arreglos|Han vuelto|Han vuelto|Preparado de cerdo salado||0.5|kg|5.20|€/kg|2.60|hueso blanco salado (hueso de cerdo y sal), tocino ibérico salado (tocino de cerdo ibérico, sal, dextrosa, antioxidante (e-301) y conservador (e-250)),  hueso de jamón curado (jamón de cerdo, sal marina, antioxidante (e-301), corrector de la acidez (e-331iii), conservador (e-252)), tocino con corteza añejo (tocino con corteza y sal) y sal.|2105100014235|0||||||
1111|2026-09-16 13:38:19|38|2026|43812|M cockles in spring water Hacendado Cans, soups & creams Cockles & mussels Cockles & clams|0||18564|3|Conservas caldos y cremas|Berberechos y mejillones|Berberechos y almejas|Han vuelto|Han vuelto|Berberechos al natural M Hacendado||0.111|kg|41.89|€/kg|4.65|berberechos (moluscos), agua y sal. puede contener trazas de pescado y crustáceos.|8410721055647|0||||||
1112|2026-09-16 13:38:19|38|2026|43812|Tangerine Fruits & vegetables Fruits Citrus fruit|0|España|3238|4|Fruta y verdura|Fruta|Cítricos|Han vuelto|Han vuelto|Mandarina||0.117|kg|2.65|€/kg|0.31|tratado con agentes de recubrimiento (e903, e-473) imazalil y fludioxonil.|5607761300018|0||||||
1113|2026-09-16 13:38:20|38|2026|43812|Sweet red apples Fruits & vegetables Fruits Apple  & pear|0||8280|5|Fruta y verdura|Fruta|Manzana y pera|Han vuelto|Han vuelto|Manzanas rojas dulces||1.57|kg|1.80|€/kg|2.83|manzana roja dulce (scilate)|2308280001808|0||||||
1114|2026-09-16 13:38:20|38|2026|43812|XXL sugar-free fruit-flavoured mixed chewing gums tabs Hacendado Sugar, sweets & chocolate Chewing gum & candy Chewing gum|0||65213|6|Azúcar caramelos y chocolate|Chicles y caramelos|Chicles|Han vuelto|Han vuelto|Chicles gragea XXL frutal mix sin azúcar Hacendado||0.1|kg|18.00|€/kg|1.80|edulcorantes: sorbitol e isomalt, goma base (con antioxidante: extracto rico en tocoferoles), edulcorantes: xilitol, jarabe de maltitol y manitol, aromas, humectantes: glicerina y triacetina, espesante: goma arábiga, acidulantes: ácido málico, ácido cítrico y ácido tartárico, edulcorantes: aspartamo y acesulfamo k, agente de recubrimiento: cera de carnauba, colorantes: carotenos y ácido carmínico, extracto vegetal (cártamo) y concentrado de espirulina|8402001035036|0||||||
1115|2026-09-16 13:38:20|38|2026|43812|Acid sweet red apples Fruits & vegetables Fruits Apple  & pear|0|Italia|8268|7|Fruta y verdura|Fruta|Manzana y pera|Han vuelto|Han vuelto|Manzanas rojas acidulces||1.57|kg|2.60|€/kg|4.08|manzanas rojas acidulces|5609014019487|0||||||
1116|2026-09-16 13:38:20|38|2026|43812|Meats for escudella Meat Meat boxes Meat boxes|0||3739|8|Carne|Arreglos|Arreglos|Han vuelto|Han vuelto|Arreglo para escudella||1.0|kg|6.90|€/kg|6.90|ingredientes: pollo, preparado carne vacuno (carne de vacuno 90%, agua, fibra vegetal (guisante), aromas naturales, antioxidantes (e-301 y e-331)), cerdo (manos, papada), preparado de espinazo de cerdo (espinazo de cerdo 98%, agua, antioxidante e-301 y extracto vegetal), hueso salado [hueso de cerdo salado, sal (21%)], hueso de jamón curado [jamón de cerdo, sal, azúcar, antioxidante (e-331, e301) y conservadores (e-252, e-250)], pelota [burger meat: carne de cerdo (61%) y de vacuno (21%), agua, proteína de cerdo, sal, harina de guisante, especias, fibra vegetal, maltodextrina, almidón, antioxidantes (e-300, e-301), aromas, conservador (e-221) (sulfitos) y colorantes (e-150c, e-120)] y butifarra negra [papada, magro y sangre de cerdo, sal, almidón, fibra vegetal, pimienta, conservador (e-262i), antioxidante (e-300), extracto de especias, tripa fina natural de cerdo].|2105100037395|0||||||
1117|2026-09-16 13:38:20|38|2026|43812|Pork spine Meat Meat boxes Meat boxes|0||2689|9|Carne|Arreglos|Arreglos|Han vuelto|Han vuelto|Espinazo de cerdo||0.3|kg|7.00|€/kg|2.10|espinazo de cerdo (98%), agua, antioxidante e-301 y  extracto vegetal.|2105100026894|0||||||
1118|2026-09-16 13:38:20|38|2026|43812|Pork and beef meatball Meat Meat boxes Meat boxes|0|España|35862|10|Carne|Arreglos|Arreglos|Han vuelto|Han vuelto|Pelota de cerdo y vacuno||0.28|kg|11.20|€/kg|3.14|carne de cerdo (52%) y de vacuno (20%), agua, proteína de cerdo, sal, harina de guisante, especias, fibra vegetal, maltodextrina, harina de arroz, almidón,  antioxidantes (e-300, e-301), aromas, conservador (sulfito e-221) y colorantes (e-150c, e-120).|8402001010828|0||||||
1119|2026-09-16 13:38:20|38|2026|43812|Pork fatback Meat Meat boxes Meat boxes|0||35805|11|Carne|Arreglos|Arreglos|Han vuelto|Han vuelto|Tocino de cerdo||0.19|kg|7.80|€/kg|1.48||8402001010422|0||||||
1120|2026-09-16 13:38:21|38|2026|43812|Original wafer bar Tokke Sugar, sweets & chocolate Chocolate Bars|0||12509|12|Azúcar caramelos y chocolate|Chocolate|Chocolatinas|Han vuelto|Han vuelto|Barritas de barquillo Tokke original||0.141|kg|10.64|€/kg|1.50|chocolate con leche[azúcar, manteca de cacao, leche desnatada en polvo, pasta de cacao, grasas vegetales (palma, shea), lactosuero en polvo (leche), grasa de leche, pasta de avellanas, emulgentes: lecitina (soja) y e-476, aroma], azúcar, harina de trigo (gluten), grasa vegetal de palma, arroz inflado [harina de trigo (gluten), harina de arroz, azúcar, sal,emulgente: lecitina], lactosuero en polvo (leche), cacao desgrasado (2,8%), pasta de avellanas, leche desnatada en polvo,emulgentes: lecitina (soja) y e-476, gasificante: bicarbonato de sodio, aromas.|8410109102246|0||||||
1121|2026-09-16 13:38:21|38|2026|43812|Oak-aged red wine DO Ribera del Duero 13 Hectáreas Beer, wine & spirits Red wine Ribera del Duero|0|DO Ribera del Duero|52785|13|Bodega|Vino tinto|Ribera del Duero|Han vuelto|Han vuelto|Vino tinto roble 13 Hectáreas DO Ribera del Duero||0.75|l|6.00|€/l|4.50|uva, correctores de la acidez (ácido tartárico[l(+)]), conservadores y antioxidantes (anhídrido sulfuroso), agentes estabilizantes (goma arábiga, manoproteínas de levadura, poliaspartato de potasio). contiene sulfitos.|8402001015618|0||||||
