id|date_scraped|week_num|year|postal_code|ciqual_text_to_search|found_nutriments|origin|id_product|position|category|subcategory|second_subcategory|title_category_main_page|title_in_page_product|product_name|alcohol_grades|quantity|quantity_units|price|price_units|pvp|ingredients|bar_code|is_new_arrival|previous_pvp|nutriscore|planetscore|ciqual_text|ciqual_id|ewo_ultra_processed_punctuation|main_page_position
1|2026-09-30 11:03:49|40|2026|43812|Pineapple Fruits & vegetables Fruits Tropical fruit|1||3076|1|Fruta y verdura|Fruta|Fruta tropical|Productos del momento|Rápido y saludable|Piña||1.89|kg|2.00|€/kg|3.78|piña|8480000030764|0||||||1|1
2|2026-09-30 11:03:51|40|2026|43812|Seedless white grapes Fruits & vegetables Fruits Banana & grape|1|Marruecos|3313|2|Fruta y verdura|Fruta|Plátano y uva|Productos del momento|Rápido y saludable|Uva blanca sin semillas||0.6|kg|2.75|€/kg|1.65|uva sin semilla|2105400033134|0||||Grape, white, raw|13044|1|1
3|2026-09-30 11:03:49|40|2026|43812|Free range eggs Eggs, milk & butter Eggs Eggs|1|España|15768|3|Huevos leche y mantequilla|Huevos|Huevos|Productos del momento|Rápido y saludable|Huevos de gallinas camperas||12.0|ud|0.28|€/ud|3.35|huevo|8410603125215|0||||||1|1
4|2026-09-30 11:03:49|40|2026|43812|Family Whole fresh chicken breast Meat Poultry Chicken|1|España|3682|4|Carne|Aves y pollo|Pollo|Productos del momento|Rápido y saludable|Pechugas enteras familiar de pollo||1.2|kg|6.20|€/kg|7.44||2105100036824|0||A||Chicken, breast, without skin, raw|36017|1|1
5|2026-09-30 11:03:49|40|2026|43812|Seed mix Hacendado Snacks Nuts, seeds & dried fruit Nuts & seeds|1|Italia|34963|5|Aperitivos|Frutos secos y fruta desecada|Frutos secos|Productos del momento|Rápido y saludable|Mezcla semillas Hacendado||0.2|kg|7.30|€/kg|1.46|semillas de girasol peladas, semillas de sésamo natural, semillas de lino marrón, semillas de calabaza peladas y semillas de chía.|8402001002021|0||A||Mix of nuts and dried fruit, no added salt|15048|1|1
6|2026-09-30 11:03:49|40|2026|43812|Natural Kefir mild flavour Dessert & yoghurt Natural & flavoured yoghurt Natural yoghurt|1|España|20029|6|Postres y yogures|Yogures naturales y sabores|Yogures naturales|Productos del momento|Rápido y saludable|Kéfir natural sabor suave||0.5|kg|2.20|€/kg|1.10|leche pasteurizada de vaca. nata (leche de vaca pasteurizada). leche en polvo desnatada pasteurizada de vaca y fermentos lácticos kéfir (cepas de lactococcus,leuconostoc,lactobacillus y streptococcus).|8436547770137|0||||Milk kefir|19865|2|1
7|2026-09-30 11:03:49|40|2026|43812|Cherry tomatoes Fruits & vegetables Vegetables Tomato|1|España|69990|7|Fruta y verdura|Verdura|Tomate|Productos del momento|Rápido y saludable|Tomates cherry||0.5|kg|4.40|€/kg|2.20|tomates cherry|8412276727222|0||||Tomato, cherry, raw|20172|1|1
8|2026-09-30 11:03:50|40|2026|43812|Shelled natural walnut Hacendado Snacks Nuts, seeds & dried fruit Nuts & seeds|1|Chile|34024|8|Aperitivos|Frutos secos y fruta desecada|Frutos secos|Productos del momento|Rápido y saludable|Nuez natural Hacendado pelada||0.2|kg|12.50|€/kg|2.50|nueces. trazas de cacahuete y otros frutos de cáscara.|8402001001345|0||A||Walnut, kernel, dried|15005|1|1
9|2026-09-30 11:03:50|40|2026|43812|Blueberries Fruits & vegetables Fruits Other fruit|1|España|5507|9|Fruta y verdura|Fruta|Otras frutas|Productos del momento|Rápido y saludable|Arándanos||0.5|kg|13.00|€/kg|6.50|arándano|5608495000052|0||||||1|1
10|2026-09-30 11:03:50|40|2026|43812|Green Kiwis Fruits & vegetables Fruits Tropical fruit|1|España|3832|10|Fruta y verdura|Fruta|Fruta tropical|Productos del momento|Rápido y saludable|Kiwis verdes||1.07|kg|4.55|€/kg|4.87|kiwi|2105400038320|0||||Kiwi fruit, flesh without skin, with seeds, raw|13021|1|1
11|2026-09-30 11:03:50|40|2026|43812|Pasta salad Listo para Comer Fruits & vegetables Lettuce & prepared salad Prepared salad|1|España|13241|11|Fruta y verdura|Lechuga y ensalada preparada|Ensalada preparada|Productos del momento|Rápido y saludable|Ensalada de pasta Listo para Comer||0.366|kg|4.00|€/kg|4.00|pasta espiral 52,90% [sémola de trigo duro (gluten), tomate deshidratado 5%, espinacas deshidratadas 2,5%], huevo cocido de gallina, atún 10,29% (pescado), aceite refinado de girasol y sal. surimi 9,70% [carne de pescado, agua, almidón, clara de huevo, aceite refinado de nabina, sal, aroma (contiene crustaceo), proteína de soja (soja), almidón modificado, azúcar, colorante e160c, (puede contener moluscos), estabilizantes e420, e450, e451, e452]. mozzarella [leche pasteurizada de vaca, sal, fermentos lácticos (leche), corrector de acidez ácido cítrico, cuajo], cebolla blanca, aceite refinado de girasol, conservantes e262, e326. aliño: aceite de oliva virgen extra, vinagre (sulfito) y sal. puede contener trazas de frutos de cascara , mostaza y apio.|8402001033261|0||B||Pasta salad, with surimi, with sauce, prepacked|26276|1|1
12|2026-09-30 11:03:50|40|2026|43812|Seafood salad Listo para Comer Pizza & ready meals Ready to eat Cold meals|1|España|13242|12|Pizzas y platos preparados|Listo para Comer|Platos fríos|Productos del momento|Rápido y saludable|Ensalada de marisco Listo para Comer||0.3|kg|5.50|€/kg|5.50|pasta ((sémola de trigo duro (gluten), tomate, espinacas), aceite refinado de girasol), potón (15%) (potón (moluscos), sal, estabilizante (e450) y correctores de acidez (e501, e330 y e331)), cebolla roja encurtida (cebolla, azúcar, vinagre de alcohol, vinagre de arroz y sal), zanahoria encurtida (zanahoria, agua, vinagre, azúcar, sal y acidulante (e330)), gambón (8%) (gambón (crustáceos), agua, sal, antioxidantes (e331 y e223 (sulfitos)) y acidulante (e330)), langostino cocido (8%) (langostino (crustáceos), sal y azúcar), vinagreta (aceite refinado de girasol, vinagre de vino tinto (antioxidante (e220 (sulfitos))) y sal) y aceituna negra (aceituna, agua y sal y gluconato ferroso (e579)), aroma natural, vinagre, conservadores (e267,e326 y e262). puede contener trazas de pescado, huevo, soja, mostaza, leche y sus derivados, sésamo, frutos de cáscara, cacahuete y apio.|8402001023262|0||C||Fish stock, ready to eat, prepacked|11303|4|1
13|2026-09-30 11:03:50|40|2026|43812|Salmon with vegetables Listo para Comer Pizza & ready meals Ready to eat Hot meals|1|España|13243|13|Pizzas y platos preparados|Listo para Comer|Platos calientes|Productos del momento|Rápido y saludable|Salmón con verduras Listo para Comer||0.4|kg|5.75|€/kg|5.75|salmón marinado (salmón 30% (pescado) (agua, sal), miel, salsa romescu (aceite refinado de girasol, tomate, agua, almendra (frutos de cáscara), vinagre de vino (sulfitos), aceite de oliva, ajo, azúcar, pimentón dulce, pimienta negra, sal y conservador (e202)), mostaza (agua, semillas de mostaza, vinagre de alcohol y sal), zumo de mandarina, zumo de limón (antioxidante (e224 (sulfitos)), conservador (e267), ajo, sal y aroma natural)), arroz aliñado (arroz, aceite refinado de girasol, mix ajo asado (aroma natural, sal, ajo y pimienta negra)), verduras asadas (20%) (calabacín, patata, pimiento rojo y boniato), salsa romescu (aceite refinado de girasol, tomate, agua, almendra (frutos de cáscara), vinagre de vino (sulfitos), aceite de oliva, ajo, azúcar, pimentón dulce, pimienta negra, sal y conservador (e202)). puede contener espinas. puede contener trazas de moluscos, crustáceos, soja, huevo, gluten, leche y sus derivados, sésamo, cacahuete y apio.|8402001023255|0||A||Fish stock, ready to eat, prepacked|11303|4|1
14|2026-09-30 11:03:51|40|2026|43812|Beef carpaccio Meat Beef Beef|1|España|2632|14|Carne|Vacuno|Vacuno|Productos del momento|Rápido y saludable|Carpaccio de vacuno||0.11|kg|37.27|€/kg|4.10|producto cárnico marinado. ingredientes: carne de vacuno (92%), agua (4%), sal, dextrosa, antioxidantes (e-301, e-331), estabilizante (e-407)  y conservadores (e-250, e-252, e-325 y e-262(i)). queso parmigiano reggiano. ingredientes: leche, sal y cuajo.|8422930950071|0||D||Beef, steak or beef steak, raw|6201|4|1
15|2026-09-30 11:03:51|40|2026|43812|Marinated beef steak tartare Meat Beef Beef|1|España|8308|15|Carne|Vacuno|Vacuno|Productos del momento|Rápido y saludable|Steak Tartar de vacuno marinado||0.2|kg|27.00|€/kg|5.40|producto cárnico de vacuno marinado con salsa. ingredientes: 70% producto cárnico (carne de vacuno (92%), agua (4%), sal, dextrosa, antioxidantes (e-301, e-331), estabilizante (e-407) y conservadores (e-250, e-252, e-325 y e-262(i))) y 30% salsa (agua, aceite refinado de girasol, pepinillos agridulces (pepinillos, agua, vinagre de alcohol, azúcar y sal), dextrosa, mezcla de especias (contiene mostaza), salsa worcester (agua, vinagre de alcohol, azúcar, sal, concentrado de tamarindo, azúcar caramelizado, cebolla, ajo, especias y zumo concentrado de limón), cebolla, vinagre de vino blanco, sal, almidón modificado de maíz, yema de huevo en polvo, estabilizante (e-415), tomate, conservador (e-200), acidulante (e-330), colorante (e-150d), aroma natural y antioxidante (e-385)). contiene alérgenos: mostaza y huevo. sin gluten.|8436569263198|0||D||Beef, steak or beef steak, raw|6201|4|1
16|2026-09-30 11:03:51|40|2026|43812|Poke salmon Pizza & ready meals Ready to eat Cold meals|1|España|13237|16|Pizzas y platos preparados|Listo para Comer|Platos fríos|Productos del momento|Rápido y saludable|Poke salmón||0.4|kg|5.50|€/kg|5.50|arroz de sushi, salmón, semillas, pepino, mango, cebolla encurtida, alga wakame y salsa ponzu.arroz cocido [arroz, aderezo de vinagre (azúcar, vinagre de alcohol, agua, vinagre de arroz, sal), aceite refinado de maíz, zumo de limón (zumo de limón pasteurizado, antioxidante e-224 (sulfitos)) y emulgente e-322 (soja)], salmón 10% (salmo salar) (pescado), mango [mango, agua, antioxidantes (e-302, e-300), acidulante e-330], pepino, ensalada wakame [algas abeto marino (undaria pinnatifida), condimentos (jarabe de maíz de alto contenido en fructosa, agua, aceite de sésamo de presión, azúcar, vinagre de arroz, sal, humectante e-420, colorantes e-133 y e-102*), seta negra (auricularia polytricha), agar agar (gelidium amansii), granos de sésamo, chile rojo], cebolla [cebolla roja, aderezo de vinagre (azúcar, vinagre de alcohol, agua, vinagre de arroz, sal)] y mezcla de semillas [girasol, sésamo, lino marrón, calabaza y amapola]. puede contener crustáceos, huevo, cacahuete, leche, frutos de cáscara, apio, mostaza y moluscos. salsa ponzu: salsa de soja [agua, soja, sal, alcohol, jarabe de maíz de alta fructosa, azúcar, potenciador del sabor (e-635)], aderezo de vinagre [azúcar, vinagre de alcohol, agua, vinagre de arroz, sal], zumo de limón [zumo de limón pasteurizado y antioxidante e-224 (sulfitos)], zumo de mandarina y conservador e-202. sin gluten|8402001001888|0||C||Fish stock, ready to eat, prepacked|11303|4|1
17|2026-09-30 11:03:51|40|2026|43812|Portuguese-style salad Hacendado Pizza & ready meals Cold ready meals Salad|1|España|24534|17|Pizzas y platos preparados|Platos preparados fríos|Ensaladilla|Productos del momento|Rápido y saludable|Ensaladilla al estilo Portuguesa Hacendado||0.25|kg|6.80|€/kg|1.70|alubias cocidas 59.5%, huevo cocido 9.5%, atún 9% (atún (pescado), aceite refinado de girasol, sal), clara de huevo cocida 7.5%, cebolla 5%, aceite de oliva virgen extra 3%, aceite refinado de girasol 3%, vinagre de vino blanco 1.5%, perejil, sal, aroma natural. puede contener trazas de crustáceos.|8435605401839|0||C||Potato salad, piémontaise-style, prepacked|25609|1|1
18|2026-09-30 11:03:56|40|2026|43812|Italian-style pasta salad Hacendado Pizza & ready meals Cold ready meals Salad|1|España|24083|18|Pizzas y platos preparados|Platos preparados fríos|Ensaladilla|Productos del momento|Rápido y saludable|Ensalada de pasta al estilo Italiana Hacendado||0.2|kg|10.00|€/kg|2.00|ingredientes: pasta de  sémola de trigo duro cocida (60%) (agua, sémola de trigo duro, vinagre de vino blanco), salsa pesto con albahaca y anacardos (20%) (pasta de albahaca (8,4%) (albahaca, aceite refinado de girasol,  sal marina, antioxidante: e-300), aceite refinado de girasol, anacardos (2,4%), queso (2%) (leche, sal, coagulante de  leche microbiano, fermentos lácticos (leche)), mantequilla  (nata, cultivos de ácido  láctico, concentrado de ácido láctico), aceite de oliva virgen extra, leche desnatada en polvo, acidulante: e-270, antioxidante:  e-300, ajo), pollo marinado frito (10%)  (solomillo de pollo, sal, agua, almidón de tapioca, xilosa y aceite de soja  refinado), queso madurado en salmuera (6%) (queso (leche pasteurizada de vaca, sal, fermentos  lácticos, coagulante de leche microbiano), salmuera (agua, sal, acidulante:  e-270, endurecedor: e-509)), tomate semiseco (4%). puede contener trazas  de soja, huevo, crustáceos, sulfitos, granos de  sésamo, mostaza y pescado.|8402001054921|0||C||Pasta salad, with chicken and raw vegetables, with sauce, prepacked|26282|4|1
19|2026-09-30 11:03:51|40|2026|43812|Roasted vegetables Hacendado Cans, soups & creams Vegetable & fruit tins Vegetable tins|1|España|22411|19|Conservas caldos y cremas|Conservas de verdura y frutas|Conservas verdura|Productos del momento|Rápido y saludable|Verduras asadas Hacendado||0.29|kg|10.00|€/kg|2.90|pimiento (34%), cebolla (31%), berenjena (30%), aceite refinado de girasol, aceite de oliva virgen y sal.|8480000224118|0||A||Vegetable, cooked (average)|20499|4|1
20|2026-09-30 11:03:52|40|2026|43812|Pasta salad Fruits & vegetables Lettuce & prepared salad Prepared salad|1|España|69461|20|Fruta y verdura|Lechuga y ensalada preparada|Ensalada preparada|Productos del momento|Rápido y saludable|Ensalada de pasta||0.25|kg|10.40|€/kg|2.60|espirales de pasta de trigo simple cocida 34% (sémola de trigo duro), salsa de yogur 22% (aceite de girasol, agua, azúcar, nata en polvo, yema de huevo, vinagre, yogur en polvo 1,5%, sal, eneldo, jugo de limón concentrado, almidón modificado de maíz, aromas naturales (leche), acidulante (e270), conservador (e202), estabilizante (e415) y antioxidante (e385)), tomate 20%, fiambre de jamón de pavo cocido sabor ahumado 14% (jamón de pavo 46%, agua, fécula, sal, fibra alimentaria, estabilizantes (e451i, e407, e415 y e410), azúcar, aromas, antioxidante (e316), extracto de levadura, conservador (e250) y aroma de humo) y mezcla de brotes de lechuga en proporción variable 10% (brotes de lechuga roja y brotes de lechuga verde). trazas de soja.|8437013139748|0||C||Pasta salad, with chicken and raw vegetables, with sauce, prepacked|26282|1|1
21|2026-09-30 11:03:52|40|2026|43812|Goats cheese salad Fruits & vegetables Lettuce & prepared salad Prepared salad|1|España|69474|21|Fruta y verdura|Lechuga y ensalada preparada|Ensalada preparada|Productos del momento|Rápido y saludable|Ensalada queso de cabra||0.153|kg|18.30|€/kg|2.80|mezcla de hortalizas en proporción variable 31% (mezcla de brotes(lechuga batavia verde, lechuga batavia roja y lechuga lollo rosso), brotes de espinaca y rúcula), vinagreta balsámica 24% (agua, vinagre balsámico de módena (vinagre de vino, mosto de uva concentrado, mosto de uva cocido, colorante (e150d)y conservador (metabisulfito potásico)), azúcar, aceite de oliva, sal, colorante (e150d), estabilizante (e414), correctores de la acidez (e262 y e500) y conservador (e202)), manzana roja* 18% (manzana roja y antioxidante (ascorbato de calcio)), queso de cabra fresco* 15% (leche de cabra pasteurizada, cuajo, sal, antiaglomerante (e460ii)), fibra cítrica y conservador (e202)), nueces* 6% y uvas pasas* 5% (uvas pasas y aceite de algodón). trazas de cacahuetes, frutos de cáscara, sésamo, soja, pescado, sulfitos y gluten.|8480000694744|0||C||||1|1
22|2026-09-30 11:03:52|40|2026|43812|California salad Fruits & vegetables Lettuce & prepared salad Prepared salad|1|España|69714|22|Fruta y verdura|Lechuga y ensalada preparada|Ensalada preparada|Productos del momento|Rápido y saludable|Ensalada California||0.192|kg|13.54|€/kg|2.60|hortalizas en proporción variable 34% (escarola rizada, canónigos y achicoria), salsa de miel y mostaza 31% (agua, aceite vegetal de girasol, mostaza 8% (agua, vinagre de alcohol, mostaza, jarabe de glucosa y fructosa, sal, estabilizantes (e412,e410 y e407) y especias), miel 7%, vinagre de alcohol, azúcar, sal, estabilizantes (e415, e412), almidón modificado de maíz, colorante (e150d) y conservadores (e211 y e202)), bacon sabor ahumado 8% (magro de panceta de cerdo, sal, conservadores (e326, e262, e250), azúcar, estabilizantes (e451i, e407), concentrado de manzana-hibisco-melaza, aroma de humo, aromas y antioxidante (e316)), cebolla frita 7,5% (cebolla, aceite vegetal de palma, harina de trigo y sal), nueces 7%, pasas 6% (pasas y aceite de algodón), picatostes 5% (harina de trigo, aceite vegetal de girasol, dextrosa, gluten de trigo, levadura, sal, suero de leche, extracto de malta de cebada, antioxidante (e300)). trazas de cacahuete, soja , sésamo y sulfitos.|8437004621771|0||C||Mixed diced vegetables salad, with sauce, prepacked|25626|1|1
23|2026-09-30 11:03:52|40|2026|43812|Caesar salad consisting of fresh vegetables, chicken, cheese, croutons and sauces, includes fork Fruits & vegetables Lettuce & prepared salad Prepared salad|1|España|69849|23|Fruta y verdura|Lechuga y ensalada preparada|Ensalada preparada|Productos del momento|Rápido y saludable|Ensalada César||0.21|kg|12.38|€/kg|2.60|mezcla de hortalizas 36% (lechuga hoja de roble verde, lechuga iceberg), salsa césar 26% (agua, aceite vegetal de girasol, vinagre de alcohol, azúcar, queso, sal, acidulante (e270), pasta de anchoa (anchoa y sal), yema de huevo, estabilizantes (e412 y e415) y especias (cebolla, ajo, perejil y pimienta), conservadores (e211 y e202) y antioxidante (e385)), pechuga de pollo cocida 24% (pechuga de pollo 96%, extractos de fermentación, sal, dextrosa, aroma, estabilizante (e451i) y fibra), queso curado granulado 9% (leche pasteurizada, sal, cuajo y fécula de patata), picatostes 5% (harina de trigo, agua, sal, antioxidante (e300) y levadura).|8480000698490|0||C||Caesar's salad (salad, chicken, croutons, sauce), prepacked|25628|1|1
24|2026-09-30 11:03:52|40|2026|43812|Ensatun salad Fruits & vegetables Lettuce & prepared salad Prepared salad|1|España|69872|24|Fruta y verdura|Lechuga y ensalada preparada|Ensalada preparada|Productos del momento|Rápido y saludable|Ensalada ensatún||0.25|kg|10.40|€/kg|2.60|mezcla de hortalizas en proporcion variable 42% ( tomate cherry, lechuga hoja de roble verde, zanahoria y lechuga iceberg), atún en aceite vegetal (atun, aceite de girasol y sal), maíz dulce en grano 12% (maíz dulce, azúcar y sal), queso de leche de vaca blanco pasteurizado 8% (leche pasteurizada, sal, cuajo y acidulante (e330)), aceitunas verdes deshuesadas 8% (aceitunas, agua, sal, acidulantes (e 270 y 330) y antioxidante (e300)), aceite de oliva virgen extras 6%, vinagre de vino 4% (vinagre de vino y conservador aníhidrido sulfuroso) y sal 0,4% (sal iodada y antiaglomerante (e535). trazas de gluten y frutos de cáscara.|8437013139441|0||B||Tuna salad, with vegetables, canned|25601|1|1
25|2026-09-30 11:03:52|40|2026|43812|Garden soup Hacendado Cans, soups & creams Soups & stock Soup|1|Italia|19882|25|Conservas caldos y cremas|Sopa y caldo|Sopa|Productos del momento|Rápido y saludable|Sopa hortelana Hacendado||0.35|kg|4.86|€/kg|1.70|agua, verduras 16% (hortalizas en proporción variable: patatas, cebollas, puerros), zanahorias 8%, judías verdes 4%, lentejas rojas y verdes 3%, guisantes 3%, cereales 3% (cebada perlada (gluten) y espelta perlada (gluten)), legumbres 2% (judías azuki verdes, judías blancas), aceite de oliva virgen extra, sal, doble concentrado de tomate, plantas aromáticas, pimienta negra. puede contener trazas de otros cereales que contienen gluten, frutos de cáscara, leche, apio, soja y huevo.|8402001042669|0||C||Soup (average)|25969|4|1
26|2026-09-30 11:03:52|40|2026|43812|Cream of lentils Hacendado Cans, soups & creams Gazpacho & creams Creams & puree|1|Italia|11628|26|Conservas caldos y cremas|Gazpacho y cremas|Cremas y puré|Productos del momento|Rápido y saludable|Crema de lentejas Hacendado||0.35|kg|4.86|€/kg|1.70|agua, lentejas 13%, calabaza, zanahoria 4%, cebolla 4%, grelos, aceites de oliva virgen extra, guisantes, pasta de tomate doble, sal, hierbas, especias. puede contener trazas de cereales con gluten, frutos de cáscara, leche, apio, soja y huevo.|8402001030840|0||A||Lentils seeds, sprouted, fresh, raw|20521|4|1
27|2026-09-30 11:03:52|40|2026|43812|Cream of zucchini Hacendado Cans, soups & creams Gazpacho & creams Creams & puree|1|Italia|35870|27|Conservas caldos y cremas|Gazpacho y cremas|Cremas y puré|Productos del momento|Rápido y saludable|Crema de calabacín Hacendado||0.35|kg|4.86|€/kg|1.70|calabacín 40%, agua, cebolla, zanahoria, apio nabo 5%, aceite de oliva virgen extra, sal. puede contener trazas de cereales con gluten, frutos de cáscara, leche, soja y huevo. sin conservantes ni colorantes.|8402001012310|0||B||Courgette or zucchini, puree|20264|4|1
28|2026-09-30 11:03:52|40|2026|43812|Cream of vegetables Hacendado Cans, soups & creams Gazpacho & creams Creams & puree|1|Italia|8722|28|Conservas caldos y cremas|Gazpacho y cremas|Cremas y puré|Productos del momento|Rápido y saludable|Crema de verduras Hacendado||0.35|kg|4.86|€/kg|1.70|verduras 48% (verduras en proporción variable: patata, zanahoria, calabacín, calabaza, acelga, puerro, judía verde, berza), agua, guisante, aceite de oliva virgen extra, sal.|8480000087225|0||B||||1|1
29|2026-09-30 11:03:52|40|2026|43812|Cream of asparagus Hacendado Cans, soups & creams Gazpacho & creams Creams & puree|1|Italia|86587|29|Conservas caldos y cremas|Gazpacho y cremas|Cremas y puré|Productos del momento|Rápido y saludable|Crema de espárragos Hacendado||0.35|kg|4.86|€/kg|1.70|agua, patata, espárragos 23%, bebida de soja (agua, semillas de soja libres de ogm, sal), aceite de oliva, puerro, sal, aromas. puede contener trazas de gluten, frutos de cáscara, leche, apio y huevo.|8480000865878|0||C||||4|1
30|2026-09-30 11:03:53|40|2026|43812|Cream of pumpkin and carrot Hacendado Cans, soups & creams Gazpacho & creams Creams & puree|1|Italia|23225|30|Conservas caldos y cremas|Gazpacho y cremas|Cremas y puré|Productos del momento|Rápido y saludable|Crema de calabaza y zanahoria Hacendado||0.35|kg|4.86|€/kg|1.70|agua, calabaza 24%, zanahoria 17%, patata, puerro, jugo de soja (agua, semilla de soja libre de ogm, sal), aceite de oliva, sal, especias, aroma natural.|8480000232250|0||B||Carrots, , seasoned puree with cream, prepacked|20298|1|1
31|2026-09-30 11:03:53|40|2026|43812|Natural Burgos cheese Hacendado Deli & cheese Spreadable cheese, fresh cheese and specialties Fresh cheese|1|España|52408|31|Charcutería y quesos|Queso untable fresco y especialidades|Queso fresco|Productos del momento|Rápido y saludable|Queso fresco Burgos natural Hacendado||0.25|kg|4.60|€/kg|1.15|leche pasteurizada (origen: españa), sal y cuajo (microbiano). sin gluten.|8480000524089|0||C||Drained soft fresh cheese, around 6% fat|19641|3|1
32|2026-09-30 11:03:53|40|2026|43812|Fresh cow cheese Hacendado Deli & cheese Spreadable cheese, fresh cheese and specialties Fresh cheese|1|España|51191|32|Charcutería y quesos|Queso untable fresco y especialidades|Queso fresco|Productos del momento|Rápido y saludable|Queso fresco de vaca Hacendado||0.25|kg|6.40|€/kg|1.60|leche de vaca pasteurizada, sal y cuajo microbiano.origen de la leche: españa|8480000511911|0||C||Drained soft fresh cheese, around 6% fat|19641|4|1
33|2026-09-30 11:03:53|40|2026|43812|Light cow fresh cheese Hacendado Deli & cheese Spreadable cheese, fresh cheese and specialties Fresh cheese|1|España|51192|33|Charcutería y quesos|Queso untable fresco y especialidades|Queso fresco|Productos del momento|Rápido y saludable|Queso fresco light de vaca Hacendado||0.25|kg|8.80|€/kg|2.20|leche de vaca pasteurizada semidesnatada, sal y cuajo microbiano.origen de la leche: españa|8480000511928|0||C||Drained soft fresh cheese, around 6% fat|19641|4|1
34|2026-09-30 11:03:53|40|2026|43812|Fresh goat cheese Hacendado Deli & cheese Spreadable cheese, fresh cheese and specialties Fresh cheese|1|España|51194|34|Charcutería y quesos|Queso untable fresco y especialidades|Queso fresco|Productos del momento|Rápido y saludable|Queso fresco de cabra Hacendado||0.25|kg|11.80|€/kg|2.95|leche de cabra pasteurizada, sal y cuajo microbiano.origen de la leche: españa|8480000511942|0||D||Cheese, fresh, from goat's milk,|12805|3|1
35|2026-09-30 11:03:53|40|2026|43812|Smoked salmon cubes Hacendado Seafood & fish Salted & smoked fish Smoked|1|España|22612|35|Marisco y pescado|Salazones y ahumados|Ahumados|Productos del momento|Rápido y saludable|Taquitos de salmón ahumado Hacendado||0.1|kg|38.00|€/kg|3.80|salmón (pescado) (salmo salar) (97%), sal, aroma natural y conservador: vinagre tamponado.|8480000226129|0||D||Salmon, smoked, farmed|26696|2|1
36|2026-09-30 11:03:54|40|2026|43812|Salmon steaks Seafood & fish Fresh fish Salmon|1|Noruega|87205|36|Marisco y pescado|Pescado fresco|Salmón|Productos del momento|Rápido y saludable|Rodaja de salmón||0.35|kg|19.50|€/kg|6.82|salmón (salmo salar). puede contener crustáceos y moluscos.|8402001049200|0||||Salmon, wild, raw|26161|1|1
37|2026-09-30 11:03:54|40|2026|43812|Yellowfin tuna slices, defrosted Seafood & fish Fresh fish Other|1|Océano Pacífico Centro-Oriental|87197|37|Marisco y pescado|Pescado fresco|Otros|Productos del momento|Rápido y saludable|Rodajas de atún de aleta amarilla descongelada||0.235|kg|22.25|€/kg|5.23|atún de aleta amarilla (95%, pescado), agua, sal, antioxidantes e331 y e301, aroma natural.|8435274119967|0||||Yellowfin tuna, raw|26064|2|1
38|2026-09-30 11:03:54|40|2026|43812|Blackbelly rosefish fillets, defrosted Seafood & fish Fresh fish Other|1|España|87350|38|Marisco y pescado|Pescado fresco|Otros|Productos del momento|Rápido y saludable|Filetes de Gallineta descongelada||0.38|kg|16.00|€/kg|6.08|gallineta (sebastes spp) (pescado), agua añadida (10%), sal, corrector de acidez (e-331) y antioxidantes (e-330, e-301, e-316). puede contener trazas de moluscos y/o crustáceos.|8402001024597|0||||Lump fish, raw|26168|2|1
39|2026-09-30 11:03:54|40|2026|43812|Sea bream fillets Seafood & fish Fresh fish Sea bream|1||87302|39|Marisco y pescado|Pescado fresco|Dorada|Productos del momento|Rápido y saludable|Filetes de dorada||0.2|kg|22.50|€/kg|4.50|dorada (pescado) (sparus aurata). puede contener trazas de crustáceos y moluscos.|8402001030055|0||||Freshwater bream, raw|26170|1|1
40|2026-09-30 11:03:54|40|2026|43812|Sea bass fillets Seafood & fish Fresh fish Sea bass|1||87313|40|Marisco y pescado|Pescado fresco|Lubina|Productos del momento|Rápido y saludable|Filete de lubina||0.2|kg|22.50|€/kg|4.50|lubina (pescado) (dicentrarchus labrax). puede contener trazas de crustáceos y moluscos.|8402001030062|0||||European bass, raw|26072|1|1
41|2026-09-30 11:03:54|40|2026|43812|Cooked octopus tentacles Seafood & fish Fresh fish Cuttlefish, octopus and squid|1||87775|41|Marisco y pescado|Pescado fresco|Sepia, pulpo y calamar|Productos del momento|Rápido y saludable|Patas de pulpo cocido||0.25|kg|42.00|€/kg|10.50|pulpo (moluscos) (octopus vulgaris) y sal. puede contener pescado y/o crustáceos.|8480000877758|0||||Octopus, common, cooked|10079|1|1
42|2026-09-30 11:03:54|40|2026|43812|Frozen raw shrimp tails Hacendado Frozen food Seafood Seafood|1|España|24102|42|Congelados|Marisco|Marisco|Productos del momento|Rápido y saludable|Colas de gambón crudo Hacendado congelado||0.25|kg|24.60|€/kg|6.15|gambón (pleoticus muelleri) (crustáceos), agua, sal y antioxidante: metabisulfito de sodio (sulfitos). puede contener moluscos y/o pescado.|8402001033032|0||A||Shrimp or prawn, frozen, raw|10038|4|1
43|2026-09-30 11:03:55|40|2026|43812|Deep Frozen king prawn cooked and peeled Hacendado Frozen food Seafood Seafood|1||24477|43|Congelados|Marisco|Marisco|Productos del momento|Rápido y saludable|Langostino cocido y pelado Hacendado ultracongelado||None|kg|22.73|€/kg|5.00|langostino vannamei (penaeus vannamei) (crustáceo), sal, antioxidantes (e 223 (sulfitos), e 330). puede contener: moluscos y/o pescado.|8480000244772|0||A||Seafood, cooked, frozen|10080|4|1
44|2026-09-30 11:03:55|40|2026|43812|Frozen yellowfin tuna slices Hacendado Frozen food Fish Fish|1|España|24357|44|Congelados|Pescado|Pescado|Productos del momento|Rápido y saludable|Rodajas de atún de aleta amarilla Hacendado congelado||0.25|kg|17.50|€/kg|4.38|atún de aleta amarilla, (95%,  pescado), agua, sal, antioxidantes e331 y e301, corrector de acidez e500, aroma  natural|8435274110728|0||||Yellowfin tuna, raw|26064|2|1
45|2026-09-30 11:03:55|40|2026|43812|Salmon fillets without skin frozen Hacendado Frozen food Fish Fish|1|España|24511|45|Congelados|Pescado|Pescado|Productos del momento|Rápido y saludable|Lomos de salmón sin piel Hacendado congelado||0.25|kg|23.80|€/kg|5.95|2 piezas de lomo de salmón sin piel (salmo salar) (pescado) de cría de noruega.|8480000245113|0||||Fish, cooked (average)|26140|1|1
46|2026-09-30 11:03:55|40|2026|43812|Lightly salted deep-frozen cod fillets MareDeus Frozen food Fish Fish|1|Noruega/Rusia|24016|46|Congelados|Pescado|Pescado|Productos del momento|Rápido y saludable|Filetes de bacalao MareDeus ultracongelado||None|kg|19.73|€/kg|7.40|bacalao (gadus morhua) 90%, agua 8% y sal 2%.|8436542052023|0||||Cod, salted, dried|26098|3|1
47|2026-09-30 11:03:55|40|2026|43812|Diced turkey Meat Poultry Turkey & other fowl|1|España|12874|47|Carne|Aves y pollo|Pavo y otras aves|Productos del momento|Rápido y saludable|Tacos de pavo||0.57|kg|7.60|€/kg|4.33||8436039782945|0||A||Turkey, leg, meat, raw|36307|1|1
48|2026-09-30 11:03:55|40|2026|43812|Extra-tender marinated turkey breast fillets Meat Poultry Turkey & other fowl|1|España|14031|48|Carne|Aves y pollo|Pavo y otras aves|Productos del momento|Rápido y saludable|Filetes pechuga de pavo marinados extra tiernos||0.6|kg|9.00|€/kg|5.40|pechuga de pavo (93%), agua, sal, dextrosa de maíz, aromas, maltodextrina de maíz, estabilizantes (e-451 y e-407), antioxidantes (e-331 y e-300) y conservadores (e-326, e-261 y e-250)|8436039788039|0||A||Turkey, meat, raw|36301|4|1
49|2026-09-30 11:03:55|40|2026|43812|Boneless and skinless chicken legs Meat Poultry Chicken|1|España|2789|49|Carne|Aves y pollo|Pollo|Productos del momento|Rápido y saludable|Contramuslos de pollo deshuesados y sin piel||0.55|kg|6.80|€/kg|3.74||2105100027891|0||A||Chicken high leg, meat, raw|36019|1|1
50|2026-09-30 11:03:56|40|2026|43812|Washed 3 vegetable mix for microwave Fruits & vegetables Vegetables Steamed vegetables|1|España|69737|50|Fruta y verdura|Verdura|Verduras al vapor|Productos del momento|Rápido y saludable|3 Vegetales para microondas lavados||0.3|kg|6.50|€/kg|1.95|brócoli, coliflor y zanahoria|8436006183454|0||||Mixed vegetables, frozen, raw|20101|1|1
51|2026-09-30 11:03:56|40|2026|43812|Washed broccoli florets for microwave Fruits & vegetables Vegetables Steamed vegetables|1|España|69622|51|Fruta y verdura|Verdura|Verduras al vapor|Productos del momento|Rápido y saludable|Floretas de brócoli para microondas lavadas||0.23|kg|7.39|€/kg|1.70|brócoli|8437004621900|0||||Broccoli, steamed|20304|1|1
52|2026-09-30 11:03:56|40|2026|43812|Potatoes for microwaving Fruits & vegetables Vegetables Steamed vegetables|1|Francia|69484|52|Fruta y verdura|Verdura|Verduras al vapor|Productos del momento|Rápido y saludable|Patatas para microondas||0.4|kg|3.75|€/kg|1.50|patatas para microondas|8424717004007|0||||Potato, new, raw|4023|1|1
53|2026-09-30 11:03:56|40|2026|43812|Sweet potatoes for microwave Fruits & vegetables Vegetables Steamed vegetables|1|EEUU|69465|53|Fruta y verdura|Verdura|Verduras al vapor|Productos del momento|Rápido y saludable|Batatas para microondas||0.4|kg|6.25|€/kg|2.50|batatas para microondas|8424717004014|0||||Sweet potato, raw|4101|1|1
54|2026-09-30 11:03:56|40|2026|43812|Portobello mushrooms Fruits & vegetables Vegetables Mushrooms|1|España|69664|54|Fruta y verdura|Verdura|Setas y champiñones|Productos del momento|Rápido y saludable|Champiñones Portobello||0.3|kg|7.35|€/kg|2.20|champiñón portobello pie cortado|8402001057519|0||||Button mushroom or cultivated mushroom, raw|20056|1|1
55|2026-09-30 11:03:56|40|2026|43812|Mushrooms Fruits & vegetables Vegetables Mushrooms|1|España|69653|55|Fruta y verdura|Verdura|Setas y champiñones|Productos del momento|Rápido y saludable|Setas||0.25|kg|8.35|€/kg|2.09|seta|2105400696537|0||||||1|1
56|2026-09-30 11:03:56|40|2026|43812|Intense mixed mushrooms Fruits & vegetables Vegetables Mushrooms|1|España|69657|56|Fruta y verdura|Verdura|Setas y champiñones|Productos del momento|Rápido y saludable|Mix de setas intenso||0.235|kg|16.00|€/kg|3.76|h.marmoreus, l.edodes, a.bisporus y p. eryngii|8402001051555|0||||Mixed vegetables, frozen, raw|20101|1|1
57|2026-09-30 11:03:57|40|2026|43812|Thick green asparagus Fruits & vegetables Vegetables Other vegetables & greens|1|España, Perú y México|69643|57|Fruta y verdura|Verdura|Otras verduras y hortalizas|Productos del momento|Rápido y saludable|Espárragos verdes gruesos||0.3|kg|13.67|€/kg|4.10|espárragos|8410405000352|0||||Asparagus, green, raw|20279|1|1
58|2026-09-30 11:03:57|40|2026|43812|Cooked potatoes Hacendado Cans, soups & creams Vegetable & fruit tins Vegetable tins|1|España|15534|58|Conservas caldos y cremas|Conservas de verdura y frutas|Conservas verdura|Productos del momento|Rápido y saludable|Patatas cocidas Hacendado||0.66|kg|2.88|€/kg|1.90|patatas, agua, sal y antioxidante; ácido ascórbico|8402001014253|0||C||Vegetable, cooked (average)|20499|3|1
59|2026-09-30 11:03:57|40|2026|43812|Vegetable medley Hacendado Cans, soups & creams Vegetable & fruit tins Vegetable tins|1|España|16737|59|Conservas caldos y cremas|Conservas de verdura y frutas|Conservas verdura|Productos del momento|Rápido y saludable|Macedonia de verduras Hacendado||0.535|kg|1.68|€/kg|0.90|zanahoria, patata, guisante, judía verde, agua y sal.|8480000167378|0||C||Vegetable, cooked (average)|20499|2|1
60|2026-09-30 11:03:57|40|2026|43812|Whole very thick white asparagus Hacendado Cans, soups & creams Vegetable & fruit tins Vegetable tins|1|Producto originario de China o Perú|16561|60|Conservas caldos y cremas|Conservas de verdura y frutas|Conservas verdura|Productos del momento|Rápido y saludable|Espárragos blancos muy gruesos Hacendado enteros||0.54|kg|6.11|€/kg|3.30|espárragos, agua, sal, azúcar y acidulante; ácido cítrico|8402001001710|0||C||Vegetable, cooked (average)|20499|3|1
61|2026-09-30 11:03:57|40|2026|43812|Round green beans Hacendado Cans, soups & creams Vegetable & fruit tins Vegetable tins|1|España|16315|61|Conservas caldos y cremas|Conservas de verdura y frutas|Conservas verdura|Productos del momento|Rápido y saludable|Judías verdes redondas Hacendado||0.66|kg|1.67|€/kg|1.10|judia verde, agua y sal|8480000163158|0||C||Vegetable, cooked (average)|20499|3|1
62|2026-09-30 11:03:57|40|2026|43812|Artichoke hearts Hacendado Cans, soups & creams Vegetable & fruit tins Vegetable tins|1|Perú|19959|62|Conservas caldos y cremas|Conservas de verdura y frutas|Conservas verdura|Productos del momento|Rápido y saludable|Corazones de alcachofa Hacendado||0.26|kg|11.54|€/kg|3.00|alcachofa, aceite de girasol (21%).(contiene antioxidante: extracto rico en tocoferoles), aceite de oliva (0,7%), sal, acidulante: ácido cítrico, antioxidante: ácido ascórbico|8402001043192|0||A||Vegetable, cooked (average)|20499|1|1
63|2026-09-30 11:03:57|40|2026|43812|Pasteurized liquid egg whites Eggs, milk & butter Eggs Eggs|1|España|31312|63|Huevos leche y mantequilla|Huevos|Huevos|Productos del momento|Rápido y saludable|Claras de huevo líquidas pasteurizadas||1.0|l|2.85|€/l|2.85|clara de huevo de gallina pasteurizada, conservante e-202. alérgenos: contiene huevo.|8411384100941|0||||||1|1
64|2026-09-30 11:03:57|40|2026|43812|Deep-frozen rustic sautéed Hacendado Frozen food Fruit and vegetable Vegetables|1|España|21537|64|Congelados|Fruta y verdura|Verdura|Productos del momento|Rápido y saludable|Salteado rústico Hacendado ultracongelado||0.45|kg|4.44|€/kg|2.00|patata asada, boniato asado y cebolla roja asada.|8402001046964|0||A||Mixed vegetables, frozen, raw|20101|3|1
65|2026-09-30 11:03:58|40|2026|43812|Deep-frozen vegetable wok mix Hacendado Frozen food Fruit and vegetable Vegetables|1|España|11617|65|Congelados|Fruta y verdura|Verdura|Productos del momento|Rápido y saludable|Wok de verduras Hacendado ultracongelado||0.45|kg|4.22|€/kg|1.90|(brócoli, calabacín asado, zanahoria naranja y amarilla, pimiento rojo, castaña de agua, cebolla roja asada, peapods (tirabeques), edamame grano (soja)), seta shiitake cultivada (lentinula edodes) (9%), sazonador (azúcar, sal aroma, cebolla deshidratada, especias, algarroba en polvo, maltodextrina, ajo deshidratado, fibra de arroz, hierbas, aceite de girasol), aceite de girasol.|8402001028748|0||B||Mixed vegetables, frozen, raw|20101|4|1
66|2026-09-30 11:03:58|40|2026|43812|Deep-frozen baby artichoke Hacendado Frozen food Fruit and vegetable Vegetables|1|Perú|61229|66|Congelados|Fruta y verdura|Verdura|Productos del momento|Rápido y saludable|Alcachofa baby Hacendado ultracongelada||0.3|kg|10.17|€/kg|3.05|alcachofa.|8402001028182|0||A||Artichoke globe, base, frozen, raw|20232|1|1
67|2026-09-30 11:03:58|40|2026|43812|Deep-frozen chopped green asparagus Hacendado Frozen food Fruit and vegetable Vegetables|1|España|61238|67|Congelados|Fruta y verdura|Verdura|Productos del momento|Rápido y saludable|Espárrago verde troceado Hacendado ultracongelado||0.3|kg|8.50|€/kg|2.55|espárrago verde.|8480000612380|0||A||Thinly-shredded or diced vegetables, frozen, raw|20265|1|1
68|2026-09-30 11:03:58|40|2026|43812|Deep-frozen sautéed vegetables Hacendado Frozen food Fruit and vegetable Vegetables|1|España|61065|68|Congelados|Fruta y verdura|Verdura|Productos del momento|Rápido y saludable|Salteado de verduras Hacendado ultracongelado||0.6|kg|2.58|€/kg|1.55|hortalizas y verduras en proporción variable (judía verde, brócoli, pimiento  rojo, champiñón cultivado (agaricus bisporus) y cebolla)|8402001011191|0||A||Vegetables, pan-fried without mushrooms, seasonned, frozen, raw|20262|3|1
69|2026-09-30 11:03:58|40|2026|43812|Deep-frozen cauliflower, broccoli and carrots Hacendado Frozen food Fruit and vegetable Vegetables|1|España|61006|69|Congelados|Fruta y verdura|Verdura|Productos del momento|Rápido y saludable|Coliflor, brócoli y zanahoria Hacendado ultracongelada||1.0|kg|1.80|€/kg|1.80|mezcla de vegetales en  proporción variable (coliflor, brócoli y zanahoria).|8480000610065|0||A||Mixed vegetables, frozen, raw|20101|3|1
70|2026-09-30 11:03:58|40|2026|43812|Frozen diced avocado Hacendado Frozen food Fruit and vegetable Fruits|1|España|14283|70|Congelados|Fruta y verdura|Fruta|Productos del momento|Rápido y saludable|Aguacate en dados Hacendado congelado||0.5|kg|7.00|€/kg|3.50|aguacate 99%, antioxidante: ácido ascórbico, sal y regulador de acidez: ácido cítrico|8402001036965|0||A||Thinly-shredded or diced vegetables, frozen, raw|20265|3|1
71|2026-09-30 11:03:58|40|2026|43812|Deep frozen for microwaving rice with vegetables Hacendado Frozen food Rice & pasta Rice|1|España|12756|71|Congelados|Arroz y pasta|Arroz|Productos del momento|Rápido y saludable|Arroz con verduras para microondas Hacendado ultracongelado||0.8|kg|2.50|€/kg|2.00|arroz (67%) (agua y arroz), verduras en proporción variable (33%) (brócoli, guisante, maíz, pimiento rojo y zanahoria).|8402001030932|0||A||Rice, white, parboiled, raw|9101|3|1
72|2026-09-30 11:03:58|40|2026|43812|Deep frozen rice for microwave Hacendado Frozen food Rice & pasta Rice|1|España|61302|72|Congelados|Arroz y pasta|Arroz|Productos del momento|Rápido y saludable|Arroz para microondas Hacendado ultracongelado||1.0|kg|1.90|€/kg|1.90|arroz (agua, arroz).|8480000613028|0||A||Rice, white, parboiled, raw|9101|1|1
73|2026-09-30 11:03:58|40|2026|43812|Long brown rice Hacendado Rice, pulses & pasta Rice Rice|1|España|5184|73|Arroz legumbres y pasta|Arroz|Arroz|Productos del momento|Rápido y saludable|Arroz integral largo Hacendado||1.0|kg|1.65|€/kg|1.65|arroz|8480000051844|0||||Rice, white, parboiled, raw|9101|1|1
74|2026-09-30 11:03:59|40|2026|43812|Fragrant basmati rice Hacendado Rice, pulses & pasta Rice Rice|1|Pakistán|5002|74|Arroz legumbres y pasta|Arroz|Arroz|Productos del momento|Rápido y saludable|Arroz basmati aromático Hacendado||1.0|kg|2.10|€/kg|2.10|arroz|8480000050021|0||||Rice, basmati, raw|9119|1|1
75|2026-09-30 11:03:59|40|2026|43812|Pasta trottole vegetable Hacendado Rice, pulses & pasta Pasta & noodles Macaroni, bows & fusilli|1|Italia|6371|75|Arroz legumbres y pasta|Pasta y fideos|Macarrones, pajaritas y hélices|Productos del momento|Rápido y saludable|Pasta trottole vegetales Hacendado||0.5|kg|2.10|€/kg|1.05|100% sémola de trigo duro. pasta alimenticia compuesta al tomate: sémola de trigo duro, 3,5% tomate deshidratado. pasta alimenticia compuesta a las espinacas: sémola de trigo duro 2,5% espinacas deshidratadas . puede contener trazas de soja, mostaza y huevo.|8402001021398|0||||Pasta, dry, regular, raw|9810|1|1
76|2026-09-30 11:03:59|40|2026|43812|Pasta fusilloni vegetable Hacendado Rice, pulses & pasta Pasta & noodles Macaroni, bows & fusilli|1|España|17640|76|Arroz legumbres y pasta|Pasta y fideos|Macarrones, pajaritas y hélices|Productos del momento|Rápido y saludable|Pasta fusilloni vegetal Hacendado||0.5|kg|2.10|€/kg|1.05|pasta alimenticia de calidad superior: 100% sémola de trigo duro (gluten). pasta compuesta al tomate:  sémola de trigo duro (gluten), 3,5% de tomate deshidratado. pasta compuesta a las espinacas: sémola de trigo duro (gluten), 2,2% espinacas deshidratadas. puede contener trazas de huevos, soja y mostaza.|8402001056918|0||||Pasta, dry, regular, raw|9810|1|1
77|2026-09-30 11:03:59|40|2026|43812|100% Red lentil pasta fusilli Felicia Rice, pulses & pasta Pasta & noodles Macaroni, bows & fusilli|1|Italia|6106|77|Arroz legumbres y pasta|Pasta y fideos|Macarrones, pajaritas y hélices|Productos del momento|Rápido y saludable|Pasta fusilli 100% lentejas rojas Felicia||0.25|kg|6.60|€/kg|1.65|100% harina de lentejas rojas. no contiene gluten.|8032804430822|0||||Pasta, dry, gluten-free, raw|9874|1|1
78|2026-09-30 11:03:59|40|2026|43812|Wholemeal spaghetti Hacendado Rice, pulses & pasta Pasta & noodles Spaghetti & tagliatelle|1|España|35778|78|Arroz legumbres y pasta|Pasta y fideos|Spaghetti y tallarines|Productos del momento|Rápido y saludable|Spaghetti integral Hacendado||0.5|kg|2.30|€/kg|1.15|sémola integral de trigo duro (gluten). puede contener trazas de huevos, soja y mostaza.|8402001010200|0||||Pasta, dry, wholewheat, raw|9870|1|1
79|2026-09-30 11:03:59|40|2026|43812|Pappardelle Hacendado Rice, pulses & pasta Pasta & noodles Spaghetti & tagliatelle|1|España|21988|79|Arroz legumbres y pasta|Pasta y fideos|Spaghetti y tallarines|Productos del momento|Rápido y saludable|Pappardelle Hacendado||0.45|kg|3.22|€/kg|1.45|sémola de trigo duro (gluten). puede contener trazas de huevos, soja y mostaza.|8402001052620|0||||Pasta, dry, regular, raw|9810|1|1
80|2026-09-30 11:03:59|40|2026|43812|Egg tagliatelle Hacendado Rice, pulses & pasta Pasta & noodles Spaghetti & tagliatelle|1|España|6321|80|Arroz legumbres y pasta|Pasta y fideos|Spaghetti y tallarines|Productos del momento|Rápido y saludable|Nidos al huevo Hacendado||0.5|kg|2.90|€/kg|1.45|sémola de trigo duro (gluten), huevo (13%). puede contener trazas de soja y mostaza. 3 huevos por kg de sémola.|8480000063212|0||||Pasta, dry, with egg, raw|9821|1|1
81|2026-09-30 11:03:59|40|2026|43812|Rice noodles Hacendado Rice, pulses & pasta Pasta & noodles Spaghetti & tagliatelle|1|Viet Nam|35981|81|Arroz legumbres y pasta|Pasta y fideos|Spaghetti y tallarines|Productos del momento|Rápido y saludable|Noodles de arroz Hacendado||0.2|kg|7.25|€/kg|1.45|harina de arroz, almidón de tapioca, sal.|8402001011924|0||||Pasta, dry, regular, raw|9810|1|1
82|2026-09-30 11:04:00|40|2026|43812|Gluten-free soy sauce Hacendado Oils, spices & sauces Other sauces Oriental sauces|1|Austria|17382|82|Aceite especias y salsas|Otras salsas|Salsas orientales|Productos del momento|Rápido y saludable|Salsa de Soja sin gluten Hacendado||0.25|l|10.00|€/l|2.50|ingredientes: agua, habas de soja, sal, vinagre de alcohol.|8480000173829|0||E||Soy sauce, prepacked|11104|1|1
83|2026-09-30 11:04:00|40|2026|43812|Fresh Pesto sauce with basil Hacendado Oils, spices & sauces Other sauces Pasta sauces|1|Italia|35186|83|Aceite especias y salsas|Otras salsas|Salsas para pasta|Productos del momento|Rápido y saludable|Salsa fresca Pesto con albahaca Hacendado||0.15|kg|12.67|€/kg|1.90|aceite de semillas de girasol, albahaca (24%),  anacardos, aceite de oliva,  queso rallado (3%) (leche, sal, cuajo), sal, piñones (2%), mantequilla (leche), ajo deshidratado, corrector de acidez: ácido láctico, antioxidante: ácido ascórbico, conservador: sorbato de potasio (e202).puede contener frutos de cáscara, cacahuetes, mostaza, apio, sulfitos, soja, pescado, huevos, moluscos y crustáceos.|8402001009044|0||E||Pesto sauce, prepacked|11179|3|1
84|2026-09-30 11:04:00|40|2026|43812|Coconut preparation Hacendado Eggs, milk & butter Milk & milk alternatives Milk alternatives|1|Thailandia|17174|84|Huevos leche y mantequilla|Leche y bebidas vegetales|Bebidas vegetales|Productos del momento|Rápido y saludable|Preparado de coco Hacendado||0.4|l|3.25|€/l|1.30|extracto de coco 81-82%, eche de coco 17 -19%, agua, estabilizante (e466 carboxy methyl cellulose), emulsionante (polysorbate60)|8402001019944|0||E||Coconut milk|18041|4|1
85|2026-09-30 11:04:00|40|2026|43812|Deep-frozen raspberries Hacendado Frozen food Fruit and vegetable Fruits|1|Bélgica|14303|1|Congelados|Fruta y verdura|Fruta|Novedades|Novedades|Frambuesas Hacendado ultracongeladas||0.3|kg|10.00|€/kg|3.00||8402001037122|1||A||||1|2
86|2026-09-30 11:04:00|40|2026|43812|Deep-frozen mozzarella cheese, tomato and oregano Pizza Bites Hacendado Frozen food Breaded food Battered Vegetables & others|1|España|16590|2|Congelados|Rebozados|Verdura rebozada y otros|Novedades|Novedades|Bocaditos de queso mozzarella, tomate y orégano Pizza Bites Hacendado ultracongelados||0.3|kg|7.67|€/kg|2.30|queso mozzarella (leche) (31%), agua, pan rallado (harina de trigo (gluten), agua, sal, levadura), harina de trigo (gluten), harina de maíz, harina de arroz, aceite refinado de girasol, almidón de maíz, concentrado de tomate (2%), almidón de trigo (gluten), almidón modificado, sal, tomate deshidratado (0,8%), vinagre de vino, colorantes (e-150a, e-160e), extracto de levadura, leche en polvo desnatada, proteínas de la leche, especias, estabilizante (e-461), azúcar, gasificantes (e-450, e-500), orégano (0,1%). contiene gluten, leche. puede contener trazas de: crustáceos, huevo, pescado, soja, mostaza, moluscos.|8402001055447|1||D||Pizza, cheese and tomato (Margherita), prepacked|25404|1|2
87|2026-09-30 11:04:00|40|2026|43812|Homemade vegetable stock Gallina blanca Cans, soups & creams Soups & stock Liquid stock|1|España|18480|3|Conservas caldos y cremas|Sopa y caldo|Caldo líquido|Novedades|Novedades|Caldo de verduras casero Gallina blanca||1.0|l|1.80|€/l|1.80|agua, verduras (3,7%)(cebolla (34%), calabacín (18%), puerro (17%), zanahoria (15%), espinacas (11%), apio (5%)), aceite de oliva virgen extra (0,15%), aromas naturales (contienen apio), sal.|8410300349013|1||C||Broth or stock, vegetables, dehydrated and reconstituted|25948|1|2
88|2026-09-30 11:04:00|40|2026|43812|Tex-Mex pizza with marinated roasted chicken Hacendado Pizza & ready meals Pizza Fresh pizza|1|España|17828|4|Pizzas y platos preparados|Pizzas|Pizzas refrigeradas|Novedades|Novedades|Pizza Tex-mex Hacendado con pollo asado marinado||0.41|kg|7.07|€/kg|2.90|harina de trigo, agua, queso* mozzarella (17%), pimiento rojo, pimiento verde y maíz asados y marinados, tomate, pollo asado marinado (9%) (pechuga de pollo, jarabe de glucosa, fécula de patata, sal, aroma), queso* cheddar (queso* cheddar, colorante (beta-caroteno)), aroma, aceite refinado de girasol, sal, lactosa, levadura, especias. puede contener trazas de soja y mostaza. *quesos elaborados con leche pasteurizada.|8402001058691|1||D||Pizza, chicken, prepacked|26272|4|2
89|2026-09-30 11:04:00|40|2026|43812|Braised chicken breast slices Hacendado Deli & cheese Cooked poultry & ham Turkey & others|1|España|18106|5|Charcutería y quesos|Aves y jamón cocido|Pavo y otros|Novedades|Novedades|Pechuga de pollo braseada Hacendado lonchas||0.225|kg|10.22|€/kg|2.30|pechuga de pollo (70%), agua, sal, jarabe de glucosa, proteína de soja, estabilizantes (e-451i, e-407), aromas, aroma de humo, antioxidante (e-301), conservadores (e-261, e-250).|8402001060045|1||C||Cooked ham, from chicken, in slices|28963|1|2
90|2026-09-30 11:04:00|40|2026|43812|Hazelnut and cocoa cereal bars Hacendado Cereal & biscuits Cereal Cereal bars|1|España|24565|6|Cereales y galletas|Cereales|Barritas de cereales|Novedades|Novedades|Barritas de cereales avellana y cacao Hacendado||0.115|kg|12.92|€/kg|1.55|cereales crujientes (37%) (harina de trigo (gluten) (29%), azúcar, cacao desgrasado en polvo (2%), harina de maíz (1%), harina de arroz (0,6%), sal, aceite refinado de girasol), cobertura con cacao (22%) (azúcar, grasa totalmente hidrogenada de palmiste, suero de leche en polvo, cacao desgrasado en polvo (6%), leche entera en polvo, emulgentes (lecitina de girasol, triestearato de sorbitano), aromas), jarabe de glucosa, crema de avellana (frutos de cáscara) y cacao (7%) (azúcar, aceite refinado de girasol, cacao en polvo desgrasado (8%), pasta de avellana (frutos de cáscara) (4%), pasta de cacao (2%), emulgente (lecitina de girasol), aromas, antioxidantes (extracto rico en tocoferoles, ésteres ácidos grasos de ácido ascórbico)), avellana (frutos de cáscara) (7%), oligofructosa, humectante (glicerina), fructosa, aceite refinado de girasol alto oleico, maltodextrina, aromas, sal, emulgente (lecitina de soja). puede contener trazas de huevos, mostaza y otros frutos de cáscara.|8402001057380|1||D||Cereal bar with chocolate|31106|4|2
91|2026-09-30 11:04:01|40|2026|43812|Carrot cake Hacendado Bread & bakery Packaged pastries Packaged pastries|1|España|24585|7|Panadería y pastelería|Bollería envasada|Bollería envasada|Novedades|Novedades|Bizcocho con zanahoria Hacendado||0.29|kg|6.55|€/kg|1.90|harina de trigo, aceite refinado de girasol, azúcar, huevo líquido, agua, clara de huevo líquida, humectantes (e-420, e-422), almidón de trigo, zanahoria deshidratada (2%)* (zanahoria, zumo de zanahoria concentrado, jarabe de glucosa, maltodextrina, almidón), jarabe de glucosa y fructosa, almidón modificado, harina de centeno malteada, aromas, gasificantes (e-450, e-500), suero de leche en polvo, gluten de trigo, emulsificante (e-471), conservadores (e-202, e-282), sal, canela molida, corrector de acidez (e-270), espesantes (e-415, e-412). *equivalente a 8 % de zanahoria en producto final. puede contener mostaza, soja y frutos de cáscara.|8402001060199|1||D||Brioche or Vienna bread, from bakery|7225|4|2
92|2026-09-30 11:04:01|40|2026|43812|Oat biscuits and seeds Hacendado Cereal & biscuits Biscuits Wholemeal & digestive biscuits|1|España|17639|8|Cereales y galletas|Galletas|Galletas integrales y digestive|Novedades|Novedades|Galletas avena y semillas Hacendado||0.32|kg|5.94|€/kg|1.90|copos de avena, harina de trigo, arroz inflado (harina de arroz, harina de trigo, sal), azúcar, aceite refinado de girasol alto oleico 13%, copos de maíz (maíz, sal, azúcar, jarabe de malta de cebada), oligofructosa, almidón de trigo, semillas de lino, semillas de chía (salvia hispanica), gelificante (goma arábiga), gasificantes (carbonato ácido de potasio, carbonato ácido de amonio), sal, emulgente [lecitinas (soja)], aroma, aroma natural, suero de leche en polvo. puede contener trazas de granos de sésamo, frutos de cáscara, huevo y mostaza.|8402001056321|1||C||Biscuit, oat, plain|24655|4|2
93|2026-09-30 11:04:01|40|2026|43812|White chocolate filled Rebuenas 1 biscuits Hacendado Cereal & biscuits Biscuits With chocolate & stuffed|1|España|17929|10|Cereales y galletas|Galletas|Con chocolate y rellenas|Novedades|Novedades|Galletas rebuenas Hacendado rellenas de chocolate blanco||0.5|kg|2.90|€/kg|1.45|crema sabor chocolate blanco [azúcar, grasas vegetales (palma, palmiste), suero de leche en polvo, manteca de cacao, leche en polvo, almidón de trigo, emulgente (lecitinas [contienen soja]), sal, aroma], harina de trigo, azúcar, aceite refinado de girasol alto oleico, cacao desgrasado en polvo [cacao desgrasado en polvo, corrector de acidez (carbonato potásico)], suero de leche en polvo, gasificantes (carbonato ácido de amonio, carbonato ácido de sodio), jarabe de glucosa y fructosa, sal, emulgente [lecitinas (soja)], proteínas de la leche, antioxidante (metabisulfito sódico), leche desnatada en polvo. puede contener trazas de mostaza.|8402001057335|1||E||Wafer biscuit, filled or coated with chocolate|24311|4|2
94|2026-09-30 11:04:01|40|2026|43812|Soy dessert with caramel Hacendado Dessert & yoghurt Soy desserts Soy desserts|1||24080|11|Postres y yogures|Postres de soja|Postres de soja|Novedades|Novedades|Postre de soja con caramelo Hacendado||0.4|kg|3.88|€/kg|1.55|bebida de soja 80,3% (agua, habas de soja 6.3%*), azúcar,  caramelo 6,6% (azúcar, agua), almidones modificados, aromas naturales, sal, espesante:  carragenanos; azúcar caramelizado, colorante: norbixina de bija. * sobre el producto terminado.|8402001053924|1||C||Soy dessert, flavoured, with sugar(s), not fortified, refrigerated|20921|1|2
95|2026-09-30 11:04:01|40|2026|43812|Tropical drink Hacendado Juice Assorted fruit Assorted fruit & other flavours|1|España|18370|12|Zumos|Fruta variada|Fruta variada y otros sabores|Novedades|Novedades|Zumo tropical Hacendado||1.0|l|2.40|€/l|2.40|zumo de uva 45%, zumo de naranja 25%, zumo de piña 15%, puré de mango 10% y zumo de maracuyá 5%mantene|8402001060526|1||D||Multifruit juice, juice and fruit puree|2033|2|2
96|2026-09-30 11:04:01|40|2026|43812|Choco Bom chocolate chip biscuits coated in white chocolate Gullón Cereal & biscuits Biscuits With chocolate & stuffed|1|España|17928|13|Cereales y galletas|Galletas|Con chocolate y rellenas|Novedades|Novedades|Galletas Choco Bom Gullón con chips de chocolate recubiertas de chocolate blanco||0.1|kg|10.00|€/kg|1.00|chocolate blanco 40% (azúcar, manteca de cacao, leche en polvo, suero de leche en polvo, emulgente (lecitinas [soja]), aroma, aroma natural de vainilla), harina de trigo, chips de chocolate 12 % (azúcar, pasta de cacao, manteca de cacao, emulgente (lecitinas [soja])), aceite refinado de girasol alto oleico, azúcar, oligofructosa, gasificantes (carbonato ácido de amonio y carbonato ácido de sodio), sal, aroma. puede contener trazas de frutos de cáscara y mostaza|8410376012699|1||E||Chocolate confectionery, coated|31041|4|2
97|2026-09-30 11:04:01|40|2026|43812|Peru coffee pods Hacendado Chocolate drinks, coffee & tea Coffee pods & single cups Nespresso-compatible pods|1|Suiza|17674|14|Cacao café e infusiones|Café cápsula y monodosis|Cápsulas compatibles Nespresso|Novedades|Novedades|Café en cápsula Perú Hacendado||0.104|kg|0.19|€/kg|3.80||8402001057489|1||||Coffee, ground|18003|1|2
98|2026-09-30 11:04:01|40|2026|43812|100% whole grain sliced bread Bread & bakery Oven bread Sliced bread loaf|1|España|17912.2|15|Panadería y pastelería|Pan de horno|Pan rebanado|Novedades|Novedades|Barra pan integral 100% rebanado||0.23|kg|3.91|€/kg|0.90|harina integral de trigo (gluten) 70%**, agua, sal, levadura, masa madre de trigo integral (gluten) inactiva, gluten de trigo, emulgente e-472e y antioxidante e-300. puede contener soja y mostaza.|8402001058868|1||A||Bread, bran grain|7115|4|2
99|2026-09-30 11:04:01|40|2026|43812|100% whole grain loaf of bread Bread & bakery Oven bread Bread loaf|1|España|17912.1|16|Panadería y pastelería|Pan de horno|Barra de pan|Novedades|Novedades|Barra pan integral 100%||0.23|kg|3.91|€/kg|0.90|harina integral de trigo (gluten) 70%**, agua, sal, levadura, masa madre de trigo integral (gluten) inactiva, gluten de trigo, emulgente e-472e y antioxidante e-300. puede contener soja y mostaza.|8402001058868|1||A||Bread, bran grain|7115|4|2
100|2026-09-30 11:04:01|40|2026|43812|Fussion Milk chocolate caramelised cookies filling Hacendado Sugar, sweets & chocolate Chocolate Milk chocolate|1|España|17996|17|Azúcar caramelos y chocolate|Chocolate|Chocolate con leche|Novedades|Novedades|Chocolate con leche Fussion Hacendado relleno de galleta caramelizada||0.142|kg|12.32|€/kg|1.75||8402001055874|1||E||Biscuit (cookie), with a chocolate bar covering, milk filling|24014|1|2
101|2026-09-30 11:04:02|40|2026|43812|Cupcakes with chocolate chips Bread & bakery Oven pastries Sweet pastries|1|España|17700|18|Panadería y pastelería|Bollería de horno|Bollería dulce|Novedades|Novedades|Magdalenas con pepitas de chocolate||0.39|kg|7.95|€/kg|3.10|harina de trigo (gluten), aceite refinado de girasol, azúcar, huevo líquido pasteurizado, pepitas de chocolate (8,9%) [azúcar, pasta de cacao, manteca de cacao, dextrosa, emulgente (lecitina de soja)], agua, jarabe de glucosa y fructosa, humectante (glicerina), mantequilla (leche), gasificantes (difosfato disódico, bicarbonato de sodio), jarabe de azúcar invertido, ralladura de naranja, miel de flores, aroma, sal, espesante (goma xantana), antioxidante (extracto rico en tocoferol), enzimas. puede contener: frutos de cáscara, mostaza, sulfitos|8402001058349|1||E||Soft cake, with chocolate chips, prepacked|23943|4|2
102|2026-09-30 11:04:02|40|2026|43812|Whole grain loaf of bread with 20% oats 5% buckwheat Hacendado Bread & bakery Packaged sliced bread & other specialities Other bread|1|España|18294|20|Panadería y pastelería|Pan de molde y otras especialidades|Otros panes|Novedades|Novedades|Pan de molde integral con 20% avena 5% trigo sarraceno Hacendado||0.55|kg|2.73|€/kg|1.50|harina integral (57%) (trigo (gluten), avena (gluten) (20%), trigo sarraceno (5%)), agua, semillas de girasol (4,5%), levadura, gluten de trigo, aceite de oliva virgen extra (1,3%), sal, sémola integral de trigo (gluten), emulgentes (e-472e, e-471), conservadores (e-282, e-200, e-202), antioxidante (e-300), aroma. puede contener trazas de semillas de sésamo, soja y mostaza. sin lactosa.|8402001059247|1||B||Rye bread, whole grain, prepacked|7106|4|2
103|2026-09-30 11:04:02|40|2026|43812|Slices serrano Ham Jamcal Deli & cheese Serrano ham Serrano ham|1|España|18353|21|Charcutería y quesos|Jamón serrano|Jamón serrano|Novedades|Novedades|Jamón serrano Jamcal lonchas||0.05|kg|22.00|€/kg|1.10|jamón de cerdo, sal, azúcar, conservadores (e-252 y e-250) y antioxidante (e-301).|8437030191019|1||E||Dry-cured ham, Serrano|28845|4|2
104|2026-09-30 11:04:02|40|2026|43812|Cupcakes with sugar Bread & bakery Oven pastries Sweet pastries|1|España|17698|22|Panadería y pastelería|Bollería de horno|Bollería dulce|Novedades|Novedades|Magdalenas con azúcar||0.39|kg|6.92|€/kg|2.70|aceite refinado de girasol, harina de trigo (gluten), azúcar (20,8%), huevo líquido pasteurizado, agua, humectante (glicerina), jarabe de glucosa y fructosa, ralladura de naranja, leche entera en polvo, gasificantes (difosfato disódico, bicarbonato de sodio), sal, espesante (goma xantana), aromas, acidulante (ácido cítrico), antioxidante (extracto rico en tocoferol), enzimas. puede contener: soja, frutos de cáscara, mostaza, sulfitos.|8402001058332|1||D||Raisin puff pastry (Viennese pastries), from bakery|7720|4|2
105|2026-09-30 11:04:02|40|2026|43812|Volcano with cream and coconut Hacendado Bread & bakery Packaged pastries Assorted pastries|1|España|17951|23|Panadería y pastelería|Bollería envasada|Pastelitos surtidos|Novedades|Novedades|Volcano con crema y coco||0.057|kg|5.75|€/kg|0.33|harina de trigo (gluten), aceite refinado de girasol, azúcar, cobertura blanca (10%) [azúcar, grasa vegetal totalmente hidrogenada (palmiste), suero de leche en polvo, leche en polvo, grasa vegetal (palma), emulgentes vegetales (lecitina de girasol, e472c), conservador (ácido sórbico), aroma], jarabe de glucosa y fructosa, huevo líquido pasteurizado, crema (9%) sabor vainilla [azúcar, agua, jarabe de glucosa y fructosa, cobertura blanca (azúcar, grasa vegetal totalmente hidrogenada (palmiste), suero de leche en polvo, leche en polvo, emulgentes vegetales (e492, lecitina de girasol, e472c), aromas), maltodextrina, almidones modificados, humectante (e422), grasa vegetal (palma), reguladores de la acidez (e516, e330), estabilizantes (e460, e466), emulgentes vegetales (e472c, e471, e475), conservador (e202), sal, gelificante (e407), aromas, colorantes (e160c, e160a)], agua, humectantes (sorbitoles, glicerina), coco rallado (2%), sal, acidulante (e330), conservador (sorbato potásico), espesante (goma xantana), emulgentes vegetales (e471, e1520, e477, e470a), gasificantes (e450i, carbonatos de sodio), aromas. puede contener trazas de mostaza, soja y frutos de cáscara.|8402001059254|1||E||Biscuit (cookie) with coconut|24070|4|2
106|2026-09-30 11:04:02|40|2026|43812|3 Sourdough Baguettes Bread & bakery Oven bread Bread loaf|1|España|83286|24|Panadería y pastelería|Pan de horno|Barra de pan|Novedades|Novedades|3 Baguettes masa madre||0.75|kg|2.00|€/kg|1.50|harina de trigo (gluten), agua, masa madre de trigo (3%) (gluten), sal, levadura, antioxidante e 300. puede contener trazas de  soja y mostaza.|8480000832863|1||C||Bread, French bread, baguette|7001|4|2
107|2026-09-30 11:04:02|40|2026|43812|Cocoa wafers filled with milk cream and hazelnuts Knoppers Cereal & biscuits Biscuits With chocolate & stuffed|1|Alemania|17731|25|Cereales y galletas|Galletas|Con chocolate y rellenas|Novedades|Novedades|Barquillos de cacao rellenos con crema de leche y de avellanas Knoppers||0.125|kg|10.00|€/kg|1.25|azúcar, grasas vegetales (palma, karité),  harina de trigo (13,5 %), leche desnatada en polvo (13 %), avellanas (9,2 %), harina integral de trigo (7,2 %), cacao, mantequilla concentrada (2,7 %), cacao, cacao desgrasado en polvo, emulgente: lecitinas (soja), sal, suero lácteo en polvo leche, almidón de trigo, aromas naturales, gasificante: bicarbonato sódico, cacahuetes molidos.  también puede contener almendras, otros frutos de cáscara y huevo.|4014400928884|1||E||Chocolate and nut confectionery, filled with praliné|31066|4|2
108|2026-09-30 11:04:02|40|2026|43812|Fussion milk chocolate filled with caramel over aerated milk Hacendado Sugar, sweets & chocolate Chocolate Milk chocolate|1|Alemania|17917|26|Azúcar caramelos y chocolate|Chocolate|Chocolate con leche|Novedades|Novedades|Chocolate con leche Fussion Hacendado relleno de caramelo con leche aireado||0.095|kg|14.21|€/kg|1.35|azúcar, leche en polvo, manteca de cacao, pasta de cacao, jarabe de glucosa, grasa de palma, leche desnatada en polvo, suero lácteo dulce en polvo (leche), leche condensada, emulgentes (lecitinas [soja], mono- y diglicéridos de ácidos grasos), grasa butírica, sal, extracto de vainilla, aromas naturales. contiene grasas vegetales además de manteca de cacao. puede contener cacahuetes, frutos de cáscara, gluten y huevo.|8402001043659|1||E||Milk chocolate, bar|31004|4|2
109|2026-09-30 11:04:03|40|2026|43812|Guanciale Hacendado Deli & cheese Bacon & sausages Bacon|1|España|21892|27|Charcutería y quesos|Bacón y salchichas|Bacón|Novedades|Novedades|Guanciale Hacendado||0.31|kg|15.00|€/kg|4.65|papada de cerdo, sal, especias, dextrosa, antioxidante (e-316) y conservador (e-250).|8402001053191|1||E||Bacon, back|28727|4|2
110|2026-09-30 11:04:03|40|2026|43812|Cheesecake Caramel wafer bars with white chocolate coating and cheesecake flavor filling Sugar, sweets & chocolate Chocolate Bars|1|España|24568|28|Azúcar caramelos y chocolate|Chocolate|Chocolatinas|Novedades|Novedades|Barritas de barquillo Cheesecake Caramel Hacendado con cobertura blanca y relleno sabor cheesecake||0.115|kg|15.65|€/kg|1.80|cobertura blanca coloreada (37%) (azúcar, grasa vegetal (palma y palmiste), leche en polvo, emulgentes: lecitina (soja) y e-476, colorante: e-160a, sacarosa caramelizada y aromas), azúcar, gota de cobertura blanca (azúcar, grasa vegetal (coco, palmiste) en proporciones variables, leche desnatada en polvo, emulgente: lecitina (soja), aroma natural de vainilla), harina de trigo (gluten), leche desnatada en polvo, grasa vegetal de palma, emulgentes: lecitina (soja) y e-476, gasificante: bicarbonato de sodio y aromas. puede contener: frutos de cáscara y mostaza.|8402001054037|1||E||Wafer biscuit, filled or coated with chocolate|24311|4|2
111|2026-09-30 11:04:03|40|2026|43812|Crunchy Milk bars with cereals and milk chocolate filling Hacendado Sugar, sweets & chocolate Chocolate Bars|1|España|17705|29|Azúcar caramelos y chocolate|Chocolate|Chocolatinas|Novedades|Novedades|Barritas crujientes Crunchy Milk Hacendado con relleno de cereales y chocolate con leche||0.092|kg|19.57|€/kg|1.80|relleno de cereales con chocolate y leche 52% [preparado lácteo 74% (aceites y grasas vegetales (girasol refinado, colza, palma, coco), azúcar, leche entera en polvo (20%), leche desnatada en polvo (8%), suero de leche en polvo (2%), lactosa (leche) (2%), emulgente (lecitinas), antioxidante (e-306), aromas), cereales con chocolate 26% (cereales (sémola de trigo (gluten), harina de trigo (gluten), harina de avena (gluten), harina de arroz, harina integral de trigo (gluten)), azúcar, leche entera en polvo, sal)], cereales (sémola de arroz, harina integral de trigo (gluten), harina de trigo (gluten), harina de avena (gluten)), chocolate en polvo (azúcar, cacao en polvo), grasa vegetal (palmiste, palma), leche entera en polvo, leche desnatada en polvo, suero de leche en polvo, almidón de maíz, fibra de trigo (gluten), jarabe de azúcar caramelizado, sal, emulgente (lecitina de soja), gasificante (bicarbonato sódico), aromas. puede contener frutos de cáscara y mostaza.|8402001057151|1||E||Milk chocolate, with puffed/popped cereals, bar|31009|4|2
112|2026-09-30 11:04:03|40|2026|43812|Sour Jelly Beans sweets Hacendado Sugar, sweets & chocolate Sweets Sweets|1|España|17719|30|Azúcar caramelos y chocolate|Golosinas|Golosinas|Novedades|Novedades|Golosinas Jelly Beans ácidas Hacendado||0.085|kg|10.59|€/kg|0.90||8402001055973|1||E||Jelly candy|31060|1|2
113|2026-09-30 11:04:03|40|2026|43812|Choco Orange flavored oat cookies with chocolate cream filling Cereal & biscuits Biscuits With chocolate & stuffed|1|España|17922|32|Cereales y galletas|Galletas|Con chocolate y rellenas|Novedades|Novedades|Galletas con avena sabor Choco Orange con relleno de crema de chocolate Hacendado||0.21|kg|5.95|€/kg|1.25|copos de avena 30%, crema de chocolate 29% [azúcar, grasas vegetales (palma, palmiste), cacao desgrasado en polvo 11%, almidón de trigo, proteínas de la leche, leche desnatada en polvo, emulgente (lecitinas [soja])], harina de trigo, azúcar, aceite refinado de girasol alto oleico, salvado de trigo, oligofructosa, gelificante (goma arábiga), zumo de naranja en polvo 1%, sal, emulgente [lecitinas (soja)], gasificantes (carbonato ácido de sodio, carbonato ácido de amonio), aroma. puede contener trazas de mostaza.|8402001058882|1||D||Biscuit (cookie), snack with chocolate filling|24231|1|2
114|2026-09-30 11:04:03|40|2026|43812|Fruit + Milk Protein 20 g with Collagen and Vitamin C Don Simón Juice Assorted fruit Fruit + milk|1|España|24586|33|Zumos|Fruta variada|Fruta + leche|Novedades|Novedades|Fruta + leche Proteína 20 gr Don Simón con colágeno y vitamina C||0.33|l|3.79|€/l|1.25|agua, zumo de frutas parcialmente a partir de concentrado (20 %) en proporción variable (piña, uva, mango y manzana), leche desnatada (15 %), proteína de arroz (4,3 %), colágeno hidrolizado (2 %), estabilizantes [pectina (e-466) y e-460i], acidulantes (ácido málico y ácido cítrico), aromas, colorante (beta-caroteno), edulcorante (sucralosa) y vitamina c.|8410261644240|1|1.65|C||Still beverage with fruit juice and milk|18343|4|2
115|2026-09-30 11:04:03|40|2026|43812|Deep frozen cheese and ham baguette Hacendado Frozen food Pizza Pizza|1|España|23988|34|Congelados|Pizzas|Pizzas|Novedades|Novedades|Baguette jamón y queso Hacendado ultracongeladas||0.25|kg|8.40|€/kg|2.10|harina de trigo (gluten), agua, queso edam 12,1% (leche), jamón cocido 7,5% (jamón de cerdo (70%), agua, sal, azúcar, aromas, estabilizantes (e-451,e-420,e-407), antioxidantes (e-316 y e-331), conservador (e-250)), aceite refinado de girasol, creme fraiche (nata (leche), fermentos lácticos), nata (nata ligera (leche), almidón modificado, emulgente (e-472e), estabilizantes (e-440i y e-407)), queso rallado fundido en polvo (leche)(queso (leche), almidón, proteína de la leche, mantequilla (leche), sales de fundido (e-452, e-340, e-331), sal, aroma (leche), corrector de acidez (e-270), conservador (e-202), antiapelmazante: almidón de patata), suero de leche en polvo, sal, levadura, almidón modificado de patata, cebollino, cebolla prefrita (cebolla (90%) y aceite refinado de girasol), azúcar, yogur desnatado en polvo (leche), aroma natural, pimienta negra molida, ajo molido, agente de tratamiento de la harina(e920). puede contener trazas de pescado, soja y mostaza.|8402001053566|1||D||Pizza, ham and cheese, prepacked|25435|4|2
116|2026-09-30 11:04:03|40|2026|43812|Onions Fruits & vegetables Vegetables Onion & garlic|1|España|69089|1|Fruta y verdura|Verdura|Cebolla y ajo|Bajadas de precio|Bajadas de precio|Cebollas||1.0|kg|1.50|€/kg|1.50|cebolla (allinium cepa)|8414382410005|0|1.70|||Onion, raw|20034|1|3
117|2026-09-30 11:04:03|40|2026|43812|Extra virgin olive oil Hacendado Oils, spices & sauces Oil, vinegar & salt Olive oil|1|España|4740|2|Aceite especias y salsas|Aceite vinagre y sal|Aceite de oliva|Bajadas de precio|Bajadas de precio|Aceite de oliva virgen extra Hacendado||1.0|l|4.45|€/l|4.45|ingredientes: aceite de oliva virgen extra|8402001001185|0|4.70|C||Olive oil, extra virgin|17270|1|3
118|2026-09-30 11:04:04|40|2026|43812|Light olive oil Hacendado Oils, spices & sauces Oil, vinegar & salt Olive oil|1|España|4240|3|Aceite especias y salsas|Aceite vinagre y sal|Aceite de oliva|Bajadas de precio|Bajadas de precio|Aceite de oliva 0,4º Hacendado||1.0|l|3.70|€/l|3.70|ingredientes: aceite de oliva refinado y aceite de oliva virgen.|8402001027475|0|3.80|C||Olive oil, extra virgin|17270|1|3
119|2026-09-30 11:04:04|40|2026|43812|Natural Greek yoghurt Hacendado Dessert & yoghurt Greek yoghurt Greek yoghurt|1|España|20512|4|Postres y yogures|Yogures griegos|Yogures griegos|Bajadas de precio|Bajadas de precio|Yogur griego natural Hacendado||1.0|kg|2.10|€/kg|2.10|leche pasteurizada entera (origen: españa), nata, leche en polvo desnatada, fermentos lácticos.|8480000205124|0|2.20|C||Yogurt, Greek-style, plain|19860|1|3
120|2026-09-30 11:04:04|40|2026|43812|Natural light Greek yoghurt 2% MG Hacendado Dessert & yoghurt Greek yoghurt Greek yoghurt|1|España|21358|5|Postres y yogures|Yogures griegos|Yogures griegos|Bajadas de precio|Bajadas de precio|Yogur griego natural ligero Hacendado 2% MG||1.0|kg|2.10|€/kg|2.10|leche pasteurizada parcialmente desnatada (origen: españa), leche en polvo desnatada, proteínas de la leche y fermentos lácticos.|8480000213587|0|2.20|A||Yogurt, Greek-style, plain|19860|3|3
121|2026-09-30 11:04:04|40|2026|43812|Onions Fruits & vegetables Vegetables Onion & garlic|1|España|69079|6|Fruta y verdura|Verdura|Cebolla y ajo|Bajadas de precio|Bajadas de precio|Cebollas||2.0|kg|1.50|€/kg|3.00|cebollas|5600319261069|0|3.20|||Onion, raw|20034|1|3
122|2026-09-30 11:04:04|40|2026|43812|Extra virgin olive oil Hacendado Oils, spices & sauces Oil, vinegar & salt Olive oil|1|España|4717|7|Aceite especias y salsas|Aceite vinagre y sal|Aceite de oliva|Bajadas de precio|Bajadas de precio|Aceite de oliva virgen extra Hacendado||3.0|l|4.27|€/l|12.80|aceite de oliva virgen extra 100%|8402001001192|0|13.55|C||Olive oil, extra virgin|17270|1|3
123|2026-09-30 11:04:04|40|2026|43812|Lemons Fruits & vegetables Fruits Citrus fruit|1|Sudáfrica|3236|8|Fruta y verdura|Fruta|Cítricos|Bajadas de precio|Bajadas de precio|Limones||1.0|kg|2.65|€/kg|2.65|calibre 3/5 (53-68mm)|8414196132360|0|2.80|||||1|3
124|2026-09-30 11:04:04|40|2026|43812|Extra chorizo slices Hacendado Deli & cheese Cured meat Chorizo|1|España|59086|9|Charcutería y quesos|Embutido curado|Chorizo|Bajadas de precio|Bajadas de precio|Chorizo extra Hacendado lonchas||0.24|kg|7.29|€/kg|1.75|carne de cerdo, panceta, sal, pimentones, lactosa, dextrina, proteínas de la leche, azúcar, dextrosa, ajo, estabilizante (e-450), antioxidantes (e-331, e-301), especias, extracto de pimentón, conservadores (e-250, e-252) y colorante (e-120).|8480000590862|0|1.85|E||Cured meat and sausages (average)|30900|4|3
125|2026-09-30 11:04:05|40|2026|43812|Dark chocolate drops for melting Hacendado Sugar, sweets & chocolate Chocolate Dark chocolate|1|España|12544|10|Azúcar caramelos y chocolate|Chocolate|Chocolate negro|Bajadas de precio|Bajadas de precio|Gotas de chocolate negro para fundir Hacendado||0.25|kg|10.20|€/kg|2.55|azúcar, pasta de cacao, manteca de cacao, emulgentes (lecitina de girasol, e-476), aroma natural de vainilla. cacao: 44% mínimo. alérgenos: trazas de frutos de cáscara, leche y soja.|8480000125446|0|2.75|E||Dark chocolate, more than 40% cocoa, for cooking, bar|31085|4|3
126|2026-09-30 11:04:05|40|2026|43812|85% Cocoa extra fine dark chocolate Hacendado Sugar, sweets & chocolate Chocolate Dark chocolate|1|Portugal|12493|12|Azúcar caramelos y chocolate|Chocolate|Chocolate negro|Bajadas de precio|Bajadas de precio|Porciones de Chocolate negro 85% cacao extrafino Hacendado||0.2|kg|17.00|€/kg|3.40|pasta de cacao, azúcar, manteca de cacao, cacao desgrasado en polvo, emulgente: lecitina (soja) y aroma. cacao: 85% mínimo. puede contener trazas de almendras, avellanas, anacardos y leche. sin gluten.|8402001016400|0|3.50|D||Dark chocolate, 70% cocoa, bar|31074|2|3
127|2026-09-30 11:04:05|40|2026|43812|Blend ground coffee Hacendado Chocolate drinks, coffee & tea Ground coffee & coffee beans Ground coffee|1|España|15922|13|Cacao café e infusiones|Café molido y en grano|Café molido|Bajadas de precio|Bajadas de precio|Café molido mezcla Hacendado||0.5|kg|9.00|€/kg|4.50|café y jarabe de glucosa|8480000159229|0|4.60|||Coffee, ground|18003|1|3
128|2026-09-30 11:04:05|40|2026|43812|Instant cup noodles chicken flavour Hacendado Rice, pulses & pasta Pasta & noodles Oriental noodles|1|Lituania|22453|14|Arroz legumbres y pasta|Pasta y fideos|Fideos orientales|Bajadas de precio|Bajadas de precio|Fideos orientales sabor pollo Hacendado||0.065|kg|12.31|€/kg|0.80|fideos instantaneos (80%): harina de trigo, aceite de palma, sal, almidón modificado, azúcar, gasificantes: carbonato de sodio y potasio; extracto de cúrcuma. caldo (20%): zanahorias, maltodextrina, harina de trigo, maíz, grasas de palma, potenciadores del aroma y del sabor: e-621, e-635; sal, azúcar, carne de pollo en polvo, cebollino, cebollas fritas en polvo (cebollas deshidratadas, aceite de girasol), aromas, extracto de levadura, salsa de soja fermentada (soja, trigo, maltodextrina, sal), sofrito ((cebolla, zanahoria, apio), aceite de girasol, cebolla, azúcar, almidón de maíz, sal, puré de ajo, antioxidantes: e-392, e-396, e-300; pimienta negra), azúcar caramelizada, pimienta blanca, chile, jenjibre, extracto de cúrcuma. puede contener trazas de crustaceos, huevos, leche y mostaza.|8480000224538|0|0.90|C||Noodles, asian style, instant, flavoured, cooked|25243|4|3
129|2026-09-30 11:04:05|40|2026|43812|Oriental noodles chicken flavor Hacendado Pizza & ready meals Hot ready meals Oriental noodles|1|Lituania|35681|16|Pizzas y platos preparados|Platos preparados calientes|Fideos orientales|Bajadas de precio|Bajadas de precio|Fideos orientales sabor pollo Hacendado||0.065|kg|8.46|€/kg|0.55|fideos instantáneos (85%): harina de trigo, aceite de girasol, fécula de patata, sal, gasificantes: carbonatos de sodio y potasio. caldo (15%): maltodextrina, harina de trigo, potenciadores del sabor: e621, e635; sal, azúcar, carne de pollo en polvo, cebolla verde, cebolla frita en polvo, (cebolla, aceite de girasol), aromas, extracto de levadura, salsa de soja fermentada (soja, trigo, maltodextrina, sal), mezcla de sofrito en polvo ((cebolla, zanahoria, apio), aceite de girasol, cebolla, azúcar, almidón de maíz, sal, puré de ajo, antioxidantes: e392, e306. e300; pimienta negra), azúcar caramelizado, aceite de colza, pimienta blanca, chile, jengibre, extracto de curcumina. puede contener trazas de crustáceos, productos lácteos y mostaza.|8402001021985|0|0.65|C||Noodles, asian style, instant, flavoured, cooked|25243|4|3
130|2026-09-30 11:04:05|40|2026|43812|Sliced salami Hacendado Deli & cheese Cured meat Salchichon|1|España|59090|17|Charcutería y quesos|Embutido curado|Salchichón|Bajadas de precio|Bajadas de precio|Salami extra Hacendado lonchas||0.24|kg|7.29|€/kg|1.75|carne de cerdo, tocino, lactosa, sal, proteínas de la leche, dextrosa, especias, aromas, aromas de humo, estabilizantes (e-450, e-451), antioxidante (e-301), conservadores (e-250, e-252), colorante (e-120) y extracto de pimentón.|8480000590909|0|1.85|E||Salami|30350|4|3
131|2026-09-30 11:04:05|40|2026|43812|Biscuits with chocolate and cream Hacendado Cereal & biscuits Biscuits With chocolate & stuffed|1|Alemania|14038|19|Cereales y galletas|Galletas|Con chocolate y rellenas|Bajadas de precio|Bajadas de precio|Galletas con chocolate y crema de leche Hacendado||0.268|kg|9.51|€/kg|2.55|ingredientes: azúcar, harina de trigo (21%), grasas vegetales (semilla de la palma, palma en proporción variable), manteca de cacao, pasta de cacao, leche descremada en polvo, leche entera en polvo (6%), mantequilla (4%) (leche), jarabe de glucosa, lactosa (leche), mantequilla concentrada (leche), gasificantes (carbonato ácido de sodio, carbonato ácido de amonio), emulgentes (lecitinas de girasol, lecitinas de soja), suero de leche dulce en polvo, sal, acidulante (ácido cítrico). puede contener trazas de: frutos de cáscara.|4001518009000|0|2.65|E||Soft cake filled with chocolate and with chocolate coating, prepacked|23944|1|3
132|2026-09-30 11:04:05|40|2026|43812|Zero sugar soft drink Coca-Cola Water & soft drinks Cola drinks Zero cola|1|España|27426|20|Agua y refrescos|Refresco de cola|Cola zero|Bajadas de precio|Bajadas de precio|Refresco Coca-Cola zero azúcar||3.96|l|2.58|€/l|10.20|ingredientes: agua carbonatada, colorante e-150d, edulcorantes: ciclamato sódico, acesulfamo k y aspartamo, acidulante ácido fosfórico, aromas naturales, aroma cafeína y corrector de acidez: citratos de sodio.|5449000133342|0|11.16|E||Cola, without added sugars and with sweetener(s)|18060|4|3
133|2026-09-30 11:04:05|40|2026|43812|Battered hake Seafood & fish Fresh fish Other|1|Francia|87734|21|Marisco y pescado|Pescado fresco|Otros|Bajadas de precio|Bajadas de precio|Merluza rebozada||0.23|kg|16.52|€/kg|3.80|filetes de merluza del cabo, sin espinas (*) 70%rebozado 30%: agua, aceites vegetales (colza y girasol en proporción variable), harina de trigo, harina de maíz, almidón modificado de maíz, almidón de trigo, gluten de trigo, sal, gasificante: e450i - e500ii, leche en polvo desnatada.|8480000877345|0|3.90|||Fish, cooked (average)|26140|4|3
134|2026-09-30 11:04:05|40|2026|43812|Deep frozen peeled large shrimp Hacendado Frozen food Seafood Seafood|1|China|24230|22|Congelados|Marisco|Marisco|Bajadas de precio|Bajadas de precio|Gamba pelada cruda tamaño grande Hacendado ultracongelada||None|kg|16.53|€/kg|5.95|gamba crustáceo, agua, sal, antioxidante metabisulfito de sodio, estabilizante ( e-339,e-451, e-452). contiene crustáceos, sulfitos y puede contener trazas de pescado y molucos.|6944955502742|0|6.15|A||Shrimp or prawn, frozen, raw|10038|4|3
135|2026-09-30 11:04:05|40|2026|43812|Virgin olive oil Hacendado Oils, spices & sauces Oil, vinegar & salt Olive oil|1|España|4749|23|Aceite especias y salsas|Aceite vinagre y sal|Aceite de oliva|Bajadas de precio|Bajadas de precio|Aceite de oliva virgen Hacendado||1.0|l|4.10|€/l|4.10|ingredientes: aceite de oliva virgen extra|8402001047206|0|4.20|C||Olive oil, extra virgin|17270|1|3
136|2026-09-30 11:04:06|40|2026|43812|Deep-frozen catfish fillets Hacendado Frozen food Fish Fish|1|Vietnam|62191|24|Congelados|Pescado|Pescado|Bajadas de precio|Bajadas de precio|Filetes de panga Hacendado ultracongelados||None|kg|5.17|€/kg|4.65|filetes de panga (pangasianodon hypophthalmus) (pescado) (78%), agua (21%), sal, estabilizadores (e451), correctores de la acidez (e331, e332). puede contener espinas.|8480000621917|0|4.75|||Fish, cooked (average)|26140|3|3
137|2026-09-30 11:04:06|40|2026|43812|Light olive oil Hacendado Oils, spices & sauces Oil, vinegar & salt Olive oil|1|España|4241|25|Aceite especias y salsas|Aceite vinagre y sal|Aceite de oliva|Bajadas de precio|Bajadas de precio|Aceite de oliva 0,4º Hacendado||5.0|l|3.45|€/l|17.25|ingredientes: aceite de oliva refinado y aceite de oliva virgen extra|8402001027482|0|17.75|C||Olive oil, extra virgin|17270|1|3
138|2026-09-30 11:04:06|40|2026|43812|Vegetarian burgers with spinach and carrot Hacendado Pizza & ready meals Hot ready meals Others|1|Italia|86511|26|Pizzas y platos preparados|Platos preparados calientes|Otros|Bajadas de precio|Bajadas de precio|Mini burgers vegetales Hacendado con espinacas y zanahoria||0.2|kg|10.00|€/kg|2.00|ingredientes: espinacas 25%, zanahorias 24%, harina de soja reestructurada y rehidratada, aceite de semillas girasol, gluten de trigo, almidones, pan rallado (harina de trigo, levadura de cerveza, sal), copos de patata, harina de arroz, proteínas aisladas de soja, aceite de oliva virgen extra 2%, cebolla, fibra de guisantes, sal, conservador: sorbato potásico, ajo deshidratado, pimienta negra.puede contener apio y mostaza.|8480000865113|0|2.40|B||||4|3
139|2026-09-30 11:04:06|40|2026|43812|72% Cacao dark chocolate with whole almonds Hacendado Sugar, sweets & chocolate Chocolate Dark chocolate|1|España|29062|27|Azúcar caramelos y chocolate|Chocolate|Chocolate negro|Bajadas de precio|Bajadas de precio|Chocolate negro 72% de cacao Hacendado con almendras enteras||0.2|kg|13.25|€/kg|2.65|ingredientes: pasta  de cacao, almendras (25%),  azúcar,  manteca de cacao, emulgente: lecitina (soja) y aroma. cacao: 72% mínimo  en el chocolate negro. puede contener trazas de otros frutos de cáscara, leche  y sus derivados. sin gluten.|8480000290625|0|2.75|D||Dark chocolate, with dried fruits (nuts, almonds, raisin, praliné), bar|31070|2|3
140|2026-09-30 11:04:06|40|2026|43812|Extra virgin olive oil Hacendado Oils, spices & sauces Oil, vinegar & salt Olive oil|1|España|4706|28|Aceite especias y salsas|Aceite vinagre y sal|Aceite de oliva|Bajadas de precio|Bajadas de precio|Aceite de oliva virgen extra Hacendado Gran Selección||0.75|l|7.00|€/l|5.25|ingredientes: aceite de oliva virgen extra|8480000047069|0|5.50|C||Olive oil, extra virgin|17270|1|3
141|2026-09-30 11:04:06|40|2026|43812|Virgin olive oil Hacendado Oils, spices & sauces Oil, vinegar & salt Olive oil|1|España|4711|29|Aceite especias y salsas|Aceite vinagre y sal|Aceite de oliva|Bajadas de precio|Bajadas de precio|Aceite de oliva virgen Hacendado||3.0|l|3.88|€/l|11.65|aceite de oliva virgen|8402001047213|0|12.00|C||Olive oil, extra virgin|17270|1|3
142|2026-09-30 11:04:06|40|2026|43812|Zero sugar soft drink Coca-Cola Water & soft drinks Cola drinks Zero cola|1|España|27449|30|Agua y refrescos|Refresco de cola|Cola zero|Bajadas de precio|Bajadas de precio|Refresco Coca-Cola zero azúcar||4.0|l|0.95|€/l|3.80|agua carbonatada, colorante e-150d, edulcorantes e-952, e-950 y aspartamo, acidulante e-338, aromas naturales (incluyendo cafeína) y corrector de acidez e-331. contiene una fuente de fenilalanina.|5449000136336|0|4.10|E||Cola, without added sugars and with sweetener(s)|18060|4|3
143|2026-09-30 11:04:06|40|2026|43812|Coconut milk chocolate doughnuts Hacendado Cereal & biscuits Biscuits With chocolate & stuffed|1|Alemania|13656|31|Cereales y galletas|Galletas|Con chocolate y rellenas|Bajadas de precio|Bajadas de precio|Rosquillas de chocolate con leche y coco Hacendado||0.3|kg|5.67|€/kg|1.70|harina de trigo, grasa vegetal (palma), 19% chocolate con leche (azúcar, manteca de cacao, leche entera en polvo, pasta de cacao, emulgente: lecitina de girasol), azúcar, 13% coco rallado, almidón de trigo, huevo entero, jarabe de azúcar caramelizado, sal, aroma. aceite de palma sostenible certificado. puede contener trazas de otros frutos de cáscara|8480000136565|0|1.75|E||biscuit with meringue, filled (chocolate, hazelut, coconut…) with chocolate covering or chocolate base|24061|1|3
144|2026-09-30 11:04:06|40|2026|43812|Small pickled mussels Hacendado Cans, soups & creams Cockles & mussels Mussels|1|España|18619|32|Conservas caldos y cremas|Berberechos y mejillones|Mejillones|Bajadas de precio|Bajadas de precio|Mejillones en escabeche Hacendado pequeños||0.111|kg|18.02|€/kg|2.00|mejillones, vinagre de vino, aceite de girasol, especias y sal. puede contener pescado y crustáceo|8480000186096|0|2.15|B||Mussels, in Catalan-style sauce or marinade (tomatoes), canned, drained|10081|4|3
145|2026-09-30 11:04:06|40|2026|43812|Breaded hake fish sticks Deep frozen Hacendado Frozen food Breaded food Battered fish|1|España|63151|33|Congelados|Rebozados|Pescado rebozado|Bajadas de precio|Bajadas de precio|Palitos de merluza a la romana Hacendado ultracongelados||0.5|kg|5.30|€/kg|2.65|merluza (pescado) (35%), rebozado (65%): agua, pan rallado (harina de trigo (gluten), agua, pimentón, sal, cúrcuma y levadura), harina de trigo (gluten), aceite refinado de girasol, almidón, sal, gasificantes (e-450, e-500), corrector de la acidez (e-330), zumo de limón concentrado, lactosa, espesante (e-417), potenciador del sabor (e-621), ajo en polvo y colorante (e-101). puede contener trazas de leche, huevo, crustáceos, moluscos, soja, mostaza y cacahuete.|8480000631510|0|2.75|D||Fish, breaded, frozen, raw|26029|4|3
146|2026-09-30 11:04:07|40|2026|43812|Vegetable burgers with pumpkin Hacendado Pizza & ready meals Hot ready meals Others|1|Italia|15269|34|Pizzas y platos preparados|Platos preparados calientes|Otros|Bajadas de precio|Bajadas de precio|Burgers vegetales Hacendado con calabaza||0.16|kg|11.25|€/kg|1.80|ingredientes:  calabaza 40%, aceite de semilla de girasol, cebolla caramelizada 10% (cebolla, aceite de semilla de girasol, azúcar  de caña), zanahorias 9%, harina de soja reestructurada, harina de trigo, almidones, hojuelas de patata, gluten  de trigo, fibra de guisante, proteína de soja, cebolla 1%, perejil, sal, polvo de calabaza 0,9%, espesante:  metilcelulosa; ajo deshidratado, conservador: sorbato potásico; agua, aroma natural, polvo de romero, levadura de  cerveza. puede contener apio, mostaza y altramuces.|8402001041808|0|2.00|C||Vegetable flan with eggs|8297|4|3
147|2026-09-30 11:04:07|40|2026|43812|1º Olive oil Hacendado Oils, spices & sauces Oil, vinegar & salt Olive oil|1|España|4640|36|Aceite especias y salsas|Aceite vinagre y sal|Aceite de oliva|Bajadas de precio|Bajadas de precio|Aceite de oliva 1º Hacendado||1.0|l|3.90|€/l|3.90|ingredientes: aceite de oliva refinado y aceite de oliva virgen|8480000046406|0|4.00|C||Olive oil, extra virgin|17270|1|3
148|2026-09-30 11:04:07|40|2026|43812|PistachioS, coated in milk chocolate Hacendado Sugar, sweets & chocolate Chocolate Bars|1|España|20891|37|Azúcar caramelos y chocolate|Chocolate|Chocolatinas|Bajadas de precio|Bajadas de precio|Pistachos bañados de chocolate con leche Hacendado||0.1|kg|24.00|€/kg|2.40|chocolate con leche (55%) (azúcar, manteca de cacao, leche entera en polvo, pasta de cacao, lactosuero en polvo (leche), emulgente (lecitinas (soja)) y aroma), pistacho (32%), azúcar caramelizado (12,5%), sal (0,5%), jarabe de glucosa, estabilizante (e-414) y agente de recubrimiento (e-904). cacao: 38% mínimo en chocolate. trazas de cacahuete y otros frutos de cáscara.. sin gluten.|8402001045233|0|2.50|E||Chocolate confectionery, coated|31041|4|3
149|2026-09-30 11:04:07|40|2026|43812|Olive oil Hacendado Oils, spices & sauces Oil, vinegar & salt Olive oil|1|España|4641|38|Aceite especias y salsas|Aceite vinagre y sal|Aceite de oliva|Bajadas de precio|Bajadas de precio|Aceite de oliva 1º Hacendado||5.0|l|3.45|€/l|17.25|aceite de oliva virgen y aceite de oliva refinado|8480000046413|0|17.75|C||Olive oil, extra virgin|17270|1|3
150|2026-09-30 11:04:07|40|2026|43812|Virgin coconut oil Hacendado Oils, spices & sauces Oil, vinegar & salt Others oils|1|España|4193|39|Aceite especias y salsas|Aceite vinagre y sal|Otros aceites|Bajadas de precio|Bajadas de precio|Aceite de coco virgen Hacendado||0.45|l|11.33|€/l|5.10|100% aceite de coco. aceite de coco suave y aromático, prensado en frío.|8402001034664|0|5.25|E||Coconut fat or oil, virgin|16050|4|3
151|2026-09-30 11:04:07|40|2026|43812|Spicy extra chorizo slices Hacendado Deli & cheese Cured meat Chorizo|1|España|12084|41|Charcutería y quesos|Embutido curado|Chorizo|Bajadas de precio|Bajadas de precio|Chorizo picante extra Hacendado lonchas||0.24|kg|10.00|€/kg|2.40|carne de cerdo, panceta, sal, pimentones, lactosa, dextrina, proteïnas de la leche, azúcar, dextrosa, ajo, estabilizante (e-450), antioxidante (e-331, e-301), especias, extracto de pimentón, conservadores (e-250, e-252) y colorante (e-120)|8402001030239|0|2.50|E||Spicy pork sausage with red pepper, in slices|30317|4|3
152|2026-09-30 11:04:07|40|2026|43812|Espresso natural ground coffee Hacendado Chocolate drinks, coffee & tea Ground coffee & coffee beans Ground coffee|1|España|11714|42|Cacao café e infusiones|Café molido y en grano|Café molido|Bajadas de precio|Bajadas de precio|Café molido natural Hacendado Espresso||0.25|kg|13.80|€/kg|3.45|café|8480000117144|0|3.60|||Coffee, ground|18003|1|3
153|2026-09-30 11:04:08|40|2026|43812|Gazpacha cracked greens olives Hacendado Snacks Olives & pickles Green olives|1|España|23961|43|Aperitivos|Aceitunas y encurtidos|Aceitunas verdes|Bajadas de precio|Bajadas de precio|Aceitunas verdes Gazpacha Hacendado partidas||0.7|kg|3.00|€/kg|2.10|aceitunas verdes aderezadas partidas 70%, variantes 30% (cebollitas, pepinillos, coliflor, zanahoria y ajos blancos (contiene sulfitos)), sal, vinagre de alcohol, acidulante: ácido cítrico, antioxidante: ácido l-ascórbico, potenciador del sabor e-621, oleoresina de pimentón (extracto de pimentón y emulsionante e-433) y especias. producto pasteurizado. sin gluten|8402001052224|0|2.20|D||Olives, black (average food)|13186|4|3
154|2026-09-30 11:04:08|40|2026|43812|Soft drink Coca-Cola Water & soft drinks Cola drinks Classic cola|1|España|27348|44|Agua y refrescos|Refresco de cola|Cola clásica|Bajadas de precio|Bajadas de precio|Refresco Coca-Cola||4.0|l|1.14|€/l|4.54|agua carbonatada, azúcar, colorante e-150d, acidulante e-338 y aromas naturales (incluyendo cafeína).|5449000034298|0|4.84|E||Cola, with sugar(s)|18018|4|3
155|2026-09-30 11:04:08|40|2026|43812|Soft drink Coca-Cola Water & soft drinks Cola drinks Classic cola|1|España|27321|45|Agua y refrescos|Refresco de cola|Cola clásica|Bajadas de precio|Bajadas de precio|Refresco Coca-Cola||3.96|l|2.73|€/l|10.80|ingredientes: agua carbonatada, azúcar, colorante e-150d, acidulante ácido fosfórico, aromas naturales y aroma cafeína.|5449000055200|0|11.88|E||Cola, with sugar(s)|18018|4|3
156|2026-09-30 11:04:08|40|2026|43812|Special beer Estrella Galicia Beer, wine & spirits Beer Beer bottles|1|España|66587|47|Bodega|Cerveza|Cerveza botella y botellín|Bajadas de precio|Bajadas de precio|Cerveza especial Estrella Galicia|5.5|3.0|l|2.44|€/l|7.32|agua, malta de cebada, maíz y lúpulo.|8412598001819|0|8.16|||Beer, special (5-6° alcohol)|5010|1|3
157|2026-09-30 11:04:08|40|2026|43812|Lemon isotonic drink zero sugar Aquarius Water & soft drinks Isotonic & energy drinks Isotonic|1|España|29612|48|Agua y refrescos|Isotónico y energético|Isotónico|Bajadas de precio|Bajadas de precio|Bebida isotónica limón Aquarius zero azúcar||1.5|l|1.13|€/l|1.69|ingredientes: agua, acidulante ácido cítrico, estabilizantes: e-576, e-414 y e-445, potenciadores del sabor: cloruro sódico, fosfato potásico y fosfato cálcico, edulcorantes: acesulfamo k, sucralosa y aspartamo, *sales minerales: gluconato de zinc y seleniato de sodio y aromas. contiene una fuente de fenilalanina.|5449000171771|0|2.10|E||Energy drink, with sugar(s) and with sweetener(s)|18354|4|3
158|2026-09-30 11:04:08|40|2026|43812|Zero Zero soft drink Coca-Cola Water & soft drinks Cola drinks Zero cola|1|España|28180|49|Agua y refrescos|Refresco de cola|Cola zero|Bajadas de precio|Bajadas de precio|Refresco Coca-Cola zero azúcar zero cafeína||4.0|l|0.95|€/l|3.80|agua carbonatada, colorante e-150d, edulcorantes: ciclamato sódico, acesulfamo k y aspartamo, acidulante ácido fosfórico, aromas naturales y corrector de acidez: citratos de sodio. contiene una fuente de fenilalanina.|5449000096203|0|4.10|E||Cola, without added sugars, with sweetener(s) and no caffeine|18068|4|3
159|2026-09-30 11:04:08|40|2026|43812|Zero zero soft drink Coca-Cola Water & soft drinks Cola drinks Zero cola|1|España|26997|50|Agua y refrescos|Refresco de cola|Cola zero|Bajadas de precio|Bajadas de precio|Refresco Coca-Cola zero azúcar zero cafeína||3.96|l|2.58|€/l|10.20|ingredientes: agua carbonatada, colorante e-150d, edulcorantes: ciclamato sódico, acesulfamo k y aspartamo, acidulante ácido fosfórico, aromas naturales, aroma cafeína y corrector de acidez: citratos de sodio.|5449000096197|0|11.16|E||Cola, without added sugars, with sweetener(s) and no caffeine|18068|4|3
160|2026-09-30 11:04:09|40|2026|43812|Lemon isotonic drink Aquarius Water & soft drinks Isotonic & energy drinks Isotonic|1|España|29608|51|Agua y refrescos|Isotónico y energético|Isotónico|Bajadas de precio|Bajadas de precio|Bebida isotónica limón Aquarius|15.0|1.5|l|1.27|€/l|1.91|lista de soja|5449000164957|0|2.10|C||Energy drink, with sugar(s) and with sweetener(s)|18354|1|3
161|2026-09-30 11:04:09|40|2026|43812|Mayonnaise Hellmann's Oils, spices & sauces Mayonnaise, ketchup & mustard Mayonnaise|1|España|35840|52|Aceite especias y salsas|Mayonesa ketchup y mostaza|Mayonesa|Bajadas de precio|Bajadas de precio|Mayonesa Hellmann's||0.45|l|5.89|€/l|2.65|ingredientes: aceite de soja2 (64%), agua, vinagre de vino blanco, yema de huevo pasteurizada (5%), zumo de limón concentrado, extracto de pimentón, azúcar, sal, almidón modificado, antioxidante (edta), aroma, colorante (carotenos). 2cultivado de forma sostenible.|8410127050819|0|2.95|||Mayonnaise (70% fat min.), prepacked|11054|3|3
162|2026-09-30 11:04:09|40|2026|43812|Smoked bacon slices Monells Deli & cheese Bacon & sausages Bacon|1|España|21629|53|Charcutería y quesos|Bacón y salchichas|Bacón|Bajadas de precio|Bajadas de precio|Bacón ahumado Monells lonchas||0.225|kg|9.11|€/kg|2.05|panceta de cerdo (95%), sal, conservadores (e-326, e-243, e-250), dextrosa, jarabe de glucosa, estabilizantes (e-451, e-450), antioxidantes (e-331, e-301), aromas, extracto de especias.|8411477916343|0|2.20|E||Bacon, back|28727|1|3
163|2026-09-30 11:04:09|40|2026|43812|Orange isotonic drink Aquarius Water & soft drinks Isotonic & energy drinks Isotonic|1|España|29609|54|Agua y refrescos|Isotónico y energético|Isotónico|Bajadas de precio|Bajadas de precio|Bebida isotónica naranja Aquarius||1.5|l|1.27|€/l|1.91|ingredientes: agua, azúcar, acidulantes: ácido cítrico y ácido málico, potenciadores del sabor: cloruro sódico, fosfato potásico y fosfato cálcico, corrector de acidez: citratos de sodio, antioxidante ácido ascórbico, estabilizantes: e-414 y e-445, *sales minerales: gluconato de zinc y seleniato de sodio, edulcorantes: sucralosa y acesulfamo k, aromas naturales de cítricos y colorante carotenos.|5449000133847|0|2.10|D||Energy drink, with sugar(s) and with sweetener(s)|18354|4|3
164|2026-09-30 11:04:09|40|2026|43812|Lemon flavored tea soft drink Fuze Tea Water & soft drinks Still & tea soft drinks Tea|1|España|11688|55|Agua y refrescos|Refresco de té y sin gas|Té|Bajadas de precio|Bajadas de precio|Refresco té sabor limón Fuze Tea||1.5|l|0.99|€/l|1.49|ingredientes: agua, azúcar, correctores de acidez: ácido cítrico y citratos de sodio, extracto de té negro (0,1%), zumo de limón a partir de concentrado (0,1%), antioxidante ácido ascórbico, edulcorantes: acesulfamo k y sucralosa y aromas naturales.|5449000329028|0|1.99|D||Still soft drink with tea extract, with sugar(s) and sweetener(s)|18015|4|3
165|2026-09-30 11:04:09|40|2026|43812|Biscuits Tosta Rica Cereal & biscuits Biscuits Breakfast cookies|1|España|14087|56|Cereales y galletas|Galletas|Galletas desayuno|Bajadas de precio|Bajadas de precio|Galletas tostadas Tosta Rica||0.57|kg|4.39|€/kg|2.50|harina de trigo (68%), azúcar, aceite refinado de girasol alto oleico (14%), suero lácteo en polvo, jarabe de  glucosa y fructosa, emulgente (lecitina), sal, gasificantes (carbonatos de amonio, carbonatos de sodio), colorante: e150d (contiene sulfitos), aromas (contiene leche), vitaminas (a, d, tiamina (b1), riboflavina (b2), niacina (b3), b6), minerales (hierro y calcio), agente de tratamiento de la harina (metabisulfito sódico).  puede contener  mostaza.|8410014413611|0|2.95|D||Breakfast biscuit (cookie), reduced sugar|24035|4|3
166|2026-09-30 11:04:09|40|2026|43812|Chicken 97% stuffed oven roasted slices La Carloteña Deli & cheese Cooked poultry & ham Turkey & others|1|España|56084|57|Charcutería y quesos|Aves y jamón cocido|Pavo y otros|Bajadas de precio|Bajadas de precio|Pollo 97% relleno La Carloteña asado al horno lonchas||0.15|kg|15.33|€/kg|2.30|pollo (97%), [muslo de pollo (48,6%), pollo deshuesado (40%), pechuga de pollo (8,4%)], almidón, proteinas de la leche, proteina de soja, sal, especias, dextrosa, lactosa, almendra molida, estabilizantes (e-450, e-452, e-407), aromas, antioxidantes (e-301, e-331), conservador (e-250). contiene trazas de otros frutos de cascara y huevo. puede contener restos de cartílagos y/o huesos al proceder de un auténtico pollo deshuesado a mano. sin gluten|8437005669765|0|2.40|D||Cooked ham, from chicken, in slices|28963|4|3
167|2026-09-30 11:04:09|40|2026|43812|Special beer San Miguel Beer, wine & spirits Beer Beer cans|1|España|66026|58|Bodega|Cerveza|Cerveza lata|Bajadas de precio|Bajadas de precio|Cerveza especial San Miguel|5.4|3.96|l|1.36|€/l|5.40|agua, malta de cebada, maíz, lúpulo|8410655000874|0|6.96|||Beer, special (5-6° alcohol)|5010|1|3
168|2026-09-30 11:04:09|40|2026|43812|+Proteínas Dairy dessert with strawberry pieces 0% fat 10 g protein Hacendado Dessert & yoghurt Low fat yoghurt Low fat yoghurt|1|Francia|20996|59|Postres y yogures|Yogures desnatados|Yogures desnatados|Bajadas de precio|Bajadas de precio|Postre lácteo con fresa +Proteínas 10 g 0% MG||0.48|kg|3.13|€/kg|1.50|leche desnatada pasteurizada, fresa (9.5%), fructosa, almidón modificado, aroma, espesante: pectinas, edulcorantes: acesulfamo potásico y sucralosa, colorante: carmín, fermentos lácticos.|8480000209962|0|1.55|A||Yoghurt, rich in protein, on a fruit layer, with sugar(s)|19669|4|3
169|2026-09-30 11:04:09|40|2026|43812|Pure cacao powder La Chocolatera Chocolate drinks, coffee & tea Chocolate drinks & hot chocolate Hot chocolate|1|España|22580|62|Cacao café e infusiones|Cacao soluble y chocolate a la taza|Chocolate a la taza|Bajadas de precio|Bajadas de precio|Cacao puro en polvo La Chocolatera||0.265|kg|16.60|€/kg|4.40|cacao desgrasado en polvo, correctores de acidez: carbonato de potasio, hidróxido de potasio. manteca de cacao: 16%. sin gluten.|8410109121551|0|4.75|C||Coffee with milk or cappuccino with chocolate, powder, instant|18163|1|3
170|2026-09-30 11:04:09|40|2026|43812|Special beer San Miguel Beer, wine & spirits Beer Beer cans|1|España|27103|63|Bodega|Cerveza|Cerveza lata|Bajadas de precio|Bajadas de precio|Cerveza especial San Miguel|5.4|0.33|l|1.52|€/l|0.50|agua, malta de cebada , maiz, lúpulo|8410655000010|0|0.74|||Beer, special (5-6° alcohol)|5010|1|3
171|2026-09-30 11:04:09|40|2026|43812|Beer Estrella Damm Beer, wine & spirits Beer Beer cans|1|EU|66015|64|Bodega|Cerveza|Cerveza lata|Bajadas de precio|Bajadas de precio|Cerveza Estrella Damm|5.4|3.96|l|2.09|€/l|8.28|agua,malta de cebada, arroz, lúpulo.|50648238532|0|10.44|||Beer, special (5-6° alcohol)|5010|1|3
172|2026-09-30 11:04:10|40|2026|43812|Original mayonnaise Ligeresa Oils, spices & sauces Mayonnaise, ketchup & mustard Mayonnaise|1|España|35839|65|Aceite especias y salsas|Mayonesa ketchup y mostaza|Mayonesa|Bajadas de precio|Bajadas de precio|Salsa Original Ligeresa||0.425|l|4.71|€/l|2.00|agua, aceite de girasol (14%), vinagre de vino, almidón modificado, azúcar, yema de huevo pasteurizada, sal, jarabe de glucosa deshidratado, emulgente (e476), espesantes (goma garrofín y goma guar), aroma, colorante (carotenos).|8720182381804|0|2.50|||Mayonnaise, reduced fat or light mayonnaise, prepacked|11079|4|3
173|2026-09-30 11:04:10|40|2026|43812|Natural milk drink Actimel Danone Dessert & yoghurt Liquid yoghurt L-Casei|1|España|20738|66|Postres y yogures|Yogures líquidos|L-Casei|Bajadas de precio|Bajadas de precio|Bebida láctea natural Actimel||1.2|kg|4.13|€/kg|4.95|leche desnatada rehidratada, leche semidesnatada, azúcar (7,3%), glucosa (0,6%), sólidos lácteos, fermentos lácticos (fermentos de yogur y lactobacillus casei), vitaminas (d y b9) y sales minerales (hierro y zinc). origen de le leche: españa.|8410500010485|0|5.99|D||Fermented milk drink, flavoured, with sugar(s), fortified with vitamin D, with L Casei|19551|2|3
174|2026-09-30 11:04:10|40|2026|43812|+Proteínas Dairy dessert with blueberries 0% fat 10 g protein Hacendado Dessert & yoghurt Low fat yoghurt Low fat yoghurt|1|Francia|21073|67|Postres y yogures|Yogures desnatados|Yogures desnatados|Bajadas de precio|Bajadas de precio|Postre lácteo con arándanos +Proteínas 10 g 0% MG||0.48|kg|3.13|€/kg|1.50|leche desnatada pasteurizada, arándano (7.5%), agua, fructosa, almidón modificado, aromas, espesante: pectinas, edulcorantes: acesulfamo potásico y sucralosa, colorante: antocianas, fermentos lácticos.|8480000210739|0|1.55|A||Yoghurt, rich in protein, on a fruit layer, with sugar(s)|19669|4|3
175|2026-09-30 11:04:10|40|2026|43812|Fabada asturiana Litoral Pizza & ready meals Hot ready meals Stews|1|España|22726|69|Pizzas y platos preparados|Platos preparados calientes|Platos de cuchara|Bajadas de precio|Bajadas de precio|Fabada asturiana Litoral||0.42|kg|5.36|€/kg|2.25|alubias cocidas 45.9% (agua, alubias 19%), agua, chorizo extra 6,0% (papada, magro y panceta de cerdo, pimentón, sal, ajo), morcilla curada 5.5% (tocino, papada, panceta, sangre y magro de cerdo, cebolla, pimentón, sal, orégano), panceta ahumada 5.0% (panceta de cerdo, sal, humo), manteca de cerdo ibérico, sal.|7613287816825|0|2.60|C||||2|3
176|2026-09-30 11:04:10|40|2026|43812|Crunchy Bars oat and dark chocolate Nature Valley Cereal & biscuits Cereal Cereal bars|1|Suiza|14713|70|Cereales y galletas|Cereales|Barritas de cereales|Bajadas de precio|Bajadas de precio|Barritas de avena y chocolate negro Crunchy Nature Valley||0.21|kg|9.29|€/kg|1.95|copos de avena integral (56%), azúcar, aceites vegetales (girasol, nabina en proporción variable), trocitos de chocolate (7%) (pasta de cacao, azúcar, emulgente (lecitinas (soja)), aroma natural de vainilla), cacao desgrasado en polvo, miel, sal, melaza, emulgentes (lecitinas), gasificante (carbonato ácido de sodio), aroma natural. alérgenos: ver ingredientes en negrita. puede contener trigo, cacahuetes y frutos de cáscara. sin lactosa.|8410076601513|0|2.60|D||Cereal bar with chocolate|31106|4|3
177|2026-09-30 11:04:10|40|2026|43812|Energy chocolate milkshake ColaCao Eggs, milk & butter Milk & milk alternatives Shakes|1|España|10066|71|Huevos leche y mantequilla|Leche y bebidas vegetales|Batidos|Bajadas de precio|Bajadas de precio|Batido de chocolate ColaCao Energy||0.752|l|3.32|€/l|2.50|leche parcialmente desnatada, azúcar, cacao desgrasado, almidón, aromas, sales minerales (fosfato bicálcico y sulfato de zinc), estabilizantes (e 339, e 471, e 407), sal|8410014366580|0|2.85|D||Chocolate confectionery or bar, with milk|31012|4|3
178|2026-09-30 11:04:11|40|2026|43812|Corn Flakes cereal Kellogg's Cereal & biscuits Cereal Cereal|1|EU|9210|72|Cereales y galletas|Cereales|Cereales|Bajadas de precio|Bajadas de precio|Cereales copos de maíz Corn Flakes Kellogg's||0.5|kg|5.00|€/kg|2.50|maíz (98%), azúcar, aroma de malta de cebada, sal.vitaminas y minerales: niacina, hierro, vitamina b6, riboflavina (b2), tiamina (b1), ácido fólico, vitamina d, vitamina b12.para alérgenos ver ingredientes destacados en negrita.|4003994111901|0|3.00|D||Cereal flakes, plain, with sugar(s), not fortified|32042|3|3
179|2026-09-30 11:04:11|40|2026|43812|+Proteínas Dairy dessert Coconut flavour 0% fat 10 g protein Hacendado Dessert & yoghurt Low fat yoghurt Low fat yoghurt|1|Francia|52855|74|Postres y yogures|Yogures desnatados|Yogures desnatados|Bajadas de precio|Bajadas de precio|Postre lácteo sabor coco +Proteínas 10 g 0% MG||0.48|kg|3.13|€/kg|1.50|leche desnatada, agua, fructosa, coco rallado (0,7%), almidón modificado, aromas, espesante: pectinas, edulcorantes: acesulfame potásico y sucralosa, fermentos lácticos.|8402001019845|0|1.55|A||Quark or dairy specialty, flavoured, 0% fat, with sugar(s)|19714|4|3
180|2026-09-30 11:04:11|40|2026|43812|Instant cup noodles Yatekomo chicken flavour Gallina Blanca Rice, pulses & pasta Pasta & noodles Oriental noodles|1|España|8645|75|Arroz legumbres y pasta|Pasta y fideos|Fideos orientales|Bajadas de precio|Bajadas de precio|Fideos orientales Yatekomo sabor pollo Gallina Blanca||0.18|kg|19.17|€/kg|3.45|fideos orientales (harina de trigo, aceite de girasol, sal) (91,7%), condimento (8,3%)(aromas naturales, sal, zanahoria, fibra de avena, azúcar, ajo, grasa de pollo (0,15%), especias, apio , aroma natural de apio, carne de pollo (0,05%), cebada malteada, puerro, perejil). puede contener trazas desoja, pescado, moluscos, crustáceos, leche, mostaza, huevo. contieneapio.|8410300352914|0|4.10|C||Noodles, asian style, instant, flavoured, cooked|25243|1|3
181|2026-09-30 11:04:11|40|2026|43812|Natural milk drink 0% fat 0% added sugars Actimel Danone Dessert & yoghurt Liquid yoghurt L-Casei|1|España|20709|76|Postres y yogures|Yogures líquidos|L-Casei|Bajadas de precio|Bajadas de precio|Bebida láctea natural Actimel 0% MG 0% azúcares añadidos||1.2|kg|4.13|€/kg|4.95|leche desnatada rehidratada, leche parcialmente desnatada pasteurizada, sólidos lácteos, estabilizante (pectina), edulcorantes (acesulfamo k y sucralosa), vitaminas (d y b6), fermentos lácticos (fermentos de yogur y lactobacillus casei) y aromas. origen de la leche: españa. sin gluten.|8410500012861|0|5.99|C||Fermented milk drink, flavoured, with sweetener(s), reduced sugar, 0% fat, with L Casei|19500|4|3
182|2026-09-30 11:04:11|40|2026|43812|Milk chocolate biscuit Milka Sugar, sweets & chocolate Chocolate Milk chocolate|1|Austria|12016|77|Azúcar caramelos y chocolate|Chocolate|Chocolate con leche|Bajadas de precio|Bajadas de precio|Chocolate con leche Milka galleta||0.3|kg|9.83|€/kg|2.95|ingredientes: azúcar, grasa de palma, harina de trigo, pasta de cacao, manteca de cacao, leche desnatada en polvo, suero de leche en polvo, grasa de leche, emulgente (lecitinas de soja), jarabe de glucosa, pasta de avellana, sal, gasificantes (e500, e503), aromas (contienen leche). 7 % de leche desnatada en polvo en el relleno cremoso lácteo. 11,5 % de pasta de cacao en el relleno cremoso con cacao. puede contenerotros frutos de cáscara y huevo.|9012200872739|0|3.95|E||Chocolate bar with biscuit|31000|4|3
183|2026-09-30 11:04:11|40|2026|43812|Red peach isotonic drink Aquarius Water & soft drinks Isotonic & energy drinks Isotonic|1|España|16438|79|Agua y refrescos|Isotónico y energético|Isotónico|Bajadas de precio|Bajadas de precio|Bebida isotónica melocotón rojo Aquarius||1.5|l|1.13|€/l|1.69|ingredientes: agua, azúcar, acidulantes: ácido cítrico y ácido málico, potenciadores del sabor: cloruro sódico, fosfato potásico y fosfato cálcico, corrector de acidez: citrato sódico, antioxidante ácido ascórbico, estabilizantes: e-414 y e-445, gluconato de zinc, edulcorantes: sucralosa y acesulfamo k, aromas naturales de limón y otros aromas naturales .|5449000144881|0|2.10|D||Energy drink, with sugar(s) and with sweetener(s)|18354|4|3
184|2026-09-30 11:04:11|40|2026|43812|Beer Estrella Damm Beer, wine & spirits Beer Beer bottles|1|EU|66016|80|Bodega|Cerveza|Cerveza botella y botellín|Bajadas de precio|Bajadas de precio|Cerveza Estrella Damm|5.4|3.0|l|2.32|€/l|6.96|agua,malta de cebada, arroz, lúpulo.|8410793022943|0|8.40|||Beer, special (5-6° alcohol)|5010|1|3
185|2026-09-30 11:04:12|40|2026|43812|Florida drink Sunny delight Water & soft drinks Still & tea soft drinks Other still soft drinks|1|España|27759|81|Agua y refrescos|Refresco de té y sin gas|Otros refrescos sin gas|Bajadas de precio|Bajadas de precio|Bebida Florida Sunny Delight||1.25|l|1.00|€/l|1.25|agua, zumos de frutas a partir de concentrados 5% (naranja 4,4%, pomelo rojo 0,5% y lima 0,1%), azúcar, acidulante: ácido cítrico, estabilizantes: goma arábiga, e-452i y goma de celulosa, aroma natural de naranja con otros aromas naturales, vitaminas: a (añadida como betacaroteno), b6, c, d y e, edulcorantes: sucralosa y ciclamato sódico.|8414100302643|0|1.50|D||Still soft drink, fruit content >= 10% and < 50%, reduced sugar|18304|4|3
186|2026-09-30 11:04:12|40|2026|43812|Coconut & chocolate flavour protein bars Enervit Sport Cereal & biscuits Cereal Cereal bars|1|Italia|9445|82|Cereales y galletas|Cereales|Barritas de cereales|Bajadas de precio|Bajadas de precio|Barritas con proteínas sabor coco y chocolate Enervit Sport||0.12|kg|24.58|€/kg|2.95|jarabe de fructosa-glucosa - proteínas aisladas de soja (25,2%) - chocolate con leche (azúcar, manteca de cacao, leche en polvo, pasta de cacao, suero de leche en polvo,emulgente: lecitina de soja, extracto de vainilla) (20%) - complejo de minerales (maltodextrina, fosfato tricálcico, carbonato de magnesio, fosfato trisódico, pirofosfato férrico, gluconato decinc, gluconato de manganeso, gluconato cúprico, yoduro de potasio, selenito de sodio) - copos de maíz extrusionado (maíz, azúcar, sal) - copos de avena - proteínas aisladas dela leche (2,5%) - manteca de cacao - aceite de girasol - incrementador de volumen: polidextrosa - aromas - complejo de vitaminas (ácido l-ascórbico, beta-caroteno, acetato de d-alfatocoferilo, nicotinamida, vitamina b6 microencapsulada (clorhidrato de piridoxina, emulgente: monogliceridos y digliceridos de acidos grasos), d-pantotenato cálcico, colecalciferol,riboflavina, clorhidrato de tiamina, vitamina b12 recubierta (maltodextrina, corrector de acidez: citrato de sodio, acidulante: ácido cítrico, cianocobalamina), ácido pteroilmonoglutámico,d-biotina) - emulgente: lecitina de girasol. puede contener trazas defrutos de cáscara, cacahuetes y granos de sésamo.|8007640982163|0|3.60|E||Cereal bar with chocolate, fortified with vitamins and minerals|31102|4|3
187|2026-09-30 11:04:11|40|2026|43812|Special beer San Miguel Beer, wine & spirits Beer Beer bottles|1|España|66345|83|Bodega|Cerveza|Cerveza botella y botellín|Bajadas de precio|Bajadas de precio|Cerveza especial San Miguel|5.4|3.0|l|1.60|€/l|4.80|agua, lúpulo, maiz, malta de cebada|8410655010552|0|6.84|||Beer, special (5-6° alcohol)|5010|1|3
188|2026-09-30 11:04:12|40|2026|43812|Energy Ultra drink zero sugar Monster Water & soft drinks Isotonic & energy drinks Energy|1|Irlanda|28670|84|Agua y refrescos|Isotónico y energético|Energético|Bajadas de precio|Bajadas de precio|Bebida energética Monster Energy Ultra zero azúcar||2.0|l|2.64|€/l|5.28|ingredientes: agua carbonatada, acidulante (ácido cítrico), taurina (0.4%), corrector de acidez (citratos de sodio), aromas, extracto de raíz de panax ginseng (0.08%), edulcorantes (sucralosa, acesulfamo k), conservadores (ácido sórbico, ácido benzoico), cafeína (0.03%), l-carnitina l-tartrato (0.015%), vitaminas (b3, b5, b6, b12), cloruro sódico, d-glucuronolactona, extracto de semilla de guaraná (0.002%), inositol.|5060517883836|0|6.68|E||Energy drink, no added sugar(s) and with sweetener(s), fortified with vitamins|18353|1|3
189|2026-09-30 11:04:12|40|2026|43812|Diet Coke soft drink Coca-Cola Water & soft drinks Cola drinks Zero cola|1|España|27184|86|Agua y refrescos|Refresco de cola|Cola zero|Bajadas de precio|Bajadas de precio|Refresco Coca-Cola light||2.97|l|2.48|€/l|7.38|agua carbonatada, colorante e-150d, edulcorantes: ciclamato sódico, acesulfamo k y aspartamo, acidulantes: ácido fosfórico y ácido cítrico, aromas naturales y aroma cafeína.|5449000233011|0|8.37|E||Cola, without added sugars and with sweetener(s)|18060|4|3
190|2026-09-30 11:04:12|40|2026|43812|Fruit + Milk Protein 20 g with Collagen and Vitamin C Don Simón Juice Assorted fruit Fruit + milk|1|España|24586|88|Zumos|Fruta variada|Fruta + leche|Bajadas de precio|Bajadas de precio|Fruta + leche Proteína 20 gr Don Simón con colágeno y vitamina C||0.33|l|3.79|€/l|1.25|agua, zumo de frutas parcialmente a partir de concentrado (20 %) en proporción variable (piña, uva, mango y manzana), leche desnatada (15 %), proteína de arroz (4,3 %), colágeno hidrolizado (2 %), estabilizantes [pectina (e-466) y e-460i], acidulantes (ácido málico y ácido cítrico), aromas, colorante (beta-caroteno), edulcorante (sucralosa) y vitamina c.|8410261644240|1|1.65|C||Still beverage with fruit juice and milk|18343|4|3
191|2026-09-30 11:04:12|40|2026|43812|+Proteínas Dairy dessert with mango and passion fruit purée 0% fat 10 g protein Hacendado Dessert & yoghurt Low fat yoghurt Low fat yoghurt|1|Francia|21151|91|Postres y yogures|Yogures desnatados|Yogures desnatados|Bajadas de precio|Bajadas de precio|Postre lácteo con puré mango y maracuya +Proteínas 10 g 0% MG||0.48|kg|3.13|€/kg|1.50|leche desnatada pasteurizada, agua, mango (4.3%), fructosa, maracuyá (0.8%) almidón modificado, aroma, espesante: pectinas, edulcorantes: acesulfamo potásico y sucralosa, colorante: beta carotenos, fermentos lácticos.|8480000211514|0|1.55|A||Quark or dairy specialty, on a fruit layer, 0% fat, with sugar(s)|19725|4|3
192|2026-09-30 11:04:12|40|2026|43812|Natural milk drink 0% added sugars 0% fat Danacol Danone Dessert & yoghurt Liquid yoghurt Cholesterol & others|1|España|20940|92|Postres y yogures|Yogures líquidos|Colesterol y otros|Bajadas de precio|Bajadas de precio|Bebida láctea natural Danacol 0% azúcares añadidos 0% MG||1.0|kg|5.45|€/kg|5.45|leche pasteurizada desnatada, concentrado de sólidos lácteos rehidratado, éster de esterol vegetal (2,6%, del cual 1,6% esterol vegetal libre), leche en polvo desnatada, aromas, fermentos lácticos y edulcorantes (acesulfamo k y sucralosa). origen de la leche: españa.|8410500017552|0|5.90|C||Fermented milk drink, flavoured, with sweetener(s), reduced sugar, 0% fat, with L Casei|19500|4|3
193|2026-09-30 11:04:12|40|2026|43812|Orange soft drink Fanta Water & soft drinks Orange & lemon soft drinks Orange|1|España|17542|93|Agua y refrescos|Refresco de naranja y de limón|Naranja|Bajadas de precio|Bajadas de precio|Refresco Fanta naranja||4.0|l|0.75|€/l|2.98|ingredientes: agua carbonatada, 5% zumo de naranja *a partir de concentrado, azúcar, acidulantes: ácido cítrico y ácido málico, estabilizantes: e-414, e-444, e-445 y e-412, edulcorantes: e-950 y aspartamo, corrector de acidez: citratos de sodio, conservador: e-202, aromas naturales de naranja y otros aromas naturales, colorante carotenos y antioxidante ácido ascórbico.|5449000350923|0|3.60|D||Orange juice, from concentrate|2012|4|3
194|2026-09-30 11:04:12|40|2026|43812|Strawberry milk drink 0% added sugars 0% fat Danacol Danone Dessert & yoghurt Liquid yoghurt Cholesterol & others|1|España|20941|94|Postres y yogures|Yogures líquidos|Colesterol y otros|Bajadas de precio|Bajadas de precio|Bebida láctea de fresa Danacol 0% azúcares añadidos 0% MG||1.0|kg|5.45|€/kg|5.45|leche pasteurizada desnatada, concentrado de sólidos lácteos rehidratado, éster de esterol vegetal (2,6%, del cual 1,6% esterol vegetal libre), pulpa de fresa (1%), leche desnatada en polvo, colorante (carmines), aroma, fermentos lácticos y edulcorantes (acesulfamo k y sucralosa). origen de la leche: españa.|8410500017538|0|5.90|C||Fermented milk drink, flavoured, with sweetener(s), reduced sugar, 0% fat, with L Casei|19500|4|3
195|2026-09-30 11:04:12|40|2026|43812|Classic natural soluble coffee Nescafé Chocolate drinks, coffee & tea Soluble coffee & other drinks Soluble coffee|1|España|11111|95|Cacao café e infusiones|Café soluble y otras bebidas|Café soluble|Bajadas de precio|Bajadas de precio|Café soluble natural Nescafé classic||0.1|kg|47.50|€/kg|4.75|café soluble|5601001322808|0|5.40|||Coffee, powder, instant|18005|1|3
196|2026-09-30 11:04:12|40|2026|43812|Original Margarine Flora Eggs, milk & butter Butter & margarine Margarine|1|Portugal|86503|96|Huevos leche y mantequilla|Mantequilla y margarina|Margarina|Bajadas de precio|Bajadas de precio|Margarina Flora Original||0.4|kg|6.73|€/kg|2.69|agua, aceites vegetales (nabina, girasol, linaza), grasa de coco, emulgentes (lecitina, monoglicéridos y diglicéridos de ácidos grasos), sal 0,2%, aromas naturales, vitaminas (a, b1, d).|8719200234857|0|3.19|C||Solid vegetal fat (margarine type), for frying|16080|4|3
197|2026-09-30 11:04:13|40|2026|43812|Cured pancetta without rind slices La Selva Deli & cheese Bacon & sausages Bacon|1|España|29606|97|Charcutería y quesos|Bacón y salchichas|Bacón|Bajadas de precio|Bajadas de precio|Panceta curada sin corteza La Selva lonchas||0.2|kg|12.50|€/kg|2.50|panceta de cerdo, sal, azúcar, conservadores (e262, e252, e250), especias, extractos de especias.|8410973583363|0|2.65|E||Pancetta|28858|1|3
198|2026-09-30 11:04:13|40|2026|43812|Beer Estrella Damm Beer, wine & spirits Beer Beer cans|1|EU|27134|98|Bodega|Cerveza|Cerveza lata|Bajadas de precio|Bajadas de precio|Cerveza Estrella Damm|5.4|0.33|l|2.27|€/l|0.75|agua,malta de cebada, arroz, lúpulo.|8410793026132|0|0.89|||Beer, special (5-6° alcohol)|5010|1|3
199|2026-09-30 11:04:13|40|2026|43812|Energy drink Red Bull Water & soft drinks Isotonic & energy drinks Energy|1|Austria|24547|99|Agua y refrescos|Isotónico y energético|Energético|Bajadas de precio|Bajadas de precio|Bebida energética Red Bull||2.0|l|4.18|€/l|8.35|agua, sacarosa, glucosa, acidulante ácido cítrico, dióxido de carbono, taurina 0,4%, regulador de acidez (carbonatos de sodio, carbonato magnésico), cafeína 0,03%, vitaminas (niacina, ácido pantoténico, b6, b12), aromas, colorantes (caramelo, riboflavina)|9002490206130|0|10.35|E||Energy drink, with sugar(s)|18352|1|3
200|2026-09-30 11:04:13|40|2026|43812|Classic decaf instant coffee Nescafé Chocolate drinks, coffee & tea Soluble coffee & other drinks Soluble coffee|1|España|11104|100|Cacao café e infusiones|Café soluble y otras bebidas|Café soluble|Bajadas de precio|Bajadas de precio|Café soluble descafeinado Nescafé classic||0.1|kg|47.50|€/kg|4.75|café soluble descafeinado|8410100021553|0|5.40|||Decaffeinated coffee, powder, instant|18069|1|3
201|2026-09-30 11:04:13|40|2026|43812|Energy drink Monster Energy Water & soft drinks Isotonic & energy drinks Energy|1|Irlanda|28664|102|Agua y refrescos|Isotónico y energético|Energético|Bajadas de precio|Bajadas de precio|Bebida energética Monster Energy||2.0|l|2.88|€/l|5.76|ingredientes: agua carbonatada, sacarosa, jarabe de glucosa, acidulante (ácido cítrico), aromas, taurina (0.4%), corrector de acidez (citratos de sodio), extracto de raíz de panax ginseng (0.08%), l-carnitina l-tartrato (0.04%), conservadores (ácido sórbico, ácido benzoico), cafeína (0.03%), colorante (antocianinas), vitaminas (b3, b6, b2, b12), edulcorante (sucralosa), cloruro sódico, d-glucuronolactona, extracto de semilla de guaraná (0.002%), inositol, maltodextrina.|5060517883805|0|7.08|E||Energy drink, with sugar(s) and with sweetener(s)|18354|1|3
202|2026-09-30 11:04:13|40|2026|43812|Instant cup noodles Yatekomo chicken flavour Gallina Blanca Rice, pulses & pasta Pasta & noodles Oriental noodles|1|España|8618|103|Arroz legumbres y pasta|Pasta y fideos|Fideos orientales|Bajadas de precio|Bajadas de precio|Fideos orientales Yatekomo sabor pollo Gallina Blanca||0.06|kg|23.33|€/kg|1.40|fideos orientales (harina de trigo, aceite de girasol, sal) (91,7%), condimento (8,3%)(aromas naturales, sal, zanahoria, fibra de avena, azúcar, ajo, grasa de pollo (0,15%), especias, apio , aroma natural de apio, carne de pollo (0,05%), cebada malteada, puerro, perejil). puede contener trazas de soja, pescado, moluscos, crustáceos, leche, mostaza, huevo. contiene apio.|8410300349952|0|1.65|C||Noodles, asian style, instant, flavoured, cooked|25243|1|3
203|2026-09-30 11:04:13|40|2026|43812|Frizzante verdejo white DulZ.Ze Beer, wine & spirits Lambrusco & sparkling wine Lambrusco & sparkling wine|1|España|23972|104|Bodega|Vino lambrusco y espumoso|Vino lambrusco y espumoso|Bajadas de precio|Bajadas de precio|Frizzante blanco verdejo DulZ.Ze|5.5|0.33|l|2.27|€/l|0.75|vino (uvas, conservador: anhídrido sulfuroso (sulfitos)), mosto de uva, agente estabilizante: ácido metatartárico, dioxido de carbono.|8402001053801|0|0.95|||Wine, white, sparkling|5201|1|3
204|2026-09-30 11:04:14|40|2026|43812|Mango Loco Juiced energy drink Monster Energy Water & soft drinks Isotonic & energy drinks Energy|1|Irlanda|13815|106|Agua y refrescos|Isotónico y energético|Energético|Bajadas de precio|Bajadas de precio|Bebida energética Mango Loco Juiced Monster Energy||2.0|l|2.88|€/l|5.76|ingredientes: agua carbonatada, zumo de frutas a base de concentrado (9%) (mango, guayaba, uva blanca, manzana, piña, naranja, albaricoque, melocotón, fruta de la pasión, limón), sacarosa, jarabe de glucosa, acidulantes (ácido cítrico, ácido málico), taurina (0.4%), aromas, correctores de acidez (citratos de potasio, citratos de sodio), conservadores (sorbato potásico, benzoato sódico), cafeína (0.03%), colorante (carotenos), edulcorante (sucralosa), vitaminas (b3, b6, b2, b12), estabilizantes (goma xantana, alginato sódico, goma arábiga), l-carnitina l-tartrato (0.004%), inositol (0.002%), concentrados de frutas y verduras (uva, zanahoria, boniato).|5060751213130|0|7.08|E||Energy drink, with sugar(s) and with sweetener(s)|18354|4|3
205|2026-09-30 11:04:14|40|2026|43812|London Dry Gin Larios Beer, wine & spirits Spirits Gin|1|España|28715|107|Bodega|Licores|Ginebra|Bajadas de precio|Bajadas de precio|Ginebra London Dry Gin Larios|37.5|1.0|l|10.95|€/l|10.95|bayas de enebro salvaje que se unen a los cítricos más refrescantes: limón y naranja del mediterráneo|8410854601230|0|12.45|||Gin|1002|1|3
206|2026-09-30 11:04:14|40|2026|43812|Sangria Rosé Casón Histórico Beer, wine & spirits Tinto de verano & sangria Tinto de verano & sangria|1|España|24530|108|Bodega|Tinto de verano y sangría|Tinto de verano y sangría|Bajadas de precio|Bajadas de precio|Sangría Rosé Casón Histórico|7.0|0.33|l|2.12|€/l|0.70|vino rosado (uvas, conservador: sulfitos), agua, azúcar, acidulante: ácido cítrico, extractos naturales de cítricos y de canela.|8402001053832|0|0.90|||Sangria|1017|1|3
207|2026-09-30 11:04:14|40|2026|43812|Energy Ultra drink zero sugar Monster Water & soft drinks Isotonic & energy drinks Energy|1|Irlanda|28119|110|Agua y refrescos|Isotónico y energético|Energético|Bajadas de precio|Bajadas de precio|Bebida energética Monster Energy Ultra zero azúcar||0.5|l|2.90|€/l|1.45|ingredientes: agua carbonatada, acidulante (ácido cítrico), taurina (0.4%), corrector de acidez (citratos de sodio), aromas, extracto de raíz de panax ginseng (0.08%), edulcorantes (sucralosa, acesulfamo k), conservadores (ácido sórbico, ácido benzoico), cafeína (0.03%), l-carnitina l-tartrato (0.015%), vitaminas (b3, b5, b6, b12), cloruro sódico, d-glucuronolactona, extracto de semilla de guaraná (0.002%), inositol.|5060337501316|0|1.79|E||Energy drink, no added sugar(s) and with sweetener(s), fortified with vitamins|18353|1|3
208|2026-09-30 11:04:14|40|2026|43812|8 Cereals baby food with María biscuit +6 months Nestlé Baby Baby food Porridge|1|España|35602|111|Bebé|Alimentación infantil|Papillas|Bajadas de precio|Bajadas de precio|Papilla 8 cereales con galleta María Nestlé +6 meses||0.725|kg|6.83|€/kg|4.95|cereales (78,7%) [harinas de trigo hidrolizada, trigo integral (12,6%), avena integral (6%), cebada, centeno, maíz, espelta, arroz, triticale], galleta molida (15,4%) (harina de trigo y leche en polvo), leche en polvo (5,2%), sales minerales (calcio, hierro, zinc y yodo), vitaminas (c, e, b3, b1, a, b6, ácido fólico y d), aromas.|8445290686879|0|5.75|||Baby biscuit|24689|2|3
209|2026-09-30 11:04:14|40|2026|43812|Wafer bar covered in milk chocolate Kit-kat Sugar, sweets & chocolate Chocolate Bars|1|Alemania|16285|113|Azúcar caramelos y chocolate|Chocolate|Chocolatinas|Bajadas de precio|Bajadas de precio|Barritas de barquillo Kit-Kat bañadas de chocolate con leche||0.1245|kg|15.66|€/kg|1.95|azúcar, harina de trigo (contiene calcio, hierro, tiamina y niacina), pasta de cacao', manteca de cacao', leche en polvo, grasas vegetales (palma, shea,palmiste, sal), leche desnatada en polvo, suero de leche filtrado en polvo, emulgente (lecitinas), levadura, gasificante (carbonatos de sodio), jarabe de glucosa, grasa láctea anhidra, suero de leche en polvo, aromas naturales.|8445291354548|0|2.30|E||Chocolate bar with biscuit|31000|4|3
210|2026-09-30 11:04:14|40|2026|43812|Original chocolate drink ColaCao Chocolate drinks, coffee & tea Chocolate drinks & hot chocolate Chocolate drinks|1|España|19846|114|Cacao café e infusiones|Cacao soluble y chocolate a la taza|Cacao soluble|Bajadas de precio|Bajadas de precio|Cacao soluble ColaCao original||2.2|kg|7.05|€/kg|15.50|azúcar, cacao desgrasado natural (22%), crema de cereal kola-malteado [harina de trigo, extracto de malta de cebada, aroma natural (extracto de nuez de cola)], sales minerales (calcio, fósforo), aromas, sal. puede contener trazas de soja, mostaza.|8410014515667|0|17.00|D||Chocolate, bar (average)|31120|1|3
211|2026-09-30 11:04:14|40|2026|43812|Soft beer Xibeca Damm Beer, wine & spirits Beer Beer bottles|1|EU|27144|116|Bodega|Cerveza|Cerveza botella y botellín|Bajadas de precio|Bajadas de precio|Cerveza suave Xibeca Damm|4.6|1.0|l|1.41|€/l|1.41|agua,malta de cebada, maíz, arroz, lúpulo.|8410793013118|0|1.73|||Beer, regular (4-5° alcohol)|5001|1|3
212|2026-09-30 11:04:14|40|2026|43812|Mango Loco Juiced energy drink Monster Energy Monster Water & soft drinks Isotonic & energy drinks Energy|1|Irlanda|13814|117|Agua y refrescos|Isotónico y energético|Energético|Bajadas de precio|Bajadas de precio|Bebida energética Mango Loco Juiced Monster Energy||0.5|l|3.10|€/l|1.55|ingredientes: agua carbonatada, zumo de frutas a base de concentrado (9%) (mango, guayaba, uva blanca, manzana, piña, naranja, albaricoque, melocotón, fruta de la pasión, limón), sacarosa, jarabe de glucosa, acidulantes (ácido cítrico, ácido málico), taurina (0.4%), aromas, correctores de acidez (citratos de potasio, citratos de sodio), conservadores (sorbato potásico, benzoato sódico), cafeína (0.03%), colorante (carotenos), edulcorante (sucralosa), vitaminas (b3, b6, b2, b12), estabilizantes (goma xantana, alginato sódico, goma arábiga), l-carnitina l-tartrato (0.004%), inositol (0.002%), concentrados de frutas y verduras (uva, zanahoria, boniato).|5060639121915|0|1.89|E||Energy drink, with sugar(s) and with sweetener(s)|18354|4|3
213|2026-09-30 11:04:14|40|2026|43812|8 Cereals baby food with honey +6 months Nestlé Baby Baby food Porridge|1|España|35601|118|Bebé|Alimentación infantil|Papillas|Bajadas de precio|Bajadas de precio|Papilla 8 cereales con miel Nestlé +6 meses||0.725|kg|6.83|€/kg|4.95|cereales (87,2%) [harinas de trigo hidrolizada, trigo integral (10,5%), avena integral (5%), cebada, centeno, maíz, espelta, arroz y triticale], miel (9,4%), aceites vegetales (girasol alto oleico, girasol y nabina), sales minerales (calcio, hierro, zinc y yodo), vitaminas (c, e, b3, b1, a, b6, ácido fólico y d), aroma.|8445290686848|0|5.75|||Baby soup, with vegetables, cereals and milk|20253|4|3
214|2026-09-30 11:04:14|40|2026|43812|Energy drink Monster Energy Water & soft drinks Isotonic & energy drinks Energy|1|Irlanda|28016|119|Agua y refrescos|Isotónico y energético|Energético|Bajadas de precio|Bajadas de precio|Bebida energética Monster Energy||0.5|l|3.10|€/l|1.55|ingredientes: agua carbonatada, sacarosa, jarabe de glucosa, acidulante (ácido cítrico), aromas, taurina (0.4%), corrector de acidez (citratos de sodio), extracto de raíz de panax ginseng (0.08%), l-carnitina l-tartrato (0.04%), conservadores (ácido sórbico, ácido benzoico), cafeína (0.03%), colorante (antocianinas), vitaminas (b3, b6, b2, b12), edulcorante (sucralosa), cloruro sódico, d-glucuronolactona, extracto de semilla de guaraná (0.002%), inositol, maltodextrina.|5060166690380|0|1.89|E||Energy drink, with sugar(s) and with sweetener(s)|18354|1|3
215|2026-09-30 11:04:14|40|2026|43812|Soft beer Xibeca Damm Beer, wine & spirits Beer Beer bottles|1|EU|60333|121|Bodega|Cerveza|Cerveza botella y botellín|Bajadas de precio|Bajadas de precio|Cerveza suave Xibeca Damm|4.6|6.0|l|1.41|€/l|8.46|agua,malta de cebada, maíz, arroz, lúpulo.|8410793013316|0|10.38|||Beer, regular (4-5° alcohol)|5001|1|3
216|2026-09-30 11:04:14|40|2026|43812|Instant chocolate drink Nesquik Chocolate drinks, coffee & tea Chocolate drinks & hot chocolate Chocolate drinks|1|España|18235|122|Cacao café e infusiones|Cacao soluble y chocolate a la taza|Cacao soluble|Bajadas de precio|Bajadas de precio|Cacao soluble instantáneo||0.9|kg|6.61|€/kg|5.95|azúcar, cacao natural desgrasado en polvo (23%), emulgente (lectina de soja), sal, vitaminas (c,d), aroma natural, canela.|8445293020588|0|6.75|D||Coffee with milk or cappuccino with chocolate, powder, instant|18163|1|3
217|2026-09-30 11:04:15|40|2026|43812|Strawberry Dreams energy drink Ultra zero sugar Monster Water & soft drinks Isotonic & energy drinks Energy|1|Irlanda|16440|125|Agua y refrescos|Isotónico y energético|Energético|Bajadas de precio|Bajadas de precio|Bebida energética Strawberry Dreams Monster Energy Ultra zero azúcar||0.5|l|2.90|€/l|1.45|ingredientes: agua carbonada, potenciador del sabor (eritritol), ácido (ácido cítrico), taurina (0,4%), regulador de acidez (citratos de sodio), aroma natural de fresa con otros aromas naturales, extracto de raíz de panax ginseng (0,08%), conservantes (sorbato de potasio, benzoato de sodio), cafeína (0,03%), edulcorantes (sucralosa, acesulfame k), l-carnitina l-tartrato (0,015%), vitaminas (b3, b5, b6, b12), estabilizante (ésteres glicerol de resinas de madera), extracto de semilla de guaraná (0,002%), inositol, colorantes (e129, e110, e133).|5056784900826|0|1.79|E||Energy drink, no added sugar(s) and with sweetener(s), fortified with vitamins|18353|1|3
218|2026-09-30 11:04:15|40|2026|43812|Hake and shrimp preparation Seafood & fish Fresh fish Other|1|España|27548|127|Marisco y pescado|Pescado fresco|Otros|Bajadas de precio|Bajadas de precio|Elaborado de merluza y langostino||0.2|kg|14.75|€/kg|2.95|62% merluza (pescado), 11% langostino ((crustáceo), agua, sal, antioxidantes e330, e331, estabilizante e451, e452), harina de arroz, aceite refinado de girasol, fibras vegetales, almidón, azúcar, corrector de la acidez (vinagre tamponado), especias (perejil y ajo) y aromas. puede contener trazas de huevos y derivados, moluscos y derivados y sulfitos.|8480000275486|0|3.30|||Fish burger, from fast food|25416|4|3
219|2026-09-30 11:04:15|40|2026|43812|Mango flavored frizzante Piccolo Giovanni Beer, wine & spirits Lambrusco & sparkling wine Lambrusco & sparkling wine|1|España|23967|128|Bodega|Vino lambrusco y espumoso|Vino lambrusco y espumoso|Bajadas de precio|Bajadas de precio|Frizzante sabor mango Piccolo Giovanni|3.9|0.75|l|2.67|€/l|2.00|agua, vino (uvas, conservador: anhídrido sulfuroso (sulfitos)), azúcar, acidulante: ácido cítrico, dióxido de carbono, aromas y colorantes: e-102 y e-110.|8402001053818|0|2.35|||Wine, white, sparkling, flavoured|5209|1|3
220|2026-09-30 11:04:15|40|2026|43812|Red vermouth Martini Beer, wine & spirits Spirits Vermouth & aperitifs|1|Italia|28401|129|Bodega|Licores|Vermouth y aperitivos|Bajadas de precio|Bajadas de precio|Vermouth rojo Martini|15.0|1.0|l|11.65|€/l|11.65|vino, azúcar, alcohol, extractos aromáticos naturales, colorante: caramelo e-150b, contiene sulfitos|5010677915007|0|11.90|||||1|3
221|2026-09-30 11:04:15|40|2026|43812|Aged rum Negrita Beer, wine & spirits Spirits Rum|1|España|28731|130|Bodega|Licores|Ron|Bajadas de precio|Bajadas de precio|Ron añejo Negrita|37.5|0.7|l|13.29|€/l|9.30|agua, rones envejecidos, caramelo e-150b|8410490001043|0|9.50|||Rum|1004|1|3
222|2026-09-30 11:04:15|40|2026|43812|London Dry Gin Tanqueray Beer, wine & spirits Spirits Gin|1|Inglaterra|28775|131|Bodega|Licores|Ginebra|Bajadas de precio|Bajadas de precio|Ginebra London Dry Gin Tanqueray|43.1|0.7|l|19.57|€/l|13.70|contiene gluten.|5000281015248|0|13.95|||Gin|1002|1|3
223|2026-09-30 11:04:15|40|2026|43812|Johnnie Walker Scotch whisky Red Label Beer, wine & spirits Spirits Whiskey|1|Escocia|28610|133|Bodega|Licores|Whisky|Bajadas de precio|Bajadas de precio|Whisky escocés Red Label Johnnie Walker|40.0|0.7|l|20.93|€/l|14.65||5000267014203|0|16.00|||Whisky|1005|1|3
224|2026-09-30 11:04:16|40|2026|43812|White vermouth Martini Beer, wine & spirits Spirits Vermouth & aperitifs|1|Italia|28400|134|Bodega|Licores|Vermouth y aperitivos|Bajadas de precio|Bajadas de precio|Vermouth blanco Martini|15.0|1.0|l|11.65|€/l|11.65|vino, contiene sulfitos, azúcar, alcohol, extractos aromáticos naturales, conservadores: e-224, aroma natural(vanillina).|3011932000829|0|11.90|||||1|3
225|2026-09-30 11:04:16|40|2026|43812|Herbal Liqueur Jägermeister Beer, wine & spirits Spirits Other liqueur|1|Alemania|28724|135|Bodega|Licores|Otros licores|Bajadas de precio|Bajadas de precio|Licor de hierbas Jägermeister|35.0|0.7|l|21.36|€/l|14.95||4067700011015|0|15.25|||Liqueur|1003|1|3
226|2026-09-30 11:04:16|40|2026|43812|Scotch whisky J&B Beer, wine & spirits Spirits Whiskey|1|Escocia|28613|137|Bodega|Licores|Whisky|Bajadas de precio|Bajadas de precio|Whisky escocés J&B|40.0|0.7|l|15.64|€/l|10.95||5010103800259|0|11.60|||Whisky|1005|1|3
227|2026-09-30 11:04:16|40|2026|43812|Instant chocolate drink Nesquik Chocolate drinks, coffee & tea Chocolate drinks & hot chocolate Chocolate drinks|1|España|21985|140|Cacao café e infusiones|Cacao soluble y chocolate a la taza|Cacao soluble|Bajadas de precio|Bajadas de precio|Cacao soluble instantáneo Nesquik||2.5|kg|6.34|€/kg|15.85|azúcar, cacao natural desgrasado en polvo (23%), emulgente (lecitina de soja), sal, vitaminas (c,d), aroma natural, canela. sin gluten y sin lactosa.|8445290092830|0|16.15|D||Coffee with milk or cappuccino with chocolate, powder, instant|18163|4|3
228|2026-09-30 11:04:16|40|2026|43812|Sangre de Toro red wine, DO Catalunya Bodegas Torres Beer, wine & spirits Red wine Other red wines|1|España|66510|145|Bodega|Vino tinto|Otros vinos tintos|Bajadas de precio|Bajadas de precio|Vino tinto Sangre de Toro Bodegas Torres DO Catalunya|13.5|0.75|l|5.33|€/l|4.00|uvas, correctores de la acidez (ácido tartárico[l(+)]), agentes estabilizantes (goma arábiga, manoproteínas de levadura), conservadores (sulfitos), embotellado en atmósfera protectora.|8410113003027|0|4.30|||Wine, red|5214|1|3
229|2026-09-30 11:04:16|40|2026|43812|Chestnuts Snacks Nuts, seeds & dried fruit Nuts & seeds|1|Portugal|5940|1|Aperitivos|Frutos secos y fruta desecada|Frutos secos|Han vuelto|Han vuelto|Castañas||0.5|kg|7.50|€/kg|3.75|castañas|8420982902871|0||||Chestnut, raw|15024|1|4
230|2026-09-30 11:04:16|40|2026|43812|Hot chocolate Valor Chocolate drinks, coffee & tea Chocolate drinks & hot chocolate Hot chocolate|1|España|12017|2|Cacao café e infusiones|Cacao soluble y chocolate a la taza|Chocolate a la taza|Han vuelto|Han vuelto|Cacao en polvo a la taza Valor||0.5|kg|7.90|€/kg|3.95|azúcar, cacao desgrasado en polvo (20%), almidón de maíz, emulgente: lecitina de soja, aromas. puede contener: leche. sin gluten.|8410109000528|0||E||Chocolate, bar (average)|31120|1|4
231|2026-09-30 11:04:16|40|2026|43812|Cod steaks Seafood & fish Fresh fish Cod|1||81204.1|3|Marisco y pescado|Pescado fresco|Bacalao|Han vuelto|Han vuelto|Bacalao a rodajas||2.16|kg|10.95|€/kg|23.65||2105300812044|0||||Cod, raw|26043|1|4
232|2026-09-30 11:04:16|40|2026|43812|Butterflied cod with no head and no bones Seafood & fish Fresh fish Cod|1||81204.2|4|Marisco y pescado|Pescado fresco|Bacalao|Han vuelto|Han vuelto|Bacalao abierto en libro sin cabeza y sin espina||2.16|kg|10.95|€/kg|23.65||2105300812044|0||||Cod, raw|26043|1|4
233|2026-09-30 11:04:16|40|2026|43812|Half cod steaks Seafood & fish Fresh fish Cod|1||81204.3|5|Marisco y pescado|Pescado fresco|Bacalao|Han vuelto|Han vuelto|Bacalao media pieza a rodajas||1.08|kg|10.95|€/kg|11.83||2105300812044|0||||Cod, raw|26043|1|4
234|2026-09-30 11:04:17|40|2026|43812|Half butterflied cod with no head and no bones Seafood & fish Fresh fish Cod|1||81204.4|6|Marisco y pescado|Pescado fresco|Bacalao|Han vuelto|Han vuelto|Bacalao media pieza abierto en libro sin cabeza y sin espina||1.08|kg|10.95|€/kg|11.83||2105300812044|0||||Cod, raw|26043|1|4
235|2026-09-30 11:04:17|40|2026|43812|Mini Peanut Cups milk chocolate bonbons Hacendado Sugar, sweets & chocolate Chocolate Pralines|1|España|14355|7|Azúcar caramelos y chocolate|Chocolate|Bombones|Han vuelto|Han vuelto|Mini bombones de chocolate con leche Peanut Cups Hacendado relleno de crema y pedazos de cacahuete||0.126|kg|15.08|€/kg|1.90|azúcar, pasta de cacahuete, manteca de cacao, suero de leche en polvo, grasa vegetal (palma), leche entera en polvo, pasta de cacao, trozos de cacahuete tostado (4,50%), mantequilla (leche), sal, emulgente (lecitinas), aroma natural de vainilla. cacao: 28% mínimo en el chocolate con leche. puede contener gluten, huevo, soja y frutos de cáscara.|8402001034893|0||E||Chocolate-coated peanut|31042|4|4
236|2026-09-30 11:04:17|40|2026|43812|Pork salted meat preparation Meat Meat boxes Meat boxes|1|España|1423|9|Carne|Arreglos|Arreglos|Han vuelto|Han vuelto|Preparado de cerdo salado||0.5|kg|5.20|€/kg|2.60|hueso blanco salado (hueso de cerdo y sal), tocino ibérico salado (tocino de cerdo ibérico, sal, dextrosa, antioxidante (e-301) y conservador (e-250)),  hueso de jamón curado (jamón de cerdo, sal marina, antioxidante (e-301), corrector de la acidez (e-331iii), conservador (e-252)), tocino con corteza añejo (tocino con corteza y sal) y sal.|2105100014235|0||E||Pork, meat, cooked (average)|28205|4|4
237|2026-09-30 11:04:17|40|2026|43812|M cockles in spring water Hacendado Cans, soups & creams Cockles & mussels Cockles & clams|1|España|18564|10|Conservas caldos y cremas|Berberechos y mejillones|Berberechos y almejas|Han vuelto|Han vuelto|Berberechos al natural M Hacendado||0.111|kg|41.89|€/kg|4.65|berberechos (moluscos), agua y sal. puede contener trazas de pescado y crustáceos.|8410721055647|0||C||Mussel, boiled/cooked in water|10013|1|4
238|2026-09-30 11:04:17|40|2026|43812|Tangerine Fruits & vegetables Fruits Citrus fruit|1|España|3238|11|Fruta y verdura|Fruta|Cítricos|Han vuelto|Han vuelto|Mandarina||0.117|kg|2.65|€/kg|0.31|tratado con agentes de recubrimiento (e903, e-473) imazalil y fludioxonil.|5607761300018|0||||||3|4
239|2026-09-30 11:04:17|40|2026|43812|Sweet red apples Fruits & vegetables Fruits Apple  & pear|1|España|8280|12|Fruta y verdura|Fruta|Manzana y pera|Han vuelto|Han vuelto|Manzanas rojas dulces||1.57|kg|1.80|€/kg|2.83|manzana roja dulce (scilate)|2308280001808|0||||Stewed fruits, apple, no added sugars, (pulp or mixed fruits), room temperature|13187|1|4
240|2026-09-30 11:04:17|40|2026|43812|XXL sugar-free fruit-flavoured mixed chewing gums tabs Hacendado Sugar, sweets & chocolate Chewing gum & candy Chewing gum|1|España|65213|13|Azúcar caramelos y chocolate|Chicles y caramelos|Chicles|Han vuelto|Han vuelto|Chicles gragea XXL frutal mix sin azúcar Hacendado||0.1|kg|18.00|€/kg|1.80|edulcorantes: sorbitol e isomalt, goma base (con antioxidante: extracto rico en tocoferoles), edulcorantes: xilitol, jarabe de maltitol y manitol, aromas, humectantes: glicerina y triacetina, espesante: goma arábiga, acidulantes: ácido málico, ácido cítrico y ácido tartárico, edulcorantes: aspartamo y acesulfamo k, agente de recubrimiento: cera de carnauba, colorantes: carotenos y ácido carmínico, extracto vegetal (cártamo) y concentrado de espirulina|8402001035036|0||B||Chewing gum, sugar-free|31054|4|4
241|2026-09-30 11:04:17|40|2026|43812|Acid sweet red apples Fruits & vegetables Fruits Apple  & pear|1|Italia|8268|14|Fruta y verdura|Fruta|Manzana y pera|Han vuelto|Han vuelto|Manzanas rojas acidulces||1.57|kg|2.60|€/kg|4.08|manzanas rojas acidulces|5609014019487|0||||Stewed fruits, apple, no added sugars, (pulp or mixed fruits), room temperature|13187|1|4
242|2026-09-30 11:04:17|40|2026|43812|Meats for escudella Meat Meat boxes Meat boxes|1|España|3739|15|Carne|Arreglos|Arreglos|Han vuelto|Han vuelto|Arreglo para escudella||1.0|kg|6.90|€/kg|6.90|ingredientes: pollo, preparado carne vacuno (carne de vacuno 90%, agua, fibra vegetal (guisante), aromas naturales, antioxidantes (e-301 y e-331)), cerdo (manos, papada), preparado de espinazo de cerdo (espinazo de cerdo 98%, agua, antioxidante e-301 y extracto vegetal), hueso salado [hueso de cerdo salado, sal (21%)], hueso de jamón curado [jamón de cerdo, sal, azúcar, antioxidante (e-331, e301) y conservadores (e-252, e-250)], pelota [burger meat: carne de cerdo (61%) y de vacuno (21%), agua, proteína de cerdo, sal, harina de guisante, especias, fibra vegetal, maltodextrina, almidón, antioxidantes (e-300, e-301), aromas, conservador (e-221) (sulfitos) y colorantes (e-150c, e-120)] y butifarra negra [papada, magro y sangre de cerdo, sal, almidón, fibra vegetal, pimienta, conservador (e-262i), antioxidante (e-300), extracto de especias, tripa fina natural de cerdo].|2105100037395|0||E||Pork, meat, cooked (average)|28205|4|4
243|2026-09-30 11:04:17|40|2026|43812|Pork spine Meat Meat boxes Meat boxes|1|España|2689|16|Carne|Arreglos|Arreglos|Han vuelto|Han vuelto|Espinazo de cerdo||0.3|kg|7.00|€/kg|2.10|espinazo de cerdo (98%), agua, antioxidante e-301 y  extracto vegetal.|2105100026894|0||C||Pork, meat, cooked (average)|28205|2|4
244|2026-09-30 11:04:17|40|2026|43812|Pork and beef meatball Meat Meat boxes Meat boxes|1|España|35862|17|Carne|Arreglos|Arreglos|Han vuelto|Han vuelto|Pelota de cerdo y vacuno||0.28|kg|11.20|€/kg|3.14|carne de cerdo (52%) y de vacuno (20%), agua, proteína de cerdo, sal, harina de guisante, especias, fibra vegetal, maltodextrina, harina de arroz, almidón,  antioxidantes (e-300, e-301), aromas, conservador (sulfito e-221) y colorantes (e-150c, e-120).|8402001010828|0||D||Sausage meat, pork and beef, raw|30052|4|4
245|2026-09-30 11:04:18|40|2026|43812|Pork fatback Meat Meat boxes Meat boxes|1|España|35805|18|Carne|Arreglos|Arreglos|Han vuelto|Han vuelto|Tocino de cerdo||0.19|kg|7.80|€/kg|1.48||8402001010422|0||||Sausage meat, pure pork, raw|30051|1|4
246|2026-09-30 11:04:18|40|2026|43812|Original wafer bar Tokke Sugar, sweets & chocolate Chocolate Bars|1|España|12509|19|Azúcar caramelos y chocolate|Chocolate|Chocolatinas|Han vuelto|Han vuelto|Barritas de barquillo Tokke original||0.141|kg|10.64|€/kg|1.50|chocolate con leche[azúcar, manteca de cacao, leche desnatada en polvo, pasta de cacao, grasas vegetales (palma, shea), lactosuero en polvo (leche), grasa de leche, pasta de avellanas, emulgentes: lecitina (soja) y e-476, aroma], azúcar, harina de trigo (gluten), grasa vegetal de palma, arroz inflado [harina de trigo (gluten), harina de arroz, azúcar, sal,emulgente: lecitina], lactosuero en polvo (leche), cacao desgrasado (2,8%), pasta de avellanas, leche desnatada en polvo,emulgentes: lecitina (soja) y e-476, gasificante: bicarbonato de sodio, aromas.|8410109102246|0||E||Chocolate bar with biscuit|31000|4|4
247|2026-09-30 11:17:53|40|2026|08032|Pineapple Fruits & vegetables Fruits Tropical fruit|1||3076|1|Fruta y verdura|Fruta|Fruta tropical|Productos del momento|Rápido y saludable|Piña||2.1|kg|2.00|€/kg|4.20|piña|8480000030764|0||||||1|1
248|2026-09-30 11:17:53|40|2026|08032|Seedless white grapes Fruits & vegetables Fruits Banana & grape|1|Marruecos|3313|2|Fruta y verdura|Fruta|Plátano y uva|Productos del momento|Rápido y saludable|Uva blanca sin semillas||0.6|kg|2.75|€/kg|1.65|uva sin semilla|2105400033134|0||||Grape, white, raw|13044|1|1
249|2026-09-30 11:17:53|40|2026|08032|Free range eggs Eggs, milk & butter Eggs Eggs|1|España|15768|3|Huevos leche y mantequilla|Huevos|Huevos|Productos del momento|Rápido y saludable|Huevos de gallinas camperas||12.0|ud|0.28|€/ud|3.35|huevo|8410603125215|0||||||1|1
250|2026-09-30 11:17:53|40|2026|08032|Family Whole fresh chicken breast Meat Poultry Chicken|1|España|3682|4|Carne|Aves y pollo|Pollo|Productos del momento|Rápido y saludable|Pechugas enteras familiar de pollo||1.2|kg|6.20|€/kg|7.44||2105100036824|0||A||Chicken, breast, without skin, raw|36017|1|1
251|2026-09-30 11:17:53|40|2026|08032|Seed mix Hacendado Snacks Nuts, seeds & dried fruit Nuts & seeds|1|Italia|34963|5|Aperitivos|Frutos secos y fruta desecada|Frutos secos|Productos del momento|Rápido y saludable|Mezcla semillas Hacendado||0.2|kg|7.30|€/kg|1.46|semillas de girasol peladas, semillas de sésamo natural, semillas de lino marrón, semillas de calabaza peladas y semillas de chía.|8402001002021|0||A||Mix of nuts and dried fruit, no added salt|15048|1|1
252|2026-09-30 11:17:53|40|2026|08032|Natural Kefir mild flavour Dessert & yoghurt Natural & flavoured yoghurt Natural yoghurt|1|España|20029|6|Postres y yogures|Yogures naturales y sabores|Yogures naturales|Productos del momento|Rápido y saludable|Kéfir natural sabor suave||0.5|kg|2.20|€/kg|1.10|leche pasteurizada de vaca. nata (leche de vaca pasteurizada). leche en polvo desnatada pasteurizada de vaca y fermentos lácticos kéfir (cepas de lactococcus,leuconostoc,lactobacillus y streptococcus).|8436547770137|0||||Milk kefir|19865|2|1
253|2026-09-30 11:17:53|40|2026|08032|Cherry tomatoes Fruits & vegetables Vegetables Tomato|1|España|69990|7|Fruta y verdura|Verdura|Tomate|Productos del momento|Rápido y saludable|Tomates cherry||0.5|kg|4.40|€/kg|2.20|tomates cherry|8412276727222|0||||Tomato, cherry, raw|20172|1|1
254|2026-09-30 11:17:54|40|2026|08032|Shelled natural walnut Hacendado Snacks Nuts, seeds & dried fruit Nuts & seeds|1|Chile|34024|8|Aperitivos|Frutos secos y fruta desecada|Frutos secos|Productos del momento|Rápido y saludable|Nuez natural Hacendado pelada||0.2|kg|12.50|€/kg|2.50|nueces. trazas de cacahuete y otros frutos de cáscara.|8402001001345|0||A||Walnut, kernel, dried|15005|1|1
255|2026-09-30 11:17:54|40|2026|08032|Blueberries Fruits & vegetables Fruits Other fruit|1|España|5507|9|Fruta y verdura|Fruta|Otras frutas|Productos del momento|Rápido y saludable|Arándanos||0.5|kg|13.00|€/kg|6.50|arándano|5608495000052|0||||||1|1
256|2026-09-30 11:17:54|40|2026|08032|Green Kiwis Fruits & vegetables Fruits Tropical fruit|1|España|3832|10|Fruta y verdura|Fruta|Fruta tropical|Productos del momento|Rápido y saludable|Kiwis verdes||1.07|kg|4.55|€/kg|4.87|kiwi|2105400038320|0||||Kiwi fruit, flesh without skin, with seeds, raw|13021|1|1
257|2026-09-30 11:17:54|40|2026|08032|Pasta salad Listo para Comer Fruits & vegetables Lettuce & prepared salad Prepared salad|1|España|13241|11|Fruta y verdura|Lechuga y ensalada preparada|Ensalada preparada|Productos del momento|Rápido y saludable|Ensalada de pasta Listo para Comer||0.366|kg|4.00|€/kg|4.00|pasta espiral 52,90% [sémola de trigo duro (gluten), tomate deshidratado 5%, espinacas deshidratadas 2,5%], huevo cocido de gallina, atún 10,29% (pescado), aceite refinado de girasol y sal. surimi 9,70% [carne de pescado, agua, almidón, clara de huevo, aceite refinado de nabina, sal, aroma (contiene crustaceo), proteína de soja (soja), almidón modificado, azúcar, colorante e160c, (puede contener moluscos), estabilizantes e420, e450, e451, e452]. mozzarella [leche pasteurizada de vaca, sal, fermentos lácticos (leche), corrector de acidez ácido cítrico, cuajo], cebolla blanca, aceite refinado de girasol, conservantes e262, e326. aliño: aceite de oliva virgen extra, vinagre (sulfito) y sal. puede contener trazas de frutos de cascara , mostaza y apio.|8402001033261|0||B||Pasta salad, with surimi, with sauce, prepacked|26276|1|1
258|2026-09-30 11:17:54|40|2026|08032|Seafood salad Listo para Comer Pizza & ready meals Ready to eat Cold meals|1|España|13242|12|Pizzas y platos preparados|Listo para Comer|Platos fríos|Productos del momento|Rápido y saludable|Ensalada de marisco Listo para Comer||0.3|kg|5.50|€/kg|5.50|pasta ((sémola de trigo duro (gluten), tomate, espinacas), aceite refinado de girasol), potón (15%) (potón (moluscos), sal, estabilizante (e450) y correctores de acidez (e501, e330 y e331)), cebolla roja encurtida (cebolla, azúcar, vinagre de alcohol, vinagre de arroz y sal), zanahoria encurtida (zanahoria, agua, vinagre, azúcar, sal y acidulante (e330)), gambón (8%) (gambón (crustáceos), agua, sal, antioxidantes (e331 y e223 (sulfitos)) y acidulante (e330)), langostino cocido (8%) (langostino (crustáceos), sal y azúcar), vinagreta (aceite refinado de girasol, vinagre de vino tinto (antioxidante (e220 (sulfitos))) y sal) y aceituna negra (aceituna, agua y sal y gluconato ferroso (e579)), aroma natural, vinagre, conservadores (e267,e326 y e262). puede contener trazas de pescado, huevo, soja, mostaza, leche y sus derivados, sésamo, frutos de cáscara, cacahuete y apio.|8402001023262|0||C||Fish stock, ready to eat, prepacked|11303|4|1
259|2026-09-30 11:17:54|40|2026|08032|Salmon with vegetables Listo para Comer Pizza & ready meals Ready to eat Hot meals|1|España|13243|13|Pizzas y platos preparados|Listo para Comer|Platos calientes|Productos del momento|Rápido y saludable|Salmón con verduras Listo para Comer||0.4|kg|5.75|€/kg|5.75|salmón marinado (salmón 30% (pescado) (agua, sal), miel, salsa romescu (aceite refinado de girasol, tomate, agua, almendra (frutos de cáscara), vinagre de vino (sulfitos), aceite de oliva, ajo, azúcar, pimentón dulce, pimienta negra, sal y conservador (e202)), mostaza (agua, semillas de mostaza, vinagre de alcohol y sal), zumo de mandarina, zumo de limón (antioxidante (e224 (sulfitos)), conservador (e267), ajo, sal y aroma natural)), arroz aliñado (arroz, aceite refinado de girasol, mix ajo asado (aroma natural, sal, ajo y pimienta negra)), verduras asadas (20%) (calabacín, patata, pimiento rojo y boniato), salsa romescu (aceite refinado de girasol, tomate, agua, almendra (frutos de cáscara), vinagre de vino (sulfitos), aceite de oliva, ajo, azúcar, pimentón dulce, pimienta negra, sal y conservador (e202)). puede contener espinas. puede contener trazas de moluscos, crustáceos, soja, huevo, gluten, leche y sus derivados, sésamo, cacahuete y apio.|8402001023255|0||A||Fish stock, ready to eat, prepacked|11303|4|1
260|2026-09-30 11:17:54|40|2026|08032|Beef carpaccio Meat Beef Beef|1|España|2632|14|Carne|Vacuno|Vacuno|Productos del momento|Rápido y saludable|Carpaccio de vacuno||0.11|kg|37.27|€/kg|4.10|producto cárnico marinado. ingredientes: carne de vacuno (92%), agua (4%), sal, dextrosa, antioxidantes (e-301, e-331), estabilizante (e-407)  y conservadores (e-250, e-252, e-325 y e-262(i)). queso parmigiano reggiano. ingredientes: leche, sal y cuajo.|8422930950071|0||D||Beef, steak or beef steak, raw|6201|4|1
261|2026-09-30 11:17:55|40|2026|08032|Marinated beef steak tartare Meat Beef Beef|1|España|8308|15|Carne|Vacuno|Vacuno|Productos del momento|Rápido y saludable|Steak Tartar de vacuno marinado||0.2|kg|27.00|€/kg|5.40|producto cárnico de vacuno marinado con salsa. ingredientes: 70% producto cárnico (carne de vacuno (92%), agua (4%), sal, dextrosa, antioxidantes (e-301, e-331), estabilizante (e-407) y conservadores (e-250, e-252, e-325 y e-262(i))) y 30% salsa (agua, aceite refinado de girasol, pepinillos agridulces (pepinillos, agua, vinagre de alcohol, azúcar y sal), dextrosa, mezcla de especias (contiene mostaza), salsa worcester (agua, vinagre de alcohol, azúcar, sal, concentrado de tamarindo, azúcar caramelizado, cebolla, ajo, especias y zumo concentrado de limón), cebolla, vinagre de vino blanco, sal, almidón modificado de maíz, yema de huevo en polvo, estabilizante (e-415), tomate, conservador (e-200), acidulante (e-330), colorante (e-150d), aroma natural y antioxidante (e-385)). contiene alérgenos: mostaza y huevo. sin gluten.|8436569263198|0||D||Beef, steak or beef steak, raw|6201|4|1
262|2026-09-30 11:17:55|40|2026|08032|Poke salmon Pizza & ready meals Ready to eat Cold meals|1|España|13237|16|Pizzas y platos preparados|Listo para Comer|Platos fríos|Productos del momento|Rápido y saludable|Poke salmón||0.4|kg|5.50|€/kg|5.50|arroz de sushi, salmón, semillas, pepino, mango, cebolla encurtida, alga wakame y salsa ponzu.arroz cocido [arroz, aderezo de vinagre (azúcar, vinagre de alcohol, agua, vinagre de arroz, sal), aceite refinado de maíz, zumo de limón (zumo de limón pasteurizado, antioxidante e-224 (sulfitos)) y emulgente e-322 (soja)], salmón 10% (salmo salar) (pescado), mango [mango, agua, antioxidantes (e-302, e-300), acidulante e-330], pepino, ensalada wakame [algas abeto marino (undaria pinnatifida), condimentos (jarabe de maíz de alto contenido en fructosa, agua, aceite de sésamo de presión, azúcar, vinagre de arroz, sal, humectante e-420, colorantes e-133 y e-102*), seta negra (auricularia polytricha), agar agar (gelidium amansii), granos de sésamo, chile rojo], cebolla [cebolla roja, aderezo de vinagre (azúcar, vinagre de alcohol, agua, vinagre de arroz, sal)] y mezcla de semillas [girasol, sésamo, lino marrón, calabaza y amapola]. puede contener crustáceos, huevo, cacahuete, leche, frutos de cáscara, apio, mostaza y moluscos. salsa ponzu: salsa de soja [agua, soja, sal, alcohol, jarabe de maíz de alta fructosa, azúcar, potenciador del sabor (e-635)], aderezo de vinagre [azúcar, vinagre de alcohol, agua, vinagre de arroz, sal], zumo de limón [zumo de limón pasteurizado y antioxidante e-224 (sulfitos)], zumo de mandarina y conservador e-202. sin gluten|8402001001888|0||C||Fish stock, ready to eat, prepacked|11303|4|1
263|2026-09-30 11:17:55|40|2026|08032|Portuguese-style salad Hacendado Pizza & ready meals Cold ready meals Salad|1|España|24534|17|Pizzas y platos preparados|Platos preparados fríos|Ensaladilla|Productos del momento|Rápido y saludable|Ensaladilla al estilo Portuguesa Hacendado||0.25|kg|6.80|€/kg|1.70|alubias cocidas 59.5%, huevo cocido 9.5%, atún 9% (atún (pescado), aceite refinado de girasol, sal), clara de huevo cocida 7.5%, cebolla 5%, aceite de oliva virgen extra 3%, aceite refinado de girasol 3%, vinagre de vino blanco 1.5%, perejil, sal, aroma natural. puede contener trazas de crustáceos.|8435605401839|0||C||Potato salad, piémontaise-style, prepacked|25609|1|1
264|2026-09-30 11:17:55|40|2026|08032|Italian-style pasta salad Hacendado Pizza & ready meals Cold ready meals Salad|1|España|24083|18|Pizzas y platos preparados|Platos preparados fríos|Ensaladilla|Productos del momento|Rápido y saludable|Ensalada de pasta al estilo Italiana Hacendado||0.2|kg|10.00|€/kg|2.00|ingredientes: pasta de  sémola de trigo duro cocida (60%) (agua, sémola de trigo duro, vinagre de vino blanco), salsa pesto con albahaca y anacardos (20%) (pasta de albahaca (8,4%) (albahaca, aceite refinado de girasol,  sal marina, antioxidante: e-300), aceite refinado de girasol, anacardos (2,4%), queso (2%) (leche, sal, coagulante de  leche microbiano, fermentos lácticos (leche)), mantequilla  (nata, cultivos de ácido  láctico, concentrado de ácido láctico), aceite de oliva virgen extra, leche desnatada en polvo, acidulante: e-270, antioxidante:  e-300, ajo), pollo marinado frito (10%)  (solomillo de pollo, sal, agua, almidón de tapioca, xilosa y aceite de soja  refinado), queso madurado en salmuera (6%) (queso (leche pasteurizada de vaca, sal, fermentos  lácticos, coagulante de leche microbiano), salmuera (agua, sal, acidulante:  e-270, endurecedor: e-509)), tomate semiseco (4%). puede contener trazas  de soja, huevo, crustáceos, sulfitos, granos de  sésamo, mostaza y pescado.|8402001054921|0||C||Pasta salad, with chicken and raw vegetables, with sauce, prepacked|26282|4|1
265|2026-09-30 11:17:55|40|2026|08032|Roasted vegetables Hacendado Cans, soups & creams Vegetable & fruit tins Vegetable tins|1|España|22411|19|Conservas caldos y cremas|Conservas de verdura y frutas|Conservas verdura|Productos del momento|Rápido y saludable|Verduras asadas Hacendado||0.29|kg|10.00|€/kg|2.90|pimiento (34%), cebolla (31%), berenjena (30%), aceite refinado de girasol, aceite de oliva virgen y sal.|8480000224118|0||A||Vegetable, cooked (average)|20499|4|1
266|2026-09-30 11:17:55|40|2026|08032|Pasta salad Fruits & vegetables Lettuce & prepared salad Prepared salad|1|España|69461|20|Fruta y verdura|Lechuga y ensalada preparada|Ensalada preparada|Productos del momento|Rápido y saludable|Ensalada de pasta||0.25|kg|10.40|€/kg|2.60|espirales de pasta de trigo simple cocida 34% (sémola de trigo duro), salsa de yogur 22% (aceite de girasol, agua, azúcar, nata en polvo, yema de huevo, vinagre, yogur en polvo 1,5%, sal, eneldo, jugo de limón concentrado, almidón modificado de maíz, aromas naturales (leche), acidulante (e270), conservador (e202), estabilizante (e415) y antioxidante (e385)), tomate 20%, fiambre de jamón de pavo cocido sabor ahumado 14% (jamón de pavo 46%, agua, fécula, sal, fibra alimentaria, estabilizantes (e451i, e407, e415 y e410), azúcar, aromas, antioxidante (e316), extracto de levadura, conservador (e250) y aroma de humo) y mezcla de brotes de lechuga en proporción variable 10% (brotes de lechuga roja y brotes de lechuga verde). trazas de soja.|8437013139748|0||C||Pasta salad, with chicken and raw vegetables, with sauce, prepacked|26282|1|1
267|2026-09-30 11:17:55|40|2026|08032|Goats cheese salad Fruits & vegetables Lettuce & prepared salad Prepared salad|1|España|69474|21|Fruta y verdura|Lechuga y ensalada preparada|Ensalada preparada|Productos del momento|Rápido y saludable|Ensalada queso de cabra||0.153|kg|18.30|€/kg|2.80|mezcla de hortalizas en proporción variable 31% (mezcla de brotes(lechuga batavia verde, lechuga batavia roja y lechuga lollo rosso), brotes de espinaca y rúcula), vinagreta balsámica 24% (agua, vinagre balsámico de módena (vinagre de vino, mosto de uva concentrado, mosto de uva cocido, colorante (e150d)y conservador (metabisulfito potásico)), azúcar, aceite de oliva, sal, colorante (e150d), estabilizante (e414), correctores de la acidez (e262 y e500) y conservador (e202)), manzana roja* 18% (manzana roja y antioxidante (ascorbato de calcio)), queso de cabra fresco* 15% (leche de cabra pasteurizada, cuajo, sal, antiaglomerante (e460ii)), fibra cítrica y conservador (e202)), nueces* 6% y uvas pasas* 5% (uvas pasas y aceite de algodón). trazas de cacahuetes, frutos de cáscara, sésamo, soja, pescado, sulfitos y gluten.|8480000694744|0||C||||1|1
268|2026-09-30 11:17:56|40|2026|08032|California salad Fruits & vegetables Lettuce & prepared salad Prepared salad|1|España|69714|22|Fruta y verdura|Lechuga y ensalada preparada|Ensalada preparada|Productos del momento|Rápido y saludable|Ensalada California||0.192|kg|13.54|€/kg|2.60|hortalizas en proporción variable 34% (escarola rizada, canónigos y achicoria), salsa de miel y mostaza 31% (agua, aceite vegetal de girasol, mostaza 8% (agua, vinagre de alcohol, mostaza, jarabe de glucosa y fructosa, sal, estabilizantes (e412,e410 y e407) y especias), miel 7%, vinagre de alcohol, azúcar, sal, estabilizantes (e415, e412), almidón modificado de maíz, colorante (e150d) y conservadores (e211 y e202)), bacon sabor ahumado 8% (magro de panceta de cerdo, sal, conservadores (e326, e262, e250), azúcar, estabilizantes (e451i, e407), concentrado de manzana-hibisco-melaza, aroma de humo, aromas y antioxidante (e316)), cebolla frita 7,5% (cebolla, aceite vegetal de palma, harina de trigo y sal), nueces 7%, pasas 6% (pasas y aceite de algodón), picatostes 5% (harina de trigo, aceite vegetal de girasol, dextrosa, gluten de trigo, levadura, sal, suero de leche, extracto de malta de cebada, antioxidante (e300)). trazas de cacahuete, soja , sésamo y sulfitos.|8437004621771|0||C||Mixed diced vegetables salad, with sauce, prepacked|25626|1|1
269|2026-09-30 11:17:56|40|2026|08032|Caesar salad consisting of fresh vegetables, chicken, cheese, croutons and sauces, includes fork Fruits & vegetables Lettuce & prepared salad Prepared salad|1|España|69849|23|Fruta y verdura|Lechuga y ensalada preparada|Ensalada preparada|Productos del momento|Rápido y saludable|Ensalada César||0.21|kg|12.38|€/kg|2.60|mezcla de hortalizas 36% (lechuga hoja de roble verde, lechuga iceberg), salsa césar 26% (agua, aceite vegetal de girasol, vinagre de alcohol, azúcar, queso, sal, acidulante (e270), pasta de anchoa (anchoa y sal), yema de huevo, estabilizantes (e412 y e415) y especias (cebolla, ajo, perejil y pimienta), conservadores (e211 y e202) y antioxidante (e385)), pechuga de pollo cocida 24% (pechuga de pollo 96%, extractos de fermentación, sal, dextrosa, aroma, estabilizante (e451i) y fibra), queso curado granulado 9% (leche pasteurizada, sal, cuajo y fécula de patata), picatostes 5% (harina de trigo, agua, sal, antioxidante (e300) y levadura).|8480000698490|0||C||Caesar's salad (salad, chicken, croutons, sauce), prepacked|25628|1|1
270|2026-09-30 11:17:56|40|2026|08032|Ensatun salad Fruits & vegetables Lettuce & prepared salad Prepared salad|1|España|69872|24|Fruta y verdura|Lechuga y ensalada preparada|Ensalada preparada|Productos del momento|Rápido y saludable|Ensalada ensatún||0.25|kg|10.40|€/kg|2.60|mezcla de hortalizas en proporcion variable 42% ( tomate cherry, lechuga hoja de roble verde, zanahoria y lechuga iceberg), atún en aceite vegetal (atun, aceite de girasol y sal), maíz dulce en grano 12% (maíz dulce, azúcar y sal), queso de leche de vaca blanco pasteurizado 8% (leche pasteurizada, sal, cuajo y acidulante (e330)), aceitunas verdes deshuesadas 8% (aceitunas, agua, sal, acidulantes (e 270 y 330) y antioxidante (e300)), aceite de oliva virgen extras 6%, vinagre de vino 4% (vinagre de vino y conservador aníhidrido sulfuroso) y sal 0,4% (sal iodada y antiaglomerante (e535). trazas de gluten y frutos de cáscara.|8437013139441|0||B||Tuna salad, with vegetables, canned|25601|1|1
271|2026-09-30 11:17:56|40|2026|08032|Garden soup Hacendado Cans, soups & creams Soups & stock Soup|1|Italia|19882|25|Conservas caldos y cremas|Sopa y caldo|Sopa|Productos del momento|Rápido y saludable|Sopa hortelana Hacendado||0.35|kg|4.86|€/kg|1.70|agua, verduras 16% (hortalizas en proporción variable: patatas, cebollas, puerros), zanahorias 8%, judías verdes 4%, lentejas rojas y verdes 3%, guisantes 3%, cereales 3% (cebada perlada (gluten) y espelta perlada (gluten)), legumbres 2% (judías azuki verdes, judías blancas), aceite de oliva virgen extra, sal, doble concentrado de tomate, plantas aromáticas, pimienta negra. puede contener trazas de otros cereales que contienen gluten, frutos de cáscara, leche, apio, soja y huevo.|8402001042669|0||C||Soup (average)|25969|4|1
272|2026-09-30 11:17:56|40|2026|08032|Cream of lentils Hacendado Cans, soups & creams Gazpacho & creams Creams & puree|1|Italia|11628|26|Conservas caldos y cremas|Gazpacho y cremas|Cremas y puré|Productos del momento|Rápido y saludable|Crema de lentejas Hacendado||0.35|kg|4.86|€/kg|1.70|agua, lentejas 13%, calabaza, zanahoria 4%, cebolla 4%, grelos, aceites de oliva virgen extra, guisantes, pasta de tomate doble, sal, hierbas, especias. puede contener trazas de cereales con gluten, frutos de cáscara, leche, apio, soja y huevo.|8402001030840|0||A||Lentils seeds, sprouted, fresh, raw|20521|4|1
273|2026-09-30 11:17:56|40|2026|08032|Cream of zucchini Hacendado Cans, soups & creams Gazpacho & creams Creams & puree|1|Italia|35870|27|Conservas caldos y cremas|Gazpacho y cremas|Cremas y puré|Productos del momento|Rápido y saludable|Crema de calabacín Hacendado||0.35|kg|4.86|€/kg|1.70|calabacín 40%, agua, cebolla, zanahoria, apio nabo 5%, aceite de oliva virgen extra, sal. puede contener trazas de cereales con gluten, frutos de cáscara, leche, soja y huevo. sin conservantes ni colorantes.|8402001012310|0||B||Courgette or zucchini, puree|20264|4|1
274|2026-09-30 11:17:56|40|2026|08032|Cream of vegetables Hacendado Cans, soups & creams Gazpacho & creams Creams & puree|1|Italia|8722|28|Conservas caldos y cremas|Gazpacho y cremas|Cremas y puré|Productos del momento|Rápido y saludable|Crema de verduras Hacendado||0.35|kg|4.86|€/kg|1.70|verduras 48% (verduras en proporción variable: patata, zanahoria, calabacín, calabaza, acelga, puerro, judía verde, berza), agua, guisante, aceite de oliva virgen extra, sal.|8480000087225|0||B||||1|1
275|2026-09-30 11:17:56|40|2026|08032|Cream of asparagus Hacendado Cans, soups & creams Gazpacho & creams Creams & puree|1|Italia|86587|29|Conservas caldos y cremas|Gazpacho y cremas|Cremas y puré|Productos del momento|Rápido y saludable|Crema de espárragos Hacendado||0.35|kg|4.86|€/kg|1.70|agua, patata, espárragos 23%, bebida de soja (agua, semillas de soja libres de ogm, sal), aceite de oliva, puerro, sal, aromas. puede contener trazas de gluten, frutos de cáscara, leche, apio y huevo.|8480000865878|0||C||||4|1
276|2026-09-30 11:17:57|40|2026|08032|Cream of pumpkin and carrot Hacendado Cans, soups & creams Gazpacho & creams Creams & puree|1|Italia|23225|30|Conservas caldos y cremas|Gazpacho y cremas|Cremas y puré|Productos del momento|Rápido y saludable|Crema de calabaza y zanahoria Hacendado||0.35|kg|4.86|€/kg|1.70|agua, calabaza 24%, zanahoria 17%, patata, puerro, jugo de soja (agua, semilla de soja libre de ogm, sal), aceite de oliva, sal, especias, aroma natural.|8480000232250|0||B||Carrots, , seasoned puree with cream, prepacked|20298|1|1
277|2026-09-30 11:17:56|40|2026|08032|Natural Burgos cheese Hacendado Deli & cheese Spreadable cheese, fresh cheese and specialties Fresh cheese|1|España|52408|31|Charcutería y quesos|Queso untable fresco y especialidades|Queso fresco|Productos del momento|Rápido y saludable|Queso fresco Burgos natural Hacendado||0.25|kg|4.60|€/kg|1.15|leche pasteurizada (origen: españa), sal y cuajo (microbiano). sin gluten.|8480000524089|0||C||Drained soft fresh cheese, around 6% fat|19641|3|1
278|2026-09-30 11:17:57|40|2026|08032|Fresh cow cheese Hacendado Deli & cheese Spreadable cheese, fresh cheese and specialties Fresh cheese|1|España|51191|32|Charcutería y quesos|Queso untable fresco y especialidades|Queso fresco|Productos del momento|Rápido y saludable|Queso fresco de vaca Hacendado||0.25|kg|6.40|€/kg|1.60|leche de vaca pasteurizada, sal y cuajo microbiano.origen de la leche: españa|8480000511911|0||C||Drained soft fresh cheese, around 6% fat|19641|4|1
279|2026-09-30 11:17:57|40|2026|08032|Light cow fresh cheese Hacendado Deli & cheese Spreadable cheese, fresh cheese and specialties Fresh cheese|1|España|51192|33|Charcutería y quesos|Queso untable fresco y especialidades|Queso fresco|Productos del momento|Rápido y saludable|Queso fresco light de vaca Hacendado||0.25|kg|8.80|€/kg|2.20|leche de vaca pasteurizada semidesnatada, sal y cuajo microbiano.origen de la leche: españa|8480000511928|0||C||Drained soft fresh cheese, around 6% fat|19641|4|1
280|2026-09-30 11:17:57|40|2026|08032|Fresh goat cheese Hacendado Deli & cheese Spreadable cheese, fresh cheese and specialties Fresh cheese|1|España|51194|34|Charcutería y quesos|Queso untable fresco y especialidades|Queso fresco|Productos del momento|Rápido y saludable|Queso fresco de cabra Hacendado||0.25|kg|11.80|€/kg|2.95|leche de cabra pasteurizada, sal y cuajo microbiano.origen de la leche: españa|8480000511942|0||D||Cheese, fresh, from goat's milk,|12805|3|1
281|2026-09-30 11:17:57|40|2026|08032|Smoked salmon cubes Hacendado Seafood & fish Salted & smoked fish Smoked|1|España|22612|35|Marisco y pescado|Salazones y ahumados|Ahumados|Productos del momento|Rápido y saludable|Taquitos de salmón ahumado Hacendado||0.1|kg|38.00|€/kg|3.80|salmón (pescado) (salmo salar) (97%), sal, aroma natural y conservador: vinagre tamponado.|8480000226129|0||D||Salmon, smoked, farmed|26696|2|1
282|2026-09-30 11:17:57|40|2026|08032|Salmon steaks Seafood & fish Fresh fish Salmon|1|Noruega|87205|36|Marisco y pescado|Pescado fresco|Salmón|Productos del momento|Rápido y saludable|Rodaja de salmón||0.35|kg|19.50|€/kg|6.82|salmón (salmo salar). puede contener crustáceos y moluscos.|8402001049200|0||||Salmon, wild, raw|26161|1|1
283|2026-09-30 11:17:57|40|2026|08032|Yellowfin tuna slices, defrosted Seafood & fish Fresh fish Other|1|Océano Pacífico Centro-Oriental|87197|37|Marisco y pescado|Pescado fresco|Otros|Productos del momento|Rápido y saludable|Rodajas de atún de aleta amarilla descongelada||0.235|kg|22.25|€/kg|5.23|atún de aleta amarilla (95%, pescado), agua, sal, antioxidantes e331 y e301, aroma natural.|8435274119967|0||||Yellowfin tuna, raw|26064|2|1
284|2026-09-30 11:17:57|40|2026|08032|Blackbelly rosefish fillets, defrosted Seafood & fish Fresh fish Other|1|España|87350|38|Marisco y pescado|Pescado fresco|Otros|Productos del momento|Rápido y saludable|Filetes de Gallineta descongelada||0.38|kg|16.00|€/kg|6.08|gallineta (sebastes spp) (pescado), agua añadida (10%), sal, corrector de acidez (e-331) y antioxidantes (e-330, e-301, e-316). puede contener trazas de moluscos y/o crustáceos.|8402001024597|0||||Lump fish, raw|26168|2|1
285|2026-09-30 11:17:57|40|2026|08032|Sea bream fillets Seafood & fish Fresh fish Sea bream|1||87302|39|Marisco y pescado|Pescado fresco|Dorada|Productos del momento|Rápido y saludable|Filetes de dorada||0.2|kg|22.50|€/kg|4.50|dorada (pescado) (sparus aurata). puede contener trazas de crustáceos y moluscos.|8402001030055|0||||Freshwater bream, raw|26170|1|1
286|2026-09-30 11:17:57|40|2026|08032|Sea bass fillets Seafood & fish Fresh fish Sea bass|1||87313|40|Marisco y pescado|Pescado fresco|Lubina|Productos del momento|Rápido y saludable|Filete de lubina||0.2|kg|22.50|€/kg|4.50|lubina (pescado) (dicentrarchus labrax). puede contener trazas de crustáceos y moluscos.|8402001030062|0||||European bass, raw|26072|1|1
287|2026-09-30 11:17:58|40|2026|08032|Cooked octopus tentacles Seafood & fish Fresh fish Cuttlefish, octopus and squid|1||87775|41|Marisco y pescado|Pescado fresco|Sepia, pulpo y calamar|Productos del momento|Rápido y saludable|Patas de pulpo cocido||0.25|kg|42.00|€/kg|10.50|pulpo (moluscos) (octopus vulgaris) y sal. puede contener pescado y/o crustáceos.|8480000877758|0||||Octopus, common, cooked|10079|1|1
288|2026-09-30 11:17:58|40|2026|08032|Frozen raw shrimp tails Hacendado Frozen food Seafood Seafood|1|España|24102|42|Congelados|Marisco|Marisco|Productos del momento|Rápido y saludable|Colas de gambón crudo Hacendado congelado||0.25|kg|24.60|€/kg|6.15|gambón (pleoticus muelleri) (crustáceos), agua, sal y antioxidante: metabisulfito de sodio (sulfitos). puede contener moluscos y/o pescado.|8402001033032|0||A||Shrimp or prawn, frozen, raw|10038|4|1
289|2026-09-30 11:17:58|40|2026|08032|Deep Frozen king prawn cooked and peeled Hacendado Frozen food Seafood Seafood|1||24477|43|Congelados|Marisco|Marisco|Productos del momento|Rápido y saludable|Langostino cocido y pelado Hacendado ultracongelado||None|kg|22.73|€/kg|5.00|langostino vannamei (penaeus vannamei) (crustáceo), sal, antioxidantes (e 223 (sulfitos), e 330). puede contener: moluscos y/o pescado.|8480000244772|0||A||Seafood, cooked, frozen|10080|4|1
290|2026-09-30 11:17:58|40|2026|08032|Frozen yellowfin tuna slices Hacendado Frozen food Fish Fish|1|España|24357|44|Congelados|Pescado|Pescado|Productos del momento|Rápido y saludable|Rodajas de atún de aleta amarilla Hacendado congelado||0.25|kg|17.50|€/kg|4.38|atún de aleta amarilla, (95%,  pescado), agua, sal, antioxidantes e331 y e301, corrector de acidez e500, aroma  natural|8435274110728|0||||Yellowfin tuna, raw|26064|2|1
291|2026-09-30 11:17:58|40|2026|08032|Salmon fillets without skin frozen Hacendado Frozen food Fish Fish|1|España|24511|45|Congelados|Pescado|Pescado|Productos del momento|Rápido y saludable|Lomos de salmón sin piel Hacendado congelado||0.25|kg|23.80|€/kg|5.95|2 piezas de lomo de salmón sin piel (salmo salar) (pescado) de cría de noruega.|8480000245113|0||||Fish, cooked (average)|26140|1|1
292|2026-09-30 11:17:58|40|2026|08032|Lightly salted deep-frozen cod fillets MareDeus Frozen food Fish Fish|1|Noruega/Rusia|24016|46|Congelados|Pescado|Pescado|Productos del momento|Rápido y saludable|Filetes de bacalao MareDeus ultracongelado||None|kg|19.73|€/kg|7.40|bacalao (gadus morhua) 90%, agua 8% y sal 2%.|8436542052023|0||||Cod, salted, dried|26098|3|1
293|2026-09-30 11:17:58|40|2026|08032|Diced turkey Meat Poultry Turkey & other fowl|1|España|12874|47|Carne|Aves y pollo|Pavo y otras aves|Productos del momento|Rápido y saludable|Tacos de pavo||0.57|kg|7.60|€/kg|4.33||8436039782945|0||A||Turkey, leg, meat, raw|36307|1|1
294|2026-09-30 11:17:58|40|2026|08032|Extra-tender marinated turkey breast fillets Meat Poultry Turkey & other fowl|1|España|14031|48|Carne|Aves y pollo|Pavo y otras aves|Productos del momento|Rápido y saludable|Filetes pechuga de pavo marinados extra tiernos||0.6|kg|9.00|€/kg|5.40|pechuga de pavo (93%), agua, sal, dextrosa de maíz, aromas, maltodextrina de maíz, estabilizantes (e-451 y e-407), antioxidantes (e-331 y e-300) y conservadores (e-326, e-261 y e-250)|8436039788039|0||A||Turkey, meat, raw|36301|4|1
295|2026-09-30 11:17:58|40|2026|08032|Boneless and skinless chicken legs Meat Poultry Chicken|1|España|2789|49|Carne|Aves y pollo|Pollo|Productos del momento|Rápido y saludable|Contramuslos de pollo deshuesados y sin piel||0.55|kg|6.80|€/kg|3.74||2105100027891|0||A||Chicken high leg, meat, raw|36019|1|1
296|2026-09-30 11:17:59|40|2026|08032|Washed 3 vegetable mix for microwave Fruits & vegetables Vegetables Steamed vegetables|1|España|69737|50|Fruta y verdura|Verdura|Verduras al vapor|Productos del momento|Rápido y saludable|3 Vegetales para microondas lavados||0.3|kg|6.50|€/kg|1.95|brócoli, coliflor y zanahoria|8436006183454|0||||Mixed vegetables, frozen, raw|20101|1|1
297|2026-09-30 11:17:59|40|2026|08032|Washed broccoli florets for microwave Fruits & vegetables Vegetables Steamed vegetables|1|España|69622|51|Fruta y verdura|Verdura|Verduras al vapor|Productos del momento|Rápido y saludable|Floretas de brócoli para microondas lavadas||0.23|kg|7.39|€/kg|1.70|brócoli|8437004621900|0||||Broccoli, steamed|20304|1|1
298|2026-09-30 11:17:59|40|2026|08032|Potatoes for microwaving Fruits & vegetables Vegetables Steamed vegetables|1|Francia|69484|52|Fruta y verdura|Verdura|Verduras al vapor|Productos del momento|Rápido y saludable|Patatas para microondas||0.4|kg|3.75|€/kg|1.50|patatas para microondas|8424717004007|0||||Potato, new, raw|4023|1|1
299|2026-09-30 11:17:59|40|2026|08032|Sweet potatoes for microwave Fruits & vegetables Vegetables Steamed vegetables|1|EEUU|69465|53|Fruta y verdura|Verdura|Verduras al vapor|Productos del momento|Rápido y saludable|Batatas para microondas||0.4|kg|6.25|€/kg|2.50|batatas para microondas|8424717004014|0||||Sweet potato, raw|4101|1|1
300|2026-09-30 11:17:59|40|2026|08032|Portobello mushrooms Fruits & vegetables Vegetables Mushrooms|1|España|69664|54|Fruta y verdura|Verdura|Setas y champiñones|Productos del momento|Rápido y saludable|Champiñones Portobello||0.3|kg|7.35|€/kg|2.20|champiñón portobello pie cortado|8402001057519|0||||Button mushroom or cultivated mushroom, raw|20056|1|1
301|2026-09-30 11:17:59|40|2026|08032|Mushrooms Fruits & vegetables Vegetables Mushrooms|1|España|69653|55|Fruta y verdura|Verdura|Setas y champiñones|Productos del momento|Rápido y saludable|Setas||0.25|kg|8.35|€/kg|2.09|seta|2105400696537|0||||||1|1
302|2026-09-30 11:17:59|40|2026|08032|Intense mixed mushrooms Fruits & vegetables Vegetables Mushrooms|1|España|69657|56|Fruta y verdura|Verdura|Setas y champiñones|Productos del momento|Rápido y saludable|Mix de setas intenso||0.235|kg|16.00|€/kg|3.76|h.marmoreus, l.edodes, a.bisporus y p. eryngii|8402001051555|0||||Mixed vegetables, frozen, raw|20101|1|1
303|2026-09-30 11:17:59|40|2026|08032|Thick green asparagus Fruits & vegetables Vegetables Other vegetables & greens|1|España, Perú y México|69643|57|Fruta y verdura|Verdura|Otras verduras y hortalizas|Productos del momento|Rápido y saludable|Espárragos verdes gruesos||0.3|kg|13.67|€/kg|4.10|espárragos|8410405000352|0||||Asparagus, green, raw|20279|1|1
304|2026-09-30 11:18:00|40|2026|08032|Cooked potatoes Hacendado Cans, soups & creams Vegetable & fruit tins Vegetable tins|1|España|15534|58|Conservas caldos y cremas|Conservas de verdura y frutas|Conservas verdura|Productos del momento|Rápido y saludable|Patatas cocidas Hacendado||0.66|kg|2.88|€/kg|1.90|patatas, agua, sal y antioxidante; ácido ascórbico|8402001014253|0||C||Vegetable, cooked (average)|20499|3|1
305|2026-09-30 11:17:59|40|2026|08032|Vegetable medley Hacendado Cans, soups & creams Vegetable & fruit tins Vegetable tins|1|España|16737|59|Conservas caldos y cremas|Conservas de verdura y frutas|Conservas verdura|Productos del momento|Rápido y saludable|Macedonia de verduras Hacendado||0.535|kg|1.68|€/kg|0.90|zanahoria, patata, guisante, judía verde, agua y sal.|8480000167378|0||C||Vegetable, cooked (average)|20499|2|1
306|2026-09-30 11:17:59|40|2026|08032|Whole very thick white asparagus Hacendado Cans, soups & creams Vegetable & fruit tins Vegetable tins|1|Producto originario de China o Perú|16561|60|Conservas caldos y cremas|Conservas de verdura y frutas|Conservas verdura|Productos del momento|Rápido y saludable|Espárragos blancos muy gruesos Hacendado enteros||0.54|kg|6.11|€/kg|3.30|espárragos, agua, sal, azúcar y acidulante; ácido cítrico|8402001001710|0||C||Vegetable, cooked (average)|20499|3|1
307|2026-09-30 11:17:59|40|2026|08032|Round green beans Hacendado Cans, soups & creams Vegetable & fruit tins Vegetable tins|1|España|16315|61|Conservas caldos y cremas|Conservas de verdura y frutas|Conservas verdura|Productos del momento|Rápido y saludable|Judías verdes redondas Hacendado||0.66|kg|1.67|€/kg|1.10|judia verde, agua y sal|8480000163158|0||C||Vegetable, cooked (average)|20499|3|1
308|2026-09-30 11:18:00|40|2026|08032|Artichoke hearts Hacendado Cans, soups & creams Vegetable & fruit tins Vegetable tins|1|Perú|19959|62|Conservas caldos y cremas|Conservas de verdura y frutas|Conservas verdura|Productos del momento|Rápido y saludable|Corazones de alcachofa Hacendado||0.26|kg|11.54|€/kg|3.00|alcachofa, aceite de girasol (21%).(contiene antioxidante: extracto rico en tocoferoles), aceite de oliva (0,7%), sal, acidulante: ácido cítrico, antioxidante: ácido ascórbico|8402001043192|0||A||Vegetable, cooked (average)|20499|1|1
309|2026-09-30 11:18:00|40|2026|08032|Pasteurized liquid egg whites Eggs, milk & butter Eggs Eggs|1|España|31312|63|Huevos leche y mantequilla|Huevos|Huevos|Productos del momento|Rápido y saludable|Claras de huevo líquidas pasteurizadas||1.0|l|2.85|€/l|2.85|clara de huevo de gallina pasteurizada, conservante e-202. alérgenos: contiene huevo.|8411384100941|0||||||1|1
310|2026-09-30 11:18:00|40|2026|08032|Deep-frozen rustic sautéed Hacendado Frozen food Fruit and vegetable Vegetables|1|España|21537|64|Congelados|Fruta y verdura|Verdura|Productos del momento|Rápido y saludable|Salteado rústico Hacendado ultracongelado||0.45|kg|4.44|€/kg|2.00|patata asada, boniato asado y cebolla roja asada.|8402001046964|0||A||Mixed vegetables, frozen, raw|20101|3|1
311|2026-09-30 11:18:00|40|2026|08032|Deep-frozen vegetable wok mix Hacendado Frozen food Fruit and vegetable Vegetables|1|España|11617|65|Congelados|Fruta y verdura|Verdura|Productos del momento|Rápido y saludable|Wok de verduras Hacendado ultracongelado||0.45|kg|4.22|€/kg|1.90|(brócoli, calabacín asado, zanahoria naranja y amarilla, pimiento rojo, castaña de agua, cebolla roja asada, peapods (tirabeques), edamame grano (soja)), seta shiitake cultivada (lentinula edodes) (9%), sazonador (azúcar, sal aroma, cebolla deshidratada, especias, algarroba en polvo, maltodextrina, ajo deshidratado, fibra de arroz, hierbas, aceite de girasol), aceite de girasol.|8402001028748|0||B||Mixed vegetables, frozen, raw|20101|4|1
312|2026-09-30 11:18:00|40|2026|08032|Deep-frozen baby artichoke Hacendado Frozen food Fruit and vegetable Vegetables|1|Perú|61229|66|Congelados|Fruta y verdura|Verdura|Productos del momento|Rápido y saludable|Alcachofa baby Hacendado ultracongelada||0.3|kg|10.17|€/kg|3.05|alcachofa.|8402001028182|0||A||Artichoke globe, base, frozen, raw|20232|1|1
313|2026-09-30 11:18:00|40|2026|08032|Deep-frozen chopped green asparagus Hacendado Frozen food Fruit and vegetable Vegetables|1|España|61238|67|Congelados|Fruta y verdura|Verdura|Productos del momento|Rápido y saludable|Espárrago verde troceado Hacendado ultracongelado||0.3|kg|8.50|€/kg|2.55|espárrago verde.|8480000612380|0||A||Thinly-shredded or diced vegetables, frozen, raw|20265|1|1
314|2026-09-30 11:18:01|40|2026|08032|Deep-frozen sautéed vegetables Hacendado Frozen food Fruit and vegetable Vegetables|1|España|61065|68|Congelados|Fruta y verdura|Verdura|Productos del momento|Rápido y saludable|Salteado de verduras Hacendado ultracongelado||0.6|kg|2.58|€/kg|1.55|hortalizas y verduras en proporción variable (judía verde, brócoli, pimiento  rojo, champiñón cultivado (agaricus bisporus) y cebolla)|8402001011191|0||A||Vegetables, pan-fried without mushrooms, seasonned, frozen, raw|20262|3|1
315|2026-09-30 11:18:01|40|2026|08032|Deep-frozen cauliflower, broccoli and carrots Hacendado Frozen food Fruit and vegetable Vegetables|1|España|61006|69|Congelados|Fruta y verdura|Verdura|Productos del momento|Rápido y saludable|Coliflor, brócoli y zanahoria Hacendado ultracongelada||1.0|kg|1.80|€/kg|1.80|mezcla de vegetales en  proporción variable (coliflor, brócoli y zanahoria).|8480000610065|0||A||Mixed vegetables, frozen, raw|20101|3|1
316|2026-09-30 11:18:01|40|2026|08032|Frozen diced avocado Hacendado Frozen food Fruit and vegetable Fruits|1|España|14283|70|Congelados|Fruta y verdura|Fruta|Productos del momento|Rápido y saludable|Aguacate en dados Hacendado congelado||0.5|kg|7.00|€/kg|3.50|aguacate 99%, antioxidante: ácido ascórbico, sal y regulador de acidez: ácido cítrico|8402001036965|0||A||Thinly-shredded or diced vegetables, frozen, raw|20265|3|1
317|2026-09-30 11:18:01|40|2026|08032|Deep frozen for microwaving rice with vegetables Hacendado Frozen food Rice & pasta Rice|1|España|12756|71|Congelados|Arroz y pasta|Arroz|Productos del momento|Rápido y saludable|Arroz con verduras para microondas Hacendado ultracongelado||0.8|kg|2.50|€/kg|2.00|arroz (67%) (agua y arroz), verduras en proporción variable (33%) (brócoli, guisante, maíz, pimiento rojo y zanahoria).|8402001030932|0||A||Rice, white, parboiled, raw|9101|3|1
318|2026-09-30 11:18:01|40|2026|08032|Deep frozen rice for microwave Hacendado Frozen food Rice & pasta Rice|1|España|61302|72|Congelados|Arroz y pasta|Arroz|Productos del momento|Rápido y saludable|Arroz para microondas Hacendado ultracongelado||1.0|kg|1.90|€/kg|1.90|arroz (agua, arroz).|8480000613028|0||A||Rice, white, parboiled, raw|9101|1|1
319|2026-09-30 11:18:01|40|2026|08032|Long brown rice Hacendado Rice, pulses & pasta Rice Rice|1|España|5184|73|Arroz legumbres y pasta|Arroz|Arroz|Productos del momento|Rápido y saludable|Arroz integral largo Hacendado||1.0|kg|1.65|€/kg|1.65|arroz|8480000051844|0||||Rice, white, parboiled, raw|9101|1|1
320|2026-09-30 11:18:01|40|2026|08032|Fragrant basmati rice Hacendado Rice, pulses & pasta Rice Rice|1|Pakistán|5002|74|Arroz legumbres y pasta|Arroz|Arroz|Productos del momento|Rápido y saludable|Arroz basmati aromático Hacendado||1.0|kg|2.10|€/kg|2.10|arroz|8480000050021|0||||Rice, basmati, raw|9119|1|1
321|2026-09-30 11:18:01|40|2026|08032|Pasta trottole vegetable Hacendado Rice, pulses & pasta Pasta & noodles Macaroni, bows & fusilli|1|Italia|6371|75|Arroz legumbres y pasta|Pasta y fideos|Macarrones, pajaritas y hélices|Productos del momento|Rápido y saludable|Pasta trottole vegetales Hacendado||0.5|kg|2.10|€/kg|1.05|100% sémola de trigo duro. pasta alimenticia compuesta al tomate: sémola de trigo duro, 3,5% tomate deshidratado. pasta alimenticia compuesta a las espinacas: sémola de trigo duro 2,5% espinacas deshidratadas . puede contener trazas de soja, mostaza y huevo.|8402001021398|0||||Pasta, dry, regular, raw|9810|1|1
322|2026-09-30 11:18:01|40|2026|08032|Pasta fusilloni vegetable Hacendado Rice, pulses & pasta Pasta & noodles Macaroni, bows & fusilli|1|España|17640|76|Arroz legumbres y pasta|Pasta y fideos|Macarrones, pajaritas y hélices|Productos del momento|Rápido y saludable|Pasta fusilloni vegetal Hacendado||0.5|kg|2.10|€/kg|1.05|pasta alimenticia de calidad superior: 100% sémola de trigo duro (gluten). pasta compuesta al tomate:  sémola de trigo duro (gluten), 3,5% de tomate deshidratado. pasta compuesta a las espinacas: sémola de trigo duro (gluten), 2,2% espinacas deshidratadas. puede contener trazas de huevos, soja y mostaza.|8402001056918|0||||Pasta, dry, regular, raw|9810|1|1
323|2026-09-30 11:18:01|40|2026|08032|100% Red lentil pasta fusilli Felicia Rice, pulses & pasta Pasta & noodles Macaroni, bows & fusilli|1|Italia|6106|77|Arroz legumbres y pasta|Pasta y fideos|Macarrones, pajaritas y hélices|Productos del momento|Rápido y saludable|Pasta fusilli 100% lentejas rojas Felicia||0.25|kg|6.60|€/kg|1.65|100% harina de lentejas rojas. no contiene gluten.|8032804430822|0||||Pasta, dry, gluten-free, raw|9874|1|1
324|2026-09-30 11:18:02|40|2026|08032|Wholemeal spaghetti Hacendado Rice, pulses & pasta Pasta & noodles Spaghetti & tagliatelle|1|España|35778|78|Arroz legumbres y pasta|Pasta y fideos|Spaghetti y tallarines|Productos del momento|Rápido y saludable|Spaghetti integral Hacendado||0.5|kg|2.30|€/kg|1.15|sémola integral de trigo duro (gluten). puede contener trazas de huevos, soja y mostaza.|8402001010200|0||||Pasta, dry, wholewheat, raw|9870|1|1
325|2026-09-30 11:18:02|40|2026|08032|Pappardelle Hacendado Rice, pulses & pasta Pasta & noodles Spaghetti & tagliatelle|1|España|21988|79|Arroz legumbres y pasta|Pasta y fideos|Spaghetti y tallarines|Productos del momento|Rápido y saludable|Pappardelle Hacendado||0.45|kg|3.22|€/kg|1.45|sémola de trigo duro (gluten). puede contener trazas de huevos, soja y mostaza.|8402001052620|0||||Pasta, dry, regular, raw|9810|1|1
326|2026-09-30 11:18:02|40|2026|08032|Egg tagliatelle Hacendado Rice, pulses & pasta Pasta & noodles Spaghetti & tagliatelle|1|España|6321|80|Arroz legumbres y pasta|Pasta y fideos|Spaghetti y tallarines|Productos del momento|Rápido y saludable|Nidos al huevo Hacendado||0.5|kg|2.90|€/kg|1.45|sémola de trigo duro (gluten), huevo (13%). puede contener trazas de soja y mostaza. 3 huevos por kg de sémola.|8480000063212|0||||Pasta, dry, with egg, raw|9821|1|1
327|2026-09-30 11:18:02|40|2026|08032|Rice noodles Hacendado Rice, pulses & pasta Pasta & noodles Spaghetti & tagliatelle|1|Viet Nam|35981|81|Arroz legumbres y pasta|Pasta y fideos|Spaghetti y tallarines|Productos del momento|Rápido y saludable|Noodles de arroz Hacendado||0.2|kg|7.25|€/kg|1.45|harina de arroz, almidón de tapioca, sal.|8402001011924|0||||Pasta, dry, regular, raw|9810|1|1
328|2026-09-30 11:18:02|40|2026|08032|Gluten-free soy sauce Hacendado Oils, spices & sauces Other sauces Oriental sauces|1|Austria|17382|82|Aceite especias y salsas|Otras salsas|Salsas orientales|Productos del momento|Rápido y saludable|Salsa de Soja sin gluten Hacendado||0.25|l|10.00|€/l|2.50|ingredientes: agua, habas de soja, sal, vinagre de alcohol.|8480000173829|0||E||Soy sauce, prepacked|11104|1|1
329|2026-09-30 11:18:02|40|2026|08032|Fresh Pesto sauce with basil Hacendado Oils, spices & sauces Other sauces Pasta sauces|1|Italia|35186|83|Aceite especias y salsas|Otras salsas|Salsas para pasta|Productos del momento|Rápido y saludable|Salsa fresca Pesto con albahaca Hacendado||0.15|kg|12.67|€/kg|1.90|aceite de semillas de girasol, albahaca (24%),  anacardos, aceite de oliva,  queso rallado (3%) (leche, sal, cuajo), sal, piñones (2%), mantequilla (leche), ajo deshidratado, corrector de acidez: ácido láctico, antioxidante: ácido ascórbico, conservador: sorbato de potasio (e202).puede contener frutos de cáscara, cacahuetes, mostaza, apio, sulfitos, soja, pescado, huevos, moluscos y crustáceos.|8402001009044|0||E||Pesto sauce, prepacked|11179|3|1
330|2026-09-30 11:18:02|40|2026|08032|Coconut preparation Hacendado Eggs, milk & butter Milk & milk alternatives Milk alternatives|1|Thailandia|17174|84|Huevos leche y mantequilla|Leche y bebidas vegetales|Bebidas vegetales|Productos del momento|Rápido y saludable|Preparado de coco Hacendado||0.4|l|3.25|€/l|1.30|extracto de coco 81-82%, eche de coco 17 -19%, agua, estabilizante (e466 carboxy methyl cellulose), emulsionante (polysorbate60)|8402001019944|0||E||Coconut milk|18041|4|1
331|2026-09-30 11:18:03|40|2026|08032|White chocolate nougat Cookies & Cream filled with biscuit and cocoa cream Hacendado Sugar, sweets & chocolate Nougats Nougats|1|España|17701|1|Azúcar caramelos y chocolate|Turrones|Turrones|Novedades|Novedades|Turrón chocolate blanco Cookies & Cream Hacendado relleno de crema de galletas y cacao||0.15|kg|13.33|€/kg|2.00|chocolate blanco (24%) [azúcar, manteca de cacao, leche entera en polvo, lactosuero en polvo, materia grasa láctea anhidra, emulgentes (lecitinas, e-476), aroma], galleta al cacao: 20% (harina de trigo (gluten), azúcar, aceite refinado de girasol alto oleico, cacao desgrasado en polvo (7%), correctores de acidez (carbonato sódico y potásico), jarabe de glucosa y fructosa, gasificantes (carbonato ácido de amonio y de sodio), sal, emulgente: lecitina de soja, aroma), azúcar, aceites y grasas vegetales (karité, coco, girasol refinado), leche descremada en polvo (11%), cacao desgrasado en polvo (1,8%), nata (leche) en polvo, emulgente: lecitinas, correctores de acidez (carbonato sódico y potásico), aromas. puede contener frutos de cáscara, cacahuete, huevo y mostaza.|8402001055935|1||E||Chocolate confectionery, filled with wafer/biscuit|31091|4|2
332|2026-09-30 11:18:03|40|2026|08032|Pistachio chocolates Hacendado Sugar, sweets & chocolate Chocolate Pralines|1|España|17947|2|Azúcar caramelos y chocolate|Chocolate|Bombones|Novedades|Novedades|Bombones de pistacho Hacendado||0.162|kg|25.93|€/kg|4.20|relleno con pistacho (37%) [azúcar, grasa vegetal (palmiste, palma, girasol refinado) en proporción variable, pistacho (15%), leche desnatada en polvo, almidón modificado, concentrado vegetal (espirulina y cártamo), emulgente (lecitinas), sal, aromas], pistacho (21%), azúcar, grasa vegetal (palmiste, palma) en proporción variable, harina de trigo (gluten), leche desnatada en polvo, almidón de maíz, fibra de trigo (gluten), cacao desgrasado en polvo, emulgentes (lecitinas, lecitina de soja), concentrado de espirulina, colorante (e-160a), gasificante (bicarbonato sódico), aceite refinado de girasol, aroma natural de vainilla. puede contener otros frutos de cáscara y mostaza.|8402001057793|1||E||Milk chocolate, bar|31004|4|2
333|2026-09-30 11:18:03|40|2026|08032|100% Acorn Fed Iberian Machine-sliced into pieces and vacuum packed Deli & cheese Serrano ham Serrano ham|1|España|24576|3|Charcutería y quesos|Jamón serrano|Jamón serrano|Novedades|Novedades|Jamón de bellota ibérico 100% cortado a máquina||0.16|kg|140.00|€/kg|22.40|jamón de cerdo de bellota 100% ibérico, sal, azúcar, antioxidantes (e-331, e-301) y  conservadores (e-252, e-250). puede contener trazas de proteína de soja.|8402001060519|1||E||Dry-cured ham, Serrano|28845|4|2
334|2026-09-30 11:18:03|40|2026|08032|Slices iberian fattened ham 50% Iberian breed La Hacienda del Ibérico Deli & cheese Serrano ham Serrano ham|1|España|17798|4|Charcutería y quesos|Jamón serrano|Jamón serrano|Novedades|Novedades|Jamón de cebo ibérico 50% raza ibérica La Hacienda del Ibérico lonchas||0.05|kg|48.00|€/kg|2.40|jamón de    cerdo de cebo ibérico, sal, azúcar, antioxidantes (e-331,e-301) y    conservadores (e-252, e-250)|8402001058684|1||E||Cured ham|28800|4|2
335|2026-09-30 11:18:03|40|2026|08032|Top Xuxes snacks sweets Hacendado Sugar, sweets & chocolate Sweets Sweets|1|España|24543|5|Azúcar caramelos y chocolate|Golosinas|Golosinas|Novedades|Novedades|Snacks de golosinas Top Xuxes Hacendado||0.2|kg|8.00|€/kg|1.60||8402001054631|1||E||||1|2
336|2026-09-30 11:18:03|40|2026|08032|Deep-frozen mozzarella cheese, tomato and oregano Pizza Bites Hacendado Frozen food Breaded food Battered Vegetables & others|1|España|16590|6|Congelados|Rebozados|Verdura rebozada y otros|Novedades|Novedades|Bocaditos de queso mozzarella, tomate y orégano Pizza Bites Hacendado ultracongelados||0.3|kg|7.67|€/kg|2.30|queso mozzarella (leche) (31%), agua, pan rallado (harina de trigo (gluten), agua, sal, levadura), harina de trigo (gluten), harina de maíz, harina de arroz, aceite refinado de girasol, almidón de maíz, concentrado de tomate (2%), almidón de trigo (gluten), almidón modificado, sal, tomate deshidratado (0,8%), vinagre de vino, colorantes (e-150a, e-160e), extracto de levadura, leche en polvo desnatada, proteínas de la leche, especias, estabilizante (e-461), azúcar, gasificantes (e-450, e-500), orégano (0,1%). contiene gluten, leche. puede contener trazas de: crustáceos, huevo, pescado, soja, mostaza, moluscos.|8402001055447|1||D||Pizza, cheese and tomato (Margherita), prepacked|25404|1|2
337|2026-09-30 11:18:03|40|2026|08032|White chocolate filled Rebuenas 1 biscuits Hacendado Cereal & biscuits Biscuits With chocolate & stuffed|1|España|17929|8|Cereales y galletas|Galletas|Con chocolate y rellenas|Novedades|Novedades|Galletas rebuenas Hacendado rellenas de chocolate blanco||0.5|kg|2.90|€/kg|1.45|crema sabor chocolate blanco [azúcar, grasas vegetales (palma, palmiste), suero de leche en polvo, manteca de cacao, leche en polvo, almidón de trigo, emulgente (lecitinas [contienen soja]), sal, aroma], harina de trigo, azúcar, aceite refinado de girasol alto oleico, cacao desgrasado en polvo [cacao desgrasado en polvo, corrector de acidez (carbonato potásico)], suero de leche en polvo, gasificantes (carbonato ácido de amonio, carbonato ácido de sodio), jarabe de glucosa y fructosa, sal, emulgente [lecitinas (soja)], proteínas de la leche, antioxidante (metabisulfito sódico), leche desnatada en polvo. puede contener trazas de mostaza.|8402001057335|1||E||Wafer biscuit, filled or coated with chocolate|24311|4|2
338|2026-09-30 11:18:04|40|2026|08032|Homemade vegetable stock Gallina blanca Cans, soups & creams Soups & stock Liquid stock|1|España|18480|9|Conservas caldos y cremas|Sopa y caldo|Caldo líquido|Novedades|Novedades|Caldo de verduras casero Gallina blanca||1.0|l|1.80|€/l|1.80|agua, verduras (3,7%)(cebolla (34%), calabacín (18%), puerro (17%), zanahoria (15%), espinacas (11%), apio (5%)), aceite de oliva virgen extra (0,15%), aromas naturales (contienen apio), sal.|8410300349013|1||C||Broth or stock, vegetables, dehydrated and reconstituted|25948|1|2
339|2026-09-30 11:18:04|40|2026|08032|Tex-Mex pizza with marinated roasted chicken Hacendado Pizza & ready meals Pizza Fresh pizza|1|España|17828|10|Pizzas y platos preparados|Pizzas|Pizzas refrigeradas|Novedades|Novedades|Pizza Tex-mex Hacendado con pollo asado marinado||0.41|kg|7.07|€/kg|2.90|harina de trigo, agua, queso* mozzarella (17%), pimiento rojo, pimiento verde y maíz asados y marinados, tomate, pollo asado marinado (9%) (pechuga de pollo, jarabe de glucosa, fécula de patata, sal, aroma), queso* cheddar (queso* cheddar, colorante (beta-caroteno)), aroma, aceite refinado de girasol, sal, lactosa, levadura, especias. puede contener trazas de soja y mostaza. *quesos elaborados con leche pasteurizada.|8402001058691|1||D||Pizza, chicken, prepacked|26272|4|2
340|2026-09-30 11:18:04|40|2026|08032|Carrot cake Hacendado Bread & bakery Packaged pastries Packaged pastries|1|España|24585|11|Panadería y pastelería|Bollería envasada|Bollería envasada|Novedades|Novedades|Bizcocho con zanahoria Hacendado||0.29|kg|6.55|€/kg|1.90|harina de trigo, aceite refinado de girasol, azúcar, huevo líquido, agua, clara de huevo líquida, humectantes (e-420, e-422), almidón de trigo, zanahoria deshidratada (2%)* (zanahoria, zumo de zanahoria concentrado, jarabe de glucosa, maltodextrina, almidón), jarabe de glucosa y fructosa, almidón modificado, harina de centeno malteada, aromas, gasificantes (e-450, e-500), suero de leche en polvo, gluten de trigo, emulsificante (e-471), conservadores (e-202, e-282), sal, canela molida, corrector de acidez (e-270), espesantes (e-415, e-412). *equivalente a 8 % de zanahoria en producto final. puede contener mostaza, soja y frutos de cáscara.|8402001060199|1||D||Brioche or Vienna bread, from bakery|7225|4|2
341|2026-09-30 11:18:04|40|2026|08032|Hazelnut and cocoa cereal bars Hacendado Cereal & biscuits Cereal Cereal bars|1|España|24565|13|Cereales y galletas|Cereales|Barritas de cereales|Novedades|Novedades|Barritas de cereales avellana y cacao Hacendado||0.115|kg|12.92|€/kg|1.55|cereales crujientes (37%) (harina de trigo (gluten) (29%), azúcar, cacao desgrasado en polvo (2%), harina de maíz (1%), harina de arroz (0,6%), sal, aceite refinado de girasol), cobertura con cacao (22%) (azúcar, grasa totalmente hidrogenada de palmiste, suero de leche en polvo, cacao desgrasado en polvo (6%), leche entera en polvo, emulgentes (lecitina de girasol, triestearato de sorbitano), aromas), jarabe de glucosa, crema de avellana (frutos de cáscara) y cacao (7%) (azúcar, aceite refinado de girasol, cacao en polvo desgrasado (8%), pasta de avellana (frutos de cáscara) (4%), pasta de cacao (2%), emulgente (lecitina de girasol), aromas, antioxidantes (extracto rico en tocoferoles, ésteres ácidos grasos de ácido ascórbico)), avellana (frutos de cáscara) (7%), oligofructosa, humectante (glicerina), fructosa, aceite refinado de girasol alto oleico, maltodextrina, aromas, sal, emulgente (lecitina de soja). puede contener trazas de huevos, mostaza y otros frutos de cáscara.|8402001057380|1||D||Cereal bar with chocolate|31106|4|2
342|2026-09-30 11:18:04|40|2026|08032|Braised chicken breast slices Hacendado Deli & cheese Cooked poultry & ham Turkey & others|1|España|18106|14|Charcutería y quesos|Aves y jamón cocido|Pavo y otros|Novedades|Novedades|Pechuga de pollo braseada Hacendado lonchas||0.225|kg|10.22|€/kg|2.30|pechuga de pollo (70%), agua, sal, jarabe de glucosa, proteína de soja, estabilizantes (e-451i, e-407), aromas, aroma de humo, antioxidante (e-301), conservadores (e-261, e-250).|8402001060045|1||C||Cooked ham, from chicken, in slices|28963|1|2
343|2026-09-30 11:18:04|40|2026|08032|Choco Bom chocolate chip biscuits coated in white chocolate Gullón Cereal & biscuits Biscuits With chocolate & stuffed|1|España|17928|15|Cereales y galletas|Galletas|Con chocolate y rellenas|Novedades|Novedades|Galletas Choco Bom Gullón con chips de chocolate recubiertas de chocolate blanco||0.1|kg|10.00|€/kg|1.00|chocolate blanco 40% (azúcar, manteca de cacao, leche en polvo, suero de leche en polvo, emulgente (lecitinas [soja]), aroma, aroma natural de vainilla), harina de trigo, chips de chocolate 12 % (azúcar, pasta de cacao, manteca de cacao, emulgente (lecitinas [soja])), aceite refinado de girasol alto oleico, azúcar, oligofructosa, gasificantes (carbonato ácido de amonio y carbonato ácido de sodio), sal, aroma. puede contener trazas de frutos de cáscara y mostaza|8410376012699|1||E||Chocolate confectionery, coated|31041|4|2
344|2026-09-30 11:18:04|40|2026|08032|Peru coffee pods Hacendado Chocolate drinks, coffee & tea Coffee pods & single cups Nespresso-compatible pods|1|Suiza|17674|16|Cacao café e infusiones|Café cápsula y monodosis|Cápsulas compatibles Nespresso|Novedades|Novedades|Café en cápsula Perú Hacendado||0.104|kg|0.19|€/kg|3.80||8402001057489|1||||Coffee, ground|18003|1|2
345|2026-09-30 11:18:04|40|2026|08032|100% whole grain loaf of bread Bread & bakery Oven bread Bread loaf|1|España|17912.1|17|Panadería y pastelería|Pan de horno|Barra de pan|Novedades|Novedades|Barra pan integral 100%||0.23|kg|3.91|€/kg|0.90|harina integral de trigo (gluten) 70%**, agua, sal, levadura, masa madre de trigo integral (gluten) inactiva, gluten de trigo, emulgente e-472e y antioxidante e-300. puede contener soja y mostaza.|8402001058868|1||A||Bread, bran grain|7115|4|2
346|2026-09-30 11:18:04|40|2026|08032|Fussion Milk chocolate caramelised cookies filling Hacendado Sugar, sweets & chocolate Chocolate Milk chocolate|1|España|17996|18|Azúcar caramelos y chocolate|Chocolate|Chocolate con leche|Novedades|Novedades|Chocolate con leche Fussion Hacendado relleno de galleta caramelizada||0.142|kg|12.32|€/kg|1.75||8402001055874|1||E||Biscuit (cookie), with a chocolate bar covering, milk filling|24014|1|2
347|2026-09-30 11:18:04|40|2026|08032|100% whole grain sliced bread Bread & bakery Oven bread Sliced bread loaf|1|España|17912.2|19|Panadería y pastelería|Pan de horno|Pan rebanado|Novedades|Novedades|Barra pan integral 100% rebanado||0.23|kg|3.91|€/kg|0.90|harina integral de trigo (gluten) 70%**, agua, sal, levadura, masa madre de trigo integral (gluten) inactiva, gluten de trigo, emulgente e-472e y antioxidante e-300. puede contener soja y mostaza.|8402001058868|1||A||Bread, bran grain|7115|4|2
348|2026-09-30 11:18:04|40|2026|08032|Soy dessert with caramel Hacendado Dessert & yoghurt Soy desserts Soy desserts|1||24080|20|Postres y yogures|Postres de soja|Postres de soja|Novedades|Novedades|Postre de soja con caramelo Hacendado||0.4|kg|3.88|€/kg|1.55|bebida de soja 80,3% (agua, habas de soja 6.3%*), azúcar,  caramelo 6,6% (azúcar, agua), almidones modificados, aromas naturales, sal, espesante:  carragenanos; azúcar caramelizado, colorante: norbixina de bija. * sobre el producto terminado.|8402001053924|1||C||Soy dessert, flavoured, with sugar(s), not fortified, refrigerated|20921|1|2
349|2026-09-30 11:18:05|40|2026|08032|Oat biscuits and seeds Hacendado Cereal & biscuits Biscuits Wholemeal & digestive biscuits|1|España|17639|21|Cereales y galletas|Galletas|Galletas integrales y digestive|Novedades|Novedades|Galletas avena y semillas Hacendado||0.32|kg|5.94|€/kg|1.90|copos de avena, harina de trigo, arroz inflado (harina de arroz, harina de trigo, sal), azúcar, aceite refinado de girasol alto oleico 13%, copos de maíz (maíz, sal, azúcar, jarabe de malta de cebada), oligofructosa, almidón de trigo, semillas de lino, semillas de chía (salvia hispanica), gelificante (goma arábiga), gasificantes (carbonato ácido de potasio, carbonato ácido de amonio), sal, emulgente [lecitinas (soja)], aroma, aroma natural, suero de leche en polvo. puede contener trazas de granos de sésamo, frutos de cáscara, huevo y mostaza.|8402001056321|1||C||Biscuit, oat, plain|24655|4|2
350|2026-09-30 11:18:05|40|2026|08032|Tropical drink Hacendado Juice Assorted fruit Assorted fruit & other flavours|1|España|18370|22|Zumos|Fruta variada|Fruta variada y otros sabores|Novedades|Novedades|Zumo tropical Hacendado||1.0|l|2.40|€/l|2.40|zumo de uva 45%, zumo de naranja 25%, zumo de piña 15%, puré de mango 10% y zumo de maracuyá 5%mantene|8402001060526|1||D||Multifruit juice, juice and fruit puree|2033|2|2
351|2026-09-30 11:18:05|40|2026|08032|Cocoa wafers filled with milk cream and hazelnuts Knoppers Cereal & biscuits Biscuits With chocolate & stuffed|1|Alemania|17731|23|Cereales y galletas|Galletas|Con chocolate y rellenas|Novedades|Novedades|Barquillos de cacao rellenos con crema de leche y de avellanas Knoppers||0.125|kg|10.00|€/kg|1.25|azúcar, grasas vegetales (palma, karité),  harina de trigo (13,5 %), leche desnatada en polvo (13 %), avellanas (9,2 %), harina integral de trigo (7,2 %), cacao, mantequilla concentrada (2,7 %), cacao, cacao desgrasado en polvo, emulgente: lecitinas (soja), sal, suero lácteo en polvo leche, almidón de trigo, aromas naturales, gasificante: bicarbonato sódico, cacahuetes molidos.  también puede contener almendras, otros frutos de cáscara y huevo.|4014400928884|1||E||Chocolate and nut confectionery, filled with praliné|31066|4|2
352|2026-09-30 11:18:05|40|2026|08032|Whole grain loaf of bread with 20% oats 5% buckwheat Hacendado Bread & bakery Packaged sliced bread & other specialities Other bread|1|España|18294|24|Panadería y pastelería|Pan de molde y otras especialidades|Otros panes|Novedades|Novedades|Pan de molde integral con 20% avena 5% trigo sarraceno Hacendado||0.55|kg|2.73|€/kg|1.50|harina integral (57%) (trigo (gluten), avena (gluten) (20%), trigo sarraceno (5%)), agua, semillas de girasol (4,5%), levadura, gluten de trigo, aceite de oliva virgen extra (1,3%), sal, sémola integral de trigo (gluten), emulgentes (e-472e, e-471), conservadores (e-282, e-200, e-202), antioxidante (e-300), aroma. puede contener trazas de semillas de sésamo, soja y mostaza. sin lactosa.|8402001059247|1||B||Rye bread, whole grain, prepacked|7106|4|2
353|2026-09-30 11:18:05|40|2026|08032|Sliced soft cow cheese Hacendado Deli & cheese Sliced, grated & portioned cheese Sliced cheese|1|España|16551|25|Charcutería y quesos|Queso lonchas rallado y en porciones|Queso lonchas|Novedades|Novedades|Queso lonchas tierno de vaca Hacendado||0.5|kg|7.00|€/kg|3.50|leche pasteurizada de vaca, sal, cuajo no animal, estabilizante (cloruro cálcico) y fermentos lácticos.|8402001055249|1||D||Cheese mix, grated, from cow's milk|12775|2|2
354|2026-09-30 11:18:05|40|2026|08032|Cupcakes with chocolate chips Bread & bakery Oven pastries Sweet pastries|1|España|17700|26|Panadería y pastelería|Bollería de horno|Bollería dulce|Novedades|Novedades|Magdalenas con pepitas de chocolate||0.39|kg|7.95|€/kg|3.10|harina de trigo (gluten), aceite refinado de girasol, azúcar, huevo líquido pasteurizado, pepitas de chocolate (8,9%) [azúcar, pasta de cacao, manteca de cacao, dextrosa, emulgente (lecitina de soja)], agua, jarabe de glucosa y fructosa, humectante (glicerina), mantequilla (leche), gasificantes (difosfato disódico, bicarbonato de sodio), jarabe de azúcar invertido, ralladura de naranja, miel de flores, aroma, sal, espesante (goma xantana), antioxidante (extracto rico en tocoferol), enzimas. puede contener: frutos de cáscara, mostaza, sulfitos|8402001058349|1||E||Soft cake, with chocolate chips, prepacked|23943|4|2
355|2026-09-30 11:18:05|40|2026|08032|Cupcakes with sugar Bread & bakery Oven pastries Sweet pastries|1|España|17698|28|Panadería y pastelería|Bollería de horno|Bollería dulce|Novedades|Novedades|Magdalenas con azúcar||0.39|kg|6.92|€/kg|2.70|aceite refinado de girasol, harina de trigo (gluten), azúcar (20,8%), huevo líquido pasteurizado, agua, humectante (glicerina), jarabe de glucosa y fructosa, ralladura de naranja, leche entera en polvo, gasificantes (difosfato disódico, bicarbonato de sodio), sal, espesante (goma xantana), aromas, acidulante (ácido cítrico), antioxidante (extracto rico en tocoferol), enzimas. puede contener: soja, frutos de cáscara, mostaza, sulfitos.|8402001058332|1||D||Raisin puff pastry (Viennese pastries), from bakery|7720|4|2
356|2026-09-30 11:18:05|40|2026|08032|Guanciale Hacendado Deli & cheese Bacon & sausages Bacon|1|España|21892|29|Charcutería y quesos|Bacón y salchichas|Bacón|Novedades|Novedades|Guanciale Hacendado||0.31|kg|15.00|€/kg|4.65|papada de cerdo, sal, especias, dextrosa, antioxidante (e-316) y conservador (e-250).|8402001053191|1||E||Bacon, back|28727|4|2
357|2026-09-30 11:18:05|40|2026|08032|Crunchy Milk bars with cereals and milk chocolate filling Hacendado Sugar, sweets & chocolate Chocolate Bars|1|España|17705|30|Azúcar caramelos y chocolate|Chocolate|Chocolatinas|Novedades|Novedades|Barritas crujientes Crunchy Milk Hacendado con relleno de cereales y chocolate con leche||0.092|kg|19.57|€/kg|1.80|relleno de cereales con chocolate y leche 52% [preparado lácteo 74% (aceites y grasas vegetales (girasol refinado, colza, palma, coco), azúcar, leche entera en polvo (20%), leche desnatada en polvo (8%), suero de leche en polvo (2%), lactosa (leche) (2%), emulgente (lecitinas), antioxidante (e-306), aromas), cereales con chocolate 26% (cereales (sémola de trigo (gluten), harina de trigo (gluten), harina de avena (gluten), harina de arroz, harina integral de trigo (gluten)), azúcar, leche entera en polvo, sal)], cereales (sémola de arroz, harina integral de trigo (gluten), harina de trigo (gluten), harina de avena (gluten)), chocolate en polvo (azúcar, cacao en polvo), grasa vegetal (palmiste, palma), leche entera en polvo, leche desnatada en polvo, suero de leche en polvo, almidón de maíz, fibra de trigo (gluten), jarabe de azúcar caramelizado, sal, emulgente (lecitina de soja), gasificante (bicarbonato sódico), aromas. puede contener frutos de cáscara y mostaza.|8402001057151|1||E||Milk chocolate, with puffed/popped cereals, bar|31009|4|2
358|2026-09-30 11:18:06|40|2026|08032|Deep frozen cheese and ham baguette Hacendado Frozen food Pizza Pizza|1|España|23988|31|Congelados|Pizzas|Pizzas|Novedades|Novedades|Baguette jamón y queso Hacendado ultracongeladas||0.25|kg|8.40|€/kg|2.10|harina de trigo (gluten), agua, queso edam 12,1% (leche), jamón cocido 7,5% (jamón de cerdo (70%), agua, sal, azúcar, aromas, estabilizantes (e-451,e-420,e-407), antioxidantes (e-316 y e-331), conservador (e-250)), aceite refinado de girasol, creme fraiche (nata (leche), fermentos lácticos), nata (nata ligera (leche), almidón modificado, emulgente (e-472e), estabilizantes (e-440i y e-407)), queso rallado fundido en polvo (leche)(queso (leche), almidón, proteína de la leche, mantequilla (leche), sales de fundido (e-452, e-340, e-331), sal, aroma (leche), corrector de acidez (e-270), conservador (e-202), antiapelmazante: almidón de patata), suero de leche en polvo, sal, levadura, almidón modificado de patata, cebollino, cebolla prefrita (cebolla (90%) y aceite refinado de girasol), azúcar, yogur desnatado en polvo (leche), aroma natural, pimienta negra molida, ajo molido, agente de tratamiento de la harina(e920). puede contener trazas de pescado, soja y mostaza.|8402001053566|1||D||Pizza, ham and cheese, prepacked|25435|4|2
359|2026-09-30 11:18:06|40|2026|08032|Slices serrano Ham Jamcal Deli & cheese Serrano ham Serrano ham|1|España|18353|33|Charcutería y quesos|Jamón serrano|Jamón serrano|Novedades|Novedades|Jamón serrano Jamcal lonchas||0.05|kg|22.00|€/kg|1.10|jamón de cerdo, sal, azúcar, conservadores (e-252 y e-250) y antioxidante (e-301).|8437030191019|1||E||Dry-cured ham, Serrano|28845|4|2
360|2026-09-30 11:18:06|40|2026|08032|Volcano with cream and coconut Hacendado Bread & bakery Packaged pastries Assorted pastries|1|España|17951|34|Panadería y pastelería|Bollería envasada|Pastelitos surtidos|Novedades|Novedades|Volcano con crema y coco||0.057|kg|5.75|€/kg|0.33|harina de trigo (gluten), aceite refinado de girasol, azúcar, cobertura blanca (10%) [azúcar, grasa vegetal totalmente hidrogenada (palmiste), suero de leche en polvo, leche en polvo, grasa vegetal (palma), emulgentes vegetales (lecitina de girasol, e472c), conservador (ácido sórbico), aroma], jarabe de glucosa y fructosa, huevo líquido pasteurizado, crema (9%) sabor vainilla [azúcar, agua, jarabe de glucosa y fructosa, cobertura blanca (azúcar, grasa vegetal totalmente hidrogenada (palmiste), suero de leche en polvo, leche en polvo, emulgentes vegetales (e492, lecitina de girasol, e472c), aromas), maltodextrina, almidones modificados, humectante (e422), grasa vegetal (palma), reguladores de la acidez (e516, e330), estabilizantes (e460, e466), emulgentes vegetales (e472c, e471, e475), conservador (e202), sal, gelificante (e407), aromas, colorantes (e160c, e160a)], agua, humectantes (sorbitoles, glicerina), coco rallado (2%), sal, acidulante (e330), conservador (sorbato potásico), espesante (goma xantana), emulgentes vegetales (e471, e1520, e477, e470a), gasificantes (e450i, carbonatos de sodio), aromas. puede contener trazas de mostaza, soja y frutos de cáscara.|8402001059254|1||E||Biscuit (cookie) with coconut|24070|4|2
361|2026-09-30 11:18:06|40|2026|08032|Fussion milk chocolate filled with caramel over aerated milk Hacendado Sugar, sweets & chocolate Chocolate Milk chocolate|1|Alemania|17917|35|Azúcar caramelos y chocolate|Chocolate|Chocolate con leche|Novedades|Novedades|Chocolate con leche Fussion Hacendado relleno de caramelo con leche aireado||0.095|kg|14.21|€/kg|1.35|azúcar, leche en polvo, manteca de cacao, pasta de cacao, jarabe de glucosa, grasa de palma, leche desnatada en polvo, suero lácteo dulce en polvo (leche), leche condensada, emulgentes (lecitinas [soja], mono- y diglicéridos de ácidos grasos), grasa butírica, sal, extracto de vainilla, aromas naturales. contiene grasas vegetales además de manteca de cacao. puede contener cacahuetes, frutos de cáscara, gluten y huevo.|8402001043659|1||E||Milk chocolate, bar|31004|4|2
362|2026-09-30 11:18:06|40|2026|08032|Cheesecake Caramel wafer bars with white chocolate coating and cheesecake flavor filling Sugar, sweets & chocolate Chocolate Bars|1|España|24568|36|Azúcar caramelos y chocolate|Chocolate|Chocolatinas|Novedades|Novedades|Barritas de barquillo Cheesecake Caramel Hacendado con cobertura blanca y relleno sabor cheesecake||0.115|kg|15.65|€/kg|1.80|cobertura blanca coloreada (37%) (azúcar, grasa vegetal (palma y palmiste), leche en polvo, emulgentes: lecitina (soja) y e-476, colorante: e-160a, sacarosa caramelizada y aromas), azúcar, gota de cobertura blanca (azúcar, grasa vegetal (coco, palmiste) en proporciones variables, leche desnatada en polvo, emulgente: lecitina (soja), aroma natural de vainilla), harina de trigo (gluten), leche desnatada en polvo, grasa vegetal de palma, emulgentes: lecitina (soja) y e-476, gasificante: bicarbonato de sodio y aromas. puede contener: frutos de cáscara y mostaza.|8402001054037|1||E||Wafer biscuit, filled or coated with chocolate|24311|4|2
363|2026-09-30 11:18:06|40|2026|08032|3 Sourdough Baguettes Bread & bakery Oven bread Bread loaf|1|España|83286|37|Panadería y pastelería|Pan de horno|Barra de pan|Novedades|Novedades|3 Baguettes masa madre||0.75|kg|2.00|€/kg|1.50|harina de trigo (gluten), agua, masa madre de trigo (3%) (gluten), sal, levadura, antioxidante e 300. puede contener trazas de  soja y mostaza.|8480000832863|1||C||Bread, French bread, baguette|7001|4|2
364|2026-09-30 11:18:06|40|2026|08032|Choco Orange flavored oat cookies with chocolate cream filling Cereal & biscuits Biscuits With chocolate & stuffed|1|España|17922|38|Cereales y galletas|Galletas|Con chocolate y rellenas|Novedades|Novedades|Galletas con avena sabor Choco Orange con relleno de crema de chocolate Hacendado||0.21|kg|5.95|€/kg|1.25|copos de avena 30%, crema de chocolate 29% [azúcar, grasas vegetales (palma, palmiste), cacao desgrasado en polvo 11%, almidón de trigo, proteínas de la leche, leche desnatada en polvo, emulgente (lecitinas [soja])], harina de trigo, azúcar, aceite refinado de girasol alto oleico, salvado de trigo, oligofructosa, gelificante (goma arábiga), zumo de naranja en polvo 1%, sal, emulgente [lecitinas (soja)], gasificantes (carbonato ácido de sodio, carbonato ácido de amonio), aroma. puede contener trazas de mostaza.|8402001058882|1||D||Biscuit (cookie), snack with chocolate filling|24231|1|2
365|2026-09-30 11:18:06|40|2026|08032|Sour Jelly Beans sweets Hacendado Sugar, sweets & chocolate Sweets Sweets|1|España|17719|39|Azúcar caramelos y chocolate|Golosinas|Golosinas|Novedades|Novedades|Golosinas Jelly Beans ácidas Hacendado||0.085|kg|10.59|€/kg|0.90||8402001055973|1||E||Jelly candy|31060|1|2
366|2026-09-30 11:18:06|40|2026|08032|Fruit + Milk Protein 20 g with Collagen and Vitamin C Don Simón Juice Assorted fruit Fruit + milk|1|España|24586|40|Zumos|Fruta variada|Fruta + leche|Novedades|Novedades|Fruta + leche Proteína 20 gr Don Simón con colágeno y vitamina C||0.33|l|3.79|€/l|1.25|agua, zumo de frutas parcialmente a partir de concentrado (20 %) en proporción variable (piña, uva, mango y manzana), leche desnatada (15 %), proteína de arroz (4,3 %), colágeno hidrolizado (2 %), estabilizantes [pectina (e-466) y e-460i], acidulantes (ácido málico y ácido cítrico), aromas, colorante (beta-caroteno), edulcorante (sucralosa) y vitamina c.|8410261644240|1|1.65|C||Still beverage with fruit juice and milk|18343|4|2
367|2026-09-30 11:18:07|40|2026|08032|Beer Brutus Beer, wine & spirits Beer Beer cans|1|España|18152|41|Bodega|Cerveza|Cerveza lata|Novedades|Novedades|Cerveza Brutus|5.0|0.5|l|2.38|€/l|1.19|agua, malta de cebada , maiz, lúpulo|8411327014410|1||||Beer, regular (4-5° alcohol)|5001|1|2
368|2026-09-30 11:18:07|40|2026|08032|Onions Fruits & vegetables Vegetables Onion & garlic|1|España|69089|1|Fruta y verdura|Verdura|Cebolla y ajo|Bajadas de precio|Bajadas de precio|Cebollas||1.0|kg|1.50|€/kg|1.50|cebolla (allinium cepa)|8414382410005|0|1.70|||Onion, raw|20034|1|3
369|2026-09-30 11:18:07|40|2026|08032|Extra virgin olive oil Hacendado Oils, spices & sauces Oil, vinegar & salt Olive oil|1|España|4740|2|Aceite especias y salsas|Aceite vinagre y sal|Aceite de oliva|Bajadas de precio|Bajadas de precio|Aceite de oliva virgen extra Hacendado||1.0|l|4.45|€/l|4.45|ingredientes: aceite de oliva virgen extra|8402001001185|0|4.70|C||Olive oil, extra virgin|17270|1|3
370|2026-09-30 11:18:07|40|2026|08032|Light olive oil Hacendado Oils, spices & sauces Oil, vinegar & salt Olive oil|1|España|4240|3|Aceite especias y salsas|Aceite vinagre y sal|Aceite de oliva|Bajadas de precio|Bajadas de precio|Aceite de oliva 0,4º Hacendado||1.0|l|3.70|€/l|3.70|ingredientes: aceite de oliva refinado y aceite de oliva virgen.|8402001027475|0|3.80|C||Olive oil, extra virgin|17270|1|3
371|2026-09-30 11:18:07|40|2026|08032|Natural Greek yoghurt Hacendado Dessert & yoghurt Greek yoghurt Greek yoghurt|1|España|20512|4|Postres y yogures|Yogures griegos|Yogures griegos|Bajadas de precio|Bajadas de precio|Yogur griego natural Hacendado||1.0|kg|2.10|€/kg|2.10|leche pasteurizada entera (origen: españa), nata, leche en polvo desnatada, fermentos lácticos.|8480000205124|0|2.20|C||Yogurt, Greek-style, plain|19860|1|3
372|2026-09-30 11:18:07|40|2026|08032|Natural light Greek yoghurt 2% MG Hacendado Dessert & yoghurt Greek yoghurt Greek yoghurt|1|España|21358|5|Postres y yogures|Yogures griegos|Yogures griegos|Bajadas de precio|Bajadas de precio|Yogur griego natural ligero Hacendado 2% MG||1.0|kg|2.10|€/kg|2.10|leche pasteurizada parcialmente desnatada (origen: españa), leche en polvo desnatada, proteínas de la leche y fermentos lácticos.|8480000213587|0|2.20|A||Yogurt, Greek-style, plain|19860|3|3
373|2026-09-30 11:18:07|40|2026|08032|Onions Fruits & vegetables Vegetables Onion & garlic|1|España|69079|6|Fruta y verdura|Verdura|Cebolla y ajo|Bajadas de precio|Bajadas de precio|Cebollas||2.0|kg|1.50|€/kg|3.00|cebollas|5600319261069|0|3.20|||Onion, raw|20034|1|3
374|2026-09-30 11:18:07|40|2026|08032|Extra virgin olive oil Hacendado Oils, spices & sauces Oil, vinegar & salt Olive oil|1|España|4717|7|Aceite especias y salsas|Aceite vinagre y sal|Aceite de oliva|Bajadas de precio|Bajadas de precio|Aceite de oliva virgen extra Hacendado||3.0|l|4.27|€/l|12.80|aceite de oliva virgen extra 100%|8402001001192|0|13.55|C||Olive oil, extra virgin|17270|1|3
375|2026-09-30 11:18:07|40|2026|08032|Lemons Fruits & vegetables Fruits Citrus fruit|1|Sudáfrica|3236|8|Fruta y verdura|Fruta|Cítricos|Bajadas de precio|Bajadas de precio|Limones||1.0|kg|2.65|€/kg|2.65|calibre 3/5 (53-68mm)|8414196132360|0|2.80|||||1|3
376|2026-09-30 11:18:07|40|2026|08032|Extra chorizo slices Hacendado Deli & cheese Cured meat Chorizo|1|España|59086|9|Charcutería y quesos|Embutido curado|Chorizo|Bajadas de precio|Bajadas de precio|Chorizo extra Hacendado lonchas||0.24|kg|7.29|€/kg|1.75|carne de cerdo, panceta, sal, pimentones, lactosa, dextrina, proteínas de la leche, azúcar, dextrosa, ajo, estabilizante (e-450), antioxidantes (e-331, e-301), especias, extracto de pimentón, conservadores (e-250, e-252) y colorante (e-120).|8480000590862|0|1.85|E||Cured meat and sausages (average)|30900|4|3
377|2026-09-30 11:18:08|40|2026|08032|Dark chocolate drops for melting Hacendado Sugar, sweets & chocolate Chocolate Dark chocolate|1|España|12544|10|Azúcar caramelos y chocolate|Chocolate|Chocolate negro|Bajadas de precio|Bajadas de precio|Gotas de chocolate negro para fundir Hacendado||0.25|kg|10.20|€/kg|2.55|azúcar, pasta de cacao, manteca de cacao, emulgentes (lecitina de girasol, e-476), aroma natural de vainilla. cacao: 44% mínimo. alérgenos: trazas de frutos de cáscara, leche y soja.|8480000125446|0|2.75|E||Dark chocolate, more than 40% cocoa, for cooking, bar|31085|4|3
378|2026-09-30 11:18:08|40|2026|08032|85% Cocoa extra fine dark chocolate Hacendado Sugar, sweets & chocolate Chocolate Dark chocolate|1|Portugal|12493|12|Azúcar caramelos y chocolate|Chocolate|Chocolate negro|Bajadas de precio|Bajadas de precio|Porciones de Chocolate negro 85% cacao extrafino Hacendado||0.2|kg|17.00|€/kg|3.40|pasta de cacao, azúcar, manteca de cacao, cacao desgrasado en polvo, emulgente: lecitina (soja) y aroma. cacao: 85% mínimo. puede contener trazas de almendras, avellanas, anacardos y leche. sin gluten.|8402001016400|0|3.50|D||Dark chocolate, 70% cocoa, bar|31074|2|3
379|2026-09-30 11:18:08|40|2026|08032|Blend ground coffee Hacendado Chocolate drinks, coffee & tea Ground coffee & coffee beans Ground coffee|1|España|15922|13|Cacao café e infusiones|Café molido y en grano|Café molido|Bajadas de precio|Bajadas de precio|Café molido mezcla Hacendado||0.5|kg|9.00|€/kg|4.50|café y jarabe de glucosa|8480000159229|0|4.60|||Coffee, ground|18003|1|3
380|2026-09-30 11:18:08|40|2026|08032|Instant cup noodles chicken flavour Hacendado Rice, pulses & pasta Pasta & noodles Oriental noodles|1|Lituania|22453|14|Arroz legumbres y pasta|Pasta y fideos|Fideos orientales|Bajadas de precio|Bajadas de precio|Fideos orientales sabor pollo Hacendado||0.065|kg|12.31|€/kg|0.80|fideos instantaneos (80%): harina de trigo, aceite de palma, sal, almidón modificado, azúcar, gasificantes: carbonato de sodio y potasio; extracto de cúrcuma. caldo (20%): zanahorias, maltodextrina, harina de trigo, maíz, grasas de palma, potenciadores del aroma y del sabor: e-621, e-635; sal, azúcar, carne de pollo en polvo, cebollino, cebollas fritas en polvo (cebollas deshidratadas, aceite de girasol), aromas, extracto de levadura, salsa de soja fermentada (soja, trigo, maltodextrina, sal), sofrito ((cebolla, zanahoria, apio), aceite de girasol, cebolla, azúcar, almidón de maíz, sal, puré de ajo, antioxidantes: e-392, e-396, e-300; pimienta negra), azúcar caramelizada, pimienta blanca, chile, jenjibre, extracto de cúrcuma. puede contener trazas de crustaceos, huevos, leche y mostaza.|8480000224538|0|0.90|C||Noodles, asian style, instant, flavoured, cooked|25243|4|3
381|2026-09-30 11:18:08|40|2026|08032|Oriental noodles chicken flavor Hacendado Pizza & ready meals Hot ready meals Oriental noodles|1|Lituania|35681|16|Pizzas y platos preparados|Platos preparados calientes|Fideos orientales|Bajadas de precio|Bajadas de precio|Fideos orientales sabor pollo Hacendado||0.065|kg|8.46|€/kg|0.55|fideos instantáneos (85%): harina de trigo, aceite de girasol, fécula de patata, sal, gasificantes: carbonatos de sodio y potasio. caldo (15%): maltodextrina, harina de trigo, potenciadores del sabor: e621, e635; sal, azúcar, carne de pollo en polvo, cebolla verde, cebolla frita en polvo, (cebolla, aceite de girasol), aromas, extracto de levadura, salsa de soja fermentada (soja, trigo, maltodextrina, sal), mezcla de sofrito en polvo ((cebolla, zanahoria, apio), aceite de girasol, cebolla, azúcar, almidón de maíz, sal, puré de ajo, antioxidantes: e392, e306. e300; pimienta negra), azúcar caramelizado, aceite de colza, pimienta blanca, chile, jengibre, extracto de curcumina. puede contener trazas de crustáceos, productos lácteos y mostaza.|8402001021985|0|0.65|C||Noodles, asian style, instant, flavoured, cooked|25243|4|3
382|2026-09-30 11:18:08|40|2026|08032|Sliced salami Hacendado Deli & cheese Cured meat Salchichon|1|España|59090|17|Charcutería y quesos|Embutido curado|Salchichón|Bajadas de precio|Bajadas de precio|Salami extra Hacendado lonchas||0.24|kg|7.29|€/kg|1.75|carne de cerdo, tocino, lactosa, sal, proteínas de la leche, dextrosa, especias, aromas, aromas de humo, estabilizantes (e-450, e-451), antioxidante (e-301), conservadores (e-250, e-252), colorante (e-120) y extracto de pimentón.|8480000590909|0|1.85|E||Salami|30350|4|3
383|2026-09-30 11:18:08|40|2026|08032|Biscuits with chocolate and cream Hacendado Cereal & biscuits Biscuits With chocolate & stuffed|1|Alemania|14038|19|Cereales y galletas|Galletas|Con chocolate y rellenas|Bajadas de precio|Bajadas de precio|Galletas con chocolate y crema de leche Hacendado||0.268|kg|9.51|€/kg|2.55|ingredientes: azúcar, harina de trigo (21%), grasas vegetales (semilla de la palma, palma en proporción variable), manteca de cacao, pasta de cacao, leche descremada en polvo, leche entera en polvo (6%), mantequilla (4%) (leche), jarabe de glucosa, lactosa (leche), mantequilla concentrada (leche), gasificantes (carbonato ácido de sodio, carbonato ácido de amonio), emulgentes (lecitinas de girasol, lecitinas de soja), suero de leche dulce en polvo, sal, acidulante (ácido cítrico). puede contener trazas de: frutos de cáscara.|4001518009000|0|2.65|E||Soft cake filled with chocolate and with chocolate coating, prepacked|23944|1|3
384|2026-09-30 11:18:09|40|2026|08032|Zero sugar soft drink Coca-Cola Water & soft drinks Cola drinks Zero cola|1|España|27426|20|Agua y refrescos|Refresco de cola|Cola zero|Bajadas de precio|Bajadas de precio|Refresco Coca-Cola zero azúcar||3.96|l|2.58|€/l|10.20|ingredientes: agua carbonatada, colorante e-150d, edulcorantes: ciclamato sódico, acesulfamo k y aspartamo, acidulante ácido fosfórico, aromas naturales, aroma cafeína y corrector de acidez: citratos de sodio.|5449000133342|0|11.16|E||Cola, without added sugars and with sweetener(s)|18060|4|3
385|2026-09-30 11:18:09|40|2026|08032|Battered hake Seafood & fish Fresh fish Other|1|Francia|87734|21|Marisco y pescado|Pescado fresco|Otros|Bajadas de precio|Bajadas de precio|Merluza rebozada||0.23|kg|16.52|€/kg|3.80|filetes de merluza del cabo, sin espinas (*) 70%rebozado 30%: agua, aceites vegetales (colza y girasol en proporción variable), harina de trigo, harina de maíz, almidón modificado de maíz, almidón de trigo, gluten de trigo, sal, gasificante: e450i - e500ii, leche en polvo desnatada.|8480000877345|0|3.90|||Fish, cooked (average)|26140|4|3
386|2026-09-30 11:18:09|40|2026|08032|Deep frozen peeled large shrimp Hacendado Frozen food Seafood Seafood|1|China|24230|22|Congelados|Marisco|Marisco|Bajadas de precio|Bajadas de precio|Gamba pelada cruda tamaño grande Hacendado ultracongelada||None|kg|16.53|€/kg|5.95|gamba crustáceo, agua, sal, antioxidante metabisulfito de sodio, estabilizante ( e-339,e-451, e-452). contiene crustáceos, sulfitos y puede contener trazas de pescado y molucos.|6944955502742|0|6.15|A||Shrimp or prawn, frozen, raw|10038|4|3
387|2026-09-30 11:18:09|40|2026|08032|Virgin olive oil Hacendado Oils, spices & sauces Oil, vinegar & salt Olive oil|1|España|4749|23|Aceite especias y salsas|Aceite vinagre y sal|Aceite de oliva|Bajadas de precio|Bajadas de precio|Aceite de oliva virgen Hacendado||1.0|l|4.10|€/l|4.10|ingredientes: aceite de oliva virgen extra|8402001047206|0|4.20|C||Olive oil, extra virgin|17270|1|3
388|2026-09-30 11:18:09|40|2026|08032|Deep-frozen catfish fillets Hacendado Frozen food Fish Fish|1|Vietnam|62191|24|Congelados|Pescado|Pescado|Bajadas de precio|Bajadas de precio|Filetes de panga Hacendado ultracongelados||None|kg|5.17|€/kg|4.65|filetes de panga (pangasianodon hypophthalmus) (pescado) (78%), agua (21%), sal, estabilizadores (e451), correctores de la acidez (e331, e332). puede contener espinas.|8480000621917|0|4.75|||Fish, cooked (average)|26140|3|3
389|2026-09-30 11:18:09|40|2026|08032|Light olive oil Hacendado Oils, spices & sauces Oil, vinegar & salt Olive oil|1|España|4241|25|Aceite especias y salsas|Aceite vinagre y sal|Aceite de oliva|Bajadas de precio|Bajadas de precio|Aceite de oliva 0,4º Hacendado||5.0|l|3.45|€/l|17.25|ingredientes: aceite de oliva refinado y aceite de oliva virgen extra|8402001027482|0|17.75|C||Olive oil, extra virgin|17270|1|3
390|2026-09-30 11:18:09|40|2026|08032|Vegetarian burgers with spinach and carrot Hacendado Pizza & ready meals Hot ready meals Others|1|Italia|86511|26|Pizzas y platos preparados|Platos preparados calientes|Otros|Bajadas de precio|Bajadas de precio|Mini burgers vegetales Hacendado con espinacas y zanahoria||0.2|kg|10.00|€/kg|2.00|ingredientes: espinacas 25%, zanahorias 24%, harina de soja reestructurada y rehidratada, aceite de semillas girasol, gluten de trigo, almidones, pan rallado (harina de trigo, levadura de cerveza, sal), copos de patata, harina de arroz, proteínas aisladas de soja, aceite de oliva virgen extra 2%, cebolla, fibra de guisantes, sal, conservador: sorbato potásico, ajo deshidratado, pimienta negra.puede contener apio y mostaza.|8480000865113|0|2.40|B||||4|3
391|2026-09-30 11:18:09|40|2026|08032|72% Cacao dark chocolate with whole almonds Hacendado Sugar, sweets & chocolate Chocolate Dark chocolate|1|España|29062|27|Azúcar caramelos y chocolate|Chocolate|Chocolate negro|Bajadas de precio|Bajadas de precio|Chocolate negro 72% de cacao Hacendado con almendras enteras||0.2|kg|13.25|€/kg|2.65|ingredientes: pasta  de cacao, almendras (25%),  azúcar,  manteca de cacao, emulgente: lecitina (soja) y aroma. cacao: 72% mínimo  en el chocolate negro. puede contener trazas de otros frutos de cáscara, leche  y sus derivados. sin gluten.|8480000290625|0|2.75|D||Dark chocolate, with dried fruits (nuts, almonds, raisin, praliné), bar|31070|2|3
392|2026-09-30 11:18:09|40|2026|08032|Extra virgin olive oil Hacendado Oils, spices & sauces Oil, vinegar & salt Olive oil|1|España|4706|28|Aceite especias y salsas|Aceite vinagre y sal|Aceite de oliva|Bajadas de precio|Bajadas de precio|Aceite de oliva virgen extra Hacendado Gran Selección||0.75|l|7.00|€/l|5.25|ingredientes: aceite de oliva virgen extra|8480000047069|0|5.50|C||Olive oil, extra virgin|17270|1|3
393|2026-09-30 11:18:09|40|2026|08032|Virgin olive oil Hacendado Oils, spices & sauces Oil, vinegar & salt Olive oil|1|España|4711|29|Aceite especias y salsas|Aceite vinagre y sal|Aceite de oliva|Bajadas de precio|Bajadas de precio|Aceite de oliva virgen Hacendado||3.0|l|3.88|€/l|11.65|aceite de oliva virgen|8402001047213|0|12.00|C||Olive oil, extra virgin|17270|1|3
394|2026-09-30 11:18:10|40|2026|08032|Zero sugar soft drink Coca-Cola Water & soft drinks Cola drinks Zero cola|1|España|27449|30|Agua y refrescos|Refresco de cola|Cola zero|Bajadas de precio|Bajadas de precio|Refresco Coca-Cola zero azúcar||4.0|l|0.95|€/l|3.80|agua carbonatada, colorante e-150d, edulcorantes e-952, e-950 y aspartamo, acidulante e-338, aromas naturales (incluyendo cafeína) y corrector de acidez e-331. contiene una fuente de fenilalanina.|5449000136336|0|4.10|E||Cola, without added sugars and with sweetener(s)|18060|4|3
395|2026-09-30 11:18:10|40|2026|08032|Coconut milk chocolate doughnuts Hacendado Cereal & biscuits Biscuits With chocolate & stuffed|1|Alemania|13656|31|Cereales y galletas|Galletas|Con chocolate y rellenas|Bajadas de precio|Bajadas de precio|Rosquillas de chocolate con leche y coco Hacendado||0.3|kg|5.67|€/kg|1.70|harina de trigo, grasa vegetal (palma), 19% chocolate con leche (azúcar, manteca de cacao, leche entera en polvo, pasta de cacao, emulgente: lecitina de girasol), azúcar, 13% coco rallado, almidón de trigo, huevo entero, jarabe de azúcar caramelizado, sal, aroma. aceite de palma sostenible certificado. puede contener trazas de otros frutos de cáscara|8480000136565|0|1.75|E||biscuit with meringue, filled (chocolate, hazelut, coconut…) with chocolate covering or chocolate base|24061|1|3
396|2026-09-30 11:18:10|40|2026|08032|Small pickled mussels Hacendado Cans, soups & creams Cockles & mussels Mussels|1|España|18619|32|Conservas caldos y cremas|Berberechos y mejillones|Mejillones|Bajadas de precio|Bajadas de precio|Mejillones en escabeche Hacendado pequeños||0.111|kg|18.02|€/kg|2.00|mejillones, vinagre de vino, aceite de girasol, especias y sal. puede contener pescado y crustáceo|8480000186096|0|2.15|B||Mussels, in Catalan-style sauce or marinade (tomatoes), canned, drained|10081|4|3
397|2026-09-30 11:18:10|40|2026|08032|Breaded hake fish sticks Deep frozen Hacendado Frozen food Breaded food Battered fish|1|España|63151|33|Congelados|Rebozados|Pescado rebozado|Bajadas de precio|Bajadas de precio|Palitos de merluza a la romana Hacendado ultracongelados||0.5|kg|5.30|€/kg|2.65|merluza (pescado) (35%), rebozado (65%): agua, pan rallado (harina de trigo (gluten), agua, pimentón, sal, cúrcuma y levadura), harina de trigo (gluten), aceite refinado de girasol, almidón, sal, gasificantes (e-450, e-500), corrector de la acidez (e-330), zumo de limón concentrado, lactosa, espesante (e-417), potenciador del sabor (e-621), ajo en polvo y colorante (e-101). puede contener trazas de leche, huevo, crustáceos, moluscos, soja, mostaza y cacahuete.|8480000631510|0|2.75|D||Fish, breaded, frozen, raw|26029|4|3
398|2026-09-30 11:18:10|40|2026|08032|Vegetable burgers with pumpkin Hacendado Pizza & ready meals Hot ready meals Others|1|Italia|15269|34|Pizzas y platos preparados|Platos preparados calientes|Otros|Bajadas de precio|Bajadas de precio|Burgers vegetales Hacendado con calabaza||0.16|kg|11.25|€/kg|1.80|ingredientes:  calabaza 40%, aceite de semilla de girasol, cebolla caramelizada 10% (cebolla, aceite de semilla de girasol, azúcar  de caña), zanahorias 9%, harina de soja reestructurada, harina de trigo, almidones, hojuelas de patata, gluten  de trigo, fibra de guisante, proteína de soja, cebolla 1%, perejil, sal, polvo de calabaza 0,9%, espesante:  metilcelulosa; ajo deshidratado, conservador: sorbato potásico; agua, aroma natural, polvo de romero, levadura de  cerveza. puede contener apio, mostaza y altramuces.|8402001041808|0|2.00|C||Vegetable flan with eggs|8297|4|3
399|2026-09-30 11:18:10|40|2026|08032|1º Olive oil Hacendado Oils, spices & sauces Oil, vinegar & salt Olive oil|1|España|4640|36|Aceite especias y salsas|Aceite vinagre y sal|Aceite de oliva|Bajadas de precio|Bajadas de precio|Aceite de oliva 1º Hacendado||1.0|l|3.90|€/l|3.90|ingredientes: aceite de oliva refinado y aceite de oliva virgen|8480000046406|0|4.00|C||Olive oil, extra virgin|17270|1|3
400|2026-09-30 11:18:10|40|2026|08032|PistachioS, coated in milk chocolate Hacendado Sugar, sweets & chocolate Chocolate Bars|1|España|20891|37|Azúcar caramelos y chocolate|Chocolate|Chocolatinas|Bajadas de precio|Bajadas de precio|Pistachos bañados de chocolate con leche Hacendado||0.1|kg|24.00|€/kg|2.40|chocolate con leche (55%) (azúcar, manteca de cacao, leche entera en polvo, pasta de cacao, lactosuero en polvo (leche), emulgente (lecitinas (soja)) y aroma), pistacho (32%), azúcar caramelizado (12,5%), sal (0,5%), jarabe de glucosa, estabilizante (e-414) y agente de recubrimiento (e-904). cacao: 38% mínimo en chocolate. trazas de cacahuete y otros frutos de cáscara.. sin gluten.|8402001045233|0|2.50|E||Chocolate confectionery, coated|31041|4|3
401|2026-09-30 11:18:10|40|2026|08032|Olive oil Hacendado Oils, spices & sauces Oil, vinegar & salt Olive oil|1|España|4641|38|Aceite especias y salsas|Aceite vinagre y sal|Aceite de oliva|Bajadas de precio|Bajadas de precio|Aceite de oliva 1º Hacendado||5.0|l|3.45|€/l|17.25|aceite de oliva virgen y aceite de oliva refinado|8480000046413|0|17.75|C||Olive oil, extra virgin|17270|1|3
402|2026-09-30 11:18:11|40|2026|08032|Virgin coconut oil Hacendado Oils, spices & sauces Oil, vinegar & salt Others oils|1|España|4193|39|Aceite especias y salsas|Aceite vinagre y sal|Otros aceites|Bajadas de precio|Bajadas de precio|Aceite de coco virgen Hacendado||0.45|l|11.33|€/l|5.10|100% aceite de coco. aceite de coco suave y aromático, prensado en frío.|8402001034664|0|5.25|E||Coconut fat or oil, virgin|16050|4|3
403|2026-09-30 11:18:11|40|2026|08032|Spicy extra chorizo slices Hacendado Deli & cheese Cured meat Chorizo|1|España|12084|41|Charcutería y quesos|Embutido curado|Chorizo|Bajadas de precio|Bajadas de precio|Chorizo picante extra Hacendado lonchas||0.24|kg|10.00|€/kg|2.40|carne de cerdo, panceta, sal, pimentones, lactosa, dextrina, proteïnas de la leche, azúcar, dextrosa, ajo, estabilizante (e-450), antioxidante (e-331, e-301), especias, extracto de pimentón, conservadores (e-250, e-252) y colorante (e-120)|8402001030239|0|2.50|E||Spicy pork sausage with red pepper, in slices|30317|4|3
404|2026-09-30 11:18:11|40|2026|08032|Espresso natural ground coffee Hacendado Chocolate drinks, coffee & tea Ground coffee & coffee beans Ground coffee|1|España|11714|42|Cacao café e infusiones|Café molido y en grano|Café molido|Bajadas de precio|Bajadas de precio|Café molido natural Hacendado Espresso||0.25|kg|13.80|€/kg|3.45|café|8480000117144|0|3.60|||Coffee, ground|18003|1|3
405|2026-09-30 11:18:11|40|2026|08032|Gazpacha cracked greens olives Hacendado Snacks Olives & pickles Green olives|1|España|23961|43|Aperitivos|Aceitunas y encurtidos|Aceitunas verdes|Bajadas de precio|Bajadas de precio|Aceitunas verdes Gazpacha Hacendado partidas||0.7|kg|3.00|€/kg|2.10|aceitunas verdes aderezadas partidas 70%, variantes 30% (cebollitas, pepinillos, coliflor, zanahoria y ajos blancos (contiene sulfitos)), sal, vinagre de alcohol, acidulante: ácido cítrico, antioxidante: ácido l-ascórbico, potenciador del sabor e-621, oleoresina de pimentón (extracto de pimentón y emulsionante e-433) y especias. producto pasteurizado. sin gluten|8402001052224|0|2.20|D||Olives, black (average food)|13186|4|3
406|2026-09-30 11:18:11|40|2026|08032|Soft drink Coca-Cola Water & soft drinks Cola drinks Classic cola|1|España|27348|44|Agua y refrescos|Refresco de cola|Cola clásica|Bajadas de precio|Bajadas de precio|Refresco Coca-Cola||4.0|l|1.14|€/l|4.54|agua carbonatada, azúcar, colorante e-150d, acidulante e-338 y aromas naturales (incluyendo cafeína).|5449000034298|0|4.84|E||Cola, with sugar(s)|18018|4|3
407|2026-09-30 11:18:11|40|2026|08032|Soft drink Coca-Cola Water & soft drinks Cola drinks Classic cola|1|España|27321|45|Agua y refrescos|Refresco de cola|Cola clásica|Bajadas de precio|Bajadas de precio|Refresco Coca-Cola||3.96|l|2.73|€/l|10.80|ingredientes: agua carbonatada, azúcar, colorante e-150d, acidulante ácido fosfórico, aromas naturales y aroma cafeína.|5449000055200|0|11.88|E||Cola, with sugar(s)|18018|4|3
408|2026-09-30 11:18:11|40|2026|08032|Special beer Estrella Galicia Beer, wine & spirits Beer Beer bottles|1|España|66587|47|Bodega|Cerveza|Cerveza botella y botellín|Bajadas de precio|Bajadas de precio|Cerveza especial Estrella Galicia|5.5|3.0|l|2.44|€/l|7.32|agua, malta de cebada, maíz y lúpulo.|8412598001819|0|8.16|||Beer, special (5-6° alcohol)|5010|1|3
409|2026-09-30 11:18:11|40|2026|08032|Lemon isotonic drink zero sugar Aquarius Water & soft drinks Isotonic & energy drinks Isotonic|1|España|29612|48|Agua y refrescos|Isotónico y energético|Isotónico|Bajadas de precio|Bajadas de precio|Bebida isotónica limón Aquarius zero azúcar||1.5|l|1.13|€/l|1.69|ingredientes: agua, acidulante ácido cítrico, estabilizantes: e-576, e-414 y e-445, potenciadores del sabor: cloruro sódico, fosfato potásico y fosfato cálcico, edulcorantes: acesulfamo k, sucralosa y aspartamo, *sales minerales: gluconato de zinc y seleniato de sodio y aromas. contiene una fuente de fenilalanina.|5449000171771|0|2.10|E||Energy drink, with sugar(s) and with sweetener(s)|18354|4|3
410|2026-09-30 11:18:11|40|2026|08032|Zero Zero soft drink Coca-Cola Water & soft drinks Cola drinks Zero cola|1|España|28180|49|Agua y refrescos|Refresco de cola|Cola zero|Bajadas de precio|Bajadas de precio|Refresco Coca-Cola zero azúcar zero cafeína||4.0|l|0.95|€/l|3.80|agua carbonatada, colorante e-150d, edulcorantes: ciclamato sódico, acesulfamo k y aspartamo, acidulante ácido fosfórico, aromas naturales y corrector de acidez: citratos de sodio. contiene una fuente de fenilalanina.|5449000096203|0|4.10|E||Cola, without added sugars, with sweetener(s) and no caffeine|18068|4|3
411|2026-09-30 11:18:11|40|2026|08032|Zero zero soft drink Coca-Cola Water & soft drinks Cola drinks Zero cola|1|España|26997|50|Agua y refrescos|Refresco de cola|Cola zero|Bajadas de precio|Bajadas de precio|Refresco Coca-Cola zero azúcar zero cafeína||3.96|l|2.58|€/l|10.20|ingredientes: agua carbonatada, colorante e-150d, edulcorantes: ciclamato sódico, acesulfamo k y aspartamo, acidulante ácido fosfórico, aromas naturales, aroma cafeína y corrector de acidez: citratos de sodio.|5449000096197|0|11.16|E||Cola, without added sugars, with sweetener(s) and no caffeine|18068|4|3
412|2026-09-30 11:18:12|40|2026|08032|Lemon isotonic drink Aquarius Water & soft drinks Isotonic & energy drinks Isotonic|1|España|29608|51|Agua y refrescos|Isotónico y energético|Isotónico|Bajadas de precio|Bajadas de precio|Bebida isotónica limón Aquarius|15.0|1.5|l|1.27|€/l|1.91|lista de soja|5449000164957|0|2.10|C||Energy drink, with sugar(s) and with sweetener(s)|18354|1|3
413|2026-09-30 11:18:12|40|2026|08032|Mayonnaise Hellmann's Oils, spices & sauces Mayonnaise, ketchup & mustard Mayonnaise|1|España|35840|52|Aceite especias y salsas|Mayonesa ketchup y mostaza|Mayonesa|Bajadas de precio|Bajadas de precio|Mayonesa Hellmann's||0.45|l|5.89|€/l|2.65|ingredientes: aceite de soja2 (64%), agua, vinagre de vino blanco, yema de huevo pasteurizada (5%), zumo de limón concentrado, extracto de pimentón, azúcar, sal, almidón modificado, antioxidante (edta), aroma, colorante (carotenos). 2cultivado de forma sostenible.|8410127050819|0|2.95|||Mayonnaise (70% fat min.), prepacked|11054|3|3
414|2026-09-30 11:18:12|40|2026|08032|Smoked bacon slices Monells Deli & cheese Bacon & sausages Bacon|1|España|21629|53|Charcutería y quesos|Bacón y salchichas|Bacón|Bajadas de precio|Bajadas de precio|Bacón ahumado Monells lonchas||0.225|kg|9.11|€/kg|2.05|panceta de cerdo (95%), sal, conservadores (e-326, e-243, e-250), dextrosa, jarabe de glucosa, estabilizantes (e-451, e-450), antioxidantes (e-331, e-301), aromas, extracto de especias.|8411477916343|0|2.20|E||Bacon, back|28727|1|3
415|2026-09-30 11:18:12|40|2026|08032|Orange isotonic drink Aquarius Water & soft drinks Isotonic & energy drinks Isotonic|1|España|29609|54|Agua y refrescos|Isotónico y energético|Isotónico|Bajadas de precio|Bajadas de precio|Bebida isotónica naranja Aquarius||1.5|l|1.27|€/l|1.91|ingredientes: agua, azúcar, acidulantes: ácido cítrico y ácido málico, potenciadores del sabor: cloruro sódico, fosfato potásico y fosfato cálcico, corrector de acidez: citratos de sodio, antioxidante ácido ascórbico, estabilizantes: e-414 y e-445, *sales minerales: gluconato de zinc y seleniato de sodio, edulcorantes: sucralosa y acesulfamo k, aromas naturales de cítricos y colorante carotenos.|5449000133847|0|2.10|D||Energy drink, with sugar(s) and with sweetener(s)|18354|4|3
416|2026-09-30 11:18:12|40|2026|08032|Lemon flavored tea soft drink Fuze Tea Water & soft drinks Still & tea soft drinks Tea|1|España|11688|55|Agua y refrescos|Refresco de té y sin gas|Té|Bajadas de precio|Bajadas de precio|Refresco té sabor limón Fuze Tea||1.5|l|0.99|€/l|1.49|ingredientes: agua, azúcar, correctores de acidez: ácido cítrico y citratos de sodio, extracto de té negro (0,1%), zumo de limón a partir de concentrado (0,1%), antioxidante ácido ascórbico, edulcorantes: acesulfamo k y sucralosa y aromas naturales.|5449000329028|0|1.99|D||Still soft drink with tea extract, with sugar(s) and sweetener(s)|18015|4|3
417|2026-09-30 11:18:12|40|2026|08032|Biscuits Tosta Rica Cereal & biscuits Biscuits Breakfast cookies|1|España|14087|56|Cereales y galletas|Galletas|Galletas desayuno|Bajadas de precio|Bajadas de precio|Galletas tostadas Tosta Rica||0.57|kg|4.39|€/kg|2.50|harina de trigo (68%), azúcar, aceite refinado de girasol alto oleico (14%), suero lácteo en polvo, jarabe de  glucosa y fructosa, emulgente (lecitina), sal, gasificantes (carbonatos de amonio, carbonatos de sodio), colorante: e150d (contiene sulfitos), aromas (contiene leche), vitaminas (a, d, tiamina (b1), riboflavina (b2), niacina (b3), b6), minerales (hierro y calcio), agente de tratamiento de la harina (metabisulfito sódico).  puede contener  mostaza.|8410014413611|0|2.95|D||Breakfast biscuit (cookie), reduced sugar|24035|4|3
418|2026-09-30 11:18:12|40|2026|08032|Chicken 97% stuffed oven roasted slices La Carloteña Deli & cheese Cooked poultry & ham Turkey & others|1|España|56084|57|Charcutería y quesos|Aves y jamón cocido|Pavo y otros|Bajadas de precio|Bajadas de precio|Pollo 97% relleno La Carloteña asado al horno lonchas||0.15|kg|15.33|€/kg|2.30|pollo (97%), [muslo de pollo (48,6%), pollo deshuesado (40%), pechuga de pollo (8,4%)], almidón, proteinas de la leche, proteina de soja, sal, especias, dextrosa, lactosa, almendra molida, estabilizantes (e-450, e-452, e-407), aromas, antioxidantes (e-301, e-331), conservador (e-250). contiene trazas de otros frutos de cascara y huevo. puede contener restos de cartílagos y/o huesos al proceder de un auténtico pollo deshuesado a mano. sin gluten|8437005669765|0|2.40|D||Cooked ham, from chicken, in slices|28963|4|3
419|2026-09-30 11:18:12|40|2026|08032|Special beer San Miguel Beer, wine & spirits Beer Beer cans|1|España|66026|58|Bodega|Cerveza|Cerveza lata|Bajadas de precio|Bajadas de precio|Cerveza especial San Miguel|5.4|3.96|l|1.36|€/l|5.40|agua, malta de cebada, maíz, lúpulo|8410655000874|0|6.96|||Beer, special (5-6° alcohol)|5010|1|3
420|2026-09-30 11:18:13|40|2026|08032|+Proteínas Dairy dessert with strawberry pieces 0% fat 10 g protein Hacendado Dessert & yoghurt Low fat yoghurt Low fat yoghurt|1|Francia|20996|59|Postres y yogures|Yogures desnatados|Yogures desnatados|Bajadas de precio|Bajadas de precio|Postre lácteo con fresa +Proteínas 10 g 0% MG||0.48|kg|3.13|€/kg|1.50|leche desnatada pasteurizada, fresa (9.5%), fructosa, almidón modificado, aroma, espesante: pectinas, edulcorantes: acesulfamo potásico y sucralosa, colorante: carmín, fermentos lácticos.|8480000209962|0|1.55|A||Yoghurt, rich in protein, on a fruit layer, with sugar(s)|19669|4|3
421|2026-09-30 11:18:13|40|2026|08032|Pure cacao powder La Chocolatera Chocolate drinks, coffee & tea Chocolate drinks & hot chocolate Hot chocolate|1|España|22580|62|Cacao café e infusiones|Cacao soluble y chocolate a la taza|Chocolate a la taza|Bajadas de precio|Bajadas de precio|Cacao puro en polvo La Chocolatera||0.265|kg|16.60|€/kg|4.40|cacao desgrasado en polvo, correctores de acidez: carbonato de potasio, hidróxido de potasio. manteca de cacao: 16%. sin gluten.|8410109121551|0|4.75|C||Coffee with milk or cappuccino with chocolate, powder, instant|18163|1|3
422|2026-09-30 11:18:13|40|2026|08032|Special beer San Miguel Beer, wine & spirits Beer Beer cans|1|España|27103|63|Bodega|Cerveza|Cerveza lata|Bajadas de precio|Bajadas de precio|Cerveza especial San Miguel|5.4|0.33|l|1.52|€/l|0.50|agua, malta de cebada , maiz, lúpulo|8410655000010|0|0.74|||Beer, special (5-6° alcohol)|5010|1|3
423|2026-09-30 11:18:13|40|2026|08032|Beer Estrella Damm Beer, wine & spirits Beer Beer cans|1|EU|66015|64|Bodega|Cerveza|Cerveza lata|Bajadas de precio|Bajadas de precio|Cerveza Estrella Damm|5.4|3.96|l|2.09|€/l|8.28|agua,malta de cebada, arroz, lúpulo.|50648238532|0|10.44|||Beer, special (5-6° alcohol)|5010|1|3
424|2026-09-30 11:18:13|40|2026|08032|Original mayonnaise Ligeresa Oils, spices & sauces Mayonnaise, ketchup & mustard Mayonnaise|1|España|35839|65|Aceite especias y salsas|Mayonesa ketchup y mostaza|Mayonesa|Bajadas de precio|Bajadas de precio|Salsa Original Ligeresa||0.425|l|4.71|€/l|2.00|agua, aceite de girasol (14%), vinagre de vino, almidón modificado, azúcar, yema de huevo pasteurizada, sal, jarabe de glucosa deshidratado, emulgente (e476), espesantes (goma garrofín y goma guar), aroma, colorante (carotenos).|8720182381804|0|2.50|||Mayonnaise, reduced fat or light mayonnaise, prepacked|11079|4|3
425|2026-09-30 11:18:13|40|2026|08032|Natural milk drink Actimel Danone Dessert & yoghurt Liquid yoghurt L-Casei|1|España|20738|66|Postres y yogures|Yogures líquidos|L-Casei|Bajadas de precio|Bajadas de precio|Bebida láctea natural Actimel||1.2|kg|4.13|€/kg|4.95|leche desnatada rehidratada, leche semidesnatada, azúcar (7,3%), glucosa (0,6%), sólidos lácteos, fermentos lácticos (fermentos de yogur y lactobacillus casei), vitaminas (d y b9) y sales minerales (hierro y zinc). origen de le leche: españa.|8410500010485|0|5.99|D||Fermented milk drink, flavoured, with sugar(s), fortified with vitamin D, with L Casei|19551|2|3
426|2026-09-30 11:18:13|40|2026|08032|+Proteínas Dairy dessert with blueberries 0% fat 10 g protein Hacendado Dessert & yoghurt Low fat yoghurt Low fat yoghurt|1|Francia|21073|67|Postres y yogures|Yogures desnatados|Yogures desnatados|Bajadas de precio|Bajadas de precio|Postre lácteo con arándanos +Proteínas 10 g 0% MG||0.48|kg|3.13|€/kg|1.50|leche desnatada pasteurizada, arándano (7.5%), agua, fructosa, almidón modificado, aromas, espesante: pectinas, edulcorantes: acesulfamo potásico y sucralosa, colorante: antocianas, fermentos lácticos.|8480000210739|0|1.55|A||Yoghurt, rich in protein, on a fruit layer, with sugar(s)|19669|4|3
427|2026-09-30 11:18:13|40|2026|08032|Fabada asturiana Litoral Pizza & ready meals Hot ready meals Stews|1|España|22726|69|Pizzas y platos preparados|Platos preparados calientes|Platos de cuchara|Bajadas de precio|Bajadas de precio|Fabada asturiana Litoral||0.42|kg|5.36|€/kg|2.25|alubias cocidas 45.9% (agua, alubias 19%), agua, chorizo extra 6,0% (papada, magro y panceta de cerdo, pimentón, sal, ajo), morcilla curada 5.5% (tocino, papada, panceta, sangre y magro de cerdo, cebolla, pimentón, sal, orégano), panceta ahumada 5.0% (panceta de cerdo, sal, humo), manteca de cerdo ibérico, sal.|7613287816825|0|2.60|C||||2|3
428|2026-09-30 11:18:13|40|2026|08032|Crunchy Bars oat and dark chocolate Nature Valley Cereal & biscuits Cereal Cereal bars|1|Suiza|14713|70|Cereales y galletas|Cereales|Barritas de cereales|Bajadas de precio|Bajadas de precio|Barritas de avena y chocolate negro Crunchy Nature Valley||0.21|kg|9.29|€/kg|1.95|copos de avena integral (56%), azúcar, aceites vegetales (girasol, nabina en proporción variable), trocitos de chocolate (7%) (pasta de cacao, azúcar, emulgente (lecitinas (soja)), aroma natural de vainilla), cacao desgrasado en polvo, miel, sal, melaza, emulgentes (lecitinas), gasificante (carbonato ácido de sodio), aroma natural. alérgenos: ver ingredientes en negrita. puede contener trigo, cacahuetes y frutos de cáscara. sin lactosa.|8410076601513|0|2.60|D||Cereal bar with chocolate|31106|4|3
429|2026-09-30 11:18:13|40|2026|08032|Energy chocolate milkshake ColaCao Eggs, milk & butter Milk & milk alternatives Shakes|1|España|10066|71|Huevos leche y mantequilla|Leche y bebidas vegetales|Batidos|Bajadas de precio|Bajadas de precio|Batido de chocolate ColaCao Energy||0.752|l|3.32|€/l|2.50|leche parcialmente desnatada, azúcar, cacao desgrasado, almidón, aromas, sales minerales (fosfato bicálcico y sulfato de zinc), estabilizantes (e 339, e 471, e 407), sal|8410014366580|0|2.85|D||Chocolate confectionery or bar, with milk|31012|4|3
430|2026-09-30 11:18:14|40|2026|08032|Corn Flakes cereal Kellogg's Cereal & biscuits Cereal Cereal|1|EU|9210|72|Cereales y galletas|Cereales|Cereales|Bajadas de precio|Bajadas de precio|Cereales copos de maíz Corn Flakes Kellogg's||0.5|kg|5.00|€/kg|2.50|maíz (98%), azúcar, aroma de malta de cebada, sal.vitaminas y minerales: niacina, hierro, vitamina b6, riboflavina (b2), tiamina (b1), ácido fólico, vitamina d, vitamina b12.para alérgenos ver ingredientes destacados en negrita.|4003994111901|0|3.00|D||Cereal flakes, plain, with sugar(s), not fortified|32042|3|3
431|2026-09-30 11:18:14|40|2026|08032|+Proteínas Dairy dessert Coconut flavour 0% fat 10 g protein Hacendado Dessert & yoghurt Low fat yoghurt Low fat yoghurt|1|Francia|52855|74|Postres y yogures|Yogures desnatados|Yogures desnatados|Bajadas de precio|Bajadas de precio|Postre lácteo sabor coco +Proteínas 10 g 0% MG||0.48|kg|3.13|€/kg|1.50|leche desnatada, agua, fructosa, coco rallado (0,7%), almidón modificado, aromas, espesante: pectinas, edulcorantes: acesulfame potásico y sucralosa, fermentos lácticos.|8402001019845|0|1.55|A||Quark or dairy specialty, flavoured, 0% fat, with sugar(s)|19714|4|3
432|2026-09-30 11:18:14|40|2026|08032|Instant cup noodles Yatekomo chicken flavour Gallina Blanca Rice, pulses & pasta Pasta & noodles Oriental noodles|1|España|8645|75|Arroz legumbres y pasta|Pasta y fideos|Fideos orientales|Bajadas de precio|Bajadas de precio|Fideos orientales Yatekomo sabor pollo Gallina Blanca||0.18|kg|19.17|€/kg|3.45|fideos orientales (harina de trigo, aceite de girasol, sal) (91,7%), condimento (8,3%)(aromas naturales, sal, zanahoria, fibra de avena, azúcar, ajo, grasa de pollo (0,15%), especias, apio , aroma natural de apio, carne de pollo (0,05%), cebada malteada, puerro, perejil). puede contener trazas desoja, pescado, moluscos, crustáceos, leche, mostaza, huevo. contieneapio.|8410300352914|0|4.10|C||Noodles, asian style, instant, flavoured, cooked|25243|1|3
433|2026-09-30 11:18:14|40|2026|08032|Natural milk drink 0% fat 0% added sugars Actimel Danone Dessert & yoghurt Liquid yoghurt L-Casei|1|España|20709|76|Postres y yogures|Yogures líquidos|L-Casei|Bajadas de precio|Bajadas de precio|Bebida láctea natural Actimel 0% MG 0% azúcares añadidos||1.2|kg|4.13|€/kg|4.95|leche desnatada rehidratada, leche parcialmente desnatada pasteurizada, sólidos lácteos, estabilizante (pectina), edulcorantes (acesulfamo k y sucralosa), vitaminas (d y b6), fermentos lácticos (fermentos de yogur y lactobacillus casei) y aromas. origen de la leche: españa. sin gluten.|8410500012861|0|5.99|C||Fermented milk drink, flavoured, with sweetener(s), reduced sugar, 0% fat, with L Casei|19500|4|3
434|2026-09-30 11:18:14|40|2026|08032|Milk chocolate biscuit Milka Sugar, sweets & chocolate Chocolate Milk chocolate|1|Austria|12016|77|Azúcar caramelos y chocolate|Chocolate|Chocolate con leche|Bajadas de precio|Bajadas de precio|Chocolate con leche Milka galleta||0.3|kg|9.83|€/kg|2.95|ingredientes: azúcar, grasa de palma, harina de trigo, pasta de cacao, manteca de cacao, leche desnatada en polvo, suero de leche en polvo, grasa de leche, emulgente (lecitinas de soja), jarabe de glucosa, pasta de avellana, sal, gasificantes (e500, e503), aromas (contienen leche). 7 % de leche desnatada en polvo en el relleno cremoso lácteo. 11,5 % de pasta de cacao en el relleno cremoso con cacao. puede contenerotros frutos de cáscara y huevo.|9012200872739|0|3.95|E||Chocolate bar with biscuit|31000|4|3
435|2026-09-30 11:18:14|40|2026|08032|Red peach isotonic drink Aquarius Water & soft drinks Isotonic & energy drinks Isotonic|1|España|16438|79|Agua y refrescos|Isotónico y energético|Isotónico|Bajadas de precio|Bajadas de precio|Bebida isotónica melocotón rojo Aquarius||1.5|l|1.13|€/l|1.69|ingredientes: agua, azúcar, acidulantes: ácido cítrico y ácido málico, potenciadores del sabor: cloruro sódico, fosfato potásico y fosfato cálcico, corrector de acidez: citrato sódico, antioxidante ácido ascórbico, estabilizantes: e-414 y e-445, gluconato de zinc, edulcorantes: sucralosa y acesulfamo k, aromas naturales de limón y otros aromas naturales .|5449000144881|0|2.10|D||Energy drink, with sugar(s) and with sweetener(s)|18354|4|3
436|2026-09-30 11:18:14|40|2026|08032|Beer Estrella Damm Beer, wine & spirits Beer Beer bottles|1|EU|66016|80|Bodega|Cerveza|Cerveza botella y botellín|Bajadas de precio|Bajadas de precio|Cerveza Estrella Damm|5.4|3.0|l|2.32|€/l|6.96|agua,malta de cebada, arroz, lúpulo.|8410793022943|0|8.40|||Beer, special (5-6° alcohol)|5010|1|3
437|2026-09-30 11:18:15|40|2026|08032|Florida drink Sunny delight Water & soft drinks Still & tea soft drinks Other still soft drinks|1|España|27759|81|Agua y refrescos|Refresco de té y sin gas|Otros refrescos sin gas|Bajadas de precio|Bajadas de precio|Bebida Florida Sunny Delight||1.25|l|1.00|€/l|1.25|agua, zumos de frutas a partir de concentrados 5% (naranja 4,4%, pomelo rojo 0,5% y lima 0,1%), azúcar, acidulante: ácido cítrico, estabilizantes: goma arábiga, e-452i y goma de celulosa, aroma natural de naranja con otros aromas naturales, vitaminas: a (añadida como betacaroteno), b6, c, d y e, edulcorantes: sucralosa y ciclamato sódico.|8414100302643|0|1.50|D||Still soft drink, fruit content >= 10% and < 50%, reduced sugar|18304|4|3
438|2026-09-30 11:18:15|40|2026|08032|Coconut & chocolate flavour protein bars Enervit Sport Cereal & biscuits Cereal Cereal bars|1|Italia|9445|82|Cereales y galletas|Cereales|Barritas de cereales|Bajadas de precio|Bajadas de precio|Barritas con proteínas sabor coco y chocolate Enervit Sport||0.12|kg|24.58|€/kg|2.95|jarabe de fructosa-glucosa - proteínas aisladas de soja (25,2%) - chocolate con leche (azúcar, manteca de cacao, leche en polvo, pasta de cacao, suero de leche en polvo,emulgente: lecitina de soja, extracto de vainilla) (20%) - complejo de minerales (maltodextrina, fosfato tricálcico, carbonato de magnesio, fosfato trisódico, pirofosfato férrico, gluconato decinc, gluconato de manganeso, gluconato cúprico, yoduro de potasio, selenito de sodio) - copos de maíz extrusionado (maíz, azúcar, sal) - copos de avena - proteínas aisladas dela leche (2,5%) - manteca de cacao - aceite de girasol - incrementador de volumen: polidextrosa - aromas - complejo de vitaminas (ácido l-ascórbico, beta-caroteno, acetato de d-alfatocoferilo, nicotinamida, vitamina b6 microencapsulada (clorhidrato de piridoxina, emulgente: monogliceridos y digliceridos de acidos grasos), d-pantotenato cálcico, colecalciferol,riboflavina, clorhidrato de tiamina, vitamina b12 recubierta (maltodextrina, corrector de acidez: citrato de sodio, acidulante: ácido cítrico, cianocobalamina), ácido pteroilmonoglutámico,d-biotina) - emulgente: lecitina de girasol. puede contener trazas defrutos de cáscara, cacahuetes y granos de sésamo.|8007640982163|0|3.60|E||Cereal bar with chocolate, fortified with vitamins and minerals|31102|4|3
439|2026-09-30 11:18:15|40|2026|08032|Special beer San Miguel Beer, wine & spirits Beer Beer bottles|1|España|66345|83|Bodega|Cerveza|Cerveza botella y botellín|Bajadas de precio|Bajadas de precio|Cerveza especial San Miguel|5.4|3.0|l|1.60|€/l|4.80|agua, lúpulo, maiz, malta de cebada|8410655010552|0|6.84|||Beer, special (5-6° alcohol)|5010|1|3
440|2026-09-30 11:18:15|40|2026|08032|Energy Ultra drink zero sugar Monster Water & soft drinks Isotonic & energy drinks Energy|1|Irlanda|28670|84|Agua y refrescos|Isotónico y energético|Energético|Bajadas de precio|Bajadas de precio|Bebida energética Monster Energy Ultra zero azúcar||2.0|l|2.64|€/l|5.28|ingredientes: agua carbonatada, acidulante (ácido cítrico), taurina (0.4%), corrector de acidez (citratos de sodio), aromas, extracto de raíz de panax ginseng (0.08%), edulcorantes (sucralosa, acesulfamo k), conservadores (ácido sórbico, ácido benzoico), cafeína (0.03%), l-carnitina l-tartrato (0.015%), vitaminas (b3, b5, b6, b12), cloruro sódico, d-glucuronolactona, extracto de semilla de guaraná (0.002%), inositol.|5060517883836|0|6.68|E||Energy drink, no added sugar(s) and with sweetener(s), fortified with vitamins|18353|1|3
441|2026-09-30 11:18:15|40|2026|08032|Diet Coke soft drink Coca-Cola Water & soft drinks Cola drinks Zero cola|1|España|27184|86|Agua y refrescos|Refresco de cola|Cola zero|Bajadas de precio|Bajadas de precio|Refresco Coca-Cola light||2.97|l|2.48|€/l|7.38|agua carbonatada, colorante e-150d, edulcorantes: ciclamato sódico, acesulfamo k y aspartamo, acidulantes: ácido fosfórico y ácido cítrico, aromas naturales y aroma cafeína.|5449000233011|0|8.37|E||Cola, without added sugars and with sweetener(s)|18060|4|3
442|2026-09-30 11:18:15|40|2026|08032|Fruit + Milk Protein 20 g with Collagen and Vitamin C Don Simón Juice Assorted fruit Fruit + milk|1|España|24586|88|Zumos|Fruta variada|Fruta + leche|Bajadas de precio|Bajadas de precio|Fruta + leche Proteína 20 gr Don Simón con colágeno y vitamina C||0.33|l|3.79|€/l|1.25|agua, zumo de frutas parcialmente a partir de concentrado (20 %) en proporción variable (piña, uva, mango y manzana), leche desnatada (15 %), proteína de arroz (4,3 %), colágeno hidrolizado (2 %), estabilizantes [pectina (e-466) y e-460i], acidulantes (ácido málico y ácido cítrico), aromas, colorante (beta-caroteno), edulcorante (sucralosa) y vitamina c.|8410261644240|1|1.65|C||Still beverage with fruit juice and milk|18343|4|3
443|2026-09-30 11:18:15|40|2026|08032|+Proteínas Dairy dessert with mango and passion fruit purée 0% fat 10 g protein Hacendado Dessert & yoghurt Low fat yoghurt Low fat yoghurt|1|Francia|21151|91|Postres y yogures|Yogures desnatados|Yogures desnatados|Bajadas de precio|Bajadas de precio|Postre lácteo con puré mango y maracuya +Proteínas 10 g 0% MG||0.48|kg|3.13|€/kg|1.50|leche desnatada pasteurizada, agua, mango (4.3%), fructosa, maracuyá (0.8%) almidón modificado, aroma, espesante: pectinas, edulcorantes: acesulfamo potásico y sucralosa, colorante: beta carotenos, fermentos lácticos.|8480000211514|0|1.55|A||Quark or dairy specialty, on a fruit layer, 0% fat, with sugar(s)|19725|4|3
444|2026-09-30 11:18:15|40|2026|08032|Natural milk drink 0% added sugars 0% fat Danacol Danone Dessert & yoghurt Liquid yoghurt Cholesterol & others|1|España|20940|92|Postres y yogures|Yogures líquidos|Colesterol y otros|Bajadas de precio|Bajadas de precio|Bebida láctea natural Danacol 0% azúcares añadidos 0% MG||1.0|kg|5.45|€/kg|5.45|leche pasteurizada desnatada, concentrado de sólidos lácteos rehidratado, éster de esterol vegetal (2,6%, del cual 1,6% esterol vegetal libre), leche en polvo desnatada, aromas, fermentos lácticos y edulcorantes (acesulfamo k y sucralosa). origen de la leche: españa.|8410500017552|0|5.90|C||Fermented milk drink, flavoured, with sweetener(s), reduced sugar, 0% fat, with L Casei|19500|4|3
445|2026-09-30 11:18:15|40|2026|08032|Orange soft drink Fanta Water & soft drinks Orange & lemon soft drinks Orange|1|España|17542|93|Agua y refrescos|Refresco de naranja y de limón|Naranja|Bajadas de precio|Bajadas de precio|Refresco Fanta naranja||4.0|l|0.75|€/l|2.98|ingredientes: agua carbonatada, 5% zumo de naranja *a partir de concentrado, azúcar, acidulantes: ácido cítrico y ácido málico, estabilizantes: e-414, e-444, e-445 y e-412, edulcorantes: e-950 y aspartamo, corrector de acidez: citratos de sodio, conservador: e-202, aromas naturales de naranja y otros aromas naturales, colorante carotenos y antioxidante ácido ascórbico.|5449000350923|0|3.60|D||Orange juice, from concentrate|2012|4|3
446|2026-09-30 11:18:15|40|2026|08032|Strawberry milk drink 0% added sugars 0% fat Danacol Danone Dessert & yoghurt Liquid yoghurt Cholesterol & others|1|España|20941|94|Postres y yogures|Yogures líquidos|Colesterol y otros|Bajadas de precio|Bajadas de precio|Bebida láctea de fresa Danacol 0% azúcares añadidos 0% MG||1.0|kg|5.45|€/kg|5.45|leche pasteurizada desnatada, concentrado de sólidos lácteos rehidratado, éster de esterol vegetal (2,6%, del cual 1,6% esterol vegetal libre), pulpa de fresa (1%), leche desnatada en polvo, colorante (carmines), aroma, fermentos lácticos y edulcorantes (acesulfamo k y sucralosa). origen de la leche: españa.|8410500017538|0|5.90|C||Fermented milk drink, flavoured, with sweetener(s), reduced sugar, 0% fat, with L Casei|19500|4|3
447|2026-09-30 11:18:15|40|2026|08032|Classic natural soluble coffee Nescafé Chocolate drinks, coffee & tea Soluble coffee & other drinks Soluble coffee|1|España|11111|95|Cacao café e infusiones|Café soluble y otras bebidas|Café soluble|Bajadas de precio|Bajadas de precio|Café soluble natural Nescafé classic||0.1|kg|47.50|€/kg|4.75|café soluble|5601001322808|0|5.40|||Coffee, powder, instant|18005|1|3
448|2026-09-30 11:18:16|40|2026|08032|Original Margarine Flora Eggs, milk & butter Butter & margarine Margarine|1|Portugal|86503|96|Huevos leche y mantequilla|Mantequilla y margarina|Margarina|Bajadas de precio|Bajadas de precio|Margarina Flora Original||0.4|kg|6.73|€/kg|2.69|agua, aceites vegetales (nabina, girasol, linaza), grasa de coco, emulgentes (lecitina, monoglicéridos y diglicéridos de ácidos grasos), sal 0,2%, aromas naturales, vitaminas (a, b1, d).|8719200234857|0|3.19|C||Solid vegetal fat (margarine type), for frying|16080|4|3
449|2026-09-30 11:18:16|40|2026|08032|Cured pancetta without rind slices La Selva Deli & cheese Bacon & sausages Bacon|1|España|29606|97|Charcutería y quesos|Bacón y salchichas|Bacón|Bajadas de precio|Bajadas de precio|Panceta curada sin corteza La Selva lonchas||0.2|kg|12.50|€/kg|2.50|panceta de cerdo, sal, azúcar, conservadores (e262, e252, e250), especias, extractos de especias.|8410973583363|0|2.65|E||Pancetta|28858|1|3
450|2026-09-30 11:18:16|40|2026|08032|Beer Estrella Damm Beer, wine & spirits Beer Beer cans|1|EU|27134|98|Bodega|Cerveza|Cerveza lata|Bajadas de precio|Bajadas de precio|Cerveza Estrella Damm|5.4|0.33|l|2.27|€/l|0.75|agua,malta de cebada, arroz, lúpulo.|8410793026132|0|0.89|||Beer, special (5-6° alcohol)|5010|1|3
451|2026-09-30 11:18:16|40|2026|08032|Energy drink Red Bull Water & soft drinks Isotonic & energy drinks Energy|1|Austria|24547|99|Agua y refrescos|Isotónico y energético|Energético|Bajadas de precio|Bajadas de precio|Bebida energética Red Bull||2.0|l|4.18|€/l|8.35|agua, sacarosa, glucosa, acidulante ácido cítrico, dióxido de carbono, taurina 0,4%, regulador de acidez (carbonatos de sodio, carbonato magnésico), cafeína 0,03%, vitaminas (niacina, ácido pantoténico, b6, b12), aromas, colorantes (caramelo, riboflavina)|9002490206130|0|10.35|E||Energy drink, with sugar(s)|18352|1|3
452|2026-09-30 11:18:16|40|2026|08032|Classic decaf instant coffee Nescafé Chocolate drinks, coffee & tea Soluble coffee & other drinks Soluble coffee|1|España|11104|100|Cacao café e infusiones|Café soluble y otras bebidas|Café soluble|Bajadas de precio|Bajadas de precio|Café soluble descafeinado Nescafé classic||0.1|kg|47.50|€/kg|4.75|café soluble descafeinado|8410100021553|0|5.40|||Decaffeinated coffee, powder, instant|18069|1|3
453|2026-09-30 11:18:16|40|2026|08032|Energy drink Monster Energy Water & soft drinks Isotonic & energy drinks Energy|1|Irlanda|28664|102|Agua y refrescos|Isotónico y energético|Energético|Bajadas de precio|Bajadas de precio|Bebida energética Monster Energy||2.0|l|2.88|€/l|5.76|ingredientes: agua carbonatada, sacarosa, jarabe de glucosa, acidulante (ácido cítrico), aromas, taurina (0.4%), corrector de acidez (citratos de sodio), extracto de raíz de panax ginseng (0.08%), l-carnitina l-tartrato (0.04%), conservadores (ácido sórbico, ácido benzoico), cafeína (0.03%), colorante (antocianinas), vitaminas (b3, b6, b2, b12), edulcorante (sucralosa), cloruro sódico, d-glucuronolactona, extracto de semilla de guaraná (0.002%), inositol, maltodextrina.|5060517883805|0|7.08|E||Energy drink, with sugar(s) and with sweetener(s)|18354|1|3
454|2026-09-30 11:18:16|40|2026|08032|Instant cup noodles Yatekomo chicken flavour Gallina Blanca Rice, pulses & pasta Pasta & noodles Oriental noodles|1|España|8618|103|Arroz legumbres y pasta|Pasta y fideos|Fideos orientales|Bajadas de precio|Bajadas de precio|Fideos orientales Yatekomo sabor pollo Gallina Blanca||0.06|kg|23.33|€/kg|1.40|fideos orientales (harina de trigo, aceite de girasol, sal) (91,7%), condimento (8,3%)(aromas naturales, sal, zanahoria, fibra de avena, azúcar, ajo, grasa de pollo (0,15%), especias, apio , aroma natural de apio, carne de pollo (0,05%), cebada malteada, puerro, perejil). puede contener trazas de soja, pescado, moluscos, crustáceos, leche, mostaza, huevo. contiene apio.|8410300349952|0|1.65|C||Noodles, asian style, instant, flavoured, cooked|25243|1|3
455|2026-09-30 11:18:16|40|2026|08032|Frizzante verdejo white DulZ.Ze Beer, wine & spirits Lambrusco & sparkling wine Lambrusco & sparkling wine|1|España|23972|104|Bodega|Vino lambrusco y espumoso|Vino lambrusco y espumoso|Bajadas de precio|Bajadas de precio|Frizzante blanco verdejo DulZ.Ze|5.5|0.33|l|2.27|€/l|0.75|vino (uvas, conservador: anhídrido sulfuroso (sulfitos)), mosto de uva, agente estabilizante: ácido metatartárico, dioxido de carbono.|8402001053801|0|0.95|||Wine, white, sparkling|5201|1|3
456|2026-09-30 11:18:16|40|2026|08032|Mango Loco Juiced energy drink Monster Energy Water & soft drinks Isotonic & energy drinks Energy|1|Irlanda|13815|106|Agua y refrescos|Isotónico y energético|Energético|Bajadas de precio|Bajadas de precio|Bebida energética Mango Loco Juiced Monster Energy||2.0|l|2.88|€/l|5.76|ingredientes: agua carbonatada, zumo de frutas a base de concentrado (9%) (mango, guayaba, uva blanca, manzana, piña, naranja, albaricoque, melocotón, fruta de la pasión, limón), sacarosa, jarabe de glucosa, acidulantes (ácido cítrico, ácido málico), taurina (0.4%), aromas, correctores de acidez (citratos de potasio, citratos de sodio), conservadores (sorbato potásico, benzoato sódico), cafeína (0.03%), colorante (carotenos), edulcorante (sucralosa), vitaminas (b3, b6, b2, b12), estabilizantes (goma xantana, alginato sódico, goma arábiga), l-carnitina l-tartrato (0.004%), inositol (0.002%), concentrados de frutas y verduras (uva, zanahoria, boniato).|5060751213130|0|7.08|E||Energy drink, with sugar(s) and with sweetener(s)|18354|4|3
457|2026-09-30 11:18:16|40|2026|08032|London Dry Gin Larios Beer, wine & spirits Spirits Gin|1|España|28715|107|Bodega|Licores|Ginebra|Bajadas de precio|Bajadas de precio|Ginebra London Dry Gin Larios|37.5|1.0|l|10.95|€/l|10.95|bayas de enebro salvaje que se unen a los cítricos más refrescantes: limón y naranja del mediterráneo|8410854601230|0|12.45|||Gin|1002|1|3
458|2026-09-30 11:18:17|40|2026|08032|Sangria Rosé Casón Histórico Beer, wine & spirits Tinto de verano & sangria Tinto de verano & sangria|1|España|24530|108|Bodega|Tinto de verano y sangría|Tinto de verano y sangría|Bajadas de precio|Bajadas de precio|Sangría Rosé Casón Histórico|7.0|0.33|l|2.12|€/l|0.70|vino rosado (uvas, conservador: sulfitos), agua, azúcar, acidulante: ácido cítrico, extractos naturales de cítricos y de canela.|8402001053832|0|0.90|||Sangria|1017|1|3
459|2026-09-30 11:18:17|40|2026|08032|Energy Ultra drink zero sugar Monster Water & soft drinks Isotonic & energy drinks Energy|1|Irlanda|28119|110|Agua y refrescos|Isotónico y energético|Energético|Bajadas de precio|Bajadas de precio|Bebida energética Monster Energy Ultra zero azúcar||0.5|l|2.90|€/l|1.45|ingredientes: agua carbonatada, acidulante (ácido cítrico), taurina (0.4%), corrector de acidez (citratos de sodio), aromas, extracto de raíz de panax ginseng (0.08%), edulcorantes (sucralosa, acesulfamo k), conservadores (ácido sórbico, ácido benzoico), cafeína (0.03%), l-carnitina l-tartrato (0.015%), vitaminas (b3, b5, b6, b12), cloruro sódico, d-glucuronolactona, extracto de semilla de guaraná (0.002%), inositol.|5060337501316|0|1.79|E||Energy drink, no added sugar(s) and with sweetener(s), fortified with vitamins|18353|1|3
460|2026-09-30 11:18:17|40|2026|08032|8 Cereals baby food with María biscuit +6 months Nestlé Baby Baby food Porridge|1|España|35602|111|Bebé|Alimentación infantil|Papillas|Bajadas de precio|Bajadas de precio|Papilla 8 cereales con galleta María Nestlé +6 meses||0.725|kg|6.83|€/kg|4.95|cereales (78,7%) [harinas de trigo hidrolizada, trigo integral (12,6%), avena integral (6%), cebada, centeno, maíz, espelta, arroz, triticale], galleta molida (15,4%) (harina de trigo y leche en polvo), leche en polvo (5,2%), sales minerales (calcio, hierro, zinc y yodo), vitaminas (c, e, b3, b1, a, b6, ácido fólico y d), aromas.|8445290686879|0|5.75|||Baby biscuit|24689|2|3
461|2026-09-30 11:18:17|40|2026|08032|Wafer bar covered in milk chocolate Kit-kat Sugar, sweets & chocolate Chocolate Bars|1|Alemania|16285|113|Azúcar caramelos y chocolate|Chocolate|Chocolatinas|Bajadas de precio|Bajadas de precio|Barritas de barquillo Kit-Kat bañadas de chocolate con leche||0.1245|kg|15.66|€/kg|1.95|azúcar, harina de trigo (contiene calcio, hierro, tiamina y niacina), pasta de cacao', manteca de cacao', leche en polvo, grasas vegetales (palma, shea,palmiste, sal), leche desnatada en polvo, suero de leche filtrado en polvo, emulgente (lecitinas), levadura, gasificante (carbonatos de sodio), jarabe de glucosa, grasa láctea anhidra, suero de leche en polvo, aromas naturales.|8445291354548|0|2.30|E||Chocolate bar with biscuit|31000|4|3
462|2026-09-30 11:18:17|40|2026|08032|Original chocolate drink ColaCao Chocolate drinks, coffee & tea Chocolate drinks & hot chocolate Chocolate drinks|1|España|19846|114|Cacao café e infusiones|Cacao soluble y chocolate a la taza|Cacao soluble|Bajadas de precio|Bajadas de precio|Cacao soluble ColaCao original||2.2|kg|7.05|€/kg|15.50|azúcar, cacao desgrasado natural (22%), crema de cereal kola-malteado [harina de trigo, extracto de malta de cebada, aroma natural (extracto de nuez de cola)], sales minerales (calcio, fósforo), aromas, sal. puede contener trazas de soja, mostaza.|8410014515667|0|17.00|D||Chocolate, bar (average)|31120|1|3
463|2026-09-30 11:18:17|40|2026|08032|Soft beer Xibeca Damm Beer, wine & spirits Beer Beer bottles|1|EU|27144|116|Bodega|Cerveza|Cerveza botella y botellín|Bajadas de precio|Bajadas de precio|Cerveza suave Xibeca Damm|4.6|1.0|l|1.41|€/l|1.41|agua,malta de cebada, maíz, arroz, lúpulo.|8410793013118|0|1.73|||Beer, regular (4-5° alcohol)|5001|1|3
464|2026-09-30 11:18:17|40|2026|08032|Mango Loco Juiced energy drink Monster Energy Monster Water & soft drinks Isotonic & energy drinks Energy|1|Irlanda|13814|117|Agua y refrescos|Isotónico y energético|Energético|Bajadas de precio|Bajadas de precio|Bebida energética Mango Loco Juiced Monster Energy||0.5|l|3.10|€/l|1.55|ingredientes: agua carbonatada, zumo de frutas a base de concentrado (9%) (mango, guayaba, uva blanca, manzana, piña, naranja, albaricoque, melocotón, fruta de la pasión, limón), sacarosa, jarabe de glucosa, acidulantes (ácido cítrico, ácido málico), taurina (0.4%), aromas, correctores de acidez (citratos de potasio, citratos de sodio), conservadores (sorbato potásico, benzoato sódico), cafeína (0.03%), colorante (carotenos), edulcorante (sucralosa), vitaminas (b3, b6, b2, b12), estabilizantes (goma xantana, alginato sódico, goma arábiga), l-carnitina l-tartrato (0.004%), inositol (0.002%), concentrados de frutas y verduras (uva, zanahoria, boniato).|5060639121915|0|1.89|E||Energy drink, with sugar(s) and with sweetener(s)|18354|4|3
465|2026-09-30 11:18:18|40|2026|08032|8 Cereals baby food with honey +6 months Nestlé Baby Baby food Porridge|1|España|35601|118|Bebé|Alimentación infantil|Papillas|Bajadas de precio|Bajadas de precio|Papilla 8 cereales con miel Nestlé +6 meses||0.725|kg|6.83|€/kg|4.95|cereales (87,2%) [harinas de trigo hidrolizada, trigo integral (10,5%), avena integral (5%), cebada, centeno, maíz, espelta, arroz y triticale], miel (9,4%), aceites vegetales (girasol alto oleico, girasol y nabina), sales minerales (calcio, hierro, zinc y yodo), vitaminas (c, e, b3, b1, a, b6, ácido fólico y d), aroma.|8445290686848|0|5.75|||Baby soup, with vegetables, cereals and milk|20253|4|3
466|2026-09-30 11:18:18|40|2026|08032|Energy drink Monster Energy Water & soft drinks Isotonic & energy drinks Energy|1|Irlanda|28016|119|Agua y refrescos|Isotónico y energético|Energético|Bajadas de precio|Bajadas de precio|Bebida energética Monster Energy||0.5|l|3.10|€/l|1.55|ingredientes: agua carbonatada, sacarosa, jarabe de glucosa, acidulante (ácido cítrico), aromas, taurina (0.4%), corrector de acidez (citratos de sodio), extracto de raíz de panax ginseng (0.08%), l-carnitina l-tartrato (0.04%), conservadores (ácido sórbico, ácido benzoico), cafeína (0.03%), colorante (antocianinas), vitaminas (b3, b6, b2, b12), edulcorante (sucralosa), cloruro sódico, d-glucuronolactona, extracto de semilla de guaraná (0.002%), inositol, maltodextrina.|5060166690380|0|1.89|E||Energy drink, with sugar(s) and with sweetener(s)|18354|1|3
467|2026-09-30 11:18:18|40|2026|08032|Soft beer Xibeca Damm Beer, wine & spirits Beer Beer bottles|1|EU|60333|121|Bodega|Cerveza|Cerveza botella y botellín|Bajadas de precio|Bajadas de precio|Cerveza suave Xibeca Damm|4.6|6.0|l|1.41|€/l|8.46|agua,malta de cebada, maíz, arroz, lúpulo.|8410793013316|0|10.38|||Beer, regular (4-5° alcohol)|5001|1|3
468|2026-09-30 11:18:18|40|2026|08032|Instant chocolate drink Nesquik Chocolate drinks, coffee & tea Chocolate drinks & hot chocolate Chocolate drinks|1|España|18235|122|Cacao café e infusiones|Cacao soluble y chocolate a la taza|Cacao soluble|Bajadas de precio|Bajadas de precio|Cacao soluble instantáneo||0.9|kg|6.61|€/kg|5.95|azúcar, cacao natural desgrasado en polvo (23%), emulgente (lectina de soja), sal, vitaminas (c,d), aroma natural, canela.|8445293020588|0|6.75|D||Coffee with milk or cappuccino with chocolate, powder, instant|18163|1|3
469|2026-09-30 11:18:18|40|2026|08032|Strawberry Dreams energy drink Ultra zero sugar Monster Water & soft drinks Isotonic & energy drinks Energy|1|Irlanda|16440|125|Agua y refrescos|Isotónico y energético|Energético|Bajadas de precio|Bajadas de precio|Bebida energética Strawberry Dreams Monster Energy Ultra zero azúcar||0.5|l|2.90|€/l|1.45|ingredientes: agua carbonada, potenciador del sabor (eritritol), ácido (ácido cítrico), taurina (0,4%), regulador de acidez (citratos de sodio), aroma natural de fresa con otros aromas naturales, extracto de raíz de panax ginseng (0,08%), conservantes (sorbato de potasio, benzoato de sodio), cafeína (0,03%), edulcorantes (sucralosa, acesulfame k), l-carnitina l-tartrato (0,015%), vitaminas (b3, b5, b6, b12), estabilizante (ésteres glicerol de resinas de madera), extracto de semilla de guaraná (0,002%), inositol, colorantes (e129, e110, e133).|5056784900826|0|1.79|E||Energy drink, no added sugar(s) and with sweetener(s), fortified with vitamins|18353|1|3
470|2026-09-30 11:18:18|40|2026|08032|Hake and shrimp preparation Seafood & fish Fresh fish Other|1|España|27548|127|Marisco y pescado|Pescado fresco|Otros|Bajadas de precio|Bajadas de precio|Elaborado de merluza y langostino||0.2|kg|14.75|€/kg|2.95|62% merluza (pescado), 11% langostino ((crustáceo), agua, sal, antioxidantes e330, e331, estabilizante e451, e452), harina de arroz, aceite refinado de girasol, fibras vegetales, almidón, azúcar, corrector de la acidez (vinagre tamponado), especias (perejil y ajo) y aromas. puede contener trazas de huevos y derivados, moluscos y derivados y sulfitos.|8480000275486|0|3.30|||Fish burger, from fast food|25416|4|3
471|2026-09-30 11:18:18|40|2026|08032|Mango flavored frizzante Piccolo Giovanni Beer, wine & spirits Lambrusco & sparkling wine Lambrusco & sparkling wine|1|España|23967|128|Bodega|Vino lambrusco y espumoso|Vino lambrusco y espumoso|Bajadas de precio|Bajadas de precio|Frizzante sabor mango Piccolo Giovanni|3.9|0.75|l|2.67|€/l|2.00|agua, vino (uvas, conservador: anhídrido sulfuroso (sulfitos)), azúcar, acidulante: ácido cítrico, dióxido de carbono, aromas y colorantes: e-102 y e-110.|8402001053818|0|2.35|||Wine, white, sparkling, flavoured|5209|1|3
472|2026-09-30 11:18:18|40|2026|08032|Red vermouth Martini Beer, wine & spirits Spirits Vermouth & aperitifs|1|Italia|28401|129|Bodega|Licores|Vermouth y aperitivos|Bajadas de precio|Bajadas de precio|Vermouth rojo Martini|15.0|1.0|l|11.65|€/l|11.65|vino, azúcar, alcohol, extractos aromáticos naturales, colorante: caramelo e-150b, contiene sulfitos|5010677915007|0|11.90|||||1|3
473|2026-09-30 11:18:18|40|2026|08032|Aged rum Negrita Beer, wine & spirits Spirits Rum|1|España|28731|130|Bodega|Licores|Ron|Bajadas de precio|Bajadas de precio|Ron añejo Negrita|37.5|0.7|l|13.29|€/l|9.30|agua, rones envejecidos, caramelo e-150b|8410490001043|0|9.50|||Rum|1004|1|3
474|2026-09-30 11:18:18|40|2026|08032|London Dry Gin Tanqueray Beer, wine & spirits Spirits Gin|1|Inglaterra|28775|131|Bodega|Licores|Ginebra|Bajadas de precio|Bajadas de precio|Ginebra London Dry Gin Tanqueray|43.1|0.7|l|19.57|€/l|13.70|contiene gluten.|5000281015248|0|13.95|||Gin|1002|1|3
475|2026-09-30 11:18:18|40|2026|08032|Johnnie Walker Scotch whisky Red Label Beer, wine & spirits Spirits Whiskey|1|Escocia|28610|133|Bodega|Licores|Whisky|Bajadas de precio|Bajadas de precio|Whisky escocés Red Label Johnnie Walker|40.0|0.7|l|20.93|€/l|14.65||5000267014203|0|16.00|||Whisky|1005|1|3
476|2026-09-30 11:18:18|40|2026|08032|White vermouth Martini Beer, wine & spirits Spirits Vermouth & aperitifs|1|Italia|28400|134|Bodega|Licores|Vermouth y aperitivos|Bajadas de precio|Bajadas de precio|Vermouth blanco Martini|15.0|1.0|l|11.65|€/l|11.65|vino, contiene sulfitos, azúcar, alcohol, extractos aromáticos naturales, conservadores: e-224, aroma natural(vanillina).|3011932000829|0|11.90|||||1|3
477|2026-09-30 11:18:19|40|2026|08032|Herbal Liqueur Jägermeister Beer, wine & spirits Spirits Other liqueur|1|Alemania|28724|135|Bodega|Licores|Otros licores|Bajadas de precio|Bajadas de precio|Licor de hierbas Jägermeister|35.0|0.7|l|21.36|€/l|14.95||4067700011015|0|15.25|||Liqueur|1003|1|3
478|2026-09-30 11:18:19|40|2026|08032|Scotch whisky J&B Beer, wine & spirits Spirits Whiskey|1|Escocia|28613|137|Bodega|Licores|Whisky|Bajadas de precio|Bajadas de precio|Whisky escocés J&B|40.0|0.7|l|15.64|€/l|10.95||5010103800259|0|11.60|||Whisky|1005|1|3
479|2026-09-30 11:18:19|40|2026|08032|Reserve Bohemia beer Estrella Damm Beer, wine & spirits Beer Beer bottles|1|España|21867|138|Bodega|Cerveza|Cerveza botella y botellín|Bajadas de precio|Bajadas de precio|Cerveza Bohemia Estrella Damm reserva|6.2|1.98|l|3.61|€/l|7.14|agua, malta de cebada, arroz, lúpulo|8410793433831|0|8.34|||Beer, special (5-6° alcohol)|5010|1|3
480|2026-09-30 11:18:19|40|2026|08032|Instant chocolate drink Nesquik Chocolate drinks, coffee & tea Chocolate drinks & hot chocolate Chocolate drinks|1|España|21985|141|Cacao café e infusiones|Cacao soluble y chocolate a la taza|Cacao soluble|Bajadas de precio|Bajadas de precio|Cacao soluble instantáneo Nesquik||2.5|kg|6.34|€/kg|15.85|azúcar, cacao natural desgrasado en polvo (23%), emulgente (lecitina de soja), sal, vitaminas (c,d), aroma natural, canela. sin gluten y sin lactosa.|8445290092830|0|16.15|D||Coffee with milk or cappuccino with chocolate, powder, instant|18163|4|3
481|2026-09-30 11:18:19|40|2026|08032|Sangre de Toro red wine, DO Catalunya Bodegas Torres Beer, wine & spirits Red wine Other red wines|1|España|66510|146|Bodega|Vino tinto|Otros vinos tintos|Bajadas de precio|Bajadas de precio|Vino tinto Sangre de Toro Bodegas Torres DO Catalunya|13.5|0.75|l|5.33|€/l|4.00|uvas, correctores de la acidez (ácido tartárico[l(+)]), agentes estabilizantes (goma arábiga, manoproteínas de levadura), conservadores (sulfitos), embotellado en atmósfera protectora.|8410113003027|0|4.30|||Wine, red|5214|1|3
482|2026-09-30 11:18:19|40|2026|08032|Pistachios nougat Hacendado Sugar, sweets & chocolate Nougats Nougats|1|España|36143|1|Azúcar caramelos y chocolate|Turrones|Turrones|Han vuelto|Han vuelto|Turrón de pistacho Hacendado||0.15|kg|19.33|€/kg|2.90|pistacho tostado troceado y en pasta: 25,5%, azúcar, chocolate con leche: 20% (azúcar, manteca de cacao, pasta de cacao, leche descremada en polvo, materia grasa láctea anhidra, emulgentes (lecitinas, e-476), aroma), aceites y grasas vegetales (karité, coco, girasol refinado), leche descremada en polvo (12%), almendra,   emulgente: lecitinas, sal, colorantes naturales (concentrado de   cártamo, espirulina, limón, maltodextrina, sacarosa, corrector de   acidez: ácido cítrico), aromas. puede contener otros frutos de cáscara (avellana, nuez), cacahuete y soja. sin gluten|8480000361431|0||E||Nougat, soft|31127|4|4
483|2026-09-30 11:18:19|40|2026|08032|Cheesecake nougat Hacendado Sugar, sweets & chocolate Nougats Nougats|1|España|52419|2|Azúcar caramelos y chocolate|Turrones|Turrones|Han vuelto|Han vuelto|Turrón de cheesecake Hacendado||0.15|kg|13.33|€/kg|2.00|chocolate blanco: 24% (azúcar, manteca de cacao, leche entera en polvo, suero lácteo  en polvo, materia grasa láctea anhidra, emulgentes (lecitinas, e-476), aroma), azúcar, crema sabor frutos del bosque: 15%  (jarabe de glucosa, azúcar, agua, estabilizante: pectinas, acidulante: ácido cítrico, concentrado de zanahoria, grosella negra, conservador: sorbato potásico, aroma), azúcar, aceites y grasas vegetales (karité, coco, girasol refinado), leche descremada en polvo, galleta: 11% (harina de trigo (gluten), azúcar moreno de caña, grasa de palma, jarabe de glucosa y fructosa, colorante: caramelo natural, gasificantes (carbonato ácido de sodio y amonio), sal,  aroma, emulgente: lecitina de soja, canela), queso en polvo: 3,3% (cuajo de leche desnatada, leche desnatada, fermentos, sustituto de cuajo microbiano), aromas, emulgente: lecitinas. puede contener frutos de cáscara (almendra, avellana, nuez, pistacho), cacahuete, huevo y mostaza.|8402001012297|0||E||Nougat, soft|31127|4|4
484|2026-09-30 11:18:19|40|2026|08032|Crispy chocolate nouga Hacendado Sugar, sweets & chocolate Nougats Nougats|1|España|67875|3|Azúcar caramelos y chocolate|Turrones|Turrones|Han vuelto|Han vuelto|Turrón de chocolate crujiente Hacendado||0.25|kg|9.00|€/kg|2.25|azúcar, pasta de frutos de cáscara (avellana, almendra), manteca de cacao, cereales crujientes: 12% (harina de arroz, sémola de maíz, azúcar, sal), pasta de cacao, leche descremada en polvo, materia grasa láctea anhidra, emulgentes (lecitinas, e-476), aromas. puede contener cacahuete, otros frutos de cáscara (nuez) y soja. sin gluten.|8480000678751|0||E||Chocolate bar, milk chocolate, with nougat|31098|3|4
485|2026-09-30 11:18:19|40|2026|08032|Whilte crispy chocolate nougat Hacendado Sugar, sweets & chocolate Nougats Nougats|1|España|36127|4|Azúcar caramelos y chocolate|Turrones|Turrones|Han vuelto|Han vuelto|Turrón de chocolate blanco crujiente Hacendado||0.25|kg|8.00|€/kg|2.00|azúcar, manteca de cacao, cereales crujientes: 12% (harina de arroz, sémola de maíz, azúcar, sal), aceite refinado de girasol, leche entera en polvo, leche descremada en polvo, emulgente (lecitinas, e-476), aroma natural de vainilla. puede contener frutos de cáscara (almendra, avellana, nuez, pistacho), cacahuete y soja.|8480000361271|0||E||White chocolate, bar|31010|4|4
486|2026-09-30 11:18:20|40|2026|08032|Balls coconut chocolates Hacendado Sugar, sweets & chocolate Chocolate Pralines|1|España|14469|5|Azúcar caramelos y chocolate|Chocolate|Bombones|Han vuelto|Han vuelto|Bolitas de coco Hacendado||0.24|kg|7.92|€/kg|1.90|relleno de coco: 80% (azúcar, coco rallado: 35%, jarabe de glucosa y fructosa, leche condensada (leche fresca, azúcar, lactosa), humectantes (sorbitol, glicerol), conservador: ácido sórbico, aroma). chocolate negro: 20% (azúcar, cacao, manteca de cacao, emulgentes (lecitinas (soja), e-476), aroma).  puede contener sulfitos y frutos de cáscara.|8402001038365|0||E||Coconut bar, chocolate-coated|31002|4|4
487|2026-09-30 11:18:20|40|2026|08032|Soft nougat Hacendado Sugar, sweets & chocolate Nougats Nougats|1|España|36014|6|Azúcar caramelos y chocolate|Turrones|Turrones|Han vuelto|Han vuelto|Turrón blando Hacendado||0.25|kg|11.60|€/kg|2.90|almendra  tostada (66%), azúcar líquido invertido, miel (12%), azúcar, clara de huevo. origen de la almendra: españa. puede contener otros frutos de cáscara (avellana, nuez, pistacho) y cacahuete.  sin gluten. sin lactosa|8480000360144|0||D||Nougat, soft|31127|4|4
488|2026-09-30 11:18:20|40|2026|08032|Hard nougat Hacendado Sugar, sweets & chocolate Nougats Nougats|1|España|36017|7|Azúcar caramelos y chocolate|Turrones|Turrones|Han vuelto|Han vuelto|Turrón duro Hacendado||0.25|kg|11.60|€/kg|2.90|almendras tostadas (63%), miel (18%), azúcar, azúcar líquido invertido, oblea (fécula de patata, aceite refinado de girasol), clara de huevo. origen de la almendra: españa.  puede contener otros frutos de cáscara (avellana, nuez) y cacahuete. sin gluten. sin lactosa|8480000360175|0||D||Nougat, soft|31127|4|4
489|2026-09-30 11:18:20|40|2026|08032|Chestnuts Snacks Nuts, seeds & dried fruit Nuts & seeds|1|Portugal|5940|8|Aperitivos|Frutos secos y fruta desecada|Frutos secos|Han vuelto|Han vuelto|Castañas||0.5|kg|7.50|€/kg|3.75|castañas|8420982902871|0||||Chestnut, raw|15024|1|4
490|2026-09-30 11:18:20|40|2026|08032|Cherry liqueur chocolates Hacendado Sugar, sweets & chocolate Chocolate Pralines|1|Italia|35909|9|Azúcar caramelos y chocolate|Chocolate|Bombones|Han vuelto|Han vuelto|Bombones cereza al licor Hacendado con chocolate||0.15|kg|14.67|€/kg|2.20|azúcar, pasta de cacao, cereza (16%), licor (13%) (azúcar, agua, jarabe de glucosa, alcohol, aromas), manteca de cacao, mantequilla deshidratada, emulgente: lecitina de soja, aroma. puede contener trazas de frutos de cáscara y huevos.|8402001011900|0||E||||4|4
491|2026-09-30 11:18:20|40|2026|08032|Hot chocolate Valor Chocolate drinks, coffee & tea Chocolate drinks & hot chocolate Hot chocolate|1|España|12017|10|Cacao café e infusiones|Cacao soluble y chocolate a la taza|Chocolate a la taza|Han vuelto|Han vuelto|Cacao en polvo a la taza Valor||0.5|kg|7.90|€/kg|3.95|azúcar, cacao desgrasado en polvo (20%), almidón de maíz, emulgente: lecitina de soja, aromas. puede contener: leche. sin gluten.|8410109000528|0||E||Chocolate, bar (average)|31120|1|4
492|2026-09-30 11:18:20|40|2026|08032|Butterflied cod with no head and no bones Seafood & fish Fresh fish Cod|1||81204.2|11|Marisco y pescado|Pescado fresco|Bacalao|Han vuelto|Han vuelto|Bacalao abierto en libro sin cabeza y sin espina||2.51|kg|10.95|€/kg|27.48||2105300812044|0||||Cod, raw|26043|1|4
493|2026-09-30 11:18:20|40|2026|08032|Half cod steaks Seafood & fish Fresh fish Cod|1||81204.3|12|Marisco y pescado|Pescado fresco|Bacalao|Han vuelto|Han vuelto|Bacalao media pieza a rodajas||1.13|kg|10.95|€/kg|12.37||2105300812044|0||||Cod, raw|26043|1|4
494|2026-09-30 11:18:21|40|2026|08032|Half butterflied cod with no head and no bones Seafood & fish Fresh fish Cod|1||81204.4|13|Marisco y pescado|Pescado fresco|Bacalao|Han vuelto|Han vuelto|Bacalao media pieza abierto en libro sin cabeza y sin espina||1.13|kg|10.95|€/kg|12.37||2105300812044|0||||Cod, raw|26043|1|4
495|2026-09-30 11:18:21|40|2026|08032|Mini Peanut Cups milk chocolate bonbons Hacendado Sugar, sweets & chocolate Chocolate Pralines|1|España|14355|14|Azúcar caramelos y chocolate|Chocolate|Bombones|Han vuelto|Han vuelto|Mini bombones de chocolate con leche Peanut Cups Hacendado relleno de crema y pedazos de cacahuete||0.126|kg|15.08|€/kg|1.90|azúcar, pasta de cacahuete, manteca de cacao, suero de leche en polvo, grasa vegetal (palma), leche entera en polvo, pasta de cacao, trozos de cacahuete tostado (4,50%), mantequilla (leche), sal, emulgente (lecitinas), aroma natural de vainilla. cacao: 28% mínimo en el chocolate con leche. puede contener gluten, huevo, soja y frutos de cáscara.|8402001034893|0||E||Chocolate-coated peanut|31042|4|4
496|2026-09-30 11:18:21|40|2026|08032|Cod steaks Seafood & fish Fresh fish Cod|1||81204.1|15|Marisco y pescado|Pescado fresco|Bacalao|Han vuelto|Han vuelto|Bacalao a rodajas||2.51|kg|10.95|€/kg|27.48||2105300812044|0||||Cod, raw|26043|1|4
497|2026-09-30 11:18:21|40|2026|08032|Washed and cut vegetables for stir-frying Fruits & vegetables Vegetables Other vegetables & greens|1|España|69433|16|Fruta y verdura|Verdura|Otras verduras y hortalizas|Han vuelto|Han vuelto|Preparado de verduras para sofreír cortado y lavado||0.4|kg|6.00|€/kg|2.40|calabacín, pimiento y cebolla.|8480000694331|0||||Mixed vegetables for ratatouille, frozen|20266|1|4
498|2026-09-30 11:18:21|40|2026|08032|Acid sweet red apples Fruits & vegetables Fruits Apple  & pear|1|Italia|8268|18|Fruta y verdura|Fruta|Manzana y pera|Han vuelto|Han vuelto|Manzanas rojas acidulces||1.57|kg|2.60|€/kg|4.08|manzanas rojas acidulces|5609014019487|0||||Stewed fruits, apple, no added sugars, (pulp or mixed fruits), room temperature|13187|1|4
499|2026-09-30 11:18:21|40|2026|08032|XXL sugar-free fruit-flavoured mixed chewing gums tabs Hacendado Sugar, sweets & chocolate Chewing gum & candy Chewing gum|1|España|65213|19|Azúcar caramelos y chocolate|Chicles y caramelos|Chicles|Han vuelto|Han vuelto|Chicles gragea XXL frutal mix sin azúcar Hacendado||0.1|kg|18.00|€/kg|1.80|edulcorantes: sorbitol e isomalt, goma base (con antioxidante: extracto rico en tocoferoles), edulcorantes: xilitol, jarabe de maltitol y manitol, aromas, humectantes: glicerina y triacetina, espesante: goma arábiga, acidulantes: ácido málico, ácido cítrico y ácido tartárico, edulcorantes: aspartamo y acesulfamo k, agente de recubrimiento: cera de carnauba, colorantes: carotenos y ácido carmínico, extracto vegetal (cártamo) y concentrado de espirulina|8402001035036|0||B||Chewing gum, sugar-free|31054|4|4
500|2026-09-30 11:18:21|40|2026|08032|Pork spine Meat Meat boxes Meat boxes|1|España|2689|20|Carne|Arreglos|Arreglos|Han vuelto|Han vuelto|Espinazo de cerdo||0.3|kg|7.00|€/kg|2.10|espinazo de cerdo (98%), agua, antioxidante e-301 y  extracto vegetal.|2105100026894|0||C||Pork, meat, cooked (average)|28205|2|4
501|2026-09-30 11:18:21|40|2026|08032|Pork fatback Meat Meat boxes Meat boxes|1|España|35805|21|Carne|Arreglos|Arreglos|Han vuelto|Han vuelto|Tocino de cerdo||0.19|kg|7.80|€/kg|1.48||8402001010422|0||||Sausage meat, pure pork, raw|30051|1|4
502|2026-09-30 11:18:21|40|2026|08032|Pork osso buco Meat Meat boxes Meat boxes|1|España|2690|22|Carne|Arreglos|Arreglos|Han vuelto|Han vuelto|Osobuco de cerdo||0.23|kg|8.20|€/kg|1.89|porciones de codillo fresco de cerdo (paleta o  jamón) sin piel.|2105100026900|0||A||Pork, meat, cooked (average)|28205|1|4
503|2026-09-30 11:18:21|40|2026|08032|Tangerine Fruits & vegetables Fruits Citrus fruit|1|España|3238|23|Fruta y verdura|Fruta|Cítricos|Han vuelto|Han vuelto|Mandarina||0.13|kg|2.65|€/kg|0.34|tratado con agentes de recubrimiento (e903, e-473) imazalil y fludioxonil.|5607761300018|0||||||3|4
504|2026-09-30 11:18:21|40|2026|08032|Meats for escudella Meat Meat boxes Meat boxes|1|España|3739|24|Carne|Arreglos|Arreglos|Han vuelto|Han vuelto|Arreglo para escudella||1.0|kg|6.90|€/kg|6.90|ingredientes: pollo, preparado carne vacuno (carne de vacuno 90%, agua, fibra vegetal (guisante), aromas naturales, antioxidantes (e-301 y e-331)), cerdo (manos, papada), preparado de espinazo de cerdo (espinazo de cerdo 98%, agua, antioxidante e-301 y extracto vegetal), hueso salado [hueso de cerdo salado, sal (21%)], hueso de jamón curado [jamón de cerdo, sal, azúcar, antioxidante (e-331, e301) y conservadores (e-252, e-250)], pelota [burger meat: carne de cerdo (61%) y de vacuno (21%), agua, proteína de cerdo, sal, harina de guisante, especias, fibra vegetal, maltodextrina, almidón, antioxidantes (e-300, e-301), aromas, conservador (e-221) (sulfitos) y colorantes (e-150c, e-120)] y butifarra negra [papada, magro y sangre de cerdo, sal, almidón, fibra vegetal, pimienta, conservador (e-262i), antioxidante (e-300), extracto de especias, tripa fina natural de cerdo].|2105100037395|0||E||Pork, meat, cooked (average)|28205|4|4
505|2026-09-30 11:18:22|40|2026|08032|Pork and beef meatball Meat Meat boxes Meat boxes|1|España|35862|25|Carne|Arreglos|Arreglos|Han vuelto|Han vuelto|Pelota de cerdo y vacuno||0.28|kg|11.20|€/kg|3.14|carne de cerdo (52%) y de vacuno (20%), agua, proteína de cerdo, sal, harina de guisante, especias, fibra vegetal, maltodextrina, harina de arroz, almidón,  antioxidantes (e-300, e-301), aromas, conservador (sulfito e-221) y colorantes (e-150c, e-120).|8402001010828|0||D||Sausage meat, pork and beef, raw|30052|4|4
