id_product|product_name|origin|category|subcategory|second_subcategory|alcohol_grades|ingredients|ciqual_text_to_search|ciqual_id|ciqual_text|ewo_qualification|nutriscore_letter|certifications|planetscore
10066|Batido de chocolate ColaCao Energy|España|Huevos leche y mantequilla|Leche y bebidas vegetales|Batidos||leche parcialmente desnatada, azúcar, cacao desgrasado, almidón, aromas, sales minerales (fosfato bicálcico y sulfato de zinc), estabilizantes (e 339, e 471, e 407), sal|Energy chocolate milkshake ColaCao Eggs, milk & butter Milk & milk alternatives Shakes|31012|Chocolate confectionery or bar, with milk|4|D|gluten-free, recycle-pack|
11104|Café soluble descafeinado Nescafé classic|España|Cacao café e infusiones|Café soluble y otras bebidas|Café soluble||café soluble descafeinado|Classic decaf instant coffee Nescafé Chocolate drinks, coffee & tea Soluble coffee & other drinks Soluble coffee|18069|Decaffeinated coffee, powder, instant|1||No certificat|
11111|Café soluble natural Nescafé classic|España|Cacao café e infusiones|Café soluble y otras bebidas|Café soluble||café soluble|Classic natural soluble coffee Nescafé Chocolate drinks, coffee & tea Soluble coffee & other drinks Soluble coffee|18005|Coffee, powder, instant|1||recycle-pack|
11617|Wok de verduras Hacendado ultracongelado|España|Congelados|Fruta y verdura|Verdura||(brócoli, calabacín asado, zanahoria naranja y amarilla, pimiento rojo, castaña de agua, cebolla roja asada, peapods (tirabeques), edamame grano (soja)), seta shiitake cultivada (lentinula edodes) (9%), sazonador (azúcar, sal aroma, cebolla deshidratada, especias, algarroba en polvo, maltodextrina, ajo deshidratado, fibra de arroz, hierbas, aceite de girasol), aceite de girasol.|Deep-frozen vegetable wok mix Hacendado Frozen food Fruit and vegetable Vegetables|20101|Mixed vegetables, frozen, raw|4|B|gluten-free, recycle-pack|
11628|Crema de lentejas Hacendado|Italia|Conservas caldos y cremas|Gazpacho y cremas|Cremas y puré||agua, lentejas 13%, calabaza, zanahoria 4%, cebolla 4%, grelos, aceites de oliva virgen extra, guisantes, pasta de tomate doble, sal, hierbas, especias. puede contener trazas de cereales con gluten, frutos de cáscara, leche, apio, soja y huevo.|Cream of lentils Hacendado Cans, soups & creams Gazpacho & creams Creams & puree|20521|Lentils seeds, sprouted, fresh, raw|4|A|recycle-pack, 100-vegetal|
11688|Refresco té sabor limón Fuze Tea|España|Agua y refrescos|Refresco de té y sin gas|Té||ingredientes: agua, azúcar, correctores de acidez: ácido cítrico y citratos de sodio, extracto de té negro (0,1%), zumo de limón a partir de concentrado (0,1%), antioxidante ácido ascórbico, edulcorantes: acesulfamo k y sucralosa y aromas naturales.|Lemon flavored tea soft drink Fuze Tea Water & soft drinks Still & tea soft drinks Tea|18015|Still soft drink with tea extract, with sugar(s) and sweetener(s)|4|D|recycle-pack|
11714|Café molido natural Hacendado Espresso|España|Cacao café e infusiones|Café molido y en grano|Café molido||café|Espresso natural ground coffee Hacendado Chocolate drinks, coffee & tea Ground coffee & coffee beans Ground coffee|18003|Coffee, ground|1||recycle-pack|
12016|Chocolate con leche Milka galleta|Austria|Azúcar caramelos y chocolate|Chocolate|Chocolate con leche||ingredientes: azúcar, grasa de palma, harina de trigo, pasta de cacao, manteca de cacao, leche desnatada en polvo, suero de leche en polvo, grasa de leche, emulgente (lecitinas de soja), jarabe de glucosa, pasta de avellana, sal, gasificantes (e500, e503), aromas (contienen leche). 7 % de leche desnatada en polvo en el relleno cremoso lácteo. 11,5 % de pasta de cacao en el relleno cremoso con cacao. puede contenerotros frutos de cáscara y huevo.|Milk chocolate biscuit Milka Sugar, sweets & chocolate Chocolate Milk chocolate|31000|Chocolate bar with biscuit|4|E|recycle-pack, cocoa-life|
12017|Cacao en polvo a la taza Valor|España|Cacao café e infusiones|Cacao soluble y chocolate a la taza|Chocolate a la taza||azúcar, cacao desgrasado en polvo (20%), almidón de maíz, emulgente: lecitina de soja, aromas. puede contener: leche. sin gluten.|Hot chocolate Valor Chocolate drinks, coffee & tea Chocolate drinks & hot chocolate Hot chocolate|31120|Chocolate, bar (average)|1|E|gluten-free, recycle-pack, compromiso-valor|
12084|Chorizo picante extra Hacendado lonchas|España|Charcutería y quesos|Embutido curado|Chorizo||carne de cerdo, panceta, sal, pimentones, lactosa, dextrina, proteïnas de la leche, azúcar, dextrosa, ajo, estabilizante (e-450), antioxidante (e-331, e-301), especias, extracto de pimentón, conservadores (e-250, e-252) y colorante (e-120)|Spicy extra chorizo slices Hacendado Deli & cheese Cured meat Chorizo|30317|Spicy pork sausage with red pepper, in slices|4|E|gluten-free, recycle-pack|
12493|Porciones de Chocolate negro 85% cacao extrafino Hacendado|Portugal|Azúcar caramelos y chocolate|Chocolate|Chocolate negro||pasta de cacao, azúcar, manteca de cacao, cacao desgrasado en polvo, emulgente: lecitina (soja) y aroma. cacao: 85% mínimo. puede contener trazas de almendras, avellanas, anacardos y leche. sin gluten.|85% Cocoa extra fine dark chocolate Hacendado Sugar, sweets & chocolate Chocolate Dark chocolate|31074|Dark chocolate, 70% cocoa, bar|2|D|gluten-free, recycle-pack|
12509|Barritas de barquillo Tokke original|España|Azúcar caramelos y chocolate|Chocolate|Chocolatinas||chocolate con leche[azúcar, manteca de cacao, leche desnatada en polvo, pasta de cacao, grasas vegetales (palma, shea), lactosuero en polvo (leche), grasa de leche, pasta de avellanas, emulgentes: lecitina (soja) y e-476, aroma], azúcar, harina de trigo (gluten), grasa vegetal de palma, arroz inflado [harina de trigo (gluten), harina de arroz, azúcar, sal,emulgente: lecitina], lactosuero en polvo (leche), cacao desgrasado (2,8%), pasta de avellanas, leche desnatada en polvo,emulgentes: lecitina (soja) y e-476, gasificante: bicarbonato de sodio, aromas.|Original wafer bar Tokke Sugar, sweets & chocolate Chocolate Bars|31000|Chocolate bar with biscuit|4|E|recycle-pack, compromiso-valor|
12544|Gotas de chocolate negro para fundir Hacendado|España|Azúcar caramelos y chocolate|Chocolate|Chocolate negro||azúcar, pasta de cacao, manteca de cacao, emulgentes (lecitina de girasol, e-476), aroma natural de vainilla. cacao: 44% mínimo. alérgenos: trazas de frutos de cáscara, leche y soja.|Dark chocolate drops for melting Hacendado Sugar, sweets & chocolate Chocolate Dark chocolate|31085|Dark chocolate, more than 40% cocoa, for cooking, bar|4|E|gluten-free, recycle-pack|
12756|Arroz con verduras para microondas Hacendado ultracongelado|España|Congelados|Arroz y pasta|Arroz||arroz (67%) (agua y arroz), verduras en proporción variable (33%) (brócoli, guisante, maíz, pimiento rojo y zanahoria).|Deep frozen for microwaving rice with vegetables Hacendado Frozen food Rice & pasta Rice|9101|Rice, white, parboiled, raw|3|A|recycle-pack|
12874|Tacos de pavo|España|Carne|Aves y pollo|Pavo y otras aves|||Diced turkey Meat Poultry Turkey & other fowl|36307|Turkey, leg, meat, raw|1|A|recycle-pack, fresh-product|
13237|Poke salmón|España|Pizzas y platos preparados|Listo para Comer|Platos fríos||arroz de sushi, salmón, semillas, pepino, mango, cebolla encurtida, alga wakame y salsa ponzu.arroz cocido [arroz, aderezo de vinagre (azúcar, vinagre de alcohol, agua, vinagre de arroz, sal), aceite refinado de maíz, zumo de limón (zumo de limón pasteurizado, antioxidante e-224 (sulfitos)) y emulgente e-322 (soja)], salmón 10% (salmo salar) (pescado), mango [mango, agua, antioxidantes (e-302, e-300), acidulante e-330], pepino, ensalada wakame [algas abeto marino (undaria pinnatifida), condimentos (jarabe de maíz de alto contenido en fructosa, agua, aceite de sésamo de presión, azúcar, vinagre de arroz, sal, humectante e-420, colorantes e-133 y e-102*), seta negra (auricularia polytricha), agar agar (gelidium amansii), granos de sésamo, chile rojo], cebolla [cebolla roja, aderezo de vinagre (azúcar, vinagre de alcohol, agua, vinagre de arroz, sal)] y mezcla de semillas [girasol, sésamo, lino marrón, calabaza y amapola]. puede contener crustáceos, huevo, cacahuete, leche, frutos de cáscara, apio, mostaza y moluscos. salsa ponzu: salsa de soja [agua, soja, sal, alcohol, jarabe de maíz de alta fructosa, azúcar, potenciador del sabor (e-635)], aderezo de vinagre [azúcar, vinagre de alcohol, agua, vinagre de arroz, sal], zumo de limón [zumo de limón pasteurizado y antioxidante e-224 (sulfitos)], zumo de mandarina y conservador e-202. sin gluten|Poke salmon Pizza & ready meals Ready to eat Cold meals|11303|Fish stock, ready to eat, prepacked|4|C|gluten-free, recycle-pack|
13241|Ensalada de pasta Listo para Comer|España|Fruta y verdura|Lechuga y ensalada preparada|Ensalada preparada||pasta espiral 52,90% [sémola de trigo duro (gluten), tomate deshidratado 5%, espinacas deshidratadas 2,5%], huevo cocido de gallina, atún 10,29% (pescado), aceite refinado de girasol y sal. surimi 9,70% [carne de pescado, agua, almidón, clara de huevo, aceite refinado de nabina, sal, aroma (contiene crustaceo), proteína de soja (soja), almidón modificado, azúcar, colorante e160c, (puede contener moluscos), estabilizantes e420, e450, e451, e452]. mozzarella [leche pasteurizada de vaca, sal, fermentos lácticos (leche), corrector de acidez ácido cítrico, cuajo], cebolla blanca, aceite refinado de girasol, conservantes e262, e326. aliño: aceite de oliva virgen extra, vinagre (sulfito) y sal. puede contener trazas de frutos de cascara , mostaza y apio.|Pasta salad Listo para Comer Fruits & vegetables Lettuce & prepared salad Prepared salad|26276|Pasta salad, with surimi, with sauce, prepacked|1|B|recycle-pack|
13242|Ensalada de marisco Listo para Comer|España|Pizzas y platos preparados|Listo para Comer|Platos fríos||pasta ((sémola de trigo duro (gluten), tomate, espinacas), aceite refinado de girasol), potón (15%) (potón (moluscos), sal, estabilizante (e450) y correctores de acidez (e501, e330 y e331)), cebolla roja encurtida (cebolla, azúcar, vinagre de alcohol, vinagre de arroz y sal), zanahoria encurtida (zanahoria, agua, vinagre, azúcar, sal y acidulante (e330)), gambón (8%) (gambón (crustáceos), agua, sal, antioxidantes (e331 y e223 (sulfitos)) y acidulante (e330)), langostino cocido (8%) (langostino (crustáceos), sal y azúcar), vinagreta (aceite refinado de girasol, vinagre de vino tinto (antioxidante (e220 (sulfitos))) y sal) y aceituna negra (aceituna, agua y sal y gluconato ferroso (e579)), aroma natural, vinagre, conservadores (e267,e326 y e262). puede contener trazas de pescado, huevo, soja, mostaza, leche y sus derivados, sésamo, frutos de cáscara, cacahuete y apio.|Seafood salad Listo para Comer Pizza & ready meals Ready to eat Cold meals|11303|Fish stock, ready to eat, prepacked|4|C|recycle-pack|
13243|Salmón con verduras Listo para Comer|España|Pizzas y platos preparados|Listo para Comer|Platos calientes||salmón marinado (salmón 30% (pescado) (agua, sal), miel, salsa romescu (aceite refinado de girasol, tomate, agua, almendra (frutos de cáscara), vinagre de vino (sulfitos), aceite de oliva, ajo, azúcar, pimentón dulce, pimienta negra, sal y conservador (e202)), mostaza (agua, semillas de mostaza, vinagre de alcohol y sal), zumo de mandarina, zumo de limón (antioxidante (e224 (sulfitos)), conservador (e267), ajo, sal y aroma natural)), arroz aliñado (arroz, aceite refinado de girasol, mix ajo asado (aroma natural, sal, ajo y pimienta negra)), verduras asadas (20%) (calabacín, patata, pimiento rojo y boniato), salsa romescu (aceite refinado de girasol, tomate, agua, almendra (frutos de cáscara), vinagre de vino (sulfitos), aceite de oliva, ajo, azúcar, pimentón dulce, pimienta negra, sal y conservador (e202)). puede contener espinas. puede contener trazas de moluscos, crustáceos, soja, huevo, gluten, leche y sus derivados, sésamo, cacahuete y apio.|Salmon with vegetables Listo para Comer Pizza & ready meals Ready to eat Hot meals|11303|Fish stock, ready to eat, prepacked|4|A|recycle-pack|
13656|Rosquillas de chocolate con leche y coco Hacendado|Alemania|Cereales y galletas|Galletas|Con chocolate y rellenas||harina de trigo, grasa vegetal (palma), 19% chocolate con leche (azúcar, manteca de cacao, leche entera en polvo, pasta de cacao, emulgente: lecitina de girasol), azúcar, 13% coco rallado, almidón de trigo, huevo entero, jarabe de azúcar caramelizado, sal, aroma. aceite de palma sostenible certificado. puede contener trazas de otros frutos de cáscara|Coconut milk chocolate doughnuts Hacendado Cereal & biscuits Biscuits With chocolate & stuffed|24061|biscuit with meringue, filled (chocolate, hazelut, coconut…) with chocolate covering or chocolate base|1|E|recycle-pack|
13814|Bebida energética Mango Loco Juiced Monster Energy|Irlanda|Agua y refrescos|Isotónico y energético|Energético||ingredientes: agua carbonatada, zumo de frutas a base de concentrado (9%) (mango, guayaba, uva blanca, manzana, piña, naranja, albaricoque, melocotón, fruta de la pasión, limón), sacarosa, jarabe de glucosa, acidulantes (ácido cítrico, ácido málico), taurina (0.4%), aromas, correctores de acidez (citratos de potasio, citratos de sodio), conservadores (sorbato potásico, benzoato sódico), cafeína (0.03%), colorante (carotenos), edulcorante (sucralosa), vitaminas (b3, b6, b2, b12), estabilizantes (goma xantana, alginato sódico, goma arábiga), l-carnitina l-tartrato (0.004%), inositol (0.002%), concentrados de frutas y verduras (uva, zanahoria, boniato).|Mango Loco Juiced energy drink Monster Energy Monster Water & soft drinks Isotonic & energy drinks Energy|18354|Energy drink, with sugar(s) and with sweetener(s)|4|E|recycle-pack|
13815|Bebida energética Mango Loco Juiced Monster Energy|Irlanda|Agua y refrescos|Isotónico y energético|Energético||ingredientes: agua carbonatada, zumo de frutas a base de concentrado (9%) (mango, guayaba, uva blanca, manzana, piña, naranja, albaricoque, melocotón, fruta de la pasión, limón), sacarosa, jarabe de glucosa, acidulantes (ácido cítrico, ácido málico), taurina (0.4%), aromas, correctores de acidez (citratos de potasio, citratos de sodio), conservadores (sorbato potásico, benzoato sódico), cafeína (0.03%), colorante (carotenos), edulcorante (sucralosa), vitaminas (b3, b6, b2, b12), estabilizantes (goma xantana, alginato sódico, goma arábiga), l-carnitina l-tartrato (0.004%), inositol (0.002%), concentrados de frutas y verduras (uva, zanahoria, boniato).|Mango Loco Juiced energy drink Monster Energy Water & soft drinks Isotonic & energy drinks Energy|18354|Energy drink, with sugar(s) and with sweetener(s)|4|E|recycle-pack|
14031|Filetes pechuga de pavo marinados extra tiernos|España|Carne|Aves y pollo|Pavo y otras aves||pechuga de pavo (93%), agua, sal, dextrosa de maíz, aromas, maltodextrina de maíz, estabilizantes (e-451 y e-407), antioxidantes (e-331 y e-300) y conservadores (e-326, e-261 y e-250)|Extra-tender marinated turkey breast fillets Meat Poultry Turkey & other fowl|36301|Turkey, meat, raw|4|A|gluten-free, recycle-pack, lactose-free, brined-meat-product|
14038|Galletas con chocolate y crema de leche Hacendado|Alemania|Cereales y galletas|Galletas|Con chocolate y rellenas||ingredientes: azúcar, harina de trigo (21%), grasas vegetales (semilla de la palma, palma en proporción variable), manteca de cacao, pasta de cacao, leche descremada en polvo, leche entera en polvo (6%), mantequilla (4%) (leche), jarabe de glucosa, lactosa (leche), mantequilla concentrada (leche), gasificantes (carbonato ácido de sodio, carbonato ácido de amonio), emulgentes (lecitinas de girasol, lecitinas de soja), suero de leche dulce en polvo, sal, acidulante (ácido cítrico). puede contener trazas de: frutos de cáscara.|Biscuits with chocolate and cream Hacendado Cereal & biscuits Biscuits With chocolate & stuffed|23944|Soft cake filled with chocolate and with chocolate coating, prepacked|1|E|recycle-pack|
14087|Galletas tostadas Tosta Rica|España|Cereales y galletas|Galletas|Galletas desayuno||harina de trigo (68%), azúcar, aceite refinado de girasol alto oleico (14%), suero lácteo en polvo, jarabe de  glucosa y fructosa, emulgente (lecitina), sal, gasificantes (carbonatos de amonio, carbonatos de sodio), colorante: e150d (contiene sulfitos), aromas (contiene leche), vitaminas (a, d, tiamina (b1), riboflavina (b2), niacina (b3), b6), minerales (hierro y calcio), agente de tratamiento de la harina (metabisulfito sódico).  puede contener  mostaza.|Biscuits Tosta Rica Cereal & biscuits Biscuits Breakfast cookies|24035|Breakfast biscuit (cookie), reduced sugar|4|D|recycle-pack, pack-with-recycled-products|
1423|Preparado de cerdo salado|España|Carne|Arreglos|Arreglos||hueso blanco salado (hueso de cerdo y sal), tocino ibérico salado (tocino de cerdo ibérico, sal, dextrosa, antioxidante (e-301) y conservador (e-250)),  hueso de jamón curado (jamón de cerdo, sal marina, antioxidante (e-301), corrector de la acidez (e-331iii), conservador (e-252)), tocino con corteza añejo (tocino con corteza y sal) y sal.|Pork salted meat preparation Meat Meat boxes Meat boxes|28205|Pork, meat, cooked (average)|4|E|gluten-free, recycle-pack|
14283|Aguacate en dados Hacendado congelado|España|Congelados|Fruta y verdura|Fruta||aguacate 99%, antioxidante: ácido ascórbico, sal y regulador de acidez: ácido cítrico|Frozen diced avocado Hacendado Frozen food Fruit and vegetable Fruits|20265|Thinly-shredded or diced vegetables, frozen, raw|3|A|recycle-pack|
14303|Frambuesas Hacendado ultracongeladas|Bélgica|Congelados|Fruta y verdura|Fruta|||Deep-frozen raspberries Hacendado Frozen food Fruit and vegetable Fruits|||1|A|recycle-pack|
14355|Mini bombones de chocolate con leche Peanut Cups Hacendado relleno de crema y pedazos de cacahuete|España|Azúcar caramelos y chocolate|Chocolate|Bombones||azúcar, pasta de cacahuete, manteca de cacao, suero de leche en polvo, grasa vegetal (palma), leche entera en polvo, pasta de cacao, trozos de cacahuete tostado (4,50%), mantequilla (leche), sal, emulgente (lecitinas), aroma natural de vainilla. cacao: 28% mínimo en el chocolate con leche. puede contener gluten, huevo, soja y frutos de cáscara.|Mini Peanut Cups milk chocolate bonbons Hacendado Sugar, sweets & chocolate Chocolate Pralines|31042|Chocolate-coated peanut|4|E|recycle-pack|
14469|Bolitas de coco Hacendado|España|Azúcar caramelos y chocolate|Chocolate|Bombones||relleno de coco: 80% (azúcar, coco rallado: 35%, jarabe de glucosa y fructosa, leche condensada (leche fresca, azúcar, lactosa), humectantes (sorbitol, glicerol), conservador: ácido sórbico, aroma). chocolate negro: 20% (azúcar, cacao, manteca de cacao, emulgentes (lecitinas (soja), e-476), aroma).  puede contener sulfitos y frutos de cáscara.|Balls coconut chocolates Hacendado Sugar, sweets & chocolate Chocolate Pralines|31002|Coconut bar, chocolate-coated|4|E|gluten-free, recycle-pack|
14713|Barritas de avena y chocolate negro Crunchy Nature Valley|Suiza|Cereales y galletas|Cereales|Barritas de cereales||copos de avena integral (56%), azúcar, aceites vegetales (girasol, nabina en proporción variable), trocitos de chocolate (7%) (pasta de cacao, azúcar, emulgente (lecitinas (soja)), aroma natural de vainilla), cacao desgrasado en polvo, miel, sal, melaza, emulgentes (lecitinas), gasificante (carbonato ácido de sodio), aroma natural. alérgenos: ver ingredientes en negrita. puede contener trigo, cacahuetes y frutos de cáscara. sin lactosa.|Crunchy Bars oat and dark chocolate Nature Valley Cereal & biscuits Cereal Cereal bars|31106|Cereal bar with chocolate|4|D|recycle-pack|
15269|Burgers vegetales Hacendado con calabaza|Italia|Pizzas y platos preparados|Platos preparados calientes|Otros||ingredientes:  calabaza 40%, aceite de semilla de girasol, cebolla caramelizada 10% (cebolla, aceite de semilla de girasol, azúcar  de caña), zanahorias 9%, harina de soja reestructurada, harina de trigo, almidones, hojuelas de patata, gluten  de trigo, fibra de guisante, proteína de soja, cebolla 1%, perejil, sal, polvo de calabaza 0,9%, espesante:  metilcelulosa; ajo deshidratado, conservador: sorbato potásico; agua, aroma natural, polvo de romero, levadura de  cerveza. puede contener apio, mostaza y altramuces.|Vegetable burgers with pumpkin Hacendado Pizza & ready meals Hot ready meals Others|8297|Vegetable flan with eggs|4|C|recycle-pack|
15534|Patatas cocidas Hacendado|España|Conservas caldos y cremas|Conservas de verdura y frutas|Conservas verdura||patatas, agua, sal y antioxidante; ácido ascórbico|Cooked potatoes Hacendado Cans, soups & creams Vegetable & fruit tins Vegetable tins|20499|Vegetable, cooked (average)|3|C|recycle-pack|
15768|Huevos de gallinas camperas|España|Huevos leche y mantequilla|Huevos|Huevos||huevo|Free range eggs Eggs, milk & butter Eggs Eggs|||1||recycle-pack, free-range, code 1|
15922|Café molido mezcla Hacendado|España|Cacao café e infusiones|Café molido y en grano|Café molido||café y jarabe de glucosa|Blend ground coffee Hacendado Chocolate drinks, coffee & tea Ground coffee & coffee beans Ground coffee|18003|Coffee, ground|1||recycle-pack|
16285|Barritas de barquillo Kit-Kat bañadas de chocolate con leche|Alemania|Azúcar caramelos y chocolate|Chocolate|Chocolatinas||azúcar, harina de trigo (contiene calcio, hierro, tiamina y niacina), pasta de cacao', manteca de cacao', leche en polvo, grasas vegetales (palma, shea,palmiste, sal), leche desnatada en polvo, suero de leche filtrado en polvo, emulgente (lecitinas), levadura, gasificante (carbonatos de sodio), jarabe de glucosa, grasa láctea anhidra, suero de leche en polvo, aromas naturales.|Wafer bar covered in milk chocolate Kit-kat Sugar, sweets & chocolate Chocolate Bars|31000|Chocolate bar with biscuit|4|E|recycle-pack, rainforest-alliance-cocoa, suitable-vegans|
16315|Judías verdes redondas Hacendado|España|Conservas caldos y cremas|Conservas de verdura y frutas|Conservas verdura||judia verde, agua y sal|Round green beans Hacendado Cans, soups & creams Vegetable & fruit tins Vegetable tins|20499|Vegetable, cooked (average)|3|C|recycle-pack|
16438|Bebida isotónica melocotón rojo Aquarius|España|Agua y refrescos|Isotónico y energético|Isotónico||ingredientes: agua, azúcar, acidulantes: ácido cítrico y ácido málico, potenciadores del sabor: cloruro sódico, fosfato potásico y fosfato cálcico, corrector de acidez: citrato sódico, antioxidante ácido ascórbico, estabilizantes: e-414 y e-445, gluconato de zinc, edulcorantes: sucralosa y acesulfamo k, aromas naturales de limón y otros aromas naturales .|Red peach isotonic drink Aquarius Water & soft drinks Isotonic & energy drinks Isotonic|18354|Energy drink, with sugar(s) and with sweetener(s)|4|D|recycle-pack|
16440|Bebida energética Strawberry Dreams Monster Energy Ultra zero azúcar|Irlanda|Agua y refrescos|Isotónico y energético|Energético||ingredientes: agua carbonada, potenciador del sabor (eritritol), ácido (ácido cítrico), taurina (0,4%), regulador de acidez (citratos de sodio), aroma natural de fresa con otros aromas naturales, extracto de raíz de panax ginseng (0,08%), conservantes (sorbato de potasio, benzoato de sodio), cafeína (0,03%), edulcorantes (sucralosa, acesulfame k), l-carnitina l-tartrato (0,015%), vitaminas (b3, b5, b6, b12), estabilizante (ésteres glicerol de resinas de madera), extracto de semilla de guaraná (0,002%), inositol, colorantes (e129, e110, e133).|Strawberry Dreams energy drink Ultra zero sugar Monster Water & soft drinks Isotonic & energy drinks Energy|18353|Energy drink, no added sugar(s) and with sweetener(s), fortified with vitamins|1|E|recycle-pack|
16551|Queso lonchas tierno de vaca Hacendado|España|Charcutería y quesos|Queso lonchas rallado y en porciones|Queso lonchas||leche pasteurizada de vaca, sal, cuajo no animal, estabilizante (cloruro cálcico) y fermentos lácticos.|Sliced soft cow cheese Hacendado Deli & cheese Sliced, grated & portioned cheese Sliced cheese|12775|Cheese mix, grated, from cow's milk|2|D|recycle-pack|
16561|Espárragos blancos muy gruesos Hacendado enteros|Producto originario de China o Perú|Conservas caldos y cremas|Conservas de verdura y frutas|Conservas verdura||espárragos, agua, sal, azúcar y acidulante; ácido cítrico|Whole very thick white asparagus Hacendado Cans, soups & creams Vegetable & fruit tins Vegetable tins|20499|Vegetable, cooked (average)|3|C|recycle-pack|
16590|Bocaditos de queso mozzarella, tomate y orégano Pizza Bites Hacendado ultracongelados|España|Congelados|Rebozados|Verdura rebozada y otros||queso mozzarella (leche) (31%), agua, pan rallado (harina de trigo (gluten), agua, sal, levadura), harina de trigo (gluten), harina de maíz, harina de arroz, aceite refinado de girasol, almidón de maíz, concentrado de tomate (2%), almidón de trigo (gluten), almidón modificado, sal, tomate deshidratado (0,8%), vinagre de vino, colorantes (e-150a, e-160e), extracto de levadura, leche en polvo desnatada, proteínas de la leche, especias, estabilizante (e-461), azúcar, gasificantes (e-450, e-500), orégano (0,1%). contiene gluten, leche. puede contener trazas de: crustáceos, huevo, pescado, soja, mostaza, moluscos.|Deep-frozen mozzarella cheese, tomato and oregano Pizza Bites Hacendado Frozen food Breaded food Battered Vegetables & others|25404|Pizza, cheese and tomato (Margherita), prepacked|1|D|recycle-pack|
16737|Macedonia de verduras Hacendado|España|Conservas caldos y cremas|Conservas de verdura y frutas|Conservas verdura||zanahoria, patata, guisante, judía verde, agua y sal.|Vegetable medley Hacendado Cans, soups & creams Vegetable & fruit tins Vegetable tins|20499|Vegetable, cooked (average)|2|C|recycle-pack|
17174|Preparado de coco Hacendado|Thailandia|Huevos leche y mantequilla|Leche y bebidas vegetales|Bebidas vegetales||extracto de coco 81-82%, eche de coco 17 -19%, agua, estabilizante (e466 carboxy methyl cellulose), emulsionante (polysorbate60)|Coconut preparation Hacendado Eggs, milk & butter Milk & milk alternatives Milk alternatives|18041|Coconut milk|4|E|recycle-pack|
17382|Salsa de Soja sin gluten Hacendado|Austria|Aceite especias y salsas|Otras salsas|Salsas orientales||ingredientes: agua, habas de soja, sal, vinagre de alcohol.|Gluten-free soy sauce Hacendado Oils, spices & sauces Other sauces Oriental sauces|11104|Soy sauce, prepacked|1|E|gluten-free, recycle-pack|
17542|Refresco Fanta naranja|España|Agua y refrescos|Refresco de naranja y de limón|Naranja||ingredientes: agua carbonatada, 5% zumo de naranja *a partir de concentrado, azúcar, acidulantes: ácido cítrico y ácido málico, estabilizantes: e-414, e-444, e-445 y e-412, edulcorantes: e-950 y aspartamo, corrector de acidez: citratos de sodio, conservador: e-202, aromas naturales de naranja y otros aromas naturales, colorante carotenos y antioxidante ácido ascórbico.|Orange soft drink Fanta Water & soft drinks Orange & lemon soft drinks Orange|2012|Orange juice, from concentrate|4|D|recycle-pack|
17639|Galletas avena y semillas Hacendado|España|Cereales y galletas|Galletas|Galletas integrales y digestive||copos de avena, harina de trigo, arroz inflado (harina de arroz, harina de trigo, sal), azúcar, aceite refinado de girasol alto oleico 13%, copos de maíz (maíz, sal, azúcar, jarabe de malta de cebada), oligofructosa, almidón de trigo, semillas de lino, semillas de chía (salvia hispanica), gelificante (goma arábiga), gasificantes (carbonato ácido de potasio, carbonato ácido de amonio), sal, emulgente [lecitinas (soja)], aroma, aroma natural, suero de leche en polvo. puede contener trazas de granos de sésamo, frutos de cáscara, huevo y mostaza.|Oat biscuits and seeds Hacendado Cereal & biscuits Biscuits Wholemeal & digestive biscuits|24655|Biscuit, oat, plain|4|C|recycle-pack|
17640|Pasta fusilloni vegetal Hacendado|España|Arroz legumbres y pasta|Pasta y fideos|Macarrones, pajaritas y hélices||pasta alimenticia de calidad superior: 100% sémola de trigo duro (gluten). pasta compuesta al tomate:  sémola de trigo duro (gluten), 3,5% de tomate deshidratado. pasta compuesta a las espinacas: sémola de trigo duro (gluten), 2,2% espinacas deshidratadas. puede contener trazas de huevos, soja y mostaza.|Pasta fusilloni vegetable Hacendado Rice, pulses & pasta Pasta & noodles Macaroni, bows & fusilli|9810|Pasta, dry, regular, raw|1||recycle-pack|
17674|Café en cápsula Perú Hacendado|Suiza|Cacao café e infusiones|Café cápsula y monodosis|Cápsulas compatibles Nespresso|||Peru coffee pods Hacendado Chocolate drinks, coffee & tea Coffee pods & single cups Nespresso-compatible pods|18003|Coffee, ground|1||recycle-pack|
17698|Magdalenas con azúcar|España|Panadería y pastelería|Bollería de horno|Bollería dulce||aceite refinado de girasol, harina de trigo (gluten), azúcar (20,8%), huevo líquido pasteurizado, agua, humectante (glicerina), jarabe de glucosa y fructosa, ralladura de naranja, leche entera en polvo, gasificantes (difosfato disódico, bicarbonato de sodio), sal, espesante (goma xantana), aromas, acidulante (ácido cítrico), antioxidante (extracto rico en tocoferol), enzimas. puede contener: soja, frutos de cáscara, mostaza, sulfitos.|Cupcakes with sugar Bread & bakery Oven pastries Sweet pastries|7720|Raisin puff pastry (Viennese pastries), from bakery|4|D|recycle-pack|
17700|Magdalenas con pepitas de chocolate|España|Panadería y pastelería|Bollería de horno|Bollería dulce||harina de trigo (gluten), aceite refinado de girasol, azúcar, huevo líquido pasteurizado, pepitas de chocolate (8,9%) [azúcar, pasta de cacao, manteca de cacao, dextrosa, emulgente (lecitina de soja)], agua, jarabe de glucosa y fructosa, humectante (glicerina), mantequilla (leche), gasificantes (difosfato disódico, bicarbonato de sodio), jarabe de azúcar invertido, ralladura de naranja, miel de flores, aroma, sal, espesante (goma xantana), antioxidante (extracto rico en tocoferol), enzimas. puede contener: frutos de cáscara, mostaza, sulfitos|Cupcakes with chocolate chips Bread & bakery Oven pastries Sweet pastries|23943|Soft cake, with chocolate chips, prepacked|4|E|recycle-pack|
17701|Turrón chocolate blanco Cookies & Cream Hacendado relleno de crema de galletas y cacao|España|Azúcar caramelos y chocolate|Turrones|Turrones||chocolate blanco (24%) [azúcar, manteca de cacao, leche entera en polvo, lactosuero en polvo, materia grasa láctea anhidra, emulgentes (lecitinas, e-476), aroma], galleta al cacao: 20% (harina de trigo (gluten), azúcar, aceite refinado de girasol alto oleico, cacao desgrasado en polvo (7%), correctores de acidez (carbonato sódico y potásico), jarabe de glucosa y fructosa, gasificantes (carbonato ácido de amonio y de sodio), sal, emulgente: lecitina de soja, aroma), azúcar, aceites y grasas vegetales (karité, coco, girasol refinado), leche descremada en polvo (11%), cacao desgrasado en polvo (1,8%), nata (leche) en polvo, emulgente: lecitinas, correctores de acidez (carbonato sódico y potásico), aromas. puede contener frutos de cáscara, cacahuete, huevo y mostaza.|White chocolate nougat Cookies & Cream filled with biscuit and cocoa cream Hacendado Sugar, sweets & chocolate Nougats Nougats|31091|Chocolate confectionery, filled with wafer/biscuit|4|E|recycle-pack|
17705|Barritas crujientes Crunchy Milk Hacendado con relleno de cereales y chocolate con leche|España|Azúcar caramelos y chocolate|Chocolate|Chocolatinas||relleno de cereales con chocolate y leche 52% [preparado lácteo 74% (aceites y grasas vegetales (girasol refinado, colza, palma, coco), azúcar, leche entera en polvo (20%), leche desnatada en polvo (8%), suero de leche en polvo (2%), lactosa (leche) (2%), emulgente (lecitinas), antioxidante (e-306), aromas), cereales con chocolate 26% (cereales (sémola de trigo (gluten), harina de trigo (gluten), harina de avena (gluten), harina de arroz, harina integral de trigo (gluten)), azúcar, leche entera en polvo, sal)], cereales (sémola de arroz, harina integral de trigo (gluten), harina de trigo (gluten), harina de avena (gluten)), chocolate en polvo (azúcar, cacao en polvo), grasa vegetal (palmiste, palma), leche entera en polvo, leche desnatada en polvo, suero de leche en polvo, almidón de maíz, fibra de trigo (gluten), jarabe de azúcar caramelizado, sal, emulgente (lecitina de soja), gasificante (bicarbonato sódico), aromas. puede contener frutos de cáscara y mostaza.|Crunchy Milk bars with cereals and milk chocolate filling Hacendado Sugar, sweets & chocolate Chocolate Bars|31009|Milk chocolate, with puffed/popped cereals, bar|4|E|recycle-pack|
17719|Golosinas Jelly Beans ácidas Hacendado|España|Azúcar caramelos y chocolate|Golosinas|Golosinas|||Sour Jelly Beans sweets Hacendado Sugar, sweets & chocolate Sweets Sweets|31060|Jelly candy|1|E|gluten-free, recycle-pack|
17731|Barquillos de cacao rellenos con crema de leche y de avellanas Knoppers|Alemania|Cereales y galletas|Galletas|Con chocolate y rellenas||azúcar, grasas vegetales (palma, karité),  harina de trigo (13,5 %), leche desnatada en polvo (13 %), avellanas (9,2 %), harina integral de trigo (7,2 %), cacao, mantequilla concentrada (2,7 %), cacao, cacao desgrasado en polvo, emulgente: lecitinas (soja), sal, suero lácteo en polvo leche, almidón de trigo, aromas naturales, gasificante: bicarbonato sódico, cacahuetes molidos.  también puede contener almendras, otros frutos de cáscara y huevo.|Cocoa wafers filled with milk cream and hazelnuts Knoppers Cereal & biscuits Biscuits With chocolate & stuffed|31066|Chocolate and nut confectionery, filled with praliné|4|E|recycle-pack|
17798|Jamón de cebo ibérico 50% raza ibérica La Hacienda del Ibérico lonchas|España|Charcutería y quesos|Jamón serrano|Jamón serrano||jamón de    cerdo de cebo ibérico, sal, azúcar, antioxidantes (e-331,e-301) y    conservadores (e-252, e-250)|Slices iberian fattened ham 50% Iberian breed La Hacienda del Ibérico Deli & cheese Serrano ham Serrano ham|28800|Cured ham|4|E|recycle-pack, 50-iberian-breed|
17828|Pizza Tex-mex Hacendado con pollo asado marinado|España|Pizzas y platos preparados|Pizzas|Pizzas refrigeradas||harina de trigo, agua, queso* mozzarella (17%), pimiento rojo, pimiento verde y maíz asados y marinados, tomate, pollo asado marinado (9%) (pechuga de pollo, jarabe de glucosa, fécula de patata, sal, aroma), queso* cheddar (queso* cheddar, colorante (beta-caroteno)), aroma, aceite refinado de girasol, sal, lactosa, levadura, especias. puede contener trazas de soja y mostaza. *quesos elaborados con leche pasteurizada.|Tex-Mex pizza with marinated roasted chicken Hacendado Pizza & ready meals Pizza Fresh pizza|26272|Pizza, chicken, prepacked|4|D|recycle-pack, pack-with-recycled-products|
17912.1|Barra pan integral 100%|España|Panadería y pastelería|Pan de horno|Barra de pan||harina integral de trigo (gluten) 70%**, agua, sal, levadura, masa madre de trigo integral (gluten) inactiva, gluten de trigo, emulgente e-472e y antioxidante e-300. puede contener soja y mostaza.|100% whole grain loaf of bread Bread & bakery Oven bread Bread loaf|7115|Bread, bran grain|4|A|recycle-pack, PEFC|
17912.2|Barra pan integral 100% rebanado|España|Panadería y pastelería|Pan de horno|Pan rebanado||harina integral de trigo (gluten) 70%**, agua, sal, levadura, masa madre de trigo integral (gluten) inactiva, gluten de trigo, emulgente e-472e y antioxidante e-300. puede contener soja y mostaza.|100% whole grain sliced bread Bread & bakery Oven bread Sliced bread loaf|7115|Bread, bran grain|4|A|recycle-pack, PEFC|
17917|Chocolate con leche Fussion Hacendado relleno de caramelo con leche aireado|Alemania|Azúcar caramelos y chocolate|Chocolate|Chocolate con leche||azúcar, leche en polvo, manteca de cacao, pasta de cacao, jarabe de glucosa, grasa de palma, leche desnatada en polvo, suero lácteo dulce en polvo (leche), leche condensada, emulgentes (lecitinas [soja], mono- y diglicéridos de ácidos grasos), grasa butírica, sal, extracto de vainilla, aromas naturales. contiene grasas vegetales además de manteca de cacao. puede contener cacahuetes, frutos de cáscara, gluten y huevo.|Fussion milk chocolate filled with caramel over aerated milk Hacendado Sugar, sweets & chocolate Chocolate Milk chocolate|31004|Milk chocolate, bar|4|E|recycle-pack|
17922|Galletas con avena sabor Choco Orange con relleno de crema de chocolate Hacendado|España|Cereales y galletas|Galletas|Con chocolate y rellenas||copos de avena 30%, crema de chocolate 29% [azúcar, grasas vegetales (palma, palmiste), cacao desgrasado en polvo 11%, almidón de trigo, proteínas de la leche, leche desnatada en polvo, emulgente (lecitinas [soja])], harina de trigo, azúcar, aceite refinado de girasol alto oleico, salvado de trigo, oligofructosa, gelificante (goma arábiga), zumo de naranja en polvo 1%, sal, emulgente [lecitinas (soja)], gasificantes (carbonato ácido de sodio, carbonato ácido de amonio), aroma. puede contener trazas de mostaza.|Choco Orange flavored oat cookies with chocolate cream filling Cereal & biscuits Biscuits With chocolate & stuffed|24231|Biscuit (cookie), snack with chocolate filling|1|D|recycle-pack|
17928|Galletas Choco Bom Gullón con chips de chocolate recubiertas de chocolate blanco|España|Cereales y galletas|Galletas|Con chocolate y rellenas||chocolate blanco 40% (azúcar, manteca de cacao, leche en polvo, suero de leche en polvo, emulgente (lecitinas [soja]), aroma, aroma natural de vainilla), harina de trigo, chips de chocolate 12 % (azúcar, pasta de cacao, manteca de cacao, emulgente (lecitinas [soja])), aceite refinado de girasol alto oleico, azúcar, oligofructosa, gasificantes (carbonato ácido de amonio y carbonato ácido de sodio), sal, aroma. puede contener trazas de frutos de cáscara y mostaza|Choco Bom chocolate chip biscuits coated in white chocolate Gullón Cereal & biscuits Biscuits With chocolate & stuffed|31041|Chocolate confectionery, coated|4|E|recycle-pack, palm-free|
17929|Galletas rebuenas Hacendado rellenas de chocolate blanco|España|Cereales y galletas|Galletas|Con chocolate y rellenas||crema sabor chocolate blanco [azúcar, grasas vegetales (palma, palmiste), suero de leche en polvo, manteca de cacao, leche en polvo, almidón de trigo, emulgente (lecitinas [contienen soja]), sal, aroma], harina de trigo, azúcar, aceite refinado de girasol alto oleico, cacao desgrasado en polvo [cacao desgrasado en polvo, corrector de acidez (carbonato potásico)], suero de leche en polvo, gasificantes (carbonato ácido de amonio, carbonato ácido de sodio), jarabe de glucosa y fructosa, sal, emulgente [lecitinas (soja)], proteínas de la leche, antioxidante (metabisulfito sódico), leche desnatada en polvo. puede contener trazas de mostaza.|White chocolate filled Rebuenas 1 biscuits Hacendado Cereal & biscuits Biscuits With chocolate & stuffed|24311|Wafer biscuit, filled or coated with chocolate|4|E|recycle-pack|
17947|Bombones de pistacho Hacendado|España|Azúcar caramelos y chocolate|Chocolate|Bombones||relleno con pistacho (37%) [azúcar, grasa vegetal (palmiste, palma, girasol refinado) en proporción variable, pistacho (15%), leche desnatada en polvo, almidón modificado, concentrado vegetal (espirulina y cártamo), emulgente (lecitinas), sal, aromas], pistacho (21%), azúcar, grasa vegetal (palmiste, palma) en proporción variable, harina de trigo (gluten), leche desnatada en polvo, almidón de maíz, fibra de trigo (gluten), cacao desgrasado en polvo, emulgentes (lecitinas, lecitina de soja), concentrado de espirulina, colorante (e-160a), gasificante (bicarbonato sódico), aceite refinado de girasol, aroma natural de vainilla. puede contener otros frutos de cáscara y mostaza.|Pistachio chocolates Hacendado Sugar, sweets & chocolate Chocolate Pralines|31004|Milk chocolate, bar|4|E|recycle-pack|
17951|Volcano con crema y coco|España|Panadería y pastelería|Bollería envasada|Pastelitos surtidos||harina de trigo (gluten), aceite refinado de girasol, azúcar, cobertura blanca (10%) [azúcar, grasa vegetal totalmente hidrogenada (palmiste), suero de leche en polvo, leche en polvo, grasa vegetal (palma), emulgentes vegetales (lecitina de girasol, e472c), conservador (ácido sórbico), aroma], jarabe de glucosa y fructosa, huevo líquido pasteurizado, crema (9%) sabor vainilla [azúcar, agua, jarabe de glucosa y fructosa, cobertura blanca (azúcar, grasa vegetal totalmente hidrogenada (palmiste), suero de leche en polvo, leche en polvo, emulgentes vegetales (e492, lecitina de girasol, e472c), aromas), maltodextrina, almidones modificados, humectante (e422), grasa vegetal (palma), reguladores de la acidez (e516, e330), estabilizantes (e460, e466), emulgentes vegetales (e472c, e471, e475), conservador (e202), sal, gelificante (e407), aromas, colorantes (e160c, e160a)], agua, humectantes (sorbitoles, glicerina), coco rallado (2%), sal, acidulante (e330), conservador (sorbato potásico), espesante (goma xantana), emulgentes vegetales (e471, e1520, e477, e470a), gasificantes (e450i, carbonatos de sodio), aromas. puede contener trazas de mostaza, soja y frutos de cáscara.|Volcano with cream and coconut Hacendado Bread & bakery Packaged pastries Assorted pastries|24070|Biscuit (cookie) with coconut|4|E|recycle-pack|
17996|Chocolate con leche Fussion Hacendado relleno de galleta caramelizada|España|Azúcar caramelos y chocolate|Chocolate|Chocolate con leche|||Fussion Milk chocolate caramelised cookies filling Hacendado Sugar, sweets & chocolate Chocolate Milk chocolate|24014|Biscuit (cookie), with a chocolate bar covering, milk filling|1|E|recycle-pack|
18106|Pechuga de pollo braseada Hacendado lonchas|España|Charcutería y quesos|Aves y jamón cocido|Pavo y otros||pechuga de pollo (70%), agua, sal, jarabe de glucosa, proteína de soja, estabilizantes (e-451i, e-407), aromas, aroma de humo, antioxidante (e-301), conservadores (e-261, e-250).|Braised chicken breast slices Hacendado Deli & cheese Cooked poultry & ham Turkey & others|28963|Cooked ham, from chicken, in slices|1|C|gluten-free, recycle-pack|
18152|Cerveza Brutus|España|Bodega|Cerveza|Cerveza lata|5.0|agua, malta de cebada , maiz, lúpulo|Beer Brutus Beer, wine & spirits Beer Beer cans|5001|Beer, regular (4-5° alcohol)|1||recycle-pack|
18235|Cacao soluble instantáneo|España|Cacao café e infusiones|Cacao soluble y chocolate a la taza|Cacao soluble||azúcar, cacao natural desgrasado en polvo (23%), emulgente (lectina de soja), sal, vitaminas (c,d), aroma natural, canela.|Instant chocolate drink Nesquik Chocolate drinks, coffee & tea Chocolate drinks & hot chocolate Chocolate drinks|18163|Coffee with milk or cappuccino with chocolate, powder, instant|1|D|recycle-pack, rainforest-alliance-certified|
18294|Pan de molde integral con 20% avena 5% trigo sarraceno Hacendado|España|Panadería y pastelería|Pan de molde y otras especialidades|Otros panes||harina integral (57%) (trigo (gluten), avena (gluten) (20%), trigo sarraceno (5%)), agua, semillas de girasol (4,5%), levadura, gluten de trigo, aceite de oliva virgen extra (1,3%), sal, sémola integral de trigo (gluten), emulgentes (e-472e, e-471), conservadores (e-282, e-200, e-202), antioxidante (e-300), aroma. puede contener trazas de semillas de sésamo, soja y mostaza. sin lactosa.|Whole grain loaf of bread with 20% oats 5% buckwheat Hacendado Bread & bakery Packaged sliced bread & other specialities Other bread|7106|Rye bread, whole grain, prepacked|4|B|recycle-pack, lactose-free|
18353|Jamón serrano Jamcal lonchas|España|Charcutería y quesos|Jamón serrano|Jamón serrano||jamón de cerdo, sal, azúcar, conservadores (e-252 y e-250) y antioxidante (e-301).|Slices serrano Ham Jamcal Deli & cheese Serrano ham Serrano ham|28845|Dry-cured ham, Serrano|4|E|recycle-pack, TSG|
18370|Zumo tropical Hacendado|España|Zumos|Fruta variada|Fruta variada y otros sabores||zumo de uva 45%, zumo de naranja 25%, zumo de piña 15%, puré de mango 10% y zumo de maracuyá 5%mantene|Tropical drink Hacendado Juice Assorted fruit Assorted fruit & other flavours|2033|Multifruit juice, juice and fruit puree|2|D|recycle-pack|
18480|Caldo de verduras casero Gallina blanca|España|Conservas caldos y cremas|Sopa y caldo|Caldo líquido||agua, verduras (3,7%)(cebolla (34%), calabacín (18%), puerro (17%), zanahoria (15%), espinacas (11%), apio (5%)), aceite de oliva virgen extra (0,15%), aromas naturales (contienen apio), sal.|Homemade vegetable stock Gallina blanca Cans, soups & creams Soups & stock Liquid stock|25948|Broth or stock, vegetables, dehydrated and reconstituted|1|C|gluten-free, recycle-pack, FSC|
18564|Berberechos al natural M Hacendado|España|Conservas caldos y cremas|Berberechos y mejillones|Berberechos y almejas||berberechos (moluscos), agua y sal. puede contener trazas de pescado y crustáceos.|M cockles in spring water Hacendado Cans, soups & creams Cockles & mussels Cockles & clams|10013|Mussel, boiled/cooked in water|1|C|recycle-pack|
18619|Mejillones en escabeche Hacendado pequeños|España|Conservas caldos y cremas|Berberechos y mejillones|Mejillones||mejillones, vinagre de vino, aceite de girasol, especias y sal. puede contener pescado y crustáceo|Small pickled mussels Hacendado Cans, soups & creams Cockles & mussels Mussels|10081|Mussels, in Catalan-style sauce or marinade (tomatoes), canned, drained|4|B|gluten-free, recycle-pack|
19846|Cacao soluble ColaCao original|España|Cacao café e infusiones|Cacao soluble y chocolate a la taza|Cacao soluble||azúcar, cacao desgrasado natural (22%), crema de cereal kola-malteado [harina de trigo, extracto de malta de cebada, aroma natural (extracto de nuez de cola)], sales minerales (calcio, fósforo), aromas, sal. puede contener trazas de soja, mostaza.|Original chocolate drink ColaCao Chocolate drinks, coffee & tea Chocolate drinks & hot chocolate Chocolate drinks|31120|Chocolate, bar (average)|1|D|recycle-pack|
19882|Sopa hortelana Hacendado|Italia|Conservas caldos y cremas|Sopa y caldo|Sopa||agua, verduras 16% (hortalizas en proporción variable: patatas, cebollas, puerros), zanahorias 8%, judías verdes 4%, lentejas rojas y verdes 3%, guisantes 3%, cereales 3% (cebada perlada (gluten) y espelta perlada (gluten)), legumbres 2% (judías azuki verdes, judías blancas), aceite de oliva virgen extra, sal, doble concentrado de tomate, plantas aromáticas, pimienta negra. puede contener trazas de otros cereales que contienen gluten, frutos de cáscara, leche, apio, soja y huevo.|Garden soup Hacendado Cans, soups & creams Soups & stock Soup|25969|Soup (average)|4|C|recycle-pack, 100-vegetal|
19959|Corazones de alcachofa Hacendado|Perú|Conservas caldos y cremas|Conservas de verdura y frutas|Conservas verdura||alcachofa, aceite de girasol (21%).(contiene antioxidante: extracto rico en tocoferoles), aceite de oliva (0,7%), sal, acidulante: ácido cítrico, antioxidante: ácido ascórbico|Artichoke hearts Hacendado Cans, soups & creams Vegetable & fruit tins Vegetable tins|20499|Vegetable, cooked (average)|1|A|recycle-pack|
20029|Kéfir natural sabor suave|España|Postres y yogures|Yogures naturales y sabores|Yogures naturales||leche pasteurizada de vaca. nata (leche de vaca pasteurizada). leche en polvo desnatada pasteurizada de vaca y fermentos lácticos kéfir (cepas de lactococcus,leuconostoc,lactobacillus y streptococcus).|Natural Kefir mild flavour Dessert & yoghurt Natural & flavoured yoghurt Natural yoghurt|19865|Milk kefir|2||recycle-pack|
20512|Yogur griego natural Hacendado|España|Postres y yogures|Yogures griegos|Yogures griegos||leche pasteurizada entera (origen: españa), nata, leche en polvo desnatada, fermentos lácticos.|Natural Greek yoghurt Hacendado Dessert & yoghurt Greek yoghurt Greek yoghurt|19860|Yogurt, Greek-style, plain|1|C|recycle-pack|
20709|Bebida láctea natural Actimel 0% MG 0% azúcares añadidos|España|Postres y yogures|Yogures líquidos|L-Casei||leche desnatada rehidratada, leche parcialmente desnatada pasteurizada, sólidos lácteos, estabilizante (pectina), edulcorantes (acesulfamo k y sucralosa), vitaminas (d y b6), fermentos lácticos (fermentos de yogur y lactobacillus casei) y aromas. origen de la leche: españa. sin gluten.|Natural milk drink 0% fat 0% added sugars Actimel Danone Dessert & yoghurt Liquid yoghurt L-Casei|19500|Fermented milk drink, flavoured, with sweetener(s), reduced sugar, 0% fat, with L Casei|4|C|gluten-free, recycle-pack|
20738|Bebida láctea natural Actimel|España|Postres y yogures|Yogures líquidos|L-Casei||leche desnatada rehidratada, leche semidesnatada, azúcar (7,3%), glucosa (0,6%), sólidos lácteos, fermentos lácticos (fermentos de yogur y lactobacillus casei), vitaminas (d y b9) y sales minerales (hierro y zinc). origen de le leche: españa.|Natural milk drink Actimel Danone Dessert & yoghurt Liquid yoghurt L-Casei|19551|Fermented milk drink, flavoured, with sugar(s), fortified with vitamin D, with L Casei|2|D|gluten-free, recycle-pack|
20891|Pistachos bañados de chocolate con leche Hacendado|España|Azúcar caramelos y chocolate|Chocolate|Chocolatinas||chocolate con leche (55%) (azúcar, manteca de cacao, leche entera en polvo, pasta de cacao, lactosuero en polvo (leche), emulgente (lecitinas (soja)) y aroma), pistacho (32%), azúcar caramelizado (12,5%), sal (0,5%), jarabe de glucosa, estabilizante (e-414) y agente de recubrimiento (e-904). cacao: 38% mínimo en chocolate. trazas de cacahuete y otros frutos de cáscara.. sin gluten.|PistachioS, coated in milk chocolate Hacendado Sugar, sweets & chocolate Chocolate Bars|31041|Chocolate confectionery, coated|4|E|gluten-free, recycle-pack|
20940|Bebida láctea natural Danacol 0% azúcares añadidos 0% MG|España|Postres y yogures|Yogures líquidos|Colesterol y otros||leche pasteurizada desnatada, concentrado de sólidos lácteos rehidratado, éster de esterol vegetal (2,6%, del cual 1,6% esterol vegetal libre), leche en polvo desnatada, aromas, fermentos lácticos y edulcorantes (acesulfamo k y sucralosa). origen de la leche: españa.|Natural milk drink 0% added sugars 0% fat Danacol Danone Dessert & yoghurt Liquid yoghurt Cholesterol & others|19500|Fermented milk drink, flavoured, with sweetener(s), reduced sugar, 0% fat, with L Casei|4|C|gluten-free, recycle-pack, no-added-sugar|
20941|Bebida láctea de fresa Danacol 0% azúcares añadidos 0% MG|España|Postres y yogures|Yogures líquidos|Colesterol y otros||leche pasteurizada desnatada, concentrado de sólidos lácteos rehidratado, éster de esterol vegetal (2,6%, del cual 1,6% esterol vegetal libre), pulpa de fresa (1%), leche desnatada en polvo, colorante (carmines), aroma, fermentos lácticos y edulcorantes (acesulfamo k y sucralosa). origen de la leche: españa.|Strawberry milk drink 0% added sugars 0% fat Danacol Danone Dessert & yoghurt Liquid yoghurt Cholesterol & others|19500|Fermented milk drink, flavoured, with sweetener(s), reduced sugar, 0% fat, with L Casei|4|C|gluten-free, recycle-pack, no-added-sugar|
20996|Postre lácteo con fresa +Proteínas 10 g 0% MG|Francia|Postres y yogures|Yogures desnatados|Yogures desnatados||leche desnatada pasteurizada, fresa (9.5%), fructosa, almidón modificado, aroma, espesante: pectinas, edulcorantes: acesulfamo potásico y sucralosa, colorante: carmín, fermentos lácticos.|+Proteínas Dairy dessert with strawberry pieces 0% fat 10 g protein Hacendado Dessert & yoghurt Low fat yoghurt Low fat yoghurt|19669|Yoghurt, rich in protein, on a fruit layer, with sugar(s)|4|A|gluten-free, recycle-pack|
21073|Postre lácteo con arándanos +Proteínas 10 g 0% MG|Francia|Postres y yogures|Yogures desnatados|Yogures desnatados||leche desnatada pasteurizada, arándano (7.5%), agua, fructosa, almidón modificado, aromas, espesante: pectinas, edulcorantes: acesulfamo potásico y sucralosa, colorante: antocianas, fermentos lácticos.|+Proteínas Dairy dessert with blueberries 0% fat 10 g protein Hacendado Dessert & yoghurt Low fat yoghurt Low fat yoghurt|19669|Yoghurt, rich in protein, on a fruit layer, with sugar(s)|4|A|gluten-free, recycle-pack, 0-fat|
21151|Postre lácteo con puré mango y maracuya +Proteínas 10 g 0% MG|Francia|Postres y yogures|Yogures desnatados|Yogures desnatados||leche desnatada pasteurizada, agua, mango (4.3%), fructosa, maracuyá (0.8%) almidón modificado, aroma, espesante: pectinas, edulcorantes: acesulfamo potásico y sucralosa, colorante: beta carotenos, fermentos lácticos.|+Proteínas Dairy dessert with mango and passion fruit purée 0% fat 10 g protein Hacendado Dessert & yoghurt Low fat yoghurt Low fat yoghurt|19725|Quark or dairy specialty, on a fruit layer, 0% fat, with sugar(s)|4|A|gluten-free, recycle-pack, 0-fat|
21358|Yogur griego natural ligero Hacendado 2% MG|España|Postres y yogures|Yogures griegos|Yogures griegos||leche pasteurizada parcialmente desnatada (origen: españa), leche en polvo desnatada, proteínas de la leche y fermentos lácticos.|Natural light Greek yoghurt 2% MG Hacendado Dessert & yoghurt Greek yoghurt Greek yoghurt|19860|Yogurt, Greek-style, plain|3|A|recycle-pack|
21537|Salteado rústico Hacendado ultracongelado|España|Congelados|Fruta y verdura|Verdura||patata asada, boniato asado y cebolla roja asada.|Deep-frozen rustic sautéed Hacendado Frozen food Fruit and vegetable Vegetables|20101|Mixed vegetables, frozen, raw|3|A|recycle-pack|
21629|Bacón ahumado Monells lonchas|España|Charcutería y quesos|Bacón y salchichas|Bacón||panceta de cerdo (95%), sal, conservadores (e-326, e-243, e-250), dextrosa, jarabe de glucosa, estabilizantes (e-451, e-450), antioxidantes (e-331, e-301), aromas, extracto de especias.|Smoked bacon slices Monells Deli & cheese Bacon & sausages Bacon|28727|Bacon, back|1|E|gluten-free, recycle-pack, lactose-free|
21867|Cerveza Bohemia Estrella Damm reserva|España|Bodega|Cerveza|Cerveza botella y botellín|6.2|agua, malta de cebada, arroz, lúpulo|Reserve Bohemia beer Estrella Damm Beer, wine & spirits Beer Beer bottles|5010|Beer, special (5-6° alcohol)|1||recycle-pack, PEFC|
21892|Guanciale Hacendado|España|Charcutería y quesos|Bacón y salchichas|Bacón||papada de cerdo, sal, especias, dextrosa, antioxidante (e-316) y conservador (e-250).|Guanciale Hacendado Deli & cheese Bacon & sausages Bacon|28727|Bacon, back|4|E|gluten-free, recycle-pack|
21985|Cacao soluble instantáneo Nesquik|España|Cacao café e infusiones|Cacao soluble y chocolate a la taza|Cacao soluble||azúcar, cacao natural desgrasado en polvo (23%), emulgente (lecitina de soja), sal, vitaminas (c,d), aroma natural, canela. sin gluten y sin lactosa.|Instant chocolate drink Nesquik Chocolate drinks, coffee & tea Chocolate drinks & hot chocolate Chocolate drinks|18163|Coffee with milk or cappuccino with chocolate, powder, instant|4|D|gluten-free, recycle-pack, rainforest-alliance-cocoa|
21988|Pappardelle Hacendado|España|Arroz legumbres y pasta|Pasta y fideos|Spaghetti y tallarines||sémola de trigo duro (gluten). puede contener trazas de huevos, soja y mostaza.|Pappardelle Hacendado Rice, pulses & pasta Pasta & noodles Spaghetti & tagliatelle|9810|Pasta, dry, regular, raw|1||recycle-pack|
22411|Verduras asadas Hacendado|España|Conservas caldos y cremas|Conservas de verdura y frutas|Conservas verdura||pimiento (34%), cebolla (31%), berenjena (30%), aceite refinado de girasol, aceite de oliva virgen y sal.|Roasted vegetables Hacendado Cans, soups & creams Vegetable & fruit tins Vegetable tins|20499|Vegetable, cooked (average)|4|A|recycle-pack|
22453|Fideos orientales sabor pollo Hacendado|Lituania|Arroz legumbres y pasta|Pasta y fideos|Fideos orientales||fideos instantaneos (80%): harina de trigo, aceite de palma, sal, almidón modificado, azúcar, gasificantes: carbonato de sodio y potasio; extracto de cúrcuma. caldo (20%): zanahorias, maltodextrina, harina de trigo, maíz, grasas de palma, potenciadores del aroma y del sabor: e-621, e-635; sal, azúcar, carne de pollo en polvo, cebollino, cebollas fritas en polvo (cebollas deshidratadas, aceite de girasol), aromas, extracto de levadura, salsa de soja fermentada (soja, trigo, maltodextrina, sal), sofrito ((cebolla, zanahoria, apio), aceite de girasol, cebolla, azúcar, almidón de maíz, sal, puré de ajo, antioxidantes: e-392, e-396, e-300; pimienta negra), azúcar caramelizada, pimienta blanca, chile, jenjibre, extracto de cúrcuma. puede contener trazas de crustaceos, huevos, leche y mostaza.|Instant cup noodles chicken flavour Hacendado Rice, pulses & pasta Pasta & noodles Oriental noodles|25243|Noodles, asian style, instant, flavoured, cooked|4|C|recycle-pack|
22580|Cacao puro en polvo La Chocolatera|España|Cacao café e infusiones|Cacao soluble y chocolate a la taza|Chocolate a la taza||cacao desgrasado en polvo, correctores de acidez: carbonato de potasio, hidróxido de potasio. manteca de cacao: 16%. sin gluten.|Pure cacao powder La Chocolatera Chocolate drinks, coffee & tea Chocolate drinks & hot chocolate Hot chocolate|18163|Coffee with milk or cappuccino with chocolate, powder, instant|1|C|gluten-free, recycle-pack, no-added-sugar|
22612|Taquitos de salmón ahumado Hacendado|España|Marisco y pescado|Salazones y ahumados|Ahumados||salmón (pescado) (salmo salar) (97%), sal, aroma natural y conservador: vinagre tamponado.|Smoked salmon cubes Hacendado Seafood & fish Salted & smoked fish Smoked|26696|Salmon, smoked, farmed|2|D|recycle-pack|
22726|Fabada asturiana Litoral|España|Pizzas y platos preparados|Platos preparados calientes|Platos de cuchara||alubias cocidas 45.9% (agua, alubias 19%), agua, chorizo extra 6,0% (papada, magro y panceta de cerdo, pimentón, sal, ajo), morcilla curada 5.5% (tocino, papada, panceta, sangre y magro de cerdo, cebolla, pimentón, sal, orégano), panceta ahumada 5.0% (panceta de cerdo, sal, humo), manteca de cerdo ibérico, sal.|Fabada asturiana Litoral Pizza & ready meals Hot ready meals Stews|||2|C|gluten-free, recycle-pack, morcilla-y-chorizo-asturiano|
23225|Crema de calabaza y zanahoria Hacendado|Italia|Conservas caldos y cremas|Gazpacho y cremas|Cremas y puré||agua, calabaza 24%, zanahoria 17%, patata, puerro, jugo de soja (agua, semilla de soja libre de ogm, sal), aceite de oliva, sal, especias, aroma natural.|Cream of pumpkin and carrot Hacendado Cans, soups & creams Gazpacho & creams Creams & puree|20298|Carrots, , seasoned puree with cream, prepacked|1|B|recycle-pack, 100-vegetal|
23961|Aceitunas verdes Gazpacha Hacendado partidas|España|Aperitivos|Aceitunas y encurtidos|Aceitunas verdes||aceitunas verdes aderezadas partidas 70%, variantes 30% (cebollitas, pepinillos, coliflor, zanahoria y ajos blancos (contiene sulfitos)), sal, vinagre de alcohol, acidulante: ácido cítrico, antioxidante: ácido l-ascórbico, potenciador del sabor e-621, oleoresina de pimentón (extracto de pimentón y emulsionante e-433) y especias. producto pasteurizado. sin gluten|Gazpacha cracked greens olives Hacendado Snacks Olives & pickles Green olives|13186|Olives, black (average food)|4|D|gluten-free, recycle-pack|
23967|Frizzante sabor mango Piccolo Giovanni|España|Bodega|Vino lambrusco y espumoso|Vino lambrusco y espumoso|3.9|agua, vino (uvas, conservador: anhídrido sulfuroso (sulfitos)), azúcar, acidulante: ácido cítrico, dióxido de carbono, aromas y colorantes: e-102 y e-110.|Mango flavored frizzante Piccolo Giovanni Beer, wine & spirits Lambrusco & sparkling wine Lambrusco & sparkling wine|5209|Wine, white, sparkling, flavoured|1||recycle-pack|
23972|Frizzante blanco verdejo DulZ.Ze|España|Bodega|Vino lambrusco y espumoso|Vino lambrusco y espumoso|5.5|vino (uvas, conservador: anhídrido sulfuroso (sulfitos)), mosto de uva, agente estabilizante: ácido metatartárico, dioxido de carbono.|Frizzante verdejo white DulZ.Ze Beer, wine & spirits Lambrusco & sparkling wine Lambrusco & sparkling wine|5201|Wine, white, sparkling|1||recycle-pack|
23988|Baguette jamón y queso Hacendado ultracongeladas|España|Congelados|Pizzas|Pizzas||harina de trigo (gluten), agua, queso edam 12,1% (leche), jamón cocido 7,5% (jamón de cerdo (70%), agua, sal, azúcar, aromas, estabilizantes (e-451,e-420,e-407), antioxidantes (e-316 y e-331), conservador (e-250)), aceite refinado de girasol, creme fraiche (nata (leche), fermentos lácticos), nata (nata ligera (leche), almidón modificado, emulgente (e-472e), estabilizantes (e-440i y e-407)), queso rallado fundido en polvo (leche)(queso (leche), almidón, proteína de la leche, mantequilla (leche), sales de fundido (e-452, e-340, e-331), sal, aroma (leche), corrector de acidez (e-270), conservador (e-202), antiapelmazante: almidón de patata), suero de leche en polvo, sal, levadura, almidón modificado de patata, cebollino, cebolla prefrita (cebolla (90%) y aceite refinado de girasol), azúcar, yogur desnatado en polvo (leche), aroma natural, pimienta negra molida, ajo molido, agente de tratamiento de la harina(e920). puede contener trazas de pescado, soja y mostaza.|Deep frozen cheese and ham baguette Hacendado Frozen food Pizza Pizza|25435|Pizza, ham and cheese, prepacked|4|D|recycle-pack|
24016|Filetes de bacalao MareDeus ultracongelado|Noruega/Rusia|Congelados|Pescado|Pescado||bacalao (gadus morhua) 90%, agua 8% y sal 2%.|Lightly salted deep-frozen cod fillets MareDeus Frozen food Fish Fish|26098|Cod, salted, dried|3||recycle-pack|
24080|Postre de soja con caramelo Hacendado||Postres y yogures|Postres de soja|Postres de soja||bebida de soja 80,3% (agua, habas de soja 6.3%*), azúcar,  caramelo 6,6% (azúcar, agua), almidones modificados, aromas naturales, sal, espesante:  carragenanos; azúcar caramelizado, colorante: norbixina de bija. * sobre el producto terminado.|Soy dessert with caramel Hacendado Dessert & yoghurt Soy desserts Soy desserts|20921|Soy dessert, flavoured, with sugar(s), not fortified, refrigerated|1|C|gluten-free, recycle-pack|
24083|Ensalada de pasta al estilo Italiana Hacendado|España|Pizzas y platos preparados|Platos preparados fríos|Ensaladilla||ingredientes: pasta de  sémola de trigo duro cocida (60%) (agua, sémola de trigo duro, vinagre de vino blanco), salsa pesto con albahaca y anacardos (20%) (pasta de albahaca (8,4%) (albahaca, aceite refinado de girasol,  sal marina, antioxidante: e-300), aceite refinado de girasol, anacardos (2,4%), queso (2%) (leche, sal, coagulante de  leche microbiano, fermentos lácticos (leche)), mantequilla  (nata, cultivos de ácido  láctico, concentrado de ácido láctico), aceite de oliva virgen extra, leche desnatada en polvo, acidulante: e-270, antioxidante:  e-300, ajo), pollo marinado frito (10%)  (solomillo de pollo, sal, agua, almidón de tapioca, xilosa y aceite de soja  refinado), queso madurado en salmuera (6%) (queso (leche pasteurizada de vaca, sal, fermentos  lácticos, coagulante de leche microbiano), salmuera (agua, sal, acidulante:  e-270, endurecedor: e-509)), tomate semiseco (4%). puede contener trazas  de soja, huevo, crustáceos, sulfitos, granos de  sésamo, mostaza y pescado.|Italian-style pasta salad Hacendado Pizza & ready meals Cold ready meals Salad|26282|Pasta salad, with chicken and raw vegetables, with sauce, prepacked|4|C|recycle-pack|
24102|Colas de gambón crudo Hacendado congelado|España|Congelados|Marisco|Marisco||gambón (pleoticus muelleri) (crustáceos), agua, sal y antioxidante: metabisulfito de sodio (sulfitos). puede contener moluscos y/o pescado.|Frozen raw shrimp tails Hacendado Frozen food Seafood Seafood|10038|Shrimp or prawn, frozen, raw|4|A|recycle-pack|
24230|Gamba pelada cruda tamaño grande Hacendado ultracongelada|China|Congelados|Marisco|Marisco||gamba crustáceo, agua, sal, antioxidante metabisulfito de sodio, estabilizante ( e-339,e-451, e-452). contiene crustáceos, sulfitos y puede contener trazas de pescado y molucos.|Deep frozen peeled large shrimp Hacendado Frozen food Seafood Seafood|10038|Shrimp or prawn, frozen, raw|4|A|recycle-pack|
24357|Rodajas de atún de aleta amarilla Hacendado congelado|España|Congelados|Pescado|Pescado||atún de aleta amarilla, (95%,  pescado), agua, sal, antioxidantes e331 y e301, corrector de acidez e500, aroma  natural|Frozen yellowfin tuna slices Hacendado Frozen food Fish Fish|26064|Yellowfin tuna, raw|2||recycle-pack, pack-with-recycled-products|
24477|Langostino cocido y pelado Hacendado ultracongelado||Congelados|Marisco|Marisco||langostino vannamei (penaeus vannamei) (crustáceo), sal, antioxidantes (e 223 (sulfitos), e 330). puede contener: moluscos y/o pescado.|Deep Frozen king prawn cooked and peeled Hacendado Frozen food Seafood Seafood|10080|Seafood, cooked, frozen|4|A|recycle-pack|
24511|Lomos de salmón sin piel Hacendado congelado|España|Congelados|Pescado|Pescado||2 piezas de lomo de salmón sin piel (salmo salar) (pescado) de cría de noruega.|Salmon fillets without skin frozen Hacendado Frozen food Fish Fish|26140|Fish, cooked (average)|1||recycle-pack, pack-with-recycled-products|
24530|Sangría Rosé Casón Histórico|España|Bodega|Tinto de verano y sangría|Tinto de verano y sangría|7.0|vino rosado (uvas, conservador: sulfitos), agua, azúcar, acidulante: ácido cítrico, extractos naturales de cítricos y de canela.|Sangria Rosé Casón Histórico Beer, wine & spirits Tinto de verano & sangria Tinto de verano & sangria|1017|Sangria|1||recycle-pack|
24534|Ensaladilla al estilo Portuguesa Hacendado|España|Pizzas y platos preparados|Platos preparados fríos|Ensaladilla||alubias cocidas 59.5%, huevo cocido 9.5%, atún 9% (atún (pescado), aceite refinado de girasol, sal), clara de huevo cocida 7.5%, cebolla 5%, aceite de oliva virgen extra 3%, aceite refinado de girasol 3%, vinagre de vino blanco 1.5%, perejil, sal, aroma natural. puede contener trazas de crustáceos.|Portuguese-style salad Hacendado Pizza & ready meals Cold ready meals Salad|25609|Potato salad, piémontaise-style, prepacked|1|C|recycle-pack|
24543|Snacks de golosinas Top Xuxes Hacendado|España|Azúcar caramelos y chocolate|Golosinas|Golosinas|||Top Xuxes snacks sweets Hacendado Sugar, sweets & chocolate Sweets Sweets|||1|E|gluten-free, recycle-pack|
24547|Bebida energética Red Bull|Austria|Agua y refrescos|Isotónico y energético|Energético||agua, sacarosa, glucosa, acidulante ácido cítrico, dióxido de carbono, taurina 0,4%, regulador de acidez (carbonatos de sodio, carbonato magnésico), cafeína 0,03%, vitaminas (niacina, ácido pantoténico, b6, b12), aromas, colorantes (caramelo, riboflavina)|Energy drink Red Bull Water & soft drinks Isotonic & energy drinks Energy|18352|Energy drink, with sugar(s)|1|E|No certificat|
24565|Barritas de cereales avellana y cacao Hacendado|España|Cereales y galletas|Cereales|Barritas de cereales||cereales crujientes (37%) (harina de trigo (gluten) (29%), azúcar, cacao desgrasado en polvo (2%), harina de maíz (1%), harina de arroz (0,6%), sal, aceite refinado de girasol), cobertura con cacao (22%) (azúcar, grasa totalmente hidrogenada de palmiste, suero de leche en polvo, cacao desgrasado en polvo (6%), leche entera en polvo, emulgentes (lecitina de girasol, triestearato de sorbitano), aromas), jarabe de glucosa, crema de avellana (frutos de cáscara) y cacao (7%) (azúcar, aceite refinado de girasol, cacao en polvo desgrasado (8%), pasta de avellana (frutos de cáscara) (4%), pasta de cacao (2%), emulgente (lecitina de girasol), aromas, antioxidantes (extracto rico en tocoferoles, ésteres ácidos grasos de ácido ascórbico)), avellana (frutos de cáscara) (7%), oligofructosa, humectante (glicerina), fructosa, aceite refinado de girasol alto oleico, maltodextrina, aromas, sal, emulgente (lecitina de soja). puede contener trazas de huevos, mostaza y otros frutos de cáscara.|Hazelnut and cocoa cereal bars Hacendado Cereal & biscuits Cereal Cereal bars|31106|Cereal bar with chocolate|4|D|recycle-pack|
24568|Barritas de barquillo Cheesecake Caramel Hacendado con cobertura blanca y relleno sabor cheesecake|España|Azúcar caramelos y chocolate|Chocolate|Chocolatinas||cobertura blanca coloreada (37%) (azúcar, grasa vegetal (palma y palmiste), leche en polvo, emulgentes: lecitina (soja) y e-476, colorante: e-160a, sacarosa caramelizada y aromas), azúcar, gota de cobertura blanca (azúcar, grasa vegetal (coco, palmiste) en proporciones variables, leche desnatada en polvo, emulgente: lecitina (soja), aroma natural de vainilla), harina de trigo (gluten), leche desnatada en polvo, grasa vegetal de palma, emulgentes: lecitina (soja) y e-476, gasificante: bicarbonato de sodio y aromas. puede contener: frutos de cáscara y mostaza.|Cheesecake Caramel wafer bars with white chocolate coating and cheesecake flavor filling Sugar, sweets & chocolate Chocolate Bars|24311|Wafer biscuit, filled or coated with chocolate|4|E|recycle-pack|
24576|Jamón de bellota ibérico 100% cortado a máquina|España|Charcutería y quesos|Jamón serrano|Jamón serrano||jamón de cerdo de bellota 100% ibérico, sal, azúcar, antioxidantes (e-331, e-301) y  conservadores (e-252, e-250). puede contener trazas de proteína de soja.|100% Acorn Fed Iberian Machine-sliced into pieces and vacuum packed Deli & cheese Serrano ham Serrano ham|28845|Dry-cured ham, Serrano|4|E|recycle-pack, jamon-bellota-100-iberico|
24585|Bizcocho con zanahoria Hacendado|España|Panadería y pastelería|Bollería envasada|Bollería envasada||harina de trigo, aceite refinado de girasol, azúcar, huevo líquido, agua, clara de huevo líquida, humectantes (e-420, e-422), almidón de trigo, zanahoria deshidratada (2%)* (zanahoria, zumo de zanahoria concentrado, jarabe de glucosa, maltodextrina, almidón), jarabe de glucosa y fructosa, almidón modificado, harina de centeno malteada, aromas, gasificantes (e-450, e-500), suero de leche en polvo, gluten de trigo, emulsificante (e-471), conservadores (e-202, e-282), sal, canela molida, corrector de acidez (e-270), espesantes (e-415, e-412). *equivalente a 8 % de zanahoria en producto final. puede contener mostaza, soja y frutos de cáscara.|Carrot cake Hacendado Bread & bakery Packaged pastries Packaged pastries|7225|Brioche or Vienna bread, from bakery|4|D|recycle-pack|
24586|Fruta + leche Proteína 20 gr Don Simón con colágeno y vitamina C|España|Zumos|Fruta variada|Fruta + leche||agua, zumo de frutas parcialmente a partir de concentrado (20 %) en proporción variable (piña, uva, mango y manzana), leche desnatada (15 %), proteína de arroz (4,3 %), colágeno hidrolizado (2 %), estabilizantes [pectina (e-466) y e-460i], acidulantes (ácido málico y ácido cítrico), aromas, colorante (beta-caroteno), edulcorante (sucralosa) y vitamina c.|Fruit + Milk Protein 20 g with Collagen and Vitamin C Don Simón Juice Assorted fruit Fruit + milk|18343|Still beverage with fruit juice and milk|4|C|recycle-pack, no-added-sugar, 0-fat|
2632|Carpaccio de vacuno|España|Carne|Vacuno|Vacuno||producto cárnico marinado. ingredientes: carne de vacuno (92%), agua (4%), sal, dextrosa, antioxidantes (e-301, e-331), estabilizante (e-407)  y conservadores (e-250, e-252, e-325 y e-262(i)). queso parmigiano reggiano. ingredientes: leche, sal y cuajo.|Beef carpaccio Meat Beef Beef|6201|Beef, steak or beef steak, raw|4|D|recycle-pack|
2689|Espinazo de cerdo|España|Carne|Arreglos|Arreglos||espinazo de cerdo (98%), agua, antioxidante e-301 y  extracto vegetal.|Pork spine Meat Meat boxes Meat boxes|28205|Pork, meat, cooked (average)|2|C|recycle-pack|
2690|Osobuco de cerdo|España|Carne|Arreglos|Arreglos||porciones de codillo fresco de cerdo (paleta o  jamón) sin piel.|Pork osso buco Meat Meat boxes Meat boxes|28205|Pork, meat, cooked (average)|1|A|recycle-pack|
26997|Refresco Coca-Cola zero azúcar zero cafeína|España|Agua y refrescos|Refresco de cola|Cola zero||ingredientes: agua carbonatada, colorante e-150d, edulcorantes: ciclamato sódico, acesulfamo k y aspartamo, acidulante ácido fosfórico, aromas naturales, aroma cafeína y corrector de acidez: citratos de sodio.|Zero zero soft drink Coca-Cola Water & soft drinks Cola drinks Zero cola|18068|Cola, without added sugars, with sweetener(s) and no caffeine|4|E|recycle-pack, no-added-sugar, 0-cafeine|
27103|Cerveza especial San Miguel|España|Bodega|Cerveza|Cerveza lata|5.4|agua, malta de cebada , maiz, lúpulo|Special beer San Miguel Beer, wine & spirits Beer Beer cans|5010|Beer, special (5-6° alcohol)|1||recycle-pack, pack-with-recycled-products|
27134|Cerveza Estrella Damm|EU|Bodega|Cerveza|Cerveza lata|5.4|agua,malta de cebada, arroz, lúpulo.|Beer Estrella Damm Beer, wine & spirits Beer Beer cans|5010|Beer, special (5-6° alcohol)|1||recycle-pack|
27144|Cerveza suave Xibeca Damm|EU|Bodega|Cerveza|Cerveza botella y botellín|4.6|agua,malta de cebada, maíz, arroz, lúpulo.|Soft beer Xibeca Damm Beer, wine & spirits Beer Beer bottles|5001|Beer, regular (4-5° alcohol)|1||recycle-pack|
27184|Refresco Coca-Cola light|España|Agua y refrescos|Refresco de cola|Cola zero||agua carbonatada, colorante e-150d, edulcorantes: ciclamato sódico, acesulfamo k y aspartamo, acidulantes: ácido fosfórico y ácido cítrico, aromas naturales y aroma cafeína.|Diet Coke soft drink Coca-Cola Water & soft drinks Cola drinks Zero cola|18060|Cola, without added sugars and with sweetener(s)|4|E|recycle-pack|
27321|Refresco Coca-Cola|España|Agua y refrescos|Refresco de cola|Cola clásica||ingredientes: agua carbonatada, azúcar, colorante e-150d, acidulante ácido fosfórico, aromas naturales y aroma cafeína.|Soft drink Coca-Cola Water & soft drinks Cola drinks Classic cola|18018|Cola, with sugar(s)|4|E|recycle-pack|
27348|Refresco Coca-Cola|España|Agua y refrescos|Refresco de cola|Cola clásica||agua carbonatada, azúcar, colorante e-150d, acidulante e-338 y aromas naturales (incluyendo cafeína).|Soft drink Coca-Cola Water & soft drinks Cola drinks Classic cola|18018|Cola, with sugar(s)|4|E|recycle-pack|
27426|Refresco Coca-Cola zero azúcar|España|Agua y refrescos|Refresco de cola|Cola zero||ingredientes: agua carbonatada, colorante e-150d, edulcorantes: ciclamato sódico, acesulfamo k y aspartamo, acidulante ácido fosfórico, aromas naturales, aroma cafeína y corrector de acidez: citratos de sodio.|Zero sugar soft drink Coca-Cola Water & soft drinks Cola drinks Zero cola|18060|Cola, without added sugars and with sweetener(s)|4|E|recycle-pack, no-added-sugar|
27449|Refresco Coca-Cola zero azúcar|España|Agua y refrescos|Refresco de cola|Cola zero||agua carbonatada, colorante e-150d, edulcorantes e-952, e-950 y aspartamo, acidulante e-338, aromas naturales (incluyendo cafeína) y corrector de acidez e-331. contiene una fuente de fenilalanina.|Zero sugar soft drink Coca-Cola Water & soft drinks Cola drinks Zero cola|18060|Cola, without added sugars and with sweetener(s)|4|E|recycle-pack, no-added-sugar|
27548|Elaborado de merluza y langostino|España|Marisco y pescado|Pescado fresco|Otros||62% merluza (pescado), 11% langostino ((crustáceo), agua, sal, antioxidantes e330, e331, estabilizante e451, e452), harina de arroz, aceite refinado de girasol, fibras vegetales, almidón, azúcar, corrector de la acidez (vinagre tamponado), especias (perejil y ajo) y aromas. puede contener trazas de huevos y derivados, moluscos y derivados y sulfitos.|Hake and shrimp preparation Seafood & fish Fresh fish Other|25416|Fish burger, from fast food|4||gluten-free, recycle-pack, pack-with-recycled-products|
27759|Bebida Florida Sunny Delight|España|Agua y refrescos|Refresco de té y sin gas|Otros refrescos sin gas||agua, zumos de frutas a partir de concentrados 5% (naranja 4,4%, pomelo rojo 0,5% y lima 0,1%), azúcar, acidulante: ácido cítrico, estabilizantes: goma arábiga, e-452i y goma de celulosa, aroma natural de naranja con otros aromas naturales, vitaminas: a (añadida como betacaroteno), b6, c, d y e, edulcorantes: sucralosa y ciclamato sódico.|Florida drink Sunny delight Water & soft drinks Still & tea soft drinks Other still soft drinks|18304|Still soft drink, fruit content >= 10% and < 50%, reduced sugar|4|D|recycle-pack|
2789|Contramuslos de pollo deshuesados y sin piel|España|Carne|Aves y pollo|Pollo|||Boneless and skinless chicken legs Meat Poultry Chicken|36019|Chicken high leg, meat, raw|1|A|recycle-pack, fresh-product|
28016|Bebida energética Monster Energy|Irlanda|Agua y refrescos|Isotónico y energético|Energético||ingredientes: agua carbonatada, sacarosa, jarabe de glucosa, acidulante (ácido cítrico), aromas, taurina (0.4%), corrector de acidez (citratos de sodio), extracto de raíz de panax ginseng (0.08%), l-carnitina l-tartrato (0.04%), conservadores (ácido sórbico, ácido benzoico), cafeína (0.03%), colorante (antocianinas), vitaminas (b3, b6, b2, b12), edulcorante (sucralosa), cloruro sódico, d-glucuronolactona, extracto de semilla de guaraná (0.002%), inositol, maltodextrina.|Energy drink Monster Energy Water & soft drinks Isotonic & energy drinks Energy|18354|Energy drink, with sugar(s) and with sweetener(s)|1|E|recycle-pack|
28119|Bebida energética Monster Energy Ultra zero azúcar|Irlanda|Agua y refrescos|Isotónico y energético|Energético||ingredientes: agua carbonatada, acidulante (ácido cítrico), taurina (0.4%), corrector de acidez (citratos de sodio), aromas, extracto de raíz de panax ginseng (0.08%), edulcorantes (sucralosa, acesulfamo k), conservadores (ácido sórbico, ácido benzoico), cafeína (0.03%), l-carnitina l-tartrato (0.015%), vitaminas (b3, b5, b6, b12), cloruro sódico, d-glucuronolactona, extracto de semilla de guaraná (0.002%), inositol.|Energy Ultra drink zero sugar Monster Water & soft drinks Isotonic & energy drinks Energy|18353|Energy drink, no added sugar(s) and with sweetener(s), fortified with vitamins|1|E|recycle-pack|
28180|Refresco Coca-Cola zero azúcar zero cafeína|España|Agua y refrescos|Refresco de cola|Cola zero||agua carbonatada, colorante e-150d, edulcorantes: ciclamato sódico, acesulfamo k y aspartamo, acidulante ácido fosfórico, aromas naturales y corrector de acidez: citratos de sodio. contiene una fuente de fenilalanina.|Zero Zero soft drink Coca-Cola Water & soft drinks Cola drinks Zero cola|18068|Cola, without added sugars, with sweetener(s) and no caffeine|4|E|recycle-pack, no-added-sugar, 0-cafeine|
28400|Vermouth blanco Martini|Italia|Bodega|Licores|Vermouth y aperitivos|15.0|vino, contiene sulfitos, azúcar, alcohol, extractos aromáticos naturales, conservadores: e-224, aroma natural(vanillina).|White vermouth Martini Beer, wine & spirits Spirits Vermouth & aperitifs|||1||recycle-pack|
28401|Vermouth rojo Martini|Italia|Bodega|Licores|Vermouth y aperitivos|15.0|vino, azúcar, alcohol, extractos aromáticos naturales, colorante: caramelo e-150b, contiene sulfitos|Red vermouth Martini Beer, wine & spirits Spirits Vermouth & aperitifs|||1||recycle-pack|
28610|Whisky escocés Red Label Johnnie Walker|Escocia|Bodega|Licores|Whisky|40.0||Johnnie Walker Scotch whisky Red Label Beer, wine & spirits Spirits Whiskey|1005|Whisky|1||recycle-pack|
28613|Whisky escocés J&B|Escocia|Bodega|Licores|Whisky|40.0||Scotch whisky J&B Beer, wine & spirits Spirits Whiskey|1005|Whisky|1||recycle-pack|
28664|Bebida energética Monster Energy|Irlanda|Agua y refrescos|Isotónico y energético|Energético||ingredientes: agua carbonatada, sacarosa, jarabe de glucosa, acidulante (ácido cítrico), aromas, taurina (0.4%), corrector de acidez (citratos de sodio), extracto de raíz de panax ginseng (0.08%), l-carnitina l-tartrato (0.04%), conservadores (ácido sórbico, ácido benzoico), cafeína (0.03%), colorante (antocianinas), vitaminas (b3, b6, b2, b12), edulcorante (sucralosa), cloruro sódico, d-glucuronolactona, extracto de semilla de guaraná (0.002%), inositol, maltodextrina.|Energy drink Monster Energy Water & soft drinks Isotonic & energy drinks Energy|18354|Energy drink, with sugar(s) and with sweetener(s)|1|E|recycle-pack|
28670|Bebida energética Monster Energy Ultra zero azúcar|Irlanda|Agua y refrescos|Isotónico y energético|Energético||ingredientes: agua carbonatada, acidulante (ácido cítrico), taurina (0.4%), corrector de acidez (citratos de sodio), aromas, extracto de raíz de panax ginseng (0.08%), edulcorantes (sucralosa, acesulfamo k), conservadores (ácido sórbico, ácido benzoico), cafeína (0.03%), l-carnitina l-tartrato (0.015%), vitaminas (b3, b5, b6, b12), cloruro sódico, d-glucuronolactona, extracto de semilla de guaraná (0.002%), inositol.|Energy Ultra drink zero sugar Monster Water & soft drinks Isotonic & energy drinks Energy|18353|Energy drink, no added sugar(s) and with sweetener(s), fortified with vitamins|1|E|recycle-pack|
28715|Ginebra London Dry Gin Larios|España|Bodega|Licores|Ginebra|37.5|bayas de enebro salvaje que se unen a los cítricos más refrescantes: limón y naranja del mediterráneo|London Dry Gin Larios Beer, wine & spirits Spirits Gin|1002|Gin|1||recycle-pack|
28724|Licor de hierbas Jägermeister|Alemania|Bodega|Licores|Otros licores|35.0||Herbal Liqueur Jägermeister Beer, wine & spirits Spirits Other liqueur|1003|Liqueur|1||recycle-pack|
28731|Ron añejo Negrita|España|Bodega|Licores|Ron|37.5|agua, rones envejecidos, caramelo e-150b|Aged rum Negrita Beer, wine & spirits Spirits Rum|1004|Rum|1||recycle-pack|
28775|Ginebra London Dry Gin Tanqueray|Inglaterra|Bodega|Licores|Ginebra|43.1|contiene gluten.|London Dry Gin Tanqueray Beer, wine & spirits Spirits Gin|1002|Gin|1||recycle-pack|
29062|Chocolate negro 72% de cacao Hacendado con almendras enteras|España|Azúcar caramelos y chocolate|Chocolate|Chocolate negro||ingredientes: pasta  de cacao, almendras (25%),  azúcar,  manteca de cacao, emulgente: lecitina (soja) y aroma. cacao: 72% mínimo  en el chocolate negro. puede contener trazas de otros frutos de cáscara, leche  y sus derivados. sin gluten.|72% Cacao dark chocolate with whole almonds Hacendado Sugar, sweets & chocolate Chocolate Dark chocolate|31070|Dark chocolate, with dried fruits (nuts, almonds, raisin, praliné), bar|2|D|gluten-free, recycle-pack|
29606|Panceta curada sin corteza La Selva lonchas|España|Charcutería y quesos|Bacón y salchichas|Bacón||panceta de cerdo, sal, azúcar, conservadores (e262, e252, e250), especias, extractos de especias.|Cured pancetta without rind slices La Selva Deli & cheese Bacon & sausages Bacon|28858|Pancetta|1|E|gluten-free, recycle-pack, lactose-free|
29608|Bebida isotónica limón Aquarius|España|Agua y refrescos|Isotónico y energético|Isotónico|15.0|lista de soja|Lemon isotonic drink Aquarius Water & soft drinks Isotonic & energy drinks Isotonic|18354|Energy drink, with sugar(s) and with sweetener(s)|1|C|recycle-pack|
29609|Bebida isotónica naranja Aquarius|España|Agua y refrescos|Isotónico y energético|Isotónico||ingredientes: agua, azúcar, acidulantes: ácido cítrico y ácido málico, potenciadores del sabor: cloruro sódico, fosfato potásico y fosfato cálcico, corrector de acidez: citratos de sodio, antioxidante ácido ascórbico, estabilizantes: e-414 y e-445, *sales minerales: gluconato de zinc y seleniato de sodio, edulcorantes: sucralosa y acesulfamo k, aromas naturales de cítricos y colorante carotenos.|Orange isotonic drink Aquarius Water & soft drinks Isotonic & energy drinks Isotonic|18354|Energy drink, with sugar(s) and with sweetener(s)|4|D|recycle-pack|
29612|Bebida isotónica limón Aquarius zero azúcar|España|Agua y refrescos|Isotónico y energético|Isotónico||ingredientes: agua, acidulante ácido cítrico, estabilizantes: e-576, e-414 y e-445, potenciadores del sabor: cloruro sódico, fosfato potásico y fosfato cálcico, edulcorantes: acesulfamo k, sucralosa y aspartamo, *sales minerales: gluconato de zinc y seleniato de sodio y aromas. contiene una fuente de fenilalanina.|Lemon isotonic drink zero sugar Aquarius Water & soft drinks Isotonic & energy drinks Isotonic|18354|Energy drink, with sugar(s) and with sweetener(s)|4|E|recycle-pack|
3076|Piña||Fruta y verdura|Fruta|Fruta tropical||piña|Pineapple Fruits & vegetables Fruits Tropical fruit|||1||No certificat|
31312|Claras de huevo líquidas pasteurizadas|España|Huevos leche y mantequilla|Huevos|Huevos||clara de huevo de gallina pasteurizada, conservante e-202. alérgenos: contiene huevo.|Pasteurized liquid egg whites Eggs, milk & butter Eggs Eggs|||1||recycle-pack|
3236|Limones|Sudáfrica|Fruta y verdura|Fruta|Cítricos||calibre 3/5 (53-68mm)|Lemons Fruits & vegetables Fruits Citrus fruit|||1||No certificat|
3238|Mandarina|España|Fruta y verdura|Fruta|Cítricos||tratado con agentes de recubrimiento (e903, e-473) imazalil y fludioxonil.|Tangerine Fruits & vegetables Fruits Citrus fruit|||3||No certificat|
3313|Uva blanca sin semillas|Marruecos|Fruta y verdura|Fruta|Plátano y uva||uva sin semilla|Seedless white grapes Fruits & vegetables Fruits Banana & grape|13044|Grape, white, raw|1||recycle-pack|
34024|Nuez natural Hacendado pelada|Chile|Aperitivos|Frutos secos y fruta desecada|Frutos secos||nueces. trazas de cacahuete y otros frutos de cáscara.|Shelled natural walnut Hacendado Snacks Nuts, seeds & dried fruit Nuts & seeds|15005|Walnut, kernel, dried|1|A|recycle-pack, omega-3-font|
34963|Mezcla semillas Hacendado|Italia|Aperitivos|Frutos secos y fruta desecada|Frutos secos||semillas de girasol peladas, semillas de sésamo natural, semillas de lino marrón, semillas de calabaza peladas y semillas de chía.|Seed mix Hacendado Snacks Nuts, seeds & dried fruit Nuts & seeds|15048|Mix of nuts and dried fruit, no added salt|1|A|gluten-free, recycle-pack, omega-3-font, high-content-fiber|
35186|Salsa fresca Pesto con albahaca Hacendado|Italia|Aceite especias y salsas|Otras salsas|Salsas para pasta||aceite de semillas de girasol, albahaca (24%),  anacardos, aceite de oliva,  queso rallado (3%) (leche, sal, cuajo), sal, piñones (2%), mantequilla (leche), ajo deshidratado, corrector de acidez: ácido láctico, antioxidante: ácido ascórbico, conservador: sorbato de potasio (e202).puede contener frutos de cáscara, cacahuetes, mostaza, apio, sulfitos, soja, pescado, huevos, moluscos y crustáceos.|Fresh Pesto sauce with basil Hacendado Oils, spices & sauces Other sauces Pasta sauces|11179|Pesto sauce, prepacked|3|E|gluten-free, recycle-pack|
35601|Papilla 8 cereales con miel Nestlé +6 meses|España|Bebé|Alimentación infantil|Papillas||cereales (87,2%) [harinas de trigo hidrolizada, trigo integral (10,5%), avena integral (5%), cebada, centeno, maíz, espelta, arroz y triticale], miel (9,4%), aceites vegetales (girasol alto oleico, girasol y nabina), sales minerales (calcio, hierro, zinc y yodo), vitaminas (c, e, b3, b1, a, b6, ácido fólico y d), aroma.|8 Cereals baby food with honey +6 months Nestlé Baby Baby food Porridge|20253|Baby soup, with vegetables, cereals and milk|4||recycle-pack, elaborado-en-cantabria, cereales-de-españa, cereales-de-portugal|
35602|Papilla 8 cereales con galleta María Nestlé +6 meses|España|Bebé|Alimentación infantil|Papillas||cereales (78,7%) [harinas de trigo hidrolizada, trigo integral (12,6%), avena integral (6%), cebada, centeno, maíz, espelta, arroz, triticale], galleta molida (15,4%) (harina de trigo y leche en polvo), leche en polvo (5,2%), sales minerales (calcio, hierro, zinc y yodo), vitaminas (c, e, b3, b1, a, b6, ácido fólico y d), aromas.|8 Cereals baby food with María biscuit +6 months Nestlé Baby Baby food Porridge|24689|Baby biscuit|2||recycle-pack, no-added-sugar, elaborado-en-cantabria, cereales-de-españa, cereales-de-portugal|
35681|Fideos orientales sabor pollo Hacendado|Lituania|Pizzas y platos preparados|Platos preparados calientes|Fideos orientales||fideos instantáneos (85%): harina de trigo, aceite de girasol, fécula de patata, sal, gasificantes: carbonatos de sodio y potasio. caldo (15%): maltodextrina, harina de trigo, potenciadores del sabor: e621, e635; sal, azúcar, carne de pollo en polvo, cebolla verde, cebolla frita en polvo, (cebolla, aceite de girasol), aromas, extracto de levadura, salsa de soja fermentada (soja, trigo, maltodextrina, sal), mezcla de sofrito en polvo ((cebolla, zanahoria, apio), aceite de girasol, cebolla, azúcar, almidón de maíz, sal, puré de ajo, antioxidantes: e392, e306. e300; pimienta negra), azúcar caramelizado, aceite de colza, pimienta blanca, chile, jengibre, extracto de curcumina. puede contener trazas de crustáceos, productos lácteos y mostaza.|Oriental noodles chicken flavor Hacendado Pizza & ready meals Hot ready meals Oriental noodles|25243|Noodles, asian style, instant, flavoured, cooked|4|C|recycle-pack|
35778|Spaghetti integral Hacendado|España|Arroz legumbres y pasta|Pasta y fideos|Spaghetti y tallarines||sémola integral de trigo duro (gluten). puede contener trazas de huevos, soja y mostaza.|Wholemeal spaghetti Hacendado Rice, pulses & pasta Pasta & noodles Spaghetti & tagliatelle|9870|Pasta, dry, wholewheat, raw|1||recycle-pack, high-content-fiber|
35805|Tocino de cerdo|España|Carne|Arreglos|Arreglos|||Pork fatback Meat Meat boxes Meat boxes|30051|Sausage meat, pure pork, raw|1||recycle-pack|
35839|Salsa Original Ligeresa|España|Aceite especias y salsas|Mayonesa ketchup y mostaza|Mayonesa||agua, aceite de girasol (14%), vinagre de vino, almidón modificado, azúcar, yema de huevo pasteurizada, sal, jarabe de glucosa deshidratado, emulgente (e476), espesantes (goma garrofín y goma guar), aroma, colorante (carotenos).|Original mayonnaise Ligeresa Oils, spices & sauces Mayonnaise, ketchup & mustard Mayonnaise|11079|Mayonnaise, reduced fat or light mayonnaise, prepacked|4||gluten-free, recycle-pack, lactose-free, vegetarian-vegan-label-v-Label|
35840|Mayonesa Hellmann's|España|Aceite especias y salsas|Mayonesa ketchup y mostaza|Mayonesa||ingredientes: aceite de soja2 (64%), agua, vinagre de vino blanco, yema de huevo pasteurizada (5%), zumo de limón concentrado, extracto de pimentón, azúcar, sal, almidón modificado, antioxidante (edta), aroma, colorante (carotenos). 2cultivado de forma sostenible.|Mayonnaise Hellmann's Oils, spices & sauces Mayonnaise, ketchup & mustard Mayonnaise|11054|Mayonnaise (70% fat min.), prepacked|3||gluten-free, recycle-pack, lactose-free, vegetarian-vegan-label-v-Label|
35862|Pelota de cerdo y vacuno|España|Carne|Arreglos|Arreglos||carne de cerdo (52%) y de vacuno (20%), agua, proteína de cerdo, sal, harina de guisante, especias, fibra vegetal, maltodextrina, harina de arroz, almidón,  antioxidantes (e-300, e-301), aromas, conservador (sulfito e-221) y colorantes (e-150c, e-120).|Pork and beef meatball Meat Meat boxes Meat boxes|30052|Sausage meat, pork and beef, raw|4|D|gluten-free, recycle-pack, lactose-free|
35870|Crema de calabacín Hacendado|Italia|Conservas caldos y cremas|Gazpacho y cremas|Cremas y puré||calabacín 40%, agua, cebolla, zanahoria, apio nabo 5%, aceite de oliva virgen extra, sal. puede contener trazas de cereales con gluten, frutos de cáscara, leche, soja y huevo. sin conservantes ni colorantes.|Cream of zucchini Hacendado Cans, soups & creams Gazpacho & creams Creams & puree|20264|Courgette or zucchini, puree|4|B|recycle-pack, 100-vegetal|
35909|Bombones cereza al licor Hacendado con chocolate|Italia|Azúcar caramelos y chocolate|Chocolate|Bombones||azúcar, pasta de cacao, cereza (16%), licor (13%) (azúcar, agua, jarabe de glucosa, alcohol, aromas), manteca de cacao, mantequilla deshidratada, emulgente: lecitina de soja, aroma. puede contener trazas de frutos de cáscara y huevos.|Cherry liqueur chocolates Hacendado Sugar, sweets & chocolate Chocolate Pralines|||4|E|gluten-free, recycle-pack|
35981|Noodles de arroz Hacendado|Viet Nam|Arroz legumbres y pasta|Pasta y fideos|Spaghetti y tallarines||harina de arroz, almidón de tapioca, sal.|Rice noodles Hacendado Rice, pulses & pasta Pasta & noodles Spaghetti & tagliatelle|9810|Pasta, dry, regular, raw|1||gluten-free, recycle-pack|
36014|Turrón blando Hacendado|España|Azúcar caramelos y chocolate|Turrones|Turrones||almendra  tostada (66%), azúcar líquido invertido, miel (12%), azúcar, clara de huevo. origen de la almendra: españa. puede contener otros frutos de cáscara (avellana, nuez, pistacho) y cacahuete.  sin gluten. sin lactosa|Soft nougat Hacendado Sugar, sweets & chocolate Nougats Nougats|31127|Nougat, soft|4|D|gluten-free, recycle-pack, lactose-free|
36017|Turrón duro Hacendado|España|Azúcar caramelos y chocolate|Turrones|Turrones||almendras tostadas (63%), miel (18%), azúcar, azúcar líquido invertido, oblea (fécula de patata, aceite refinado de girasol), clara de huevo. origen de la almendra: españa.  puede contener otros frutos de cáscara (avellana, nuez) y cacahuete. sin gluten. sin lactosa|Hard nougat Hacendado Sugar, sweets & chocolate Nougats Nougats|31127|Nougat, soft|4|D|gluten-free, recycle-pack, lactose-free|
36127|Turrón de chocolate blanco crujiente Hacendado|España|Azúcar caramelos y chocolate|Turrones|Turrones||azúcar, manteca de cacao, cereales crujientes: 12% (harina de arroz, sémola de maíz, azúcar, sal), aceite refinado de girasol, leche entera en polvo, leche descremada en polvo, emulgente (lecitinas, e-476), aroma natural de vainilla. puede contener frutos de cáscara (almendra, avellana, nuez, pistacho), cacahuete y soja.|Whilte crispy chocolate nougat Hacendado Sugar, sweets & chocolate Nougats Nougats|31010|White chocolate, bar|4|E|gluten-free, recycle-pack|
36143|Turrón de pistacho Hacendado|España|Azúcar caramelos y chocolate|Turrones|Turrones||pistacho tostado troceado y en pasta: 25,5%, azúcar, chocolate con leche: 20% (azúcar, manteca de cacao, pasta de cacao, leche descremada en polvo, materia grasa láctea anhidra, emulgentes (lecitinas, e-476), aroma), aceites y grasas vegetales (karité, coco, girasol refinado), leche descremada en polvo (12%), almendra,   emulgente: lecitinas, sal, colorantes naturales (concentrado de   cártamo, espirulina, limón, maltodextrina, sacarosa, corrector de   acidez: ácido cítrico), aromas. puede contener otros frutos de cáscara (avellana, nuez), cacahuete y soja. sin gluten|Pistachios nougat Hacendado Sugar, sweets & chocolate Nougats Nougats|31127|Nougat, soft|4|E|gluten-free, recycle-pack|
3682|Pechugas enteras familiar de pollo|España|Carne|Aves y pollo|Pollo|||Family Whole fresh chicken breast Meat Poultry Chicken|36017|Chicken, breast, without skin, raw|1|A|recycle-pack, fresh-product|
3739|Arreglo para escudella|España|Carne|Arreglos|Arreglos||ingredientes: pollo, preparado carne vacuno (carne de vacuno 90%, agua, fibra vegetal (guisante), aromas naturales, antioxidantes (e-301 y e-331)), cerdo (manos, papada), preparado de espinazo de cerdo (espinazo de cerdo 98%, agua, antioxidante e-301 y extracto vegetal), hueso salado [hueso de cerdo salado, sal (21%)], hueso de jamón curado [jamón de cerdo, sal, azúcar, antioxidante (e-331, e301) y conservadores (e-252, e-250)], pelota [burger meat: carne de cerdo (61%) y de vacuno (21%), agua, proteína de cerdo, sal, harina de guisante, especias, fibra vegetal, maltodextrina, almidón, antioxidantes (e-300, e-301), aromas, conservador (e-221) (sulfitos) y colorantes (e-150c, e-120)] y butifarra negra [papada, magro y sangre de cerdo, sal, almidón, fibra vegetal, pimienta, conservador (e-262i), antioxidante (e-300), extracto de especias, tripa fina natural de cerdo].|Meats for escudella Meat Meat boxes Meat boxes|28205|Pork, meat, cooked (average)|4|E|gluten-free, recycle-pack, lactose-free|
3832|Kiwis verdes|España|Fruta y verdura|Fruta|Fruta tropical||kiwi|Green Kiwis Fruits & vegetables Fruits Tropical fruit|13021|Kiwi fruit, flesh without skin, with seeds, raw|1||recycle-pack|
4193|Aceite de coco virgen Hacendado|España|Aceite especias y salsas|Aceite vinagre y sal|Otros aceites||100% aceite de coco. aceite de coco suave y aromático, prensado en frío.|Virgin coconut oil Hacendado Oils, spices & sauces Oil, vinegar & salt Others oils|16050|Coconut fat or oil, virgin|4|E|recycle-pack|
4240|Aceite de oliva 0,4º Hacendado|España|Aceite especias y salsas|Aceite vinagre y sal|Aceite de oliva||ingredientes: aceite de oliva refinado y aceite de oliva virgen.|Light olive oil Hacendado Oils, spices & sauces Oil, vinegar & salt Olive oil|17270|Olive oil, extra virgin|1|C|recycle-pack|
4241|Aceite de oliva 0,4º Hacendado|España|Aceite especias y salsas|Aceite vinagre y sal|Aceite de oliva||ingredientes: aceite de oliva refinado y aceite de oliva virgen extra|Light olive oil Hacendado Oils, spices & sauces Oil, vinegar & salt Olive oil|17270|Olive oil, extra virgin|1|C|recycle-pack|
4640|Aceite de oliva 1º Hacendado|España|Aceite especias y salsas|Aceite vinagre y sal|Aceite de oliva||ingredientes: aceite de oliva refinado y aceite de oliva virgen|1º Olive oil Hacendado Oils, spices & sauces Oil, vinegar & salt Olive oil|17270|Olive oil, extra virgin|1|C|recycle-pack|
4641|Aceite de oliva 1º Hacendado|España|Aceite especias y salsas|Aceite vinagre y sal|Aceite de oliva||aceite de oliva virgen y aceite de oliva refinado|Olive oil Hacendado Oils, spices & sauces Oil, vinegar & salt Olive oil|17270|Olive oil, extra virgin|1|C|recycle-pack|
4706|Aceite de oliva virgen extra Hacendado Gran Selección|España|Aceite especias y salsas|Aceite vinagre y sal|Aceite de oliva||ingredientes: aceite de oliva virgen extra|Extra virgin olive oil Hacendado Oils, spices & sauces Oil, vinegar & salt Olive oil|17270|Olive oil, extra virgin|1|C|recycle-pack, origin-spain|
4711|Aceite de oliva virgen Hacendado|España|Aceite especias y salsas|Aceite vinagre y sal|Aceite de oliva||aceite de oliva virgen|Virgin olive oil Hacendado Oils, spices & sauces Oil, vinegar & salt Olive oil|17270|Olive oil, extra virgin|1|C|recycle-pack, origin-spain|
4717|Aceite de oliva virgen extra Hacendado|España|Aceite especias y salsas|Aceite vinagre y sal|Aceite de oliva||aceite de oliva virgen extra 100%|Extra virgin olive oil Hacendado Oils, spices & sauces Oil, vinegar & salt Olive oil|17270|Olive oil, extra virgin|1|C|recycle-pack, origin-spain|
4740|Aceite de oliva virgen extra Hacendado|España|Aceite especias y salsas|Aceite vinagre y sal|Aceite de oliva||ingredientes: aceite de oliva virgen extra|Extra virgin olive oil Hacendado Oils, spices & sauces Oil, vinegar & salt Olive oil|17270|Olive oil, extra virgin|1|C|recycle-pack, origin-spain|
4749|Aceite de oliva virgen Hacendado|España|Aceite especias y salsas|Aceite vinagre y sal|Aceite de oliva||ingredientes: aceite de oliva virgen extra|Virgin olive oil Hacendado Oils, spices & sauces Oil, vinegar & salt Olive oil|17270|Olive oil, extra virgin|1|C|recycle-pack, origin-spain|
5002|Arroz basmati aromático Hacendado|Pakistán|Arroz legumbres y pasta|Arroz|Arroz||arroz|Fragrant basmati rice Hacendado Rice, pulses & pasta Rice Rice|9119|Rice, basmati, raw|1||recycle-pack|
51191|Queso fresco de vaca Hacendado|España|Charcutería y quesos|Queso untable fresco y especialidades|Queso fresco||leche de vaca pasteurizada, sal y cuajo microbiano.origen de la leche: españa|Fresh cow cheese Hacendado Deli & cheese Spreadable cheese, fresh cheese and specialties Fresh cheese|19641|Drained soft fresh cheese, around 6% fat|4|C|recycle-pack|
51192|Queso fresco light de vaca Hacendado|España|Charcutería y quesos|Queso untable fresco y especialidades|Queso fresco||leche de vaca pasteurizada semidesnatada, sal y cuajo microbiano.origen de la leche: españa|Light cow fresh cheese Hacendado Deli & cheese Spreadable cheese, fresh cheese and specialties Fresh cheese|19641|Drained soft fresh cheese, around 6% fat|4|C|recycle-pack|
51194|Queso fresco de cabra Hacendado|España|Charcutería y quesos|Queso untable fresco y especialidades|Queso fresco||leche de cabra pasteurizada, sal y cuajo microbiano.origen de la leche: españa|Fresh goat cheese Hacendado Deli & cheese Spreadable cheese, fresh cheese and specialties Fresh cheese|12805|Cheese, fresh, from goat's milk,|3|D|recycle-pack|
5184|Arroz integral largo Hacendado|España|Arroz legumbres y pasta|Arroz|Arroz||arroz|Long brown rice Hacendado Rice, pulses & pasta Rice Rice|9101|Rice, white, parboiled, raw|1||recycle-pack, high-content-fiber|
52408|Queso fresco Burgos natural Hacendado|España|Charcutería y quesos|Queso untable fresco y especialidades|Queso fresco||leche pasteurizada (origen: españa), sal y cuajo (microbiano). sin gluten.|Natural Burgos cheese Hacendado Deli & cheese Spreadable cheese, fresh cheese and specialties Fresh cheese|19641|Drained soft fresh cheese, around 6% fat|3|C|gluten-free, recycle-pack|
52419|Turrón de cheesecake Hacendado|España|Azúcar caramelos y chocolate|Turrones|Turrones||chocolate blanco: 24% (azúcar, manteca de cacao, leche entera en polvo, suero lácteo  en polvo, materia grasa láctea anhidra, emulgentes (lecitinas, e-476), aroma), azúcar, crema sabor frutos del bosque: 15%  (jarabe de glucosa, azúcar, agua, estabilizante: pectinas, acidulante: ácido cítrico, concentrado de zanahoria, grosella negra, conservador: sorbato potásico, aroma), azúcar, aceites y grasas vegetales (karité, coco, girasol refinado), leche descremada en polvo, galleta: 11% (harina de trigo (gluten), azúcar moreno de caña, grasa de palma, jarabe de glucosa y fructosa, colorante: caramelo natural, gasificantes (carbonato ácido de sodio y amonio), sal,  aroma, emulgente: lecitina de soja, canela), queso en polvo: 3,3% (cuajo de leche desnatada, leche desnatada, fermentos, sustituto de cuajo microbiano), aromas, emulgente: lecitinas. puede contener frutos de cáscara (almendra, avellana, nuez, pistacho), cacahuete, huevo y mostaza.|Cheesecake nougat Hacendado Sugar, sweets & chocolate Nougats Nougats|31127|Nougat, soft|4|E|recycle-pack|
52855|Postre lácteo sabor coco +Proteínas 10 g 0% MG|Francia|Postres y yogures|Yogures desnatados|Yogures desnatados||leche desnatada, agua, fructosa, coco rallado (0,7%), almidón modificado, aromas, espesante: pectinas, edulcorantes: acesulfame potásico y sucralosa, fermentos lácticos.|+Proteínas Dairy dessert Coconut flavour 0% fat 10 g protein Hacendado Dessert & yoghurt Low fat yoghurt Low fat yoghurt|19714|Quark or dairy specialty, flavoured, 0% fat, with sugar(s)|4|A|gluten-free, recycle-pack, 0-fat|
5507|Arándanos|España|Fruta y verdura|Fruta|Otras frutas||arándano|Blueberries Fruits & vegetables Fruits Other fruit|||1||recycle-pack|
56084|Pollo 97% relleno La Carloteña asado al horno lonchas|España|Charcutería y quesos|Aves y jamón cocido|Pavo y otros||pollo (97%), [muslo de pollo (48,6%), pollo deshuesado (40%), pechuga de pollo (8,4%)], almidón, proteinas de la leche, proteina de soja, sal, especias, dextrosa, lactosa, almendra molida, estabilizantes (e-450, e-452, e-407), aromas, antioxidantes (e-301, e-331), conservador (e-250). contiene trazas de otros frutos de cascara y huevo. puede contener restos de cartílagos y/o huesos al proceder de un auténtico pollo deshuesado a mano. sin gluten|Chicken 97% stuffed oven roasted slices La Carloteña Deli & cheese Cooked poultry & ham Turkey & others|28963|Cooked ham, from chicken, in slices|4|D|gluten-free, recycle-pack|
59086|Chorizo extra Hacendado lonchas|España|Charcutería y quesos|Embutido curado|Chorizo||carne de cerdo, panceta, sal, pimentones, lactosa, dextrina, proteínas de la leche, azúcar, dextrosa, ajo, estabilizante (e-450), antioxidantes (e-331, e-301), especias, extracto de pimentón, conservadores (e-250, e-252) y colorante (e-120).|Extra chorizo slices Hacendado Deli & cheese Cured meat Chorizo|30900|Cured meat and sausages (average)|4|E|gluten-free, recycle-pack|
59090|Salami extra Hacendado lonchas|España|Charcutería y quesos|Embutido curado|Salchichón||carne de cerdo, tocino, lactosa, sal, proteínas de la leche, dextrosa, especias, aromas, aromas de humo, estabilizantes (e-450, e-451), antioxidante (e-301), conservadores (e-250, e-252), colorante (e-120) y extracto de pimentón.|Sliced salami Hacendado Deli & cheese Cured meat Salchichon|30350|Salami|4|E|gluten-free, recycle-pack|
5940|Castañas|Portugal|Aperitivos|Frutos secos y fruta desecada|Frutos secos||castañas|Chestnuts Snacks Nuts, seeds & dried fruit Nuts & seeds|15024|Chestnut, raw|1||fresh-product|
60333|Cerveza suave Xibeca Damm|EU|Bodega|Cerveza|Cerveza botella y botellín|4.6|agua,malta de cebada, maíz, arroz, lúpulo.|Soft beer Xibeca Damm Beer, wine & spirits Beer Beer bottles|5001|Beer, regular (4-5° alcohol)|1||recycle-pack, FSC|
61006|Coliflor, brócoli y zanahoria Hacendado ultracongelada|España|Congelados|Fruta y verdura|Verdura||mezcla de vegetales en  proporción variable (coliflor, brócoli y zanahoria).|Deep-frozen cauliflower, broccoli and carrots Hacendado Frozen food Fruit and vegetable Vegetables|20101|Mixed vegetables, frozen, raw|3|A|recycle-pack|
6106|Pasta fusilli 100% lentejas rojas Felicia|Italia|Arroz legumbres y pasta|Pasta y fideos|Macarrones, pajaritas y hélices||100% harina de lentejas rojas. no contiene gluten.|100% Red lentil pasta fusilli Felicia Rice, pulses & pasta Pasta & noodles Macaroni, bows & fusilli|9874|Pasta, dry, gluten-free, raw|1||gluten-free, recycle-pack|
61065|Salteado de verduras Hacendado ultracongelado|España|Congelados|Fruta y verdura|Verdura||hortalizas y verduras en proporción variable (judía verde, brócoli, pimiento  rojo, champiñón cultivado (agaricus bisporus) y cebolla)|Deep-frozen sautéed vegetables Hacendado Frozen food Fruit and vegetable Vegetables|20262|Vegetables, pan-fried without mushrooms, seasonned, frozen, raw|3|A|recycle-pack|
61229|Alcachofa baby Hacendado ultracongelada|Perú|Congelados|Fruta y verdura|Verdura||alcachofa.|Deep-frozen baby artichoke Hacendado Frozen food Fruit and vegetable Vegetables|20232|Artichoke globe, base, frozen, raw|1|A|recycle-pack|
61238|Espárrago verde troceado Hacendado ultracongelado|España|Congelados|Fruta y verdura|Verdura||espárrago verde.|Deep-frozen chopped green asparagus Hacendado Frozen food Fruit and vegetable Vegetables|20265|Thinly-shredded or diced vegetables, frozen, raw|1|A|recycle-pack|
61302|Arroz para microondas Hacendado ultracongelado|España|Congelados|Arroz y pasta|Arroz||arroz (agua, arroz).|Deep frozen rice for microwave Hacendado Frozen food Rice & pasta Rice|9101|Rice, white, parboiled, raw|1|A|recycle-pack|
62191|Filetes de panga Hacendado ultracongelados|Vietnam|Congelados|Pescado|Pescado||filetes de panga (pangasianodon hypophthalmus) (pescado) (78%), agua (21%), sal, estabilizadores (e451), correctores de la acidez (e331, e332). puede contener espinas.|Deep-frozen catfish fillets Hacendado Frozen food Fish Fish|26140|Fish, cooked (average)|3||recycle-pack|
63151|Palitos de merluza a la romana Hacendado ultracongelados|España|Congelados|Rebozados|Pescado rebozado||merluza (pescado) (35%), rebozado (65%): agua, pan rallado (harina de trigo (gluten), agua, pimentón, sal, cúrcuma y levadura), harina de trigo (gluten), aceite refinado de girasol, almidón, sal, gasificantes (e-450, e-500), corrector de la acidez (e-330), zumo de limón concentrado, lactosa, espesante (e-417), potenciador del sabor (e-621), ajo en polvo y colorante (e-101). puede contener trazas de leche, huevo, crustáceos, moluscos, soja, mostaza y cacahuete.|Breaded hake fish sticks Deep frozen Hacendado Frozen food Breaded food Battered fish|26029|Fish, breaded, frozen, raw|4|D|recycle-pack|
6321|Nidos al huevo Hacendado|España|Arroz legumbres y pasta|Pasta y fideos|Spaghetti y tallarines||sémola de trigo duro (gluten), huevo (13%). puede contener trazas de soja y mostaza. 3 huevos por kg de sémola.|Egg tagliatelle Hacendado Rice, pulses & pasta Pasta & noodles Spaghetti & tagliatelle|9821|Pasta, dry, with egg, raw|1||recycle-pack|
6371|Pasta trottole vegetales Hacendado|Italia|Arroz legumbres y pasta|Pasta y fideos|Macarrones, pajaritas y hélices||100% sémola de trigo duro. pasta alimenticia compuesta al tomate: sémola de trigo duro, 3,5% tomate deshidratado. pasta alimenticia compuesta a las espinacas: sémola de trigo duro 2,5% espinacas deshidratadas . puede contener trazas de soja, mostaza y huevo.|Pasta trottole vegetable Hacendado Rice, pulses & pasta Pasta & noodles Macaroni, bows & fusilli|9810|Pasta, dry, regular, raw|1||recycle-pack|
65213|Chicles gragea XXL frutal mix sin azúcar Hacendado|España|Azúcar caramelos y chocolate|Chicles y caramelos|Chicles||edulcorantes: sorbitol e isomalt, goma base (con antioxidante: extracto rico en tocoferoles), edulcorantes: xilitol, jarabe de maltitol y manitol, aromas, humectantes: glicerina y triacetina, espesante: goma arábiga, acidulantes: ácido málico, ácido cítrico y ácido tartárico, edulcorantes: aspartamo y acesulfamo k, agente de recubrimiento: cera de carnauba, colorantes: carotenos y ácido carmínico, extracto vegetal (cártamo) y concentrado de espirulina|XXL sugar-free fruit-flavoured mixed chewing gums tabs Hacendado Sugar, sweets & chocolate Chewing gum & candy Chewing gum|31054|Chewing gum, sugar-free|4|B|gluten-free, recycle-pack|
66015|Cerveza Estrella Damm|EU|Bodega|Cerveza|Cerveza lata|5.4|agua,malta de cebada, arroz, lúpulo.|Beer Estrella Damm Beer, wine & spirits Beer Beer cans|5010|Beer, special (5-6° alcohol)|1||recycle-pack, PEFC|
66016|Cerveza Estrella Damm|EU|Bodega|Cerveza|Cerveza botella y botellín|5.4|agua,malta de cebada, arroz, lúpulo.|Beer Estrella Damm Beer, wine & spirits Beer Beer bottles|5010|Beer, special (5-6° alcohol)|1||recycle-pack|
66026|Cerveza especial San Miguel|España|Bodega|Cerveza|Cerveza lata|5.4|agua, malta de cebada, maíz, lúpulo|Special beer San Miguel Beer, wine & spirits Beer Beer cans|5010|Beer, special (5-6° alcohol)|1||recycle-pack|
66345|Cerveza especial San Miguel|España|Bodega|Cerveza|Cerveza botella y botellín|5.4|agua, lúpulo, maiz, malta de cebada|Special beer San Miguel Beer, wine & spirits Beer Beer bottles|5010|Beer, special (5-6° alcohol)|1||recycle-pack|
66510|Vino tinto Sangre de Toro Bodegas Torres DO Catalunya|España|Bodega|Vino tinto|Otros vinos tintos|13.5|uvas, correctores de la acidez (ácido tartárico[l(+)]), agentes estabilizantes (goma arábiga, manoproteínas de levadura), conservadores (sulfitos), embotellado en atmósfera protectora.|Sangre de Toro red wine, DO Catalunya Bodegas Torres Beer, wine & spirits Red wine Other red wines|5214|Wine, red|1||recycle-pack, vegetarian-vegan-label-v-Label, DO-Catalunya|
66587|Cerveza especial Estrella Galicia|España|Bodega|Cerveza|Cerveza botella y botellín|5.5|agua, malta de cebada, maíz y lúpulo.|Special beer Estrella Galicia Beer, wine & spirits Beer Beer bottles|5010|Beer, special (5-6° alcohol)|1||recycle-pack, Galicia-Calidade, B-Corp|
67875|Turrón de chocolate crujiente Hacendado|España|Azúcar caramelos y chocolate|Turrones|Turrones||azúcar, pasta de frutos de cáscara (avellana, almendra), manteca de cacao, cereales crujientes: 12% (harina de arroz, sémola de maíz, azúcar, sal), pasta de cacao, leche descremada en polvo, materia grasa láctea anhidra, emulgentes (lecitinas, e-476), aromas. puede contener cacahuete, otros frutos de cáscara (nuez) y soja. sin gluten.|Crispy chocolate nouga Hacendado Sugar, sweets & chocolate Nougats Nougats|31098|Chocolate bar, milk chocolate, with nougat|3|E|gluten-free, recycle-pack|
69079|Cebollas|España|Fruta y verdura|Verdura|Cebolla y ajo||cebollas|Onions Fruits & vegetables Vegetables Onion & garlic|20034|Onion, raw|1||No certificat|
69089|Cebollas|España|Fruta y verdura|Verdura|Cebolla y ajo||cebolla (allinium cepa)|Onions Fruits & vegetables Vegetables Onion & garlic|20034|Onion, raw|1||No certificat|
69433|Preparado de verduras para sofreír cortado y lavado|España|Fruta y verdura|Verdura|Otras verduras y hortalizas||calabacín, pimiento y cebolla.|Washed and cut vegetables for stir-frying Fruits & vegetables Vegetables Other vegetables & greens|20266|Mixed vegetables for ratatouille, frozen|1||recycle-pack|
69461|Ensalada de pasta|España|Fruta y verdura|Lechuga y ensalada preparada|Ensalada preparada||espirales de pasta de trigo simple cocida 34% (sémola de trigo duro), salsa de yogur 22% (aceite de girasol, agua, azúcar, nata en polvo, yema de huevo, vinagre, yogur en polvo 1,5%, sal, eneldo, jugo de limón concentrado, almidón modificado de maíz, aromas naturales (leche), acidulante (e270), conservador (e202), estabilizante (e415) y antioxidante (e385)), tomate 20%, fiambre de jamón de pavo cocido sabor ahumado 14% (jamón de pavo 46%, agua, fécula, sal, fibra alimentaria, estabilizantes (e451i, e407, e415 y e410), azúcar, aromas, antioxidante (e316), extracto de levadura, conservador (e250) y aroma de humo) y mezcla de brotes de lechuga en proporción variable 10% (brotes de lechuga roja y brotes de lechuga verde). trazas de soja.|Pasta salad Fruits & vegetables Lettuce & prepared salad Prepared salad|26282|Pasta salad, with chicken and raw vegetables, with sauce, prepacked|1|C|recycle-pack, pack-with-recycled-products|
69465|Batatas para microondas|EEUU|Fruta y verdura|Verdura|Verduras al vapor||batatas para microondas|Sweet potatoes for microwave Fruits & vegetables Vegetables Steamed vegetables|4101|Sweet potato, raw|1||recycle-pack|
69474|Ensalada queso de cabra|España|Fruta y verdura|Lechuga y ensalada preparada|Ensalada preparada||mezcla de hortalizas en proporción variable 31% (mezcla de brotes(lechuga batavia verde, lechuga batavia roja y lechuga lollo rosso), brotes de espinaca y rúcula), vinagreta balsámica 24% (agua, vinagre balsámico de módena (vinagre de vino, mosto de uva concentrado, mosto de uva cocido, colorante (e150d)y conservador (metabisulfito potásico)), azúcar, aceite de oliva, sal, colorante (e150d), estabilizante (e414), correctores de la acidez (e262 y e500) y conservador (e202)), manzana roja* 18% (manzana roja y antioxidante (ascorbato de calcio)), queso de cabra fresco* 15% (leche de cabra pasteurizada, cuajo, sal, antiaglomerante (e460ii)), fibra cítrica y conservador (e202)), nueces* 6% y uvas pasas* 5% (uvas pasas y aceite de algodón). trazas de cacahuetes, frutos de cáscara, sésamo, soja, pescado, sulfitos y gluten.|Goats cheese salad Fruits & vegetables Lettuce & prepared salad Prepared salad|||1|C|recycle-pack|
69484|Patatas para microondas|Francia|Fruta y verdura|Verdura|Verduras al vapor||patatas para microondas|Potatoes for microwaving Fruits & vegetables Vegetables Steamed vegetables|4023|Potato, new, raw|1||recycle-pack|
69622|Floretas de brócoli para microondas lavadas|España|Fruta y verdura|Verdura|Verduras al vapor||brócoli|Washed broccoli florets for microwave Fruits & vegetables Vegetables Steamed vegetables|20304|Broccoli, steamed|1||recycle-pack|
69643|Espárragos verdes gruesos|España, Perú y México|Fruta y verdura|Verdura|Otras verduras y hortalizas||espárragos|Thick green asparagus Fruits & vegetables Vegetables Other vegetables & greens|20279|Asparagus, green, raw|1||recycle-pack|
69653|Setas|España|Fruta y verdura|Verdura|Setas y champiñones||seta|Mushrooms Fruits & vegetables Vegetables Mushrooms|||1||recycle-pack|
69657|Mix de setas intenso|España|Fruta y verdura|Verdura|Setas y champiñones||h.marmoreus, l.edodes, a.bisporus y p. eryngii|Intense mixed mushrooms Fruits & vegetables Vegetables Mushrooms|20101|Mixed vegetables, frozen, raw|1||recycle-pack|
69664|Champiñones Portobello|España|Fruta y verdura|Verdura|Setas y champiñones||champiñón portobello pie cortado|Portobello mushrooms Fruits & vegetables Vegetables Mushrooms|20056|Button mushroom or cultivated mushroom, raw|1||recycle-pack|
69714|Ensalada California|España|Fruta y verdura|Lechuga y ensalada preparada|Ensalada preparada||hortalizas en proporción variable 34% (escarola rizada, canónigos y achicoria), salsa de miel y mostaza 31% (agua, aceite vegetal de girasol, mostaza 8% (agua, vinagre de alcohol, mostaza, jarabe de glucosa y fructosa, sal, estabilizantes (e412,e410 y e407) y especias), miel 7%, vinagre de alcohol, azúcar, sal, estabilizantes (e415, e412), almidón modificado de maíz, colorante (e150d) y conservadores (e211 y e202)), bacon sabor ahumado 8% (magro de panceta de cerdo, sal, conservadores (e326, e262, e250), azúcar, estabilizantes (e451i, e407), concentrado de manzana-hibisco-melaza, aroma de humo, aromas y antioxidante (e316)), cebolla frita 7,5% (cebolla, aceite vegetal de palma, harina de trigo y sal), nueces 7%, pasas 6% (pasas y aceite de algodón), picatostes 5% (harina de trigo, aceite vegetal de girasol, dextrosa, gluten de trigo, levadura, sal, suero de leche, extracto de malta de cebada, antioxidante (e300)). trazas de cacahuete, soja , sésamo y sulfitos.|California salad Fruits & vegetables Lettuce & prepared salad Prepared salad|25626|Mixed diced vegetables salad, with sauce, prepacked|1|C|recycle-pack|
69737|3 Vegetales para microondas lavados|España|Fruta y verdura|Verdura|Verduras al vapor||brócoli, coliflor y zanahoria|Washed 3 vegetable mix for microwave Fruits & vegetables Vegetables Steamed vegetables|20101|Mixed vegetables, frozen, raw|1||recycle-pack|
69849|Ensalada César|España|Fruta y verdura|Lechuga y ensalada preparada|Ensalada preparada||mezcla de hortalizas 36% (lechuga hoja de roble verde, lechuga iceberg), salsa césar 26% (agua, aceite vegetal de girasol, vinagre de alcohol, azúcar, queso, sal, acidulante (e270), pasta de anchoa (anchoa y sal), yema de huevo, estabilizantes (e412 y e415) y especias (cebolla, ajo, perejil y pimienta), conservadores (e211 y e202) y antioxidante (e385)), pechuga de pollo cocida 24% (pechuga de pollo 96%, extractos de fermentación, sal, dextrosa, aroma, estabilizante (e451i) y fibra), queso curado granulado 9% (leche pasteurizada, sal, cuajo y fécula de patata), picatostes 5% (harina de trigo, agua, sal, antioxidante (e300) y levadura).|Caesar salad consisting of fresh vegetables, chicken, cheese, croutons and sauces, includes fork Fruits & vegetables Lettuce & prepared salad Prepared salad|25628|Caesar's salad (salad, chicken, croutons, sauce), prepacked|1|C|recycle-pack|
69872|Ensalada ensatún|España|Fruta y verdura|Lechuga y ensalada preparada|Ensalada preparada||mezcla de hortalizas en proporcion variable 42% ( tomate cherry, lechuga hoja de roble verde, zanahoria y lechuga iceberg), atún en aceite vegetal (atun, aceite de girasol y sal), maíz dulce en grano 12% (maíz dulce, azúcar y sal), queso de leche de vaca blanco pasteurizado 8% (leche pasteurizada, sal, cuajo y acidulante (e330)), aceitunas verdes deshuesadas 8% (aceitunas, agua, sal, acidulantes (e 270 y 330) y antioxidante (e300)), aceite de oliva virgen extras 6%, vinagre de vino 4% (vinagre de vino y conservador aníhidrido sulfuroso) y sal 0,4% (sal iodada y antiaglomerante (e535). trazas de gluten y frutos de cáscara.|Ensatun salad Fruits & vegetables Lettuce & prepared salad Prepared salad|25601|Tuna salad, with vegetables, canned|1|B|recycle-pack|
69990|Tomates cherry|España|Fruta y verdura|Verdura|Tomate||tomates cherry|Cherry tomatoes Fruits & vegetables Vegetables Tomato|20172|Tomato, cherry, raw|1||No certificat|
81204.1|Bacalao a rodajas||Marisco y pescado|Pescado fresco|Bacalao|||Cod steaks Seafood & fish Fresh fish Cod|26043|Cod, raw|1||No certificat|
81204.2|Bacalao abierto en libro sin cabeza y sin espina||Marisco y pescado|Pescado fresco|Bacalao|||Butterflied cod with no head and no bones Seafood & fish Fresh fish Cod|26043|Cod, raw|1||No certificat|
81204.3|Bacalao media pieza a rodajas||Marisco y pescado|Pescado fresco|Bacalao|||Half cod steaks Seafood & fish Fresh fish Cod|26043|Cod, raw|1||No certificat|
81204.4|Bacalao media pieza abierto en libro sin cabeza y sin espina||Marisco y pescado|Pescado fresco|Bacalao|||Half butterflied cod with no head and no bones Seafood & fish Fresh fish Cod|26043|Cod, raw|1||No certificat|
8268|Manzanas rojas acidulces|Italia|Fruta y verdura|Fruta|Manzana y pera||manzanas rojas acidulces|Acid sweet red apples Fruits & vegetables Fruits Apple  & pear|13187|Stewed fruits, apple, no added sugars, (pulp or mixed fruits), room temperature|1||No certificat|
8280|Manzanas rojas dulces|España|Fruta y verdura|Fruta|Manzana y pera||manzana roja dulce (scilate)|Sweet red apples Fruits & vegetables Fruits Apple  & pear|13187|Stewed fruits, apple, no added sugars, (pulp or mixed fruits), room temperature|1||poma-de-girona|
8308|Steak Tartar de vacuno marinado|España|Carne|Vacuno|Vacuno||producto cárnico de vacuno marinado con salsa. ingredientes: 70% producto cárnico (carne de vacuno (92%), agua (4%), sal, dextrosa, antioxidantes (e-301, e-331), estabilizante (e-407) y conservadores (e-250, e-252, e-325 y e-262(i))) y 30% salsa (agua, aceite refinado de girasol, pepinillos agridulces (pepinillos, agua, vinagre de alcohol, azúcar y sal), dextrosa, mezcla de especias (contiene mostaza), salsa worcester (agua, vinagre de alcohol, azúcar, sal, concentrado de tamarindo, azúcar caramelizado, cebolla, ajo, especias y zumo concentrado de limón), cebolla, vinagre de vino blanco, sal, almidón modificado de maíz, yema de huevo en polvo, estabilizante (e-415), tomate, conservador (e-200), acidulante (e-330), colorante (e-150d), aroma natural y antioxidante (e-385)). contiene alérgenos: mostaza y huevo. sin gluten.|Marinated beef steak tartare Meat Beef Beef|6201|Beef, steak or beef steak, raw|4|D|gluten-free, recycle-pack|
83286|3 Baguettes masa madre|España|Panadería y pastelería|Pan de horno|Barra de pan||harina de trigo (gluten), agua, masa madre de trigo (3%) (gluten), sal, levadura, antioxidante e 300. puede contener trazas de  soja y mostaza.|3 Sourdough Baguettes Bread & bakery Oven bread Bread loaf|7001|Bread, French bread, baguette|4|C|recycle-pack|
8618|Fideos orientales Yatekomo sabor pollo Gallina Blanca|España|Arroz legumbres y pasta|Pasta y fideos|Fideos orientales||fideos orientales (harina de trigo, aceite de girasol, sal) (91,7%), condimento (8,3%)(aromas naturales, sal, zanahoria, fibra de avena, azúcar, ajo, grasa de pollo (0,15%), especias, apio , aroma natural de apio, carne de pollo (0,05%), cebada malteada, puerro, perejil). puede contener trazas de soja, pescado, moluscos, crustáceos, leche, mostaza, huevo. contiene apio.|Instant cup noodles Yatekomo chicken flavour Gallina Blanca Rice, pulses & pasta Pasta & noodles Oriental noodles|25243|Noodles, asian style, instant, flavoured, cooked|1|C|recycle-pack|
8645|Fideos orientales Yatekomo sabor pollo Gallina Blanca|España|Arroz legumbres y pasta|Pasta y fideos|Fideos orientales||fideos orientales (harina de trigo, aceite de girasol, sal) (91,7%), condimento (8,3%)(aromas naturales, sal, zanahoria, fibra de avena, azúcar, ajo, grasa de pollo (0,15%), especias, apio , aroma natural de apio, carne de pollo (0,05%), cebada malteada, puerro, perejil). puede contener trazas desoja, pescado, moluscos, crustáceos, leche, mostaza, huevo. contieneapio.|Instant cup noodles Yatekomo chicken flavour Gallina Blanca Rice, pulses & pasta Pasta & noodles Oriental noodles|25243|Noodles, asian style, instant, flavoured, cooked|1|C|recycle-pack|
86503|Margarina Flora Original|Portugal|Huevos leche y mantequilla|Mantequilla y margarina|Margarina||agua, aceites vegetales (nabina, girasol, linaza), grasa de coco, emulgentes (lecitina, monoglicéridos y diglicéridos de ácidos grasos), sal 0,2%, aromas naturales, vitaminas (a, b1, d).|Original Margarine Flora Eggs, milk & butter Butter & margarine Margarine|16080|Solid vegetal fat (margarine type), for frying|4|C|gluten-free, lactose-free, vegetarian-vegan-label-v-Label|
86511|Mini burgers vegetales Hacendado con espinacas y zanahoria|Italia|Pizzas y platos preparados|Platos preparados calientes|Otros||ingredientes: espinacas 25%, zanahorias 24%, harina de soja reestructurada y rehidratada, aceite de semillas girasol, gluten de trigo, almidones, pan rallado (harina de trigo, levadura de cerveza, sal), copos de patata, harina de arroz, proteínas aisladas de soja, aceite de oliva virgen extra 2%, cebolla, fibra de guisantes, sal, conservador: sorbato potásico, ajo deshidratado, pimienta negra.puede contener apio y mostaza.|Vegetarian burgers with spinach and carrot Hacendado Pizza & ready meals Hot ready meals Others|||4|B|recycle-pack|
86587|Crema de espárragos Hacendado|Italia|Conservas caldos y cremas|Gazpacho y cremas|Cremas y puré||agua, patata, espárragos 23%, bebida de soja (agua, semillas de soja libres de ogm, sal), aceite de oliva, puerro, sal, aromas. puede contener trazas de gluten, frutos de cáscara, leche, apio y huevo.|Cream of asparagus Hacendado Cans, soups & creams Gazpacho & creams Creams & puree|||4|C|recycle-pack|
87197|Rodajas de atún de aleta amarilla descongelada|Océano Pacífico Centro-Oriental|Marisco y pescado|Pescado fresco|Otros||atún de aleta amarilla (95%, pescado), agua, sal, antioxidantes e331 y e301, aroma natural.|Yellowfin tuna slices, defrosted Seafood & fish Fresh fish Other|26064|Yellowfin tuna, raw|2||recycle-pack|
87205|Rodaja de salmón|Noruega|Marisco y pescado|Pescado fresco|Salmón||salmón (salmo salar). puede contener crustáceos y moluscos.|Salmon steaks Seafood & fish Fresh fish Salmon|26161|Salmon, wild, raw|1||recycle-pack, pack-with-recycled-products|
8722|Crema de verduras Hacendado|Italia|Conservas caldos y cremas|Gazpacho y cremas|Cremas y puré||verduras 48% (verduras en proporción variable: patata, zanahoria, calabacín, calabaza, acelga, puerro, judía verde, berza), agua, guisante, aceite de oliva virgen extra, sal.|Cream of vegetables Hacendado Cans, soups & creams Gazpacho & creams Creams & puree|||1|B|recycle-pack, 100-vegetal|
87302|Filetes de dorada||Marisco y pescado|Pescado fresco|Dorada||dorada (pescado) (sparus aurata). puede contener trazas de crustáceos y moluscos.|Sea bream fillets Seafood & fish Fresh fish Sea bream|26170|Freshwater bream, raw|1||recycle-pack, pack-with-recycled-products|
87313|Filete de lubina||Marisco y pescado|Pescado fresco|Lubina||lubina (pescado) (dicentrarchus labrax). puede contener trazas de crustáceos y moluscos.|Sea bass fillets Seafood & fish Fresh fish Sea bass|26072|European bass, raw|1||recycle-pack, pack-with-recycled-products|
87350|Filetes de Gallineta descongelada|España|Marisco y pescado|Pescado fresco|Otros||gallineta (sebastes spp) (pescado), agua añadida (10%), sal, corrector de acidez (e-331) y antioxidantes (e-330, e-301, e-316). puede contener trazas de moluscos y/o crustáceos.|Blackbelly rosefish fillets, defrosted Seafood & fish Fresh fish Other|26168|Lump fish, raw|2||recycle-pack, pack-with-recycled-products|
87734|Merluza rebozada|Francia|Marisco y pescado|Pescado fresco|Otros||filetes de merluza del cabo, sin espinas (*) 70%rebozado 30%: agua, aceites vegetales (colza y girasol en proporción variable), harina de trigo, harina de maíz, almidón modificado de maíz, almidón de trigo, gluten de trigo, sal, gasificante: e450i - e500ii, leche en polvo desnatada.|Battered hake Seafood & fish Fresh fish Other|26140|Fish, cooked (average)|4||recycle-pack|
87775|Patas de pulpo cocido||Marisco y pescado|Pescado fresco|Sepia, pulpo y calamar||pulpo (moluscos) (octopus vulgaris) y sal. puede contener pescado y/o crustáceos.|Cooked octopus tentacles Seafood & fish Fresh fish Cuttlefish, octopus and squid|10079|Octopus, common, cooked|1||recycle-pack|
9210|Cereales copos de maíz Corn Flakes Kellogg's|EU|Cereales y galletas|Cereales|Cereales||maíz (98%), azúcar, aroma de malta de cebada, sal.vitaminas y minerales: niacina, hierro, vitamina b6, riboflavina (b2), tiamina (b1), ácido fólico, vitamina d, vitamina b12.para alérgenos ver ingredientes destacados en negrita.|Corn Flakes cereal Kellogg's Cereal & biscuits Cereal Cereal|32042|Cereal flakes, plain, with sugar(s), not fortified|3|D|recycle-pack, palm-free|
9445|Barritas con proteínas sabor coco y chocolate Enervit Sport|Italia|Cereales y galletas|Cereales|Barritas de cereales||jarabe de fructosa-glucosa - proteínas aisladas de soja (25,2%) - chocolate con leche (azúcar, manteca de cacao, leche en polvo, pasta de cacao, suero de leche en polvo,emulgente: lecitina de soja, extracto de vainilla) (20%) - complejo de minerales (maltodextrina, fosfato tricálcico, carbonato de magnesio, fosfato trisódico, pirofosfato férrico, gluconato decinc, gluconato de manganeso, gluconato cúprico, yoduro de potasio, selenito de sodio) - copos de maíz extrusionado (maíz, azúcar, sal) - copos de avena - proteínas aisladas dela leche (2,5%) - manteca de cacao - aceite de girasol - incrementador de volumen: polidextrosa - aromas - complejo de vitaminas (ácido l-ascórbico, beta-caroteno, acetato de d-alfatocoferilo, nicotinamida, vitamina b6 microencapsulada (clorhidrato de piridoxina, emulgente: monogliceridos y digliceridos de acidos grasos), d-pantotenato cálcico, colecalciferol,riboflavina, clorhidrato de tiamina, vitamina b12 recubierta (maltodextrina, corrector de acidez: citrato de sodio, acidulante: ácido cítrico, cianocobalamina), ácido pteroilmonoglutámico,d-biotina) - emulgente: lecitina de girasol. puede contener trazas defrutos de cáscara, cacahuetes y granos de sésamo.|Coconut & chocolate flavour protein bars Enervit Sport Cereal & biscuits Cereal Cereal bars|31102|Cereal bar with chocolate, fortified with vitamins and minerals|4|E|gluten-free, recycle-pack, FSC|
